[pp] device: Apple M4 Max | unified_memory=true | max_threadgroup_memory=32768 bytes
[pp] power: source=AC Power battery=100% charged warning=none powermode_ac=2 powermode_battery=2 thermal_warning=false performance_warning=false
[pp] model=/Users/tito/models/Qwen3.6-27B-Q4_K_M.gguf source=synthetic token ids (seed=1) n_prompt=4096 runs=1 chunk=1024 tail=skip
[pp] lowering: gdn_batched=48/48 attn_batched=16/16 dense_ffn_batched=64/64 moe_gpu_token_loop=0/0
[pp] dtype sample gdn: qkv=Q6_K z=Q4_K out=Q5_K
[pp] dtype sample attn: q=Q4_K k=Q4_K v=Q6_K o=Q4_K
[prefill-layer-phase] chunk=0 start=0 layer=0 kind=gdn phase=pre_norm gpu_ms=0.82
[prefill-layer-phase] chunk=0 start=0 layer=0 kind=gdn phase=gdn_qkv gpu_ms=24.63
[prefill-layer-phase] chunk=0 start=0 layer=0 kind=gdn phase=gdn_z gpu_ms=5.41
[prefill-layer-phase] chunk=0 start=0 layer=0 kind=gdn phase=gdn_beta_alpha gpu_ms=3.20
[prefill-layer-phase] chunk=0 start=0 layer=0 kind=gdn phase=gdn_alpha_beta gpu_ms=0.01
[prefill-layer-phase] chunk=0 start=0 layer=0 kind=gdn phase=gdn_prep gpu_ms=0.90
[prefill-layer-phase] chunk=0 start=0 layer=0 kind=gdn phase=gdn_step gpu_ms=3.08
[prefill-layer-phase] chunk=0 start=0 layer=0 kind=gdn phase=gdn_gated gpu_ms=0.76
[prefill-layer-phase] chunk=0 start=0 layer=0 kind=gdn phase=gdn_back gpu_ms=6.10
[prefill-layer-phase] chunk=0 start=0 layer=0 kind=gdn phase=mixer_resid gpu_ms=0.14
[prefill-layer-phase] chunk=0 start=0 layer=0 kind=gdn phase=ffn_norm gpu_ms=0.06
[prefill-layer-phase] chunk=0 start=0 layer=0 kind=gdn phase=ffn_gate_up_swiglu gpu_ms=31.18
[prefill-layer-phase] chunk=0 start=0 layer=0 kind=gdn phase=ffn_down_resid gpu_ms=15.83
[prefill-layer-phase] chunk=0 start=0 layer=1 kind=gdn phase=pre_norm gpu_ms=0.06
[prefill-layer-phase] chunk=0 start=0 layer=1 kind=gdn phase=gdn_qkv gpu_ms=8.88
[prefill-layer-phase] chunk=0 start=0 layer=1 kind=gdn phase=gdn_z gpu_ms=5.17
[prefill-layer-phase] chunk=0 start=0 layer=1 kind=gdn phase=gdn_beta_alpha gpu_ms=3.36
[prefill-layer-phase] chunk=0 start=0 layer=1 kind=gdn phase=gdn_alpha_beta gpu_ms=0.02
[prefill-layer-phase] chunk=0 start=0 layer=1 kind=gdn phase=gdn_prep gpu_ms=0.91
[prefill-layer-phase] chunk=0 start=0 layer=1 kind=gdn phase=gdn_step gpu_ms=2.94
[prefill-layer-phase] chunk=0 start=0 layer=1 kind=gdn phase=gdn_gated gpu_ms=1.11
[prefill-layer-phase] chunk=0 start=0 layer=1 kind=gdn phase=gdn_back gpu_ms=5.76
[prefill-layer-phase] chunk=0 start=0 layer=1 kind=gdn phase=mixer_resid gpu_ms=0.13
[prefill-layer-phase] chunk=0 start=0 layer=1 kind=gdn phase=ffn_norm gpu_ms=0.06
[prefill-layer-phase] chunk=0 start=0 layer=1 kind=gdn phase=ffn_gate_up_swiglu gpu_ms=31.18
[prefill-layer-phase] chunk=0 start=0 layer=1 kind=gdn phase=ffn_down_resid gpu_ms=16.14
[prefill-layer-phase] chunk=0 start=0 layer=2 kind=gdn phase=pre_norm gpu_ms=0.06
[prefill-layer-phase] chunk=0 start=0 layer=2 kind=gdn phase=gdn_qkv gpu_ms=9.16
[prefill-layer-phase] chunk=0 start=0 layer=2 kind=gdn phase=gdn_z gpu_ms=5.64
[prefill-layer-phase] chunk=0 start=0 layer=2 kind=gdn phase=gdn_beta_alpha gpu_ms=3.34
[prefill-layer-phase] chunk=0 start=0 layer=2 kind=gdn phase=gdn_alpha_beta gpu_ms=0.01
[prefill-layer-phase] chunk=0 start=0 layer=2 kind=gdn phase=gdn_prep gpu_ms=0.90
[prefill-layer-phase] chunk=0 start=0 layer=2 kind=gdn phase=gdn_step gpu_ms=3.27
[prefill-layer-phase] chunk=0 start=0 layer=2 kind=gdn phase=gdn_gated gpu_ms=0.77
[prefill-layer-phase] chunk=0 start=0 layer=2 kind=gdn phase=gdn_back gpu_ms=6.01
[prefill-layer-phase] chunk=0 start=0 layer=2 kind=gdn phase=mixer_resid gpu_ms=0.14
[prefill-layer-phase] chunk=0 start=0 layer=2 kind=gdn phase=ffn_norm gpu_ms=0.06
[prefill-layer-phase] chunk=0 start=0 layer=2 kind=gdn phase=ffn_gate_up_swiglu gpu_ms=31.15
[prefill-layer-phase] chunk=0 start=0 layer=2 kind=gdn phase=ffn_down_resid gpu_ms=16.07
[prefill-layer-phase] chunk=0 start=0 layer=3 kind=attn phase=pre_norm gpu_ms=0.06
[prefill-attn-phase] chunk=0 start=0 layer=3 phase=proj gpu_ms=12.81
[prefill-attn-phase] chunk=0 start=0 layer=3 phase=split_q_gate gpu_ms=0.19
[prefill-attn-phase] chunk=0 start=0 layer=3 phase=norm gpu_ms=0.46
[prefill-attn-phase] chunk=0 start=0 layer=3 phase=rope_scatter gpu_ms=0.09
[prefill-attn-matrix-g6-shape] layer=3 chunk_start=0 chunk_p=1024 n_pos=1024 scores_mib=96.00 vt_stride=4096 vt_layer_mib=8.00 vt_update_base=0 vt_update_rows=1024 vt_update_mib=2.00
[prefill-attn-phase] chunk=0 start=0 layer=3 phase=body_matrix_kq gpu_ms=1.20
[prefill-attn-phase] chunk=0 start=0 layer=3 phase=body_matrix_softmax gpu_ms=0.41
[prefill-attn-phase] chunk=0 start=0 layer=3 phase=body_matrix_kqv gpu_ms=1.23
[prefill-layer-phase] chunk=0 start=0 layer=3 kind=attn phase=attn_back gpu_ms=5.96
[prefill-layer-phase] chunk=0 start=0 layer=3 kind=attn phase=mixer_resid gpu_ms=0.13
[prefill-layer-phase] chunk=0 start=0 layer=3 kind=attn phase=ffn_norm gpu_ms=0.06
[prefill-layer-phase] chunk=0 start=0 layer=3 kind=attn phase=ffn_gate_up_swiglu gpu_ms=30.98
[prefill-layer-phase] chunk=0 start=0 layer=3 kind=attn phase=ffn_down_resid gpu_ms=16.30
[prefill-layer-phase] chunk=0 start=0 layer=4 kind=gdn phase=pre_norm gpu_ms=0.06
[prefill-layer-phase] chunk=0 start=0 layer=4 kind=gdn phase=gdn_qkv gpu_ms=9.16
[prefill-layer-phase] chunk=0 start=0 layer=4 kind=gdn phase=gdn_z gpu_ms=5.73
[prefill-layer-phase] chunk=0 start=0 layer=4 kind=gdn phase=gdn_beta_alpha gpu_ms=3.14
[prefill-layer-phase] chunk=0 start=0 layer=4 kind=gdn phase=gdn_alpha_beta gpu_ms=0.01
[prefill-layer-phase] chunk=0 start=0 layer=4 kind=gdn phase=gdn_prep gpu_ms=1.18
[prefill-layer-phase] chunk=0 start=0 layer=4 kind=gdn phase=gdn_step gpu_ms=3.09
[prefill-layer-phase] chunk=0 start=0 layer=4 kind=gdn phase=gdn_gated gpu_ms=0.77
[prefill-layer-phase] chunk=0 start=0 layer=4 kind=gdn phase=gdn_back gpu_ms=5.98
[prefill-layer-phase] chunk=0 start=0 layer=4 kind=gdn phase=mixer_resid gpu_ms=0.14
[prefill-layer-phase] chunk=0 start=0 layer=4 kind=gdn phase=ffn_norm gpu_ms=0.06
[prefill-layer-phase] chunk=0 start=0 layer=4 kind=gdn phase=ffn_gate_up_swiglu gpu_ms=30.86
[prefill-layer-phase] chunk=0 start=0 layer=4 kind=gdn phase=ffn_down_resid gpu_ms=15.82
[prefill-layer-phase] chunk=0 start=0 layer=5 kind=gdn phase=pre_norm gpu_ms=0.05
[prefill-layer-phase] chunk=0 start=0 layer=5 kind=gdn phase=gdn_qkv gpu_ms=9.06
[prefill-layer-phase] chunk=0 start=0 layer=5 kind=gdn phase=gdn_z gpu_ms=5.11
[prefill-layer-phase] chunk=0 start=0 layer=5 kind=gdn phase=gdn_beta_alpha gpu_ms=3.16
[prefill-layer-phase] chunk=0 start=0 layer=5 kind=gdn phase=gdn_alpha_beta gpu_ms=0.01
[prefill-layer-phase] chunk=0 start=0 layer=5 kind=gdn phase=gdn_prep gpu_ms=0.90
[prefill-layer-phase] chunk=0 start=0 layer=5 kind=gdn phase=gdn_step gpu_ms=2.97
[prefill-layer-phase] chunk=0 start=0 layer=5 kind=gdn phase=gdn_gated gpu_ms=0.95
[prefill-layer-phase] chunk=0 start=0 layer=5 kind=gdn phase=gdn_back gpu_ms=5.86
[prefill-layer-phase] chunk=0 start=0 layer=5 kind=gdn phase=mixer_resid gpu_ms=0.17
[prefill-layer-phase] chunk=0 start=0 layer=5 kind=gdn phase=ffn_norm gpu_ms=0.06
[prefill-layer-phase] chunk=0 start=0 layer=5 kind=gdn phase=ffn_gate_up_swiglu gpu_ms=31.00
[prefill-layer-phase] chunk=0 start=0 layer=5 kind=gdn phase=ffn_down_resid gpu_ms=16.42
[prefill-layer-phase] chunk=0 start=0 layer=6 kind=gdn phase=pre_norm gpu_ms=0.06
[prefill-layer-phase] chunk=0 start=0 layer=6 kind=gdn phase=gdn_qkv gpu_ms=9.25
[prefill-layer-phase] chunk=0 start=0 layer=6 kind=gdn phase=gdn_z gpu_ms=5.18
[prefill-layer-phase] chunk=0 start=0 layer=6 kind=gdn phase=gdn_beta_alpha gpu_ms=3.19
[prefill-layer-phase] chunk=0 start=0 layer=6 kind=gdn phase=gdn_alpha_beta gpu_ms=0.01
[prefill-layer-phase] chunk=0 start=0 layer=6 kind=gdn phase=gdn_prep gpu_ms=0.90
[prefill-layer-phase] chunk=0 start=0 layer=6 kind=gdn phase=gdn_step gpu_ms=3.19
[prefill-layer-phase] chunk=0 start=0 layer=6 kind=gdn phase=gdn_gated gpu_ms=0.76
[prefill-layer-phase] chunk=0 start=0 layer=6 kind=gdn phase=gdn_back gpu_ms=5.88
[prefill-layer-phase] chunk=0 start=0 layer=6 kind=gdn phase=mixer_resid gpu_ms=0.14
[prefill-layer-phase] chunk=0 start=0 layer=6 kind=gdn phase=ffn_norm gpu_ms=0.06
[prefill-layer-phase] chunk=0 start=0 layer=6 kind=gdn phase=ffn_gate_up_swiglu gpu_ms=31.01
[prefill-layer-phase] chunk=0 start=0 layer=6 kind=gdn phase=ffn_down_resid gpu_ms=15.85
[prefill-layer-phase] chunk=0 start=0 layer=7 kind=attn phase=pre_norm gpu_ms=0.06
[prefill-attn-phase] chunk=0 start=0 layer=7 phase=proj gpu_ms=12.64
[prefill-attn-phase] chunk=0 start=0 layer=7 phase=split_q_gate gpu_ms=0.48
[prefill-attn-phase] chunk=0 start=0 layer=7 phase=norm gpu_ms=0.45
[prefill-attn-phase] chunk=0 start=0 layer=7 phase=rope_scatter gpu_ms=0.09
[prefill-attn-matrix-g6-shape] layer=7 chunk_start=0 chunk_p=1024 n_pos=1024 scores_mib=96.00 vt_stride=4096 vt_layer_mib=8.00 vt_update_base=0 vt_update_rows=1024 vt_update_mib=2.00
[prefill-attn-phase] chunk=0 start=0 layer=7 phase=body_matrix_kq gpu_ms=1.20
[prefill-attn-phase] chunk=0 start=0 layer=7 phase=body_matrix_softmax gpu_ms=0.42
[prefill-attn-phase] chunk=0 start=0 layer=7 phase=body_matrix_kqv gpu_ms=1.23
[prefill-layer-phase] chunk=0 start=0 layer=7 kind=attn phase=attn_back gpu_ms=5.69
[prefill-layer-phase] chunk=0 start=0 layer=7 kind=attn phase=mixer_resid gpu_ms=0.14
[prefill-layer-phase] chunk=0 start=0 layer=7 kind=attn phase=ffn_norm gpu_ms=0.06
[prefill-layer-phase] chunk=0 start=0 layer=7 kind=attn phase=ffn_gate_up_swiglu gpu_ms=30.74
[prefill-layer-phase] chunk=0 start=0 layer=7 kind=attn phase=ffn_down_resid gpu_ms=16.36
[prefill-layer-phase] chunk=0 start=0 layer=8 kind=gdn phase=pre_norm gpu_ms=0.06
[prefill-layer-phase] chunk=0 start=0 layer=8 kind=gdn phase=gdn_qkv gpu_ms=8.70
[prefill-layer-phase] chunk=0 start=0 layer=8 kind=gdn phase=gdn_z gpu_ms=5.10
[prefill-layer-phase] chunk=0 start=0 layer=8 kind=gdn phase=gdn_beta_alpha gpu_ms=3.14
[prefill-layer-phase] chunk=0 start=0 layer=8 kind=gdn phase=gdn_alpha_beta gpu_ms=0.01
[prefill-layer-phase] chunk=0 start=0 layer=8 kind=gdn phase=gdn_prep gpu_ms=0.90
[prefill-layer-phase] chunk=0 start=0 layer=8 kind=gdn phase=gdn_step gpu_ms=3.31
[prefill-layer-phase] chunk=0 start=0 layer=8 kind=gdn phase=gdn_gated gpu_ms=0.75
[prefill-layer-phase] chunk=0 start=0 layer=8 kind=gdn phase=gdn_back gpu_ms=5.67
[prefill-layer-phase] chunk=0 start=0 layer=8 kind=gdn phase=mixer_resid gpu_ms=0.11
[prefill-layer-phase] chunk=0 start=0 layer=8 kind=gdn phase=ffn_norm gpu_ms=0.06
[prefill-layer-phase] chunk=0 start=0 layer=8 kind=gdn phase=ffn_gate_up_swiglu gpu_ms=31.00
[prefill-layer-phase] chunk=0 start=0 layer=8 kind=gdn phase=ffn_down_resid gpu_ms=15.78
[prefill-layer-phase] chunk=0 start=0 layer=9 kind=gdn phase=pre_norm gpu_ms=0.06
[prefill-layer-phase] chunk=0 start=0 layer=9 kind=gdn phase=gdn_qkv gpu_ms=9.10
[prefill-layer-phase] chunk=0 start=0 layer=9 kind=gdn phase=gdn_z gpu_ms=5.65
[prefill-layer-phase] chunk=0 start=0 layer=9 kind=gdn phase=gdn_beta_alpha gpu_ms=3.14
[prefill-layer-phase] chunk=0 start=0 layer=9 kind=gdn phase=gdn_alpha_beta gpu_ms=0.01
[prefill-layer-phase] chunk=0 start=0 layer=9 kind=gdn phase=gdn_prep gpu_ms=1.04
[prefill-layer-phase] chunk=0 start=0 layer=9 kind=gdn phase=gdn_step gpu_ms=3.02
[prefill-layer-phase] chunk=0 start=0 layer=9 kind=gdn phase=gdn_gated gpu_ms=0.78
[prefill-layer-phase] chunk=0 start=0 layer=9 kind=gdn phase=gdn_back gpu_ms=5.82
[prefill-layer-phase] chunk=0 start=0 layer=9 kind=gdn phase=mixer_resid gpu_ms=0.15
[prefill-layer-phase] chunk=0 start=0 layer=9 kind=gdn phase=ffn_norm gpu_ms=0.06
[prefill-layer-phase] chunk=0 start=0 layer=9 kind=gdn phase=ffn_gate_up_swiglu gpu_ms=30.96
[prefill-layer-phase] chunk=0 start=0 layer=9 kind=gdn phase=ffn_down_resid gpu_ms=15.86
[prefill-layer-phase] chunk=0 start=0 layer=10 kind=gdn phase=pre_norm gpu_ms=0.05
[prefill-layer-phase] chunk=0 start=0 layer=10 kind=gdn phase=gdn_qkv gpu_ms=8.99
[prefill-layer-phase] chunk=0 start=0 layer=10 kind=gdn phase=gdn_z gpu_ms=5.35
[prefill-layer-phase] chunk=0 start=0 layer=10 kind=gdn phase=gdn_beta_alpha gpu_ms=3.14
[prefill-layer-phase] chunk=0 start=0 layer=10 kind=gdn phase=gdn_alpha_beta gpu_ms=0.01
[prefill-layer-phase] chunk=0 start=0 layer=10 kind=gdn phase=gdn_prep gpu_ms=0.89
[prefill-layer-phase] chunk=0 start=0 layer=10 kind=gdn phase=gdn_step gpu_ms=2.92
[prefill-layer-phase] chunk=0 start=0 layer=10 kind=gdn phase=gdn_gated gpu_ms=1.12
[prefill-layer-phase] chunk=0 start=0 layer=10 kind=gdn phase=gdn_back gpu_ms=5.57
[prefill-layer-phase] chunk=0 start=0 layer=10 kind=gdn phase=mixer_resid gpu_ms=0.14
[prefill-layer-phase] chunk=0 start=0 layer=10 kind=gdn phase=ffn_norm gpu_ms=0.06
[prefill-layer-phase] chunk=0 start=0 layer=10 kind=gdn phase=ffn_gate_up_swiglu gpu_ms=31.12
[prefill-layer-phase] chunk=0 start=0 layer=10 kind=gdn phase=ffn_down_resid gpu_ms=15.90
[prefill-layer-phase] chunk=0 start=0 layer=11 kind=attn phase=pre_norm gpu_ms=0.30
[prefill-attn-phase] chunk=0 start=0 layer=11 phase=proj gpu_ms=12.54
[prefill-attn-phase] chunk=0 start=0 layer=11 phase=split_q_gate gpu_ms=0.19
[prefill-attn-phase] chunk=0 start=0 layer=11 phase=norm gpu_ms=0.45
[prefill-attn-phase] chunk=0 start=0 layer=11 phase=rope_scatter gpu_ms=0.09
[prefill-attn-matrix-g6-shape] layer=11 chunk_start=0 chunk_p=1024 n_pos=1024 scores_mib=96.00 vt_stride=4096 vt_layer_mib=8.00 vt_update_base=0 vt_update_rows=1024 vt_update_mib=2.00
[prefill-attn-phase] chunk=0 start=0 layer=11 phase=body_matrix_kq gpu_ms=1.20
[prefill-attn-phase] chunk=0 start=0 layer=11 phase=body_matrix_softmax gpu_ms=0.40
[prefill-attn-phase] chunk=0 start=0 layer=11 phase=body_matrix_kqv gpu_ms=1.23
[prefill-layer-phase] chunk=0 start=0 layer=11 kind=attn phase=attn_back gpu_ms=5.72
[prefill-layer-phase] chunk=0 start=0 layer=11 kind=attn phase=mixer_resid gpu_ms=0.14
[prefill-layer-phase] chunk=0 start=0 layer=11 kind=attn phase=ffn_norm gpu_ms=0.06
[prefill-layer-phase] chunk=0 start=0 layer=11 kind=attn phase=ffn_gate_up_swiglu gpu_ms=31.51
[prefill-layer-phase] chunk=0 start=0 layer=11 kind=attn phase=ffn_down_resid gpu_ms=16.11
[prefill-layer-phase] chunk=0 start=0 layer=12 kind=gdn phase=pre_norm gpu_ms=0.06
[prefill-layer-phase] chunk=0 start=0 layer=12 kind=gdn phase=gdn_qkv gpu_ms=8.95
[prefill-layer-phase] chunk=0 start=0 layer=12 kind=gdn phase=gdn_z gpu_ms=5.66
[prefill-layer-phase] chunk=0 start=0 layer=12 kind=gdn phase=gdn_beta_alpha gpu_ms=3.43
[prefill-layer-phase] chunk=0 start=0 layer=12 kind=gdn phase=gdn_alpha_beta gpu_ms=0.01
[prefill-layer-phase] chunk=0 start=0 layer=12 kind=gdn phase=gdn_prep gpu_ms=0.89
[prefill-layer-phase] chunk=0 start=0 layer=12 kind=gdn phase=gdn_step gpu_ms=3.23
[prefill-layer-phase] chunk=0 start=0 layer=12 kind=gdn phase=gdn_gated gpu_ms=0.77
[prefill-layer-phase] chunk=0 start=0 layer=12 kind=gdn phase=gdn_back gpu_ms=6.11
[prefill-layer-phase] chunk=0 start=0 layer=12 kind=gdn phase=mixer_resid gpu_ms=0.13
[prefill-layer-phase] chunk=0 start=0 layer=12 kind=gdn phase=ffn_norm gpu_ms=0.06
[prefill-layer-phase] chunk=0 start=0 layer=12 kind=gdn phase=ffn_gate_up_swiglu gpu_ms=31.24
[prefill-layer-phase] chunk=0 start=0 layer=12 kind=gdn phase=ffn_down_resid gpu_ms=16.11
[prefill-layer-phase] chunk=0 start=0 layer=13 kind=gdn phase=pre_norm gpu_ms=0.06
[prefill-layer-phase] chunk=0 start=0 layer=13 kind=gdn phase=gdn_qkv gpu_ms=9.21
[prefill-layer-phase] chunk=0 start=0 layer=13 kind=gdn phase=gdn_z gpu_ms=5.44
[prefill-layer-phase] chunk=0 start=0 layer=13 kind=gdn phase=gdn_beta_alpha gpu_ms=3.13
[prefill-layer-phase] chunk=0 start=0 layer=13 kind=gdn phase=gdn_alpha_beta gpu_ms=0.01
[prefill-layer-phase] chunk=0 start=0 layer=13 kind=gdn phase=gdn_prep gpu_ms=0.89
[prefill-layer-phase] chunk=0 start=0 layer=13 kind=gdn phase=gdn_step gpu_ms=3.61
[prefill-layer-phase] chunk=0 start=0 layer=13 kind=gdn phase=gdn_gated gpu_ms=0.77
[prefill-layer-phase] chunk=0 start=0 layer=13 kind=gdn phase=gdn_back gpu_ms=5.78
[prefill-layer-phase] chunk=0 start=0 layer=13 kind=gdn phase=mixer_resid gpu_ms=0.09
[prefill-layer-phase] chunk=0 start=0 layer=13 kind=gdn phase=ffn_norm gpu_ms=0.06
[prefill-layer-phase] chunk=0 start=0 layer=13 kind=gdn phase=ffn_gate_up_swiglu gpu_ms=30.80
[prefill-layer-phase] chunk=0 start=0 layer=13 kind=gdn phase=ffn_down_resid gpu_ms=15.89
[prefill-layer-phase] chunk=0 start=0 layer=14 kind=gdn phase=pre_norm gpu_ms=0.06
[prefill-layer-phase] chunk=0 start=0 layer=14 kind=gdn phase=gdn_qkv gpu_ms=8.73
[prefill-layer-phase] chunk=0 start=0 layer=14 kind=gdn phase=gdn_z gpu_ms=5.13
[prefill-layer-phase] chunk=0 start=0 layer=14 kind=gdn phase=gdn_beta_alpha gpu_ms=3.18
[prefill-layer-phase] chunk=0 start=0 layer=14 kind=gdn phase=gdn_alpha_beta gpu_ms=0.01
[prefill-layer-phase] chunk=0 start=0 layer=14 kind=gdn phase=gdn_prep gpu_ms=0.89
[prefill-layer-phase] chunk=0 start=0 layer=14 kind=gdn phase=gdn_step gpu_ms=3.09
[prefill-layer-phase] chunk=0 start=0 layer=14 kind=gdn phase=gdn_gated gpu_ms=0.77
[prefill-layer-phase] chunk=0 start=0 layer=14 kind=gdn phase=gdn_back gpu_ms=5.93
[prefill-layer-phase] chunk=0 start=0 layer=14 kind=gdn phase=mixer_resid gpu_ms=0.14
[prefill-layer-phase] chunk=0 start=0 layer=14 kind=gdn phase=ffn_norm gpu_ms=0.06
[prefill-layer-phase] chunk=0 start=0 layer=14 kind=gdn phase=ffn_gate_up_swiglu gpu_ms=31.31
[prefill-layer-phase] chunk=0 start=0 layer=14 kind=gdn phase=ffn_down_resid gpu_ms=15.94
[prefill-layer-phase] chunk=0 start=0 layer=15 kind=attn phase=pre_norm gpu_ms=0.06
[prefill-attn-phase] chunk=0 start=0 layer=15 phase=proj gpu_ms=12.92
[prefill-attn-phase] chunk=0 start=0 layer=15 phase=split_q_gate gpu_ms=0.18
[prefill-attn-phase] chunk=0 start=0 layer=15 phase=norm gpu_ms=0.45
[prefill-attn-phase] chunk=0 start=0 layer=15 phase=rope_scatter gpu_ms=0.09
[prefill-attn-matrix-g6-shape] layer=15 chunk_start=0 chunk_p=1024 n_pos=1024 scores_mib=96.00 vt_stride=4096 vt_layer_mib=8.00 vt_update_base=0 vt_update_rows=1024 vt_update_mib=2.00
[prefill-attn-phase] chunk=0 start=0 layer=15 phase=body_matrix_kq gpu_ms=1.34
[prefill-attn-phase] chunk=0 start=0 layer=15 phase=body_matrix_softmax gpu_ms=0.41
[prefill-attn-phase] chunk=0 start=0 layer=15 phase=body_matrix_kqv gpu_ms=1.23
[prefill-layer-phase] chunk=0 start=0 layer=15 kind=attn phase=attn_back gpu_ms=5.42
[prefill-layer-phase] chunk=0 start=0 layer=15 kind=attn phase=mixer_resid gpu_ms=0.16
[prefill-layer-phase] chunk=0 start=0 layer=15 kind=attn phase=ffn_norm gpu_ms=0.08
[prefill-layer-phase] chunk=0 start=0 layer=15 kind=attn phase=ffn_gate_up_swiglu gpu_ms=30.40
[prefill-layer-phase] chunk=0 start=0 layer=15 kind=attn phase=ffn_down_resid gpu_ms=15.59
[prefill-layer-phase] chunk=0 start=0 layer=16 kind=gdn phase=pre_norm gpu_ms=0.06
[prefill-layer-phase] chunk=0 start=0 layer=16 kind=gdn phase=gdn_qkv gpu_ms=8.66
[prefill-layer-phase] chunk=0 start=0 layer=16 kind=gdn phase=gdn_z gpu_ms=5.24
[prefill-layer-phase] chunk=0 start=0 layer=16 kind=gdn phase=gdn_beta_alpha gpu_ms=3.35
[prefill-layer-phase] chunk=0 start=0 layer=16 kind=gdn phase=gdn_alpha_beta gpu_ms=0.01
[prefill-layer-phase] chunk=0 start=0 layer=16 kind=gdn phase=gdn_prep gpu_ms=0.91
[prefill-layer-phase] chunk=0 start=0 layer=16 kind=gdn phase=gdn_step gpu_ms=2.95
[prefill-layer-phase] chunk=0 start=0 layer=16 kind=gdn phase=gdn_gated gpu_ms=1.12
[prefill-layer-phase] chunk=0 start=0 layer=16 kind=gdn phase=gdn_back gpu_ms=5.57
[prefill-layer-phase] chunk=0 start=0 layer=16 kind=gdn phase=mixer_resid gpu_ms=0.13
[prefill-layer-phase] chunk=0 start=0 layer=16 kind=gdn phase=ffn_norm gpu_ms=0.06
[prefill-layer-phase] chunk=0 start=0 layer=16 kind=gdn phase=ffn_gate_up_swiglu gpu_ms=31.26
[prefill-layer-phase] chunk=0 start=0 layer=16 kind=gdn phase=ffn_down_resid gpu_ms=16.14
[prefill-layer-phase] chunk=0 start=0 layer=17 kind=gdn phase=pre_norm gpu_ms=0.06
[prefill-layer-phase] chunk=0 start=0 layer=17 kind=gdn phase=gdn_qkv gpu_ms=9.01
[prefill-layer-phase] chunk=0 start=0 layer=17 kind=gdn phase=gdn_z gpu_ms=5.52
[prefill-layer-phase] chunk=0 start=0 layer=17 kind=gdn phase=gdn_beta_alpha gpu_ms=3.18
[prefill-layer-phase] chunk=0 start=0 layer=17 kind=gdn phase=gdn_alpha_beta gpu_ms=0.04
[prefill-layer-phase] chunk=0 start=0 layer=17 kind=gdn phase=gdn_prep gpu_ms=0.90
[prefill-layer-phase] chunk=0 start=0 layer=17 kind=gdn phase=gdn_step gpu_ms=3.00
[prefill-layer-phase] chunk=0 start=0 layer=17 kind=gdn phase=gdn_gated gpu_ms=0.78
[prefill-layer-phase] chunk=0 start=0 layer=17 kind=gdn phase=gdn_back gpu_ms=5.87
[prefill-layer-phase] chunk=0 start=0 layer=17 kind=gdn phase=mixer_resid gpu_ms=0.10
[prefill-layer-phase] chunk=0 start=0 layer=17 kind=gdn phase=ffn_norm gpu_ms=0.07
[prefill-layer-phase] chunk=0 start=0 layer=17 kind=gdn phase=ffn_gate_up_swiglu gpu_ms=30.61
[prefill-layer-phase] chunk=0 start=0 layer=17 kind=gdn phase=ffn_down_resid gpu_ms=15.60
[prefill-layer-phase] chunk=0 start=0 layer=18 kind=gdn phase=pre_norm gpu_ms=0.06
[prefill-layer-phase] chunk=0 start=0 layer=18 kind=gdn phase=gdn_qkv gpu_ms=8.46
[prefill-layer-phase] chunk=0 start=0 layer=18 kind=gdn phase=gdn_z gpu_ms=5.23
[prefill-layer-phase] chunk=0 start=0 layer=18 kind=gdn phase=gdn_beta_alpha gpu_ms=3.38
[prefill-layer-phase] chunk=0 start=0 layer=18 kind=gdn phase=gdn_alpha_beta gpu_ms=0.01
[prefill-layer-phase] chunk=0 start=0 layer=18 kind=gdn phase=gdn_prep gpu_ms=1.01
[prefill-layer-phase] chunk=0 start=0 layer=18 kind=gdn phase=gdn_step gpu_ms=2.91
[prefill-layer-phase] chunk=0 start=0 layer=18 kind=gdn phase=gdn_gated gpu_ms=0.76
[prefill-layer-phase] chunk=0 start=0 layer=18 kind=gdn phase=gdn_back gpu_ms=6.14
[prefill-layer-phase] chunk=0 start=0 layer=18 kind=gdn phase=mixer_resid gpu_ms=0.14
[prefill-layer-phase] chunk=0 start=0 layer=18 kind=gdn phase=ffn_norm gpu_ms=0.06
[prefill-layer-phase] chunk=0 start=0 layer=18 kind=gdn phase=ffn_gate_up_swiglu gpu_ms=31.20
[prefill-layer-phase] chunk=0 start=0 layer=18 kind=gdn phase=ffn_down_resid gpu_ms=16.18
[prefill-layer-phase] chunk=0 start=0 layer=19 kind=attn phase=pre_norm gpu_ms=0.06
[prefill-attn-phase] chunk=0 start=0 layer=19 phase=proj gpu_ms=12.98
[prefill-attn-phase] chunk=0 start=0 layer=19 phase=split_q_gate gpu_ms=0.19
[prefill-attn-phase] chunk=0 start=0 layer=19 phase=norm gpu_ms=0.50
[prefill-attn-phase] chunk=0 start=0 layer=19 phase=rope_scatter gpu_ms=0.09
[prefill-attn-matrix-g6-shape] layer=19 chunk_start=0 chunk_p=1024 n_pos=1024 scores_mib=96.00 vt_stride=4096 vt_layer_mib=8.00 vt_update_base=0 vt_update_rows=1024 vt_update_mib=2.00
[prefill-attn-phase] chunk=0 start=0 layer=19 phase=body_matrix_kq gpu_ms=1.20
[prefill-attn-phase] chunk=0 start=0 layer=19 phase=body_matrix_softmax gpu_ms=0.41
[prefill-attn-phase] chunk=0 start=0 layer=19 phase=body_matrix_kqv gpu_ms=1.23
[prefill-layer-phase] chunk=0 start=0 layer=19 kind=attn phase=attn_back gpu_ms=5.92
[prefill-layer-phase] chunk=0 start=0 layer=19 kind=attn phase=mixer_resid gpu_ms=0.14
[prefill-layer-phase] chunk=0 start=0 layer=19 kind=attn phase=ffn_norm gpu_ms=0.06
[prefill-layer-phase] chunk=0 start=0 layer=19 kind=attn phase=ffn_gate_up_swiglu gpu_ms=31.20
[prefill-layer-phase] chunk=0 start=0 layer=19 kind=attn phase=ffn_down_resid gpu_ms=16.09
[prefill-layer-phase] chunk=0 start=0 layer=20 kind=gdn phase=pre_norm gpu_ms=0.06
[prefill-layer-phase] chunk=0 start=0 layer=20 kind=gdn phase=gdn_qkv gpu_ms=8.86
[prefill-layer-phase] chunk=0 start=0 layer=20 kind=gdn phase=gdn_z gpu_ms=5.60
[prefill-layer-phase] chunk=0 start=0 layer=20 kind=gdn phase=gdn_beta_alpha gpu_ms=3.14
[prefill-layer-phase] chunk=0 start=0 layer=20 kind=gdn phase=gdn_alpha_beta gpu_ms=0.01
[prefill-layer-phase] chunk=0 start=0 layer=20 kind=gdn phase=gdn_prep gpu_ms=1.07
[prefill-layer-phase] chunk=0 start=0 layer=20 kind=gdn phase=gdn_step gpu_ms=3.04
[prefill-layer-phase] chunk=0 start=0 layer=20 kind=gdn phase=gdn_gated gpu_ms=0.78
[prefill-layer-phase] chunk=0 start=0 layer=20 kind=gdn phase=gdn_back gpu_ms=5.93
[prefill-layer-phase] chunk=0 start=0 layer=20 kind=gdn phase=mixer_resid gpu_ms=0.12
[prefill-layer-phase] chunk=0 start=0 layer=20 kind=gdn phase=ffn_norm gpu_ms=0.10
[prefill-layer-phase] chunk=0 start=0 layer=20 kind=gdn phase=ffn_gate_up_swiglu gpu_ms=30.67
[prefill-layer-phase] chunk=0 start=0 layer=20 kind=gdn phase=ffn_down_resid gpu_ms=15.68
[prefill-layer-phase] chunk=0 start=0 layer=21 kind=gdn phase=pre_norm gpu_ms=0.06
[prefill-layer-phase] chunk=0 start=0 layer=21 kind=gdn phase=gdn_qkv gpu_ms=8.61
[prefill-layer-phase] chunk=0 start=0 layer=21 kind=gdn phase=gdn_z gpu_ms=5.27
[prefill-layer-phase] chunk=0 start=0 layer=21 kind=gdn phase=gdn_beta_alpha gpu_ms=3.19
[prefill-layer-phase] chunk=0 start=0 layer=21 kind=gdn phase=gdn_alpha_beta gpu_ms=0.01
[prefill-layer-phase] chunk=0 start=0 layer=21 kind=gdn phase=gdn_prep gpu_ms=0.91
[prefill-layer-phase] chunk=0 start=0 layer=21 kind=gdn phase=gdn_step gpu_ms=2.92
[prefill-layer-phase] chunk=0 start=0 layer=21 kind=gdn phase=gdn_gated gpu_ms=0.76
[prefill-layer-phase] chunk=0 start=0 layer=21 kind=gdn phase=gdn_back gpu_ms=6.00
[prefill-layer-phase] chunk=0 start=0 layer=21 kind=gdn phase=mixer_resid gpu_ms=0.13
[prefill-layer-phase] chunk=0 start=0 layer=21 kind=gdn phase=ffn_norm gpu_ms=0.06
[prefill-layer-phase] chunk=0 start=0 layer=21 kind=gdn phase=ffn_gate_up_swiglu gpu_ms=31.10
[prefill-layer-phase] chunk=0 start=0 layer=21 kind=gdn phase=ffn_down_resid gpu_ms=15.64
[prefill-layer-phase] chunk=0 start=0 layer=22 kind=gdn phase=pre_norm gpu_ms=0.06
[prefill-layer-phase] chunk=0 start=0 layer=22 kind=gdn phase=gdn_qkv gpu_ms=9.23
[prefill-layer-phase] chunk=0 start=0 layer=22 kind=gdn phase=gdn_z gpu_ms=5.58
[prefill-layer-phase] chunk=0 start=0 layer=22 kind=gdn phase=gdn_beta_alpha gpu_ms=3.21
[prefill-layer-phase] chunk=0 start=0 layer=22 kind=gdn phase=gdn_alpha_beta gpu_ms=0.01
[prefill-layer-phase] chunk=0 start=0 layer=22 kind=gdn phase=gdn_prep gpu_ms=1.01
[prefill-layer-phase] chunk=0 start=0 layer=22 kind=gdn phase=gdn_step gpu_ms=2.92
[prefill-layer-phase] chunk=0 start=0 layer=22 kind=gdn phase=gdn_gated gpu_ms=0.76
[prefill-layer-phase] chunk=0 start=0 layer=22 kind=gdn phase=gdn_back gpu_ms=6.02
[prefill-layer-phase] chunk=0 start=0 layer=22 kind=gdn phase=mixer_resid gpu_ms=0.14
[prefill-layer-phase] chunk=0 start=0 layer=22 kind=gdn phase=ffn_norm gpu_ms=0.06
[prefill-layer-phase] chunk=0 start=0 layer=22 kind=gdn phase=ffn_gate_up_swiglu gpu_ms=31.10
[prefill-layer-phase] chunk=0 start=0 layer=22 kind=gdn phase=ffn_down_resid gpu_ms=15.90
[prefill-layer-phase] chunk=0 start=0 layer=23 kind=attn phase=pre_norm gpu_ms=0.06
[prefill-attn-phase] chunk=0 start=0 layer=23 phase=proj gpu_ms=12.86
[prefill-attn-phase] chunk=0 start=0 layer=23 phase=split_q_gate gpu_ms=0.18
[prefill-attn-phase] chunk=0 start=0 layer=23 phase=norm gpu_ms=0.45
[prefill-attn-phase] chunk=0 start=0 layer=23 phase=rope_scatter gpu_ms=0.15
[prefill-attn-matrix-g6-shape] layer=23 chunk_start=0 chunk_p=1024 n_pos=1024 scores_mib=96.00 vt_stride=4096 vt_layer_mib=8.00 vt_update_base=0 vt_update_rows=1024 vt_update_mib=2.00
[prefill-attn-phase] chunk=0 start=0 layer=23 phase=body_matrix_kq gpu_ms=1.21
[prefill-attn-phase] chunk=0 start=0 layer=23 phase=body_matrix_softmax gpu_ms=0.41
[prefill-attn-phase] chunk=0 start=0 layer=23 phase=body_matrix_kqv gpu_ms=1.23
[prefill-layer-phase] chunk=0 start=0 layer=23 kind=attn phase=attn_back gpu_ms=5.86
[prefill-layer-phase] chunk=0 start=0 layer=23 kind=attn phase=mixer_resid gpu_ms=0.12
[prefill-layer-phase] chunk=0 start=0 layer=23 kind=attn phase=ffn_norm gpu_ms=0.06
[prefill-layer-phase] chunk=0 start=0 layer=23 kind=attn phase=ffn_gate_up_swiglu gpu_ms=31.03
[prefill-layer-phase] chunk=0 start=0 layer=23 kind=attn phase=ffn_down_resid gpu_ms=15.94
[prefill-layer-phase] chunk=0 start=0 layer=24 kind=gdn phase=pre_norm gpu_ms=0.06
[prefill-layer-phase] chunk=0 start=0 layer=24 kind=gdn phase=gdn_qkv gpu_ms=8.98
[prefill-layer-phase] chunk=0 start=0 layer=24 kind=gdn phase=gdn_z gpu_ms=5.36
[prefill-layer-phase] chunk=0 start=0 layer=24 kind=gdn phase=gdn_beta_alpha gpu_ms=3.14
[prefill-layer-phase] chunk=0 start=0 layer=24 kind=gdn phase=gdn_alpha_beta gpu_ms=0.01
[prefill-layer-phase] chunk=0 start=0 layer=24 kind=gdn phase=gdn_prep gpu_ms=0.89
[prefill-layer-phase] chunk=0 start=0 layer=24 kind=gdn phase=gdn_step gpu_ms=3.36
[prefill-layer-phase] chunk=0 start=0 layer=24 kind=gdn phase=gdn_gated gpu_ms=0.84
[prefill-layer-phase] chunk=0 start=0 layer=24 kind=gdn phase=gdn_back gpu_ms=5.85
[prefill-layer-phase] chunk=0 start=0 layer=24 kind=gdn phase=mixer_resid gpu_ms=0.10
[prefill-layer-phase] chunk=0 start=0 layer=24 kind=gdn phase=ffn_norm gpu_ms=0.06
[prefill-layer-phase] chunk=0 start=0 layer=24 kind=gdn phase=ffn_gate_up_swiglu gpu_ms=31.09
[prefill-layer-phase] chunk=0 start=0 layer=24 kind=gdn phase=ffn_down_resid gpu_ms=15.17
[prefill-layer-phase] chunk=0 start=0 layer=25 kind=gdn phase=pre_norm gpu_ms=0.06
[prefill-layer-phase] chunk=0 start=0 layer=25 kind=gdn phase=gdn_qkv gpu_ms=8.91
[prefill-layer-phase] chunk=0 start=0 layer=25 kind=gdn phase=gdn_z gpu_ms=5.19
[prefill-layer-phase] chunk=0 start=0 layer=25 kind=gdn phase=gdn_beta_alpha gpu_ms=3.39
[prefill-layer-phase] chunk=0 start=0 layer=25 kind=gdn phase=gdn_alpha_beta gpu_ms=0.01
[prefill-layer-phase] chunk=0 start=0 layer=25 kind=gdn phase=gdn_prep gpu_ms=0.89
[prefill-layer-phase] chunk=0 start=0 layer=25 kind=gdn phase=gdn_step gpu_ms=2.88
[prefill-layer-phase] chunk=0 start=0 layer=25 kind=gdn phase=gdn_gated gpu_ms=1.13
[prefill-layer-phase] chunk=0 start=0 layer=25 kind=gdn phase=gdn_back gpu_ms=5.57
[prefill-layer-phase] chunk=0 start=0 layer=25 kind=gdn phase=mixer_resid gpu_ms=0.14
[prefill-layer-phase] chunk=0 start=0 layer=25 kind=gdn phase=ffn_norm gpu_ms=0.06
[prefill-layer-phase] chunk=0 start=0 layer=25 kind=gdn phase=ffn_gate_up_swiglu gpu_ms=31.10
[prefill-layer-phase] chunk=0 start=0 layer=25 kind=gdn phase=ffn_down_resid gpu_ms=16.14
[prefill-layer-phase] chunk=0 start=0 layer=26 kind=gdn phase=pre_norm gpu_ms=0.06
[prefill-layer-phase] chunk=0 start=0 layer=26 kind=gdn phase=gdn_qkv gpu_ms=9.01
[prefill-layer-phase] chunk=0 start=0 layer=26 kind=gdn phase=gdn_z gpu_ms=5.21
[prefill-layer-phase] chunk=0 start=0 layer=26 kind=gdn phase=gdn_beta_alpha gpu_ms=3.22
[prefill-layer-phase] chunk=0 start=0 layer=26 kind=gdn phase=gdn_alpha_beta gpu_ms=0.01
[prefill-layer-phase] chunk=0 start=0 layer=26 kind=gdn phase=gdn_prep gpu_ms=0.89
[prefill-layer-phase] chunk=0 start=0 layer=26 kind=gdn phase=gdn_step gpu_ms=3.16
[prefill-layer-phase] chunk=0 start=0 layer=26 kind=gdn phase=gdn_gated gpu_ms=0.77
[prefill-layer-phase] chunk=0 start=0 layer=26 kind=gdn phase=gdn_back gpu_ms=6.08
[prefill-layer-phase] chunk=0 start=0 layer=26 kind=gdn phase=mixer_resid gpu_ms=0.14
[prefill-layer-phase] chunk=0 start=0 layer=26 kind=gdn phase=ffn_norm gpu_ms=0.06
[prefill-layer-phase] chunk=0 start=0 layer=26 kind=gdn phase=ffn_gate_up_swiglu gpu_ms=31.28
[prefill-layer-phase] chunk=0 start=0 layer=26 kind=gdn phase=ffn_down_resid gpu_ms=15.63
[prefill-layer-phase] chunk=0 start=0 layer=27 kind=attn phase=pre_norm gpu_ms=0.06
[prefill-attn-phase] chunk=0 start=0 layer=27 phase=proj gpu_ms=12.82
[prefill-attn-phase] chunk=0 start=0 layer=27 phase=split_q_gate gpu_ms=0.18
[prefill-attn-phase] chunk=0 start=0 layer=27 phase=norm gpu_ms=0.45
[prefill-attn-phase] chunk=0 start=0 layer=27 phase=rope_scatter gpu_ms=0.14
[prefill-attn-matrix-g6-shape] layer=27 chunk_start=0 chunk_p=1024 n_pos=1024 scores_mib=96.00 vt_stride=4096 vt_layer_mib=8.00 vt_update_base=0 vt_update_rows=1024 vt_update_mib=2.00
[prefill-attn-phase] chunk=0 start=0 layer=27 phase=body_matrix_kq gpu_ms=1.20
[prefill-attn-phase] chunk=0 start=0 layer=27 phase=body_matrix_softmax gpu_ms=0.41
[prefill-attn-phase] chunk=0 start=0 layer=27 phase=body_matrix_kqv gpu_ms=1.23
[prefill-layer-phase] chunk=0 start=0 layer=27 kind=attn phase=attn_back gpu_ms=5.83
[prefill-layer-phase] chunk=0 start=0 layer=27 kind=attn phase=mixer_resid gpu_ms=0.14
[prefill-layer-phase] chunk=0 start=0 layer=27 kind=attn phase=ffn_norm gpu_ms=0.06
[prefill-layer-phase] chunk=0 start=0 layer=27 kind=attn phase=ffn_gate_up_swiglu gpu_ms=31.18
[prefill-layer-phase] chunk=0 start=0 layer=27 kind=attn phase=ffn_down_resid gpu_ms=15.99
[prefill-layer-phase] chunk=0 start=0 layer=28 kind=gdn phase=pre_norm gpu_ms=0.06
[prefill-layer-phase] chunk=0 start=0 layer=28 kind=gdn phase=gdn_qkv gpu_ms=9.13
[prefill-layer-phase] chunk=0 start=0 layer=28 kind=gdn phase=gdn_z gpu_ms=5.48
[prefill-layer-phase] chunk=0 start=0 layer=28 kind=gdn phase=gdn_beta_alpha gpu_ms=3.14
[prefill-layer-phase] chunk=0 start=0 layer=28 kind=gdn phase=gdn_alpha_beta gpu_ms=0.01
[prefill-layer-phase] chunk=0 start=0 layer=28 kind=gdn phase=gdn_prep gpu_ms=0.99
[prefill-layer-phase] chunk=0 start=0 layer=28 kind=gdn phase=gdn_step gpu_ms=3.08
[prefill-layer-phase] chunk=0 start=0 layer=28 kind=gdn phase=gdn_gated gpu_ms=0.77
[prefill-layer-phase] chunk=0 start=0 layer=28 kind=gdn phase=gdn_back gpu_ms=5.90
[prefill-layer-phase] chunk=0 start=0 layer=28 kind=gdn phase=mixer_resid gpu_ms=0.11
[prefill-layer-phase] chunk=0 start=0 layer=28 kind=gdn phase=ffn_norm gpu_ms=0.10
[prefill-layer-phase] chunk=0 start=0 layer=28 kind=gdn phase=ffn_gate_up_swiglu gpu_ms=31.09
[prefill-layer-phase] chunk=0 start=0 layer=28 kind=gdn phase=ffn_down_resid gpu_ms=16.11
[prefill-layer-phase] chunk=0 start=0 layer=29 kind=gdn phase=pre_norm gpu_ms=0.05
[prefill-layer-phase] chunk=0 start=0 layer=29 kind=gdn phase=gdn_qkv gpu_ms=8.94
[prefill-layer-phase] chunk=0 start=0 layer=29 kind=gdn phase=gdn_z gpu_ms=5.38
[prefill-layer-phase] chunk=0 start=0 layer=29 kind=gdn phase=gdn_beta_alpha gpu_ms=3.20
[prefill-layer-phase] chunk=0 start=0 layer=29 kind=gdn phase=gdn_alpha_beta gpu_ms=0.01
[prefill-layer-phase] chunk=0 start=0 layer=29 kind=gdn phase=gdn_prep gpu_ms=0.90
[prefill-layer-phase] chunk=0 start=0 layer=29 kind=gdn phase=gdn_step gpu_ms=3.26
[prefill-layer-phase] chunk=0 start=0 layer=29 kind=gdn phase=gdn_gated gpu_ms=0.74
[prefill-layer-phase] chunk=0 start=0 layer=29 kind=gdn phase=gdn_back gpu_ms=5.56
[prefill-layer-phase] chunk=0 start=0 layer=29 kind=gdn phase=mixer_resid gpu_ms=0.10
[prefill-layer-phase] chunk=0 start=0 layer=29 kind=gdn phase=ffn_norm gpu_ms=0.06
[prefill-layer-phase] chunk=0 start=0 layer=29 kind=gdn phase=ffn_gate_up_swiglu gpu_ms=30.86
[prefill-layer-phase] chunk=0 start=0 layer=29 kind=gdn phase=ffn_down_resid gpu_ms=16.29
[prefill-layer-phase] chunk=0 start=0 layer=30 kind=gdn phase=pre_norm gpu_ms=0.06
[prefill-layer-phase] chunk=0 start=0 layer=30 kind=gdn phase=gdn_qkv gpu_ms=8.46
[prefill-layer-phase] chunk=0 start=0 layer=30 kind=gdn phase=gdn_z gpu_ms=5.15
[prefill-layer-phase] chunk=0 start=0 layer=30 kind=gdn phase=gdn_beta_alpha gpu_ms=3.19
[prefill-layer-phase] chunk=0 start=0 layer=30 kind=gdn phase=gdn_alpha_beta gpu_ms=0.01
[prefill-layer-phase] chunk=0 start=0 layer=30 kind=gdn phase=gdn_prep gpu_ms=0.88
[prefill-layer-phase] chunk=0 start=0 layer=30 kind=gdn phase=gdn_step gpu_ms=3.14
[prefill-layer-phase] chunk=0 start=0 layer=30 kind=gdn phase=gdn_gated gpu_ms=0.77
[prefill-layer-phase] chunk=0 start=0 layer=30 kind=gdn phase=gdn_back gpu_ms=6.04
[prefill-layer-phase] chunk=0 start=0 layer=30 kind=gdn phase=mixer_resid gpu_ms=0.14
[prefill-layer-phase] chunk=0 start=0 layer=30 kind=gdn phase=ffn_norm gpu_ms=0.06
[prefill-layer-phase] chunk=0 start=0 layer=30 kind=gdn phase=ffn_gate_up_swiglu gpu_ms=31.14
[prefill-layer-phase] chunk=0 start=0 layer=30 kind=gdn phase=ffn_down_resid gpu_ms=15.68
[prefill-layer-phase] chunk=0 start=0 layer=31 kind=attn phase=pre_norm gpu_ms=0.06
[prefill-attn-phase] chunk=0 start=0 layer=31 phase=proj gpu_ms=12.65
[prefill-attn-phase] chunk=0 start=0 layer=31 phase=split_q_gate gpu_ms=0.41
[prefill-attn-phase] chunk=0 start=0 layer=31 phase=norm gpu_ms=0.45
[prefill-attn-phase] chunk=0 start=0 layer=31 phase=rope_scatter gpu_ms=0.09
[prefill-attn-matrix-g6-shape] layer=31 chunk_start=0 chunk_p=1024 n_pos=1024 scores_mib=96.00 vt_stride=4096 vt_layer_mib=8.00 vt_update_base=0 vt_update_rows=1024 vt_update_mib=2.00
[prefill-attn-phase] chunk=0 start=0 layer=31 phase=body_matrix_kq gpu_ms=1.30
[prefill-attn-phase] chunk=0 start=0 layer=31 phase=body_matrix_softmax gpu_ms=0.41
[prefill-attn-phase] chunk=0 start=0 layer=31 phase=body_matrix_kqv gpu_ms=1.23
[prefill-layer-phase] chunk=0 start=0 layer=31 kind=attn phase=attn_back gpu_ms=5.67
[prefill-layer-phase] chunk=0 start=0 layer=31 kind=attn phase=mixer_resid gpu_ms=0.14
[prefill-layer-phase] chunk=0 start=0 layer=31 kind=attn phase=ffn_norm gpu_ms=0.06
[prefill-layer-phase] chunk=0 start=0 layer=31 kind=attn phase=ffn_gate_up_swiglu gpu_ms=30.84
[prefill-layer-phase] chunk=0 start=0 layer=31 kind=attn phase=ffn_down_resid gpu_ms=16.00
[prefill-layer-phase] chunk=0 start=0 layer=32 kind=gdn phase=pre_norm gpu_ms=0.10
[prefill-layer-phase] chunk=0 start=0 layer=32 kind=gdn phase=gdn_qkv gpu_ms=8.84
[prefill-layer-phase] chunk=0 start=0 layer=32 kind=gdn phase=gdn_z gpu_ms=5.42
[prefill-layer-phase] chunk=0 start=0 layer=32 kind=gdn phase=gdn_beta_alpha gpu_ms=3.13
[prefill-layer-phase] chunk=0 start=0 layer=32 kind=gdn phase=gdn_alpha_beta gpu_ms=0.01
[prefill-layer-phase] chunk=0 start=0 layer=32 kind=gdn phase=gdn_prep gpu_ms=0.89
[prefill-layer-phase] chunk=0 start=0 layer=32 kind=gdn phase=gdn_step gpu_ms=3.26
[prefill-layer-phase] chunk=0 start=0 layer=32 kind=gdn phase=gdn_gated gpu_ms=0.74
[prefill-layer-phase] chunk=0 start=0 layer=32 kind=gdn phase=gdn_back gpu_ms=5.56
[prefill-layer-phase] chunk=0 start=0 layer=32 kind=gdn phase=mixer_resid gpu_ms=0.10
[prefill-layer-phase] chunk=0 start=0 layer=32 kind=gdn phase=ffn_norm gpu_ms=0.06
[prefill-layer-phase] chunk=0 start=0 layer=32 kind=gdn phase=ffn_gate_up_swiglu gpu_ms=30.66
[prefill-layer-phase] chunk=0 start=0 layer=32 kind=gdn phase=ffn_down_resid gpu_ms=16.53
[prefill-layer-phase] chunk=0 start=0 layer=33 kind=gdn phase=pre_norm gpu_ms=0.05
[prefill-layer-phase] chunk=0 start=0 layer=33 kind=gdn phase=gdn_qkv gpu_ms=8.79
[prefill-layer-phase] chunk=0 start=0 layer=33 kind=gdn phase=gdn_z gpu_ms=5.15
[prefill-layer-phase] chunk=0 start=0 layer=33 kind=gdn phase=gdn_beta_alpha gpu_ms=3.36
[prefill-layer-phase] chunk=0 start=0 layer=33 kind=gdn phase=gdn_alpha_beta gpu_ms=0.01
[prefill-layer-phase] chunk=0 start=0 layer=33 kind=gdn phase=gdn_prep gpu_ms=0.89
[prefill-layer-phase] chunk=0 start=0 layer=33 kind=gdn phase=gdn_step gpu_ms=3.05
[prefill-layer-phase] chunk=0 start=0 layer=33 kind=gdn phase=gdn_gated gpu_ms=0.77
[prefill-layer-phase] chunk=0 start=0 layer=33 kind=gdn phase=gdn_back gpu_ms=6.15
[prefill-layer-phase] chunk=0 start=0 layer=33 kind=gdn phase=mixer_resid gpu_ms=0.13
[prefill-layer-phase] chunk=0 start=0 layer=33 kind=gdn phase=ffn_norm gpu_ms=0.06
[prefill-layer-phase] chunk=0 start=0 layer=33 kind=gdn phase=ffn_gate_up_swiglu gpu_ms=31.28
[prefill-layer-phase] chunk=0 start=0 layer=33 kind=gdn phase=ffn_down_resid gpu_ms=15.92
[prefill-layer-phase] chunk=0 start=0 layer=34 kind=gdn phase=pre_norm gpu_ms=0.05
[prefill-layer-phase] chunk=0 start=0 layer=34 kind=gdn phase=gdn_qkv gpu_ms=9.16
[prefill-layer-phase] chunk=0 start=0 layer=34 kind=gdn phase=gdn_z gpu_ms=5.66
[prefill-layer-phase] chunk=0 start=0 layer=34 kind=gdn phase=gdn_beta_alpha gpu_ms=3.14
[prefill-layer-phase] chunk=0 start=0 layer=34 kind=gdn phase=gdn_alpha_beta gpu_ms=0.01
[prefill-layer-phase] chunk=0 start=0 layer=34 kind=gdn phase=gdn_prep gpu_ms=0.89
[prefill-layer-phase] chunk=0 start=0 layer=34 kind=gdn phase=gdn_step gpu_ms=3.15
[prefill-layer-phase] chunk=0 start=0 layer=34 kind=gdn phase=gdn_gated gpu_ms=0.77
[prefill-layer-phase] chunk=0 start=0 layer=34 kind=gdn phase=gdn_back gpu_ms=6.05
[prefill-layer-phase] chunk=0 start=0 layer=34 kind=gdn phase=mixer_resid gpu_ms=0.14
[prefill-layer-phase] chunk=0 start=0 layer=34 kind=gdn phase=ffn_norm gpu_ms=0.06
[prefill-layer-phase] chunk=0 start=0 layer=34 kind=gdn phase=ffn_gate_up_swiglu gpu_ms=31.32
[prefill-layer-phase] chunk=0 start=0 layer=34 kind=gdn phase=ffn_down_resid gpu_ms=16.02
[prefill-layer-phase] chunk=0 start=0 layer=35 kind=attn phase=pre_norm gpu_ms=0.07
[prefill-attn-phase] chunk=0 start=0 layer=35 phase=proj gpu_ms=12.88
[prefill-attn-phase] chunk=0 start=0 layer=35 phase=split_q_gate gpu_ms=0.18
[prefill-attn-phase] chunk=0 start=0 layer=35 phase=norm gpu_ms=0.45
[prefill-attn-phase] chunk=0 start=0 layer=35 phase=rope_scatter gpu_ms=0.09
[prefill-attn-matrix-g6-shape] layer=35 chunk_start=0 chunk_p=1024 n_pos=1024 scores_mib=96.00 vt_stride=4096 vt_layer_mib=8.00 vt_update_base=0 vt_update_rows=1024 vt_update_mib=2.00
[prefill-attn-phase] chunk=0 start=0 layer=35 phase=body_matrix_kq gpu_ms=1.20
[prefill-attn-phase] chunk=0 start=0 layer=35 phase=body_matrix_softmax gpu_ms=0.40
[prefill-attn-phase] chunk=0 start=0 layer=35 phase=body_matrix_kqv gpu_ms=1.24
[prefill-layer-phase] chunk=0 start=0 layer=35 kind=attn phase=attn_back gpu_ms=5.76
[prefill-layer-phase] chunk=0 start=0 layer=35 kind=attn phase=mixer_resid gpu_ms=0.14
[prefill-layer-phase] chunk=0 start=0 layer=35 kind=attn phase=ffn_norm gpu_ms=0.06
[prefill-layer-phase] chunk=0 start=0 layer=35 kind=attn phase=ffn_gate_up_swiglu gpu_ms=31.18
[prefill-layer-phase] chunk=0 start=0 layer=35 kind=attn phase=ffn_down_resid gpu_ms=15.84
[prefill-layer-phase] chunk=0 start=0 layer=36 kind=gdn phase=pre_norm gpu_ms=0.06
[prefill-layer-phase] chunk=0 start=0 layer=36 kind=gdn phase=gdn_qkv gpu_ms=8.99
[prefill-layer-phase] chunk=0 start=0 layer=36 kind=gdn phase=gdn_z gpu_ms=5.43
[prefill-layer-phase] chunk=0 start=0 layer=36 kind=gdn phase=gdn_beta_alpha gpu_ms=3.14
[prefill-layer-phase] chunk=0 start=0 layer=36 kind=gdn phase=gdn_alpha_beta gpu_ms=0.01
[prefill-layer-phase] chunk=0 start=0 layer=36 kind=gdn phase=gdn_prep gpu_ms=0.90
[prefill-layer-phase] chunk=0 start=0 layer=36 kind=gdn phase=gdn_step gpu_ms=3.22
[prefill-layer-phase] chunk=0 start=0 layer=36 kind=gdn phase=gdn_gated gpu_ms=0.83
[prefill-layer-phase] chunk=0 start=0 layer=36 kind=gdn phase=gdn_back gpu_ms=5.56
[prefill-layer-phase] chunk=0 start=0 layer=36 kind=gdn phase=mixer_resid gpu_ms=0.15
[prefill-layer-phase] chunk=0 start=0 layer=36 kind=gdn phase=ffn_norm gpu_ms=0.06
[prefill-layer-phase] chunk=0 start=0 layer=36 kind=gdn phase=ffn_gate_up_swiglu gpu_ms=30.83
[prefill-layer-phase] chunk=0 start=0 layer=36 kind=gdn phase=ffn_down_resid gpu_ms=15.44
[prefill-layer-phase] chunk=0 start=0 layer=37 kind=gdn phase=pre_norm gpu_ms=0.06
[prefill-layer-phase] chunk=0 start=0 layer=37 kind=gdn phase=gdn_qkv gpu_ms=9.13
[prefill-layer-phase] chunk=0 start=0 layer=37 kind=gdn phase=gdn_z gpu_ms=5.38
[prefill-layer-phase] chunk=0 start=0 layer=37 kind=gdn phase=gdn_beta_alpha gpu_ms=3.16
[prefill-layer-phase] chunk=0 start=0 layer=37 kind=gdn phase=gdn_alpha_beta gpu_ms=0.01
[prefill-layer-phase] chunk=0 start=0 layer=37 kind=gdn phase=gdn_prep gpu_ms=0.93
[prefill-layer-phase] chunk=0 start=0 layer=37 kind=gdn phase=gdn_step gpu_ms=2.87
[prefill-layer-phase] chunk=0 start=0 layer=37 kind=gdn phase=gdn_gated gpu_ms=0.76
[prefill-layer-phase] chunk=0 start=0 layer=37 kind=gdn phase=gdn_back gpu_ms=6.10
[prefill-layer-phase] chunk=0 start=0 layer=37 kind=gdn phase=mixer_resid gpu_ms=0.12
[prefill-layer-phase] chunk=0 start=0 layer=37 kind=gdn phase=ffn_norm gpu_ms=0.06
[prefill-layer-phase] chunk=0 start=0 layer=37 kind=gdn phase=ffn_gate_up_swiglu gpu_ms=31.34
[prefill-layer-phase] chunk=0 start=0 layer=37 kind=gdn phase=ffn_down_resid gpu_ms=16.21
[prefill-layer-phase] chunk=0 start=0 layer=38 kind=gdn phase=pre_norm gpu_ms=0.06
[prefill-layer-phase] chunk=0 start=0 layer=38 kind=gdn phase=gdn_qkv gpu_ms=8.97
[prefill-layer-phase] chunk=0 start=0 layer=38 kind=gdn phase=gdn_z gpu_ms=5.52
[prefill-layer-phase] chunk=0 start=0 layer=38 kind=gdn phase=gdn_beta_alpha gpu_ms=3.21
[prefill-layer-phase] chunk=0 start=0 layer=38 kind=gdn phase=gdn_alpha_beta gpu_ms=0.01
[prefill-layer-phase] chunk=0 start=0 layer=38 kind=gdn phase=gdn_prep gpu_ms=0.89
[prefill-layer-phase] chunk=0 start=0 layer=38 kind=gdn phase=gdn_step gpu_ms=2.98
[prefill-layer-phase] chunk=0 start=0 layer=38 kind=gdn phase=gdn_gated gpu_ms=0.77
[prefill-layer-phase] chunk=0 start=0 layer=38 kind=gdn phase=gdn_back gpu_ms=5.79
[prefill-layer-phase] chunk=0 start=0 layer=38 kind=gdn phase=mixer_resid gpu_ms=0.10
[prefill-layer-phase] chunk=0 start=0 layer=38 kind=gdn phase=ffn_norm gpu_ms=0.06
[prefill-layer-phase] chunk=0 start=0 layer=38 kind=gdn phase=ffn_gate_up_swiglu gpu_ms=30.60
[prefill-layer-phase] chunk=0 start=0 layer=38 kind=gdn phase=ffn_down_resid gpu_ms=15.37
[prefill-layer-phase] chunk=0 start=0 layer=39 kind=attn phase=pre_norm gpu_ms=0.06
[prefill-attn-phase] chunk=0 start=0 layer=39 phase=proj gpu_ms=12.78
[prefill-attn-phase] chunk=0 start=0 layer=39 phase=split_q_gate gpu_ms=0.18
[prefill-attn-phase] chunk=0 start=0 layer=39 phase=norm gpu_ms=0.45
[prefill-attn-phase] chunk=0 start=0 layer=39 phase=rope_scatter gpu_ms=0.09
[prefill-attn-matrix-g6-shape] layer=39 chunk_start=0 chunk_p=1024 n_pos=1024 scores_mib=96.00 vt_stride=4096 vt_layer_mib=8.00 vt_update_base=0 vt_update_rows=1024 vt_update_mib=2.00
[prefill-attn-phase] chunk=0 start=0 layer=39 phase=body_matrix_kq gpu_ms=1.52
[prefill-attn-phase] chunk=0 start=0 layer=39 phase=body_matrix_softmax gpu_ms=0.40
[prefill-attn-phase] chunk=0 start=0 layer=39 phase=body_matrix_kqv gpu_ms=1.28
[prefill-layer-phase] chunk=0 start=0 layer=39 kind=attn phase=attn_back gpu_ms=5.57
[prefill-layer-phase] chunk=0 start=0 layer=39 kind=attn phase=mixer_resid gpu_ms=0.10
[prefill-layer-phase] chunk=0 start=0 layer=39 kind=attn phase=ffn_norm gpu_ms=0.06
[prefill-layer-phase] chunk=0 start=0 layer=39 kind=attn phase=ffn_gate_up_swiglu gpu_ms=31.04
[prefill-layer-phase] chunk=0 start=0 layer=39 kind=attn phase=ffn_down_resid gpu_ms=15.36
[prefill-layer-phase] chunk=0 start=0 layer=40 kind=gdn phase=pre_norm gpu_ms=0.06
[prefill-layer-phase] chunk=0 start=0 layer=40 kind=gdn phase=gdn_qkv gpu_ms=9.18
[prefill-layer-phase] chunk=0 start=0 layer=40 kind=gdn phase=gdn_z gpu_ms=5.72
[prefill-layer-phase] chunk=0 start=0 layer=40 kind=gdn phase=gdn_beta_alpha gpu_ms=3.35
[prefill-layer-phase] chunk=0 start=0 layer=40 kind=gdn phase=gdn_alpha_beta gpu_ms=0.01
[prefill-layer-phase] chunk=0 start=0 layer=40 kind=gdn phase=gdn_prep gpu_ms=0.91
[prefill-layer-phase] chunk=0 start=0 layer=40 kind=gdn phase=gdn_step gpu_ms=2.93
[prefill-layer-phase] chunk=0 start=0 layer=40 kind=gdn phase=gdn_gated gpu_ms=0.77
[prefill-layer-phase] chunk=0 start=0 layer=40 kind=gdn phase=gdn_back gpu_ms=6.01
[prefill-layer-phase] chunk=0 start=0 layer=40 kind=gdn phase=mixer_resid gpu_ms=0.14
[prefill-layer-phase] chunk=0 start=0 layer=40 kind=gdn phase=ffn_norm gpu_ms=0.06
[prefill-layer-phase] chunk=0 start=0 layer=40 kind=gdn phase=ffn_gate_up_swiglu gpu_ms=30.82
[prefill-layer-phase] chunk=0 start=0 layer=40 kind=gdn phase=ffn_down_resid gpu_ms=15.73
[prefill-layer-phase] chunk=0 start=0 layer=41 kind=gdn phase=pre_norm gpu_ms=0.06
[prefill-layer-phase] chunk=0 start=0 layer=41 kind=gdn phase=gdn_qkv gpu_ms=8.94
[prefill-layer-phase] chunk=0 start=0 layer=41 kind=gdn phase=gdn_z gpu_ms=5.39
[prefill-layer-phase] chunk=0 start=0 layer=41 kind=gdn phase=gdn_beta_alpha gpu_ms=3.13
[prefill-layer-phase] chunk=0 start=0 layer=41 kind=gdn phase=gdn_alpha_beta gpu_ms=0.01
[prefill-layer-phase] chunk=0 start=0 layer=41 kind=gdn phase=gdn_prep gpu_ms=0.89
[prefill-layer-phase] chunk=0 start=0 layer=41 kind=gdn phase=gdn_step gpu_ms=3.24
[prefill-layer-phase] chunk=0 start=0 layer=41 kind=gdn phase=gdn_gated gpu_ms=0.80
[prefill-layer-phase] chunk=0 start=0 layer=41 kind=gdn phase=gdn_back gpu_ms=5.55
[prefill-layer-phase] chunk=0 start=0 layer=41 kind=gdn phase=mixer_resid gpu_ms=0.16
[prefill-layer-phase] chunk=0 start=0 layer=41 kind=gdn phase=ffn_norm gpu_ms=0.06
[prefill-layer-phase] chunk=0 start=0 layer=41 kind=gdn phase=ffn_gate_up_swiglu gpu_ms=30.56
[prefill-layer-phase] chunk=0 start=0 layer=41 kind=gdn phase=ffn_down_resid gpu_ms=15.46
[prefill-layer-phase] chunk=0 start=0 layer=42 kind=gdn phase=pre_norm gpu_ms=0.05
[prefill-layer-phase] chunk=0 start=0 layer=42 kind=gdn phase=gdn_qkv gpu_ms=9.16
[prefill-layer-phase] chunk=0 start=0 layer=42 kind=gdn phase=gdn_z gpu_ms=5.29
[prefill-layer-phase] chunk=0 start=0 layer=42 kind=gdn phase=gdn_beta_alpha gpu_ms=3.34
[prefill-layer-phase] chunk=0 start=0 layer=42 kind=gdn phase=gdn_alpha_beta gpu_ms=0.01
[prefill-layer-phase] chunk=0 start=0 layer=42 kind=gdn phase=gdn_prep gpu_ms=1.00
[prefill-layer-phase] chunk=0 start=0 layer=42 kind=gdn phase=gdn_step gpu_ms=2.92
[prefill-layer-phase] chunk=0 start=0 layer=42 kind=gdn phase=gdn_gated gpu_ms=0.76
[prefill-layer-phase] chunk=0 start=0 layer=42 kind=gdn phase=gdn_back gpu_ms=6.15
[prefill-layer-phase] chunk=0 start=0 layer=42 kind=gdn phase=mixer_resid gpu_ms=0.13
[prefill-layer-phase] chunk=0 start=0 layer=42 kind=gdn phase=ffn_norm gpu_ms=0.06
[prefill-layer-phase] chunk=0 start=0 layer=42 kind=gdn phase=ffn_gate_up_swiglu gpu_ms=31.06
[prefill-layer-phase] chunk=0 start=0 layer=42 kind=gdn phase=ffn_down_resid gpu_ms=15.74
[prefill-layer-phase] chunk=0 start=0 layer=43 kind=attn phase=pre_norm gpu_ms=0.06
[prefill-attn-phase] chunk=0 start=0 layer=43 phase=proj gpu_ms=12.84
[prefill-attn-phase] chunk=0 start=0 layer=43 phase=split_q_gate gpu_ms=0.18
[prefill-attn-phase] chunk=0 start=0 layer=43 phase=norm gpu_ms=0.45
[prefill-attn-phase] chunk=0 start=0 layer=43 phase=rope_scatter gpu_ms=0.09
[prefill-attn-matrix-g6-shape] layer=43 chunk_start=0 chunk_p=1024 n_pos=1024 scores_mib=96.00 vt_stride=4096 vt_layer_mib=8.00 vt_update_base=0 vt_update_rows=1024 vt_update_mib=2.00
[prefill-attn-phase] chunk=0 start=0 layer=43 phase=body_matrix_kq gpu_ms=1.22
[prefill-attn-phase] chunk=0 start=0 layer=43 phase=body_matrix_softmax gpu_ms=0.41
[prefill-attn-phase] chunk=0 start=0 layer=43 phase=body_matrix_kqv gpu_ms=1.23
[prefill-layer-phase] chunk=0 start=0 layer=43 kind=attn phase=attn_back gpu_ms=5.65
[prefill-layer-phase] chunk=0 start=0 layer=43 kind=attn phase=mixer_resid gpu_ms=0.15
[prefill-layer-phase] chunk=0 start=0 layer=43 kind=attn phase=ffn_norm gpu_ms=0.06
[prefill-layer-phase] chunk=0 start=0 layer=43 kind=attn phase=ffn_gate_up_swiglu gpu_ms=31.04
[prefill-layer-phase] chunk=0 start=0 layer=43 kind=attn phase=ffn_down_resid gpu_ms=16.13
[prefill-layer-phase] chunk=0 start=0 layer=44 kind=gdn phase=pre_norm gpu_ms=0.10
[prefill-layer-phase] chunk=0 start=0 layer=44 kind=gdn phase=gdn_qkv gpu_ms=8.98
[prefill-layer-phase] chunk=0 start=0 layer=44 kind=gdn phase=gdn_z gpu_ms=5.38
[prefill-layer-phase] chunk=0 start=0 layer=44 kind=gdn phase=gdn_beta_alpha gpu_ms=3.14
[prefill-layer-phase] chunk=0 start=0 layer=44 kind=gdn phase=gdn_alpha_beta gpu_ms=0.01
[prefill-layer-phase] chunk=0 start=0 layer=44 kind=gdn phase=gdn_prep gpu_ms=0.90
[prefill-layer-phase] chunk=0 start=0 layer=44 kind=gdn phase=gdn_step gpu_ms=3.30
[prefill-layer-phase] chunk=0 start=0 layer=44 kind=gdn phase=gdn_gated gpu_ms=0.74
[prefill-layer-phase] chunk=0 start=0 layer=44 kind=gdn phase=gdn_back gpu_ms=5.56
[prefill-layer-phase] chunk=0 start=0 layer=44 kind=gdn phase=mixer_resid gpu_ms=0.15
[prefill-layer-phase] chunk=0 start=0 layer=44 kind=gdn phase=ffn_norm gpu_ms=0.05
[prefill-layer-phase] chunk=0 start=0 layer=44 kind=gdn phase=ffn_gate_up_swiglu gpu_ms=30.79
[prefill-layer-phase] chunk=0 start=0 layer=44 kind=gdn phase=ffn_down_resid gpu_ms=15.37
[prefill-layer-phase] chunk=0 start=0 layer=45 kind=gdn phase=pre_norm gpu_ms=0.06
[prefill-layer-phase] chunk=0 start=0 layer=45 kind=gdn phase=gdn_qkv gpu_ms=8.92
[prefill-layer-phase] chunk=0 start=0 layer=45 kind=gdn phase=gdn_z gpu_ms=5.18
[prefill-layer-phase] chunk=0 start=0 layer=45 kind=gdn phase=gdn_beta_alpha gpu_ms=3.48
[prefill-layer-phase] chunk=0 start=0 layer=45 kind=gdn phase=gdn_alpha_beta gpu_ms=0.01
[prefill-layer-phase] chunk=0 start=0 layer=45 kind=gdn phase=gdn_prep gpu_ms=0.91
[prefill-layer-phase] chunk=0 start=0 layer=45 kind=gdn phase=gdn_step gpu_ms=2.97
[prefill-layer-phase] chunk=0 start=0 layer=45 kind=gdn phase=gdn_gated gpu_ms=0.76
[prefill-layer-phase] chunk=0 start=0 layer=45 kind=gdn phase=gdn_back gpu_ms=6.12
[prefill-layer-phase] chunk=0 start=0 layer=45 kind=gdn phase=mixer_resid gpu_ms=0.13
[prefill-layer-phase] chunk=0 start=0 layer=45 kind=gdn phase=ffn_norm gpu_ms=0.06
[prefill-layer-phase] chunk=0 start=0 layer=45 kind=gdn phase=ffn_gate_up_swiglu gpu_ms=31.08
[prefill-layer-phase] chunk=0 start=0 layer=45 kind=gdn phase=ffn_down_resid gpu_ms=15.76
[prefill-layer-phase] chunk=0 start=0 layer=46 kind=gdn phase=pre_norm gpu_ms=0.06
[prefill-layer-phase] chunk=0 start=0 layer=46 kind=gdn phase=gdn_qkv gpu_ms=9.17
[prefill-layer-phase] chunk=0 start=0 layer=46 kind=gdn phase=gdn_z gpu_ms=5.48
[prefill-layer-phase] chunk=0 start=0 layer=46 kind=gdn phase=gdn_beta_alpha gpu_ms=3.14
[prefill-layer-phase] chunk=0 start=0 layer=46 kind=gdn phase=gdn_alpha_beta gpu_ms=0.01
[prefill-layer-phase] chunk=0 start=0 layer=46 kind=gdn phase=gdn_prep gpu_ms=1.10
[prefill-layer-phase] chunk=0 start=0 layer=46 kind=gdn phase=gdn_step gpu_ms=3.05
[prefill-layer-phase] chunk=0 start=0 layer=46 kind=gdn phase=gdn_gated gpu_ms=0.77
[prefill-layer-phase] chunk=0 start=0 layer=46 kind=gdn phase=gdn_back gpu_ms=5.56
[prefill-layer-phase] chunk=0 start=0 layer=46 kind=gdn phase=mixer_resid gpu_ms=0.23
[prefill-layer-phase] chunk=0 start=0 layer=46 kind=gdn phase=ffn_norm gpu_ms=0.10
[prefill-layer-phase] chunk=0 start=0 layer=46 kind=gdn phase=ffn_gate_up_swiglu gpu_ms=30.60
[prefill-layer-phase] chunk=0 start=0 layer=46 kind=gdn phase=ffn_down_resid gpu_ms=15.64
[prefill-layer-phase] chunk=0 start=0 layer=47 kind=attn phase=pre_norm gpu_ms=0.06
[prefill-attn-phase] chunk=0 start=0 layer=47 phase=proj gpu_ms=13.20
[prefill-attn-phase] chunk=0 start=0 layer=47 phase=split_q_gate gpu_ms=0.19
[prefill-attn-phase] chunk=0 start=0 layer=47 phase=norm gpu_ms=0.45
[prefill-attn-phase] chunk=0 start=0 layer=47 phase=rope_scatter gpu_ms=0.09
[prefill-attn-matrix-g6-shape] layer=47 chunk_start=0 chunk_p=1024 n_pos=1024 scores_mib=96.00 vt_stride=4096 vt_layer_mib=8.00 vt_update_base=0 vt_update_rows=1024 vt_update_mib=2.00
[prefill-attn-phase] chunk=0 start=0 layer=47 phase=body_matrix_kq gpu_ms=1.20
[prefill-attn-phase] chunk=0 start=0 layer=47 phase=body_matrix_softmax gpu_ms=0.41
[prefill-attn-phase] chunk=0 start=0 layer=47 phase=body_matrix_kqv gpu_ms=1.56
[prefill-layer-phase] chunk=0 start=0 layer=47 kind=attn phase=attn_back gpu_ms=5.69
[prefill-layer-phase] chunk=0 start=0 layer=47 kind=attn phase=mixer_resid gpu_ms=0.14
[prefill-layer-phase] chunk=0 start=0 layer=47 kind=attn phase=ffn_norm gpu_ms=0.06
[prefill-layer-phase] chunk=0 start=0 layer=47 kind=attn phase=ffn_gate_up_swiglu gpu_ms=31.03
[prefill-layer-phase] chunk=0 start=0 layer=47 kind=attn phase=ffn_down_resid gpu_ms=15.47
[prefill-layer-phase] chunk=0 start=0 layer=48 kind=gdn phase=pre_norm gpu_ms=0.06
[prefill-layer-phase] chunk=0 start=0 layer=48 kind=gdn phase=gdn_qkv gpu_ms=8.71
[prefill-layer-phase] chunk=0 start=0 layer=48 kind=gdn phase=gdn_z gpu_ms=5.07
[prefill-layer-phase] chunk=0 start=0 layer=48 kind=gdn phase=gdn_beta_alpha gpu_ms=3.16
[prefill-layer-phase] chunk=0 start=0 layer=48 kind=gdn phase=gdn_alpha_beta gpu_ms=0.01
[prefill-layer-phase] chunk=0 start=0 layer=48 kind=gdn phase=gdn_prep gpu_ms=0.98
[prefill-layer-phase] chunk=0 start=0 layer=48 kind=gdn phase=gdn_step gpu_ms=2.94
[prefill-layer-phase] chunk=0 start=0 layer=48 kind=gdn phase=gdn_gated gpu_ms=0.76
[prefill-layer-phase] chunk=0 start=0 layer=48 kind=gdn phase=gdn_back gpu_ms=5.99
[prefill-layer-phase] chunk=0 start=0 layer=48 kind=gdn phase=mixer_resid gpu_ms=0.14
[prefill-layer-phase] chunk=0 start=0 layer=48 kind=gdn phase=ffn_norm gpu_ms=0.05
[prefill-layer-phase] chunk=0 start=0 layer=48 kind=gdn phase=ffn_gate_up_swiglu gpu_ms=31.25
[prefill-layer-phase] chunk=0 start=0 layer=48 kind=gdn phase=ffn_down_resid gpu_ms=15.81
[prefill-layer-phase] chunk=0 start=0 layer=49 kind=gdn phase=pre_norm gpu_ms=0.06
[prefill-layer-phase] chunk=0 start=0 layer=49 kind=gdn phase=gdn_qkv gpu_ms=9.14
[prefill-layer-phase] chunk=0 start=0 layer=49 kind=gdn phase=gdn_z gpu_ms=5.64
[prefill-layer-phase] chunk=0 start=0 layer=49 kind=gdn phase=gdn_beta_alpha gpu_ms=3.13
[prefill-layer-phase] chunk=0 start=0 layer=49 kind=gdn phase=gdn_alpha_beta gpu_ms=0.17
[prefill-layer-phase] chunk=0 start=0 layer=49 kind=gdn phase=gdn_prep gpu_ms=0.89
[prefill-layer-phase] chunk=0 start=0 layer=49 kind=gdn phase=gdn_step gpu_ms=3.04
[prefill-layer-phase] chunk=0 start=0 layer=49 kind=gdn phase=gdn_gated gpu_ms=0.77
[prefill-layer-phase] chunk=0 start=0 layer=49 kind=gdn phase=gdn_back gpu_ms=5.94
[prefill-layer-phase] chunk=0 start=0 layer=49 kind=gdn phase=mixer_resid gpu_ms=0.14
[prefill-layer-phase] chunk=0 start=0 layer=49 kind=gdn phase=ffn_norm gpu_ms=0.06
[prefill-layer-phase] chunk=0 start=0 layer=49 kind=gdn phase=ffn_gate_up_swiglu gpu_ms=30.48
[prefill-layer-phase] chunk=0 start=0 layer=49 kind=gdn phase=ffn_down_resid gpu_ms=15.81
[prefill-layer-phase] chunk=0 start=0 layer=50 kind=gdn phase=pre_norm gpu_ms=0.10
[prefill-layer-phase] chunk=0 start=0 layer=50 kind=gdn phase=gdn_qkv gpu_ms=8.93
[prefill-layer-phase] chunk=0 start=0 layer=50 kind=gdn phase=gdn_z gpu_ms=5.43
[prefill-layer-phase] chunk=0 start=0 layer=50 kind=gdn phase=gdn_beta_alpha gpu_ms=3.13
[prefill-layer-phase] chunk=0 start=0 layer=50 kind=gdn phase=gdn_alpha_beta gpu_ms=0.01
[prefill-layer-phase] chunk=0 start=0 layer=50 kind=gdn phase=gdn_prep gpu_ms=0.91
[prefill-layer-phase] chunk=0 start=0 layer=50 kind=gdn phase=gdn_step gpu_ms=3.57
[prefill-layer-phase] chunk=0 start=0 layer=50 kind=gdn phase=gdn_gated gpu_ms=0.77
[prefill-layer-phase] chunk=0 start=0 layer=50 kind=gdn phase=gdn_back gpu_ms=5.88
[prefill-layer-phase] chunk=0 start=0 layer=50 kind=gdn phase=mixer_resid gpu_ms=0.13
[prefill-layer-phase] chunk=0 start=0 layer=50 kind=gdn phase=ffn_norm gpu_ms=0.20
[prefill-layer-phase] chunk=0 start=0 layer=50 kind=gdn phase=ffn_gate_up_swiglu gpu_ms=31.00
[prefill-layer-phase] chunk=0 start=0 layer=50 kind=gdn phase=ffn_down_resid gpu_ms=15.60
[prefill-layer-phase] chunk=0 start=0 layer=51 kind=attn phase=pre_norm gpu_ms=0.13
[prefill-attn-phase] chunk=0 start=0 layer=51 phase=proj gpu_ms=12.95
[prefill-attn-phase] chunk=0 start=0 layer=51 phase=split_q_gate gpu_ms=0.18
[prefill-attn-phase] chunk=0 start=0 layer=51 phase=norm gpu_ms=0.51
[prefill-attn-phase] chunk=0 start=0 layer=51 phase=rope_scatter gpu_ms=0.09
[prefill-attn-matrix-g6-shape] layer=51 chunk_start=0 chunk_p=1024 n_pos=1024 scores_mib=96.00 vt_stride=4096 vt_layer_mib=8.00 vt_update_base=0 vt_update_rows=1024 vt_update_mib=2.00
[prefill-attn-phase] chunk=0 start=0 layer=51 phase=body_matrix_kq gpu_ms=1.20
[prefill-attn-phase] chunk=0 start=0 layer=51 phase=body_matrix_softmax gpu_ms=0.41
[prefill-attn-phase] chunk=0 start=0 layer=51 phase=body_matrix_kqv gpu_ms=1.55
[prefill-layer-phase] chunk=0 start=0 layer=51 kind=attn phase=attn_back gpu_ms=5.57
[prefill-layer-phase] chunk=0 start=0 layer=51 kind=attn phase=mixer_resid gpu_ms=0.14
[prefill-layer-phase] chunk=0 start=0 layer=51 kind=attn phase=ffn_norm gpu_ms=0.06
[prefill-layer-phase] chunk=0 start=0 layer=51 kind=attn phase=ffn_gate_up_swiglu gpu_ms=30.93
[prefill-layer-phase] chunk=0 start=0 layer=51 kind=attn phase=ffn_down_resid gpu_ms=15.69
[prefill-layer-phase] chunk=0 start=0 layer=52 kind=gdn phase=pre_norm gpu_ms=0.06
[prefill-layer-phase] chunk=0 start=0 layer=52 kind=gdn phase=gdn_qkv gpu_ms=8.98
[prefill-layer-phase] chunk=0 start=0 layer=52 kind=gdn phase=gdn_z gpu_ms=5.56
[prefill-layer-phase] chunk=0 start=0 layer=52 kind=gdn phase=gdn_beta_alpha gpu_ms=3.40
[prefill-layer-phase] chunk=0 start=0 layer=52 kind=gdn phase=gdn_alpha_beta gpu_ms=0.01
[prefill-layer-phase] chunk=0 start=0 layer=52 kind=gdn phase=gdn_prep gpu_ms=0.91
[prefill-layer-phase] chunk=0 start=0 layer=52 kind=gdn phase=gdn_step gpu_ms=3.53
[prefill-layer-phase] chunk=0 start=0 layer=52 kind=gdn phase=gdn_gated gpu_ms=0.75
[prefill-layer-phase] chunk=0 start=0 layer=52 kind=gdn phase=gdn_back gpu_ms=5.68
[prefill-layer-phase] chunk=0 start=0 layer=52 kind=gdn phase=mixer_resid gpu_ms=0.14
[prefill-layer-phase] chunk=0 start=0 layer=52 kind=gdn phase=ffn_norm gpu_ms=0.06
[prefill-layer-phase] chunk=0 start=0 layer=52 kind=gdn phase=ffn_gate_up_swiglu gpu_ms=31.12
[prefill-layer-phase] chunk=0 start=0 layer=52 kind=gdn phase=ffn_down_resid gpu_ms=16.54
[prefill-layer-phase] chunk=0 start=0 layer=53 kind=gdn phase=pre_norm gpu_ms=0.06
[prefill-layer-phase] chunk=0 start=0 layer=53 kind=gdn phase=gdn_qkv gpu_ms=8.89
[prefill-layer-phase] chunk=0 start=0 layer=53 kind=gdn phase=gdn_z gpu_ms=5.39
[prefill-layer-phase] chunk=0 start=0 layer=53 kind=gdn phase=gdn_beta_alpha gpu_ms=3.14
[prefill-layer-phase] chunk=0 start=0 layer=53 kind=gdn phase=gdn_alpha_beta gpu_ms=0.05
[prefill-layer-phase] chunk=0 start=0 layer=53 kind=gdn phase=gdn_prep gpu_ms=0.89
[prefill-layer-phase] chunk=0 start=0 layer=53 kind=gdn phase=gdn_step gpu_ms=3.29
[prefill-layer-phase] chunk=0 start=0 layer=53 kind=gdn phase=gdn_gated gpu_ms=0.77
[prefill-layer-phase] chunk=0 start=0 layer=53 kind=gdn phase=gdn_back gpu_ms=5.86
[prefill-layer-phase] chunk=0 start=0 layer=53 kind=gdn phase=mixer_resid gpu_ms=0.14
[prefill-layer-phase] chunk=0 start=0 layer=53 kind=gdn phase=ffn_norm gpu_ms=0.06
[prefill-layer-phase] chunk=0 start=0 layer=53 kind=gdn phase=ffn_gate_up_swiglu gpu_ms=31.12
[prefill-layer-phase] chunk=0 start=0 layer=53 kind=gdn phase=ffn_down_resid gpu_ms=15.82
[prefill-layer-phase] chunk=0 start=0 layer=54 kind=gdn phase=pre_norm gpu_ms=0.06
[prefill-layer-phase] chunk=0 start=0 layer=54 kind=gdn phase=gdn_qkv gpu_ms=8.85
[prefill-layer-phase] chunk=0 start=0 layer=54 kind=gdn phase=gdn_z gpu_ms=5.63
[prefill-layer-phase] chunk=0 start=0 layer=54 kind=gdn phase=gdn_beta_alpha gpu_ms=3.14
[prefill-layer-phase] chunk=0 start=0 layer=54 kind=gdn phase=gdn_alpha_beta gpu_ms=0.01
[prefill-layer-phase] chunk=0 start=0 layer=54 kind=gdn phase=gdn_prep gpu_ms=0.89
[prefill-layer-phase] chunk=0 start=0 layer=54 kind=gdn phase=gdn_step gpu_ms=3.42
[prefill-layer-phase] chunk=0 start=0 layer=54 kind=gdn phase=gdn_gated gpu_ms=0.77
[prefill-layer-phase] chunk=0 start=0 layer=54 kind=gdn phase=gdn_back gpu_ms=5.90
[prefill-layer-phase] chunk=0 start=0 layer=54 kind=gdn phase=mixer_resid gpu_ms=0.12
[prefill-layer-phase] chunk=0 start=0 layer=54 kind=gdn phase=ffn_norm gpu_ms=0.10
[prefill-layer-phase] chunk=0 start=0 layer=54 kind=gdn phase=ffn_gate_up_swiglu gpu_ms=31.02
[prefill-layer-phase] chunk=0 start=0 layer=54 kind=gdn phase=ffn_down_resid gpu_ms=15.77
[prefill-layer-phase] chunk=0 start=0 layer=55 kind=attn phase=pre_norm gpu_ms=0.10
[prefill-attn-phase] chunk=0 start=0 layer=55 phase=proj gpu_ms=12.64
[prefill-attn-phase] chunk=0 start=0 layer=55 phase=split_q_gate gpu_ms=0.19
[prefill-attn-phase] chunk=0 start=0 layer=55 phase=norm gpu_ms=0.82
[prefill-attn-phase] chunk=0 start=0 layer=55 phase=rope_scatter gpu_ms=0.09
[prefill-attn-matrix-g6-shape] layer=55 chunk_start=0 chunk_p=1024 n_pos=1024 scores_mib=96.00 vt_stride=4096 vt_layer_mib=8.00 vt_update_base=0 vt_update_rows=1024 vt_update_mib=2.00
[prefill-attn-phase] chunk=0 start=0 layer=55 phase=body_matrix_kq gpu_ms=1.20
[prefill-attn-phase] chunk=0 start=0 layer=55 phase=body_matrix_softmax gpu_ms=0.41
[prefill-attn-phase] chunk=0 start=0 layer=55 phase=body_matrix_kqv gpu_ms=1.23
[prefill-layer-phase] chunk=0 start=0 layer=55 kind=attn phase=attn_back gpu_ms=5.58
[prefill-layer-phase] chunk=0 start=0 layer=55 kind=attn phase=mixer_resid gpu_ms=0.14
[prefill-layer-phase] chunk=0 start=0 layer=55 kind=attn phase=ffn_norm gpu_ms=0.06
[prefill-layer-phase] chunk=0 start=0 layer=55 kind=attn phase=ffn_gate_up_swiglu gpu_ms=30.66
[prefill-layer-phase] chunk=0 start=0 layer=55 kind=attn phase=ffn_down_resid gpu_ms=16.47
[prefill-layer-phase] chunk=0 start=0 layer=56 kind=gdn phase=pre_norm gpu_ms=0.06
[prefill-layer-phase] chunk=0 start=0 layer=56 kind=gdn phase=gdn_qkv gpu_ms=9.17
[prefill-layer-phase] chunk=0 start=0 layer=56 kind=gdn phase=gdn_z gpu_ms=5.53
[prefill-layer-phase] chunk=0 start=0 layer=56 kind=gdn phase=gdn_beta_alpha gpu_ms=3.16
[prefill-layer-phase] chunk=0 start=0 layer=56 kind=gdn phase=gdn_alpha_beta gpu_ms=0.01
[prefill-layer-phase] chunk=0 start=0 layer=56 kind=gdn phase=gdn_prep gpu_ms=0.90
[prefill-layer-phase] chunk=0 start=0 layer=56 kind=gdn phase=gdn_step gpu_ms=2.92
[prefill-layer-phase] chunk=0 start=0 layer=56 kind=gdn phase=gdn_gated gpu_ms=1.12
[prefill-layer-phase] chunk=0 start=0 layer=56 kind=gdn phase=gdn_back gpu_ms=5.61
[prefill-layer-phase] chunk=0 start=0 layer=56 kind=gdn phase=mixer_resid gpu_ms=0.14
[prefill-layer-phase] chunk=0 start=0 layer=56 kind=gdn phase=ffn_norm gpu_ms=0.06
[prefill-layer-phase] chunk=0 start=0 layer=56 kind=gdn phase=ffn_gate_up_swiglu gpu_ms=31.07
[prefill-layer-phase] chunk=0 start=0 layer=56 kind=gdn phase=ffn_down_resid gpu_ms=15.85
[prefill-layer-phase] chunk=0 start=0 layer=57 kind=gdn phase=pre_norm gpu_ms=0.06
[prefill-layer-phase] chunk=0 start=0 layer=57 kind=gdn phase=gdn_qkv gpu_ms=8.95
[prefill-layer-phase] chunk=0 start=0 layer=57 kind=gdn phase=gdn_z gpu_ms=5.13
[prefill-layer-phase] chunk=0 start=0 layer=57 kind=gdn phase=gdn_beta_alpha gpu_ms=3.17
[prefill-layer-phase] chunk=0 start=0 layer=57 kind=gdn phase=gdn_alpha_beta gpu_ms=0.01
[prefill-layer-phase] chunk=0 start=0 layer=57 kind=gdn phase=gdn_prep gpu_ms=1.07
[prefill-layer-phase] chunk=0 start=0 layer=57 kind=gdn phase=gdn_step gpu_ms=2.98
[prefill-layer-phase] chunk=0 start=0 layer=57 kind=gdn phase=gdn_gated gpu_ms=0.76
[prefill-layer-phase] chunk=0 start=0 layer=57 kind=gdn phase=gdn_back gpu_ms=6.04
[prefill-layer-phase] chunk=0 start=0 layer=57 kind=gdn phase=mixer_resid gpu_ms=0.11
[prefill-layer-phase] chunk=0 start=0 layer=57 kind=gdn phase=ffn_norm gpu_ms=0.05
[prefill-layer-phase] chunk=0 start=0 layer=57 kind=gdn phase=ffn_gate_up_swiglu gpu_ms=31.24
[prefill-layer-phase] chunk=0 start=0 layer=57 kind=gdn phase=ffn_down_resid gpu_ms=16.56
[prefill-layer-phase] chunk=0 start=0 layer=58 kind=gdn phase=pre_norm gpu_ms=0.06
[prefill-layer-phase] chunk=0 start=0 layer=58 kind=gdn phase=gdn_qkv gpu_ms=9.30
[prefill-layer-phase] chunk=0 start=0 layer=58 kind=gdn phase=gdn_z gpu_ms=5.13
[prefill-layer-phase] chunk=0 start=0 layer=58 kind=gdn phase=gdn_beta_alpha gpu_ms=3.14
[prefill-layer-phase] chunk=0 start=0 layer=58 kind=gdn phase=gdn_alpha_beta gpu_ms=0.01
[prefill-layer-phase] chunk=0 start=0 layer=58 kind=gdn phase=gdn_prep gpu_ms=1.11
[prefill-layer-phase] chunk=0 start=0 layer=58 kind=gdn phase=gdn_step gpu_ms=3.31
[prefill-layer-phase] chunk=0 start=0 layer=58 kind=gdn phase=gdn_gated gpu_ms=0.77
[prefill-layer-phase] chunk=0 start=0 layer=58 kind=gdn phase=gdn_back gpu_ms=6.01
[prefill-layer-phase] chunk=0 start=0 layer=58 kind=gdn phase=mixer_resid gpu_ms=0.14
[prefill-layer-phase] chunk=0 start=0 layer=58 kind=gdn phase=ffn_norm gpu_ms=0.06
[prefill-layer-phase] chunk=0 start=0 layer=58 kind=gdn phase=ffn_gate_up_swiglu gpu_ms=31.11
[prefill-layer-phase] chunk=0 start=0 layer=58 kind=gdn phase=ffn_down_resid gpu_ms=16.17
[prefill-layer-phase] chunk=0 start=0 layer=59 kind=attn phase=pre_norm gpu_ms=0.06
[prefill-attn-phase] chunk=0 start=0 layer=59 phase=proj gpu_ms=12.62
[prefill-attn-phase] chunk=0 start=0 layer=59 phase=split_q_gate gpu_ms=0.46
[prefill-attn-phase] chunk=0 start=0 layer=59 phase=norm gpu_ms=0.45
[prefill-attn-phase] chunk=0 start=0 layer=59 phase=rope_scatter gpu_ms=0.09
[prefill-attn-matrix-g6-shape] layer=59 chunk_start=0 chunk_p=1024 n_pos=1024 scores_mib=96.00 vt_stride=4096 vt_layer_mib=8.00 vt_update_base=0 vt_update_rows=1024 vt_update_mib=2.00
[prefill-attn-phase] chunk=0 start=0 layer=59 phase=body_matrix_kq gpu_ms=1.36
[prefill-attn-phase] chunk=0 start=0 layer=59 phase=body_matrix_softmax gpu_ms=0.41
[prefill-attn-phase] chunk=0 start=0 layer=59 phase=body_matrix_kqv gpu_ms=1.23
[prefill-layer-phase] chunk=0 start=0 layer=59 kind=attn phase=attn_back gpu_ms=5.60
[prefill-layer-phase] chunk=0 start=0 layer=59 kind=attn phase=mixer_resid gpu_ms=0.22
[prefill-layer-phase] chunk=0 start=0 layer=59 kind=attn phase=ffn_norm gpu_ms=0.10
[prefill-layer-phase] chunk=0 start=0 layer=59 kind=attn phase=ffn_gate_up_swiglu gpu_ms=30.83
[prefill-layer-phase] chunk=0 start=0 layer=59 kind=attn phase=ffn_down_resid gpu_ms=16.06
[prefill-layer-phase] chunk=0 start=0 layer=60 kind=gdn phase=pre_norm gpu_ms=0.06
[prefill-layer-phase] chunk=0 start=0 layer=60 kind=gdn phase=gdn_qkv gpu_ms=9.16
[prefill-layer-phase] chunk=0 start=0 layer=60 kind=gdn phase=gdn_z gpu_ms=5.43
[prefill-layer-phase] chunk=0 start=0 layer=60 kind=gdn phase=gdn_beta_alpha gpu_ms=3.14
[prefill-layer-phase] chunk=0 start=0 layer=60 kind=gdn phase=gdn_alpha_beta gpu_ms=0.01
[prefill-layer-phase] chunk=0 start=0 layer=60 kind=gdn phase=gdn_prep gpu_ms=0.89
[prefill-layer-phase] chunk=0 start=0 layer=60 kind=gdn phase=gdn_step gpu_ms=3.33
[prefill-layer-phase] chunk=0 start=0 layer=60 kind=gdn phase=gdn_gated gpu_ms=0.75
[prefill-layer-phase] chunk=0 start=0 layer=60 kind=gdn phase=gdn_back gpu_ms=5.91
[prefill-layer-phase] chunk=0 start=0 layer=60 kind=gdn phase=mixer_resid gpu_ms=0.16
[prefill-layer-phase] chunk=0 start=0 layer=60 kind=gdn phase=ffn_norm gpu_ms=0.20
[prefill-layer-phase] chunk=0 start=0 layer=60 kind=gdn phase=ffn_gate_up_swiglu gpu_ms=30.56
[prefill-layer-phase] chunk=0 start=0 layer=60 kind=gdn phase=ffn_down_resid gpu_ms=15.50
[prefill-layer-phase] chunk=0 start=0 layer=61 kind=gdn phase=pre_norm gpu_ms=0.06
[prefill-layer-phase] chunk=0 start=0 layer=61 kind=gdn phase=gdn_qkv gpu_ms=8.82
[prefill-layer-phase] chunk=0 start=0 layer=61 kind=gdn phase=gdn_z gpu_ms=5.40
[prefill-layer-phase] chunk=0 start=0 layer=61 kind=gdn phase=gdn_beta_alpha gpu_ms=3.39
[prefill-layer-phase] chunk=0 start=0 layer=61 kind=gdn phase=gdn_alpha_beta gpu_ms=0.01
[prefill-layer-phase] chunk=0 start=0 layer=61 kind=gdn phase=gdn_prep gpu_ms=0.91
[prefill-layer-phase] chunk=0 start=0 layer=61 kind=gdn phase=gdn_step gpu_ms=2.91
[prefill-layer-phase] chunk=0 start=0 layer=61 kind=gdn phase=gdn_gated gpu_ms=1.07
[prefill-layer-phase] chunk=0 start=0 layer=61 kind=gdn phase=gdn_back gpu_ms=5.79
[prefill-layer-phase] chunk=0 start=0 layer=61 kind=gdn phase=mixer_resid gpu_ms=0.13
[prefill-layer-phase] chunk=0 start=0 layer=61 kind=gdn phase=ffn_norm gpu_ms=0.05
[prefill-layer-phase] chunk=0 start=0 layer=61 kind=gdn phase=ffn_gate_up_swiglu gpu_ms=31.30
[prefill-layer-phase] chunk=0 start=0 layer=61 kind=gdn phase=ffn_down_resid gpu_ms=16.21
[prefill-layer-phase] chunk=0 start=0 layer=62 kind=gdn phase=pre_norm gpu_ms=0.06
[prefill-layer-phase] chunk=0 start=0 layer=62 kind=gdn phase=gdn_qkv gpu_ms=9.19
[prefill-layer-phase] chunk=0 start=0 layer=62 kind=gdn phase=gdn_z gpu_ms=5.54
[prefill-layer-phase] chunk=0 start=0 layer=62 kind=gdn phase=gdn_beta_alpha gpu_ms=3.14
[prefill-layer-phase] chunk=0 start=0 layer=62 kind=gdn phase=gdn_alpha_beta gpu_ms=0.00
[prefill-layer-phase] chunk=0 start=0 layer=62 kind=gdn phase=gdn_prep gpu_ms=1.26
[prefill-layer-phase] chunk=0 start=0 layer=62 kind=gdn phase=gdn_step gpu_ms=3.12
[prefill-layer-phase] chunk=0 start=0 layer=62 kind=gdn phase=gdn_gated gpu_ms=0.77
[prefill-layer-phase] chunk=0 start=0 layer=62 kind=gdn phase=gdn_back gpu_ms=5.87
[prefill-layer-phase] chunk=0 start=0 layer=62 kind=gdn phase=mixer_resid gpu_ms=0.15
[prefill-layer-phase] chunk=0 start=0 layer=62 kind=gdn phase=ffn_norm gpu_ms=0.06
[prefill-layer-phase] chunk=0 start=0 layer=62 kind=gdn phase=ffn_gate_up_swiglu gpu_ms=30.95
[prefill-layer-phase] chunk=0 start=0 layer=62 kind=gdn phase=ffn_down_resid gpu_ms=15.97
[prefill-layer-phase] chunk=0 start=0 layer=63 kind=attn phase=pre_norm gpu_ms=0.06
[prefill-attn-phase] chunk=0 start=0 layer=63 phase=proj gpu_ms=12.90
[prefill-attn-phase] chunk=0 start=0 layer=63 phase=split_q_gate gpu_ms=0.18
[prefill-attn-phase] chunk=0 start=0 layer=63 phase=norm gpu_ms=0.45
[prefill-attn-phase] chunk=0 start=0 layer=63 phase=rope_scatter gpu_ms=0.09
[prefill-attn-matrix-g6-shape] layer=63 chunk_start=0 chunk_p=1024 n_pos=1024 scores_mib=96.00 vt_stride=4096 vt_layer_mib=8.00 vt_update_base=0 vt_update_rows=1024 vt_update_mib=2.00
[prefill-attn-phase] chunk=0 start=0 layer=63 phase=body_matrix_kq gpu_ms=1.58
[prefill-attn-phase] chunk=0 start=0 layer=63 phase=body_matrix_softmax gpu_ms=0.40
[prefill-attn-phase] chunk=0 start=0 layer=63 phase=body_matrix_kqv gpu_ms=1.26
[prefill-layer-phase] chunk=0 start=0 layer=63 kind=attn phase=attn_back gpu_ms=5.36
[prefill-layer-phase] chunk=0 start=0 layer=63 kind=attn phase=mixer_resid gpu_ms=0.15
[prefill-layer-phase] chunk=0 start=0 layer=63 kind=attn phase=ffn_norm gpu_ms=0.06
[prefill-layer-phase] chunk=0 start=0 layer=63 kind=attn phase=ffn_gate_up_swiglu gpu_ms=31.01
[prefill-layer-phase] chunk=0 start=0 layer=63 kind=attn phase=ffn_down_resid gpu_ms=15.89
[prefill-layer-phase] chunk=1 start=1024 layer=0 kind=gdn phase=pre_norm gpu_ms=0.28
[prefill-layer-phase] chunk=1 start=1024 layer=0 kind=gdn phase=gdn_qkv gpu_ms=8.66
[prefill-layer-phase] chunk=1 start=1024 layer=0 kind=gdn phase=gdn_z gpu_ms=5.33
[prefill-layer-phase] chunk=1 start=1024 layer=0 kind=gdn phase=gdn_beta_alpha gpu_ms=3.15
[prefill-layer-phase] chunk=1 start=1024 layer=0 kind=gdn phase=gdn_alpha_beta gpu_ms=0.01
[prefill-layer-phase] chunk=1 start=1024 layer=0 kind=gdn phase=gdn_prep gpu_ms=0.90
[prefill-layer-phase] chunk=1 start=1024 layer=0 kind=gdn phase=gdn_step gpu_ms=2.93
[prefill-layer-phase] chunk=1 start=1024 layer=0 kind=gdn phase=gdn_gated gpu_ms=1.12
[prefill-layer-phase] chunk=1 start=1024 layer=0 kind=gdn phase=gdn_back gpu_ms=5.62
[prefill-layer-phase] chunk=1 start=1024 layer=0 kind=gdn phase=mixer_resid gpu_ms=0.14
[prefill-layer-phase] chunk=1 start=1024 layer=0 kind=gdn phase=ffn_norm gpu_ms=0.06
[prefill-layer-phase] chunk=1 start=1024 layer=0 kind=gdn phase=ffn_gate_up_swiglu gpu_ms=31.40
[prefill-layer-phase] chunk=1 start=1024 layer=0 kind=gdn phase=ffn_down_resid gpu_ms=16.07
[prefill-layer-phase] chunk=1 start=1024 layer=1 kind=gdn phase=pre_norm gpu_ms=0.06
[prefill-layer-phase] chunk=1 start=1024 layer=1 kind=gdn phase=gdn_qkv gpu_ms=9.46
[prefill-layer-phase] chunk=1 start=1024 layer=1 kind=gdn phase=gdn_z gpu_ms=5.40
[prefill-layer-phase] chunk=1 start=1024 layer=1 kind=gdn phase=gdn_beta_alpha gpu_ms=3.18
[prefill-layer-phase] chunk=1 start=1024 layer=1 kind=gdn phase=gdn_alpha_beta gpu_ms=0.01
[prefill-layer-phase] chunk=1 start=1024 layer=1 kind=gdn phase=gdn_prep gpu_ms=0.89
[prefill-layer-phase] chunk=1 start=1024 layer=1 kind=gdn phase=gdn_step gpu_ms=3.11
[prefill-layer-phase] chunk=1 start=1024 layer=1 kind=gdn phase=gdn_gated gpu_ms=0.77
[prefill-layer-phase] chunk=1 start=1024 layer=1 kind=gdn phase=gdn_back gpu_ms=5.88
[prefill-layer-phase] chunk=1 start=1024 layer=1 kind=gdn phase=mixer_resid gpu_ms=0.14
[prefill-layer-phase] chunk=1 start=1024 layer=1 kind=gdn phase=ffn_norm gpu_ms=0.06
[prefill-layer-phase] chunk=1 start=1024 layer=1 kind=gdn phase=ffn_gate_up_swiglu gpu_ms=31.34
[prefill-layer-phase] chunk=1 start=1024 layer=1 kind=gdn phase=ffn_down_resid gpu_ms=16.26
[prefill-layer-phase] chunk=1 start=1024 layer=2 kind=gdn phase=pre_norm gpu_ms=0.06
[prefill-layer-phase] chunk=1 start=1024 layer=2 kind=gdn phase=gdn_qkv gpu_ms=9.20
[prefill-layer-phase] chunk=1 start=1024 layer=2 kind=gdn phase=gdn_z gpu_ms=5.59
[prefill-layer-phase] chunk=1 start=1024 layer=2 kind=gdn phase=gdn_beta_alpha gpu_ms=3.17
[prefill-layer-phase] chunk=1 start=1024 layer=2 kind=gdn phase=gdn_alpha_beta gpu_ms=0.01
[prefill-layer-phase] chunk=1 start=1024 layer=2 kind=gdn phase=gdn_prep gpu_ms=0.88
[prefill-layer-phase] chunk=1 start=1024 layer=2 kind=gdn phase=gdn_step gpu_ms=3.07
[prefill-layer-phase] chunk=1 start=1024 layer=2 kind=gdn phase=gdn_gated gpu_ms=0.77
[prefill-layer-phase] chunk=1 start=1024 layer=2 kind=gdn phase=gdn_back gpu_ms=5.79
[prefill-layer-phase] chunk=1 start=1024 layer=2 kind=gdn phase=mixer_resid gpu_ms=0.12
[prefill-layer-phase] chunk=1 start=1024 layer=2 kind=gdn phase=ffn_norm gpu_ms=0.10
[prefill-layer-phase] chunk=1 start=1024 layer=2 kind=gdn phase=ffn_gate_up_swiglu gpu_ms=30.83
[prefill-layer-phase] chunk=1 start=1024 layer=2 kind=gdn phase=ffn_down_resid gpu_ms=15.97
[prefill-layer-phase] chunk=1 start=1024 layer=3 kind=attn phase=pre_norm gpu_ms=0.06
[prefill-attn-phase] chunk=1 start=1024 layer=3 phase=proj gpu_ms=12.80
[prefill-attn-phase] chunk=1 start=1024 layer=3 phase=split_q_gate gpu_ms=0.27
[prefill-attn-phase] chunk=1 start=1024 layer=3 phase=norm gpu_ms=0.45
[prefill-attn-phase] chunk=1 start=1024 layer=3 phase=rope_scatter gpu_ms=0.09
[prefill-attn-matrix-g6-shape] layer=3 chunk_start=1024 chunk_p=1024 n_pos=2048 scores_mib=192.00 vt_stride=4096 vt_layer_mib=8.00 vt_update_base=1024 vt_update_rows=1024 vt_update_mib=2.00
[prefill-attn-phase] chunk=1 start=1024 layer=3 phase=body_matrix_kq gpu_ms=2.38
[prefill-attn-phase] chunk=1 start=1024 layer=3 phase=body_matrix_softmax gpu_ms=1.08
[prefill-attn-phase] chunk=1 start=1024 layer=3 phase=body_matrix_kqv gpu_ms=2.42
[prefill-layer-phase] chunk=1 start=1024 layer=3 kind=attn phase=attn_back gpu_ms=5.32
[prefill-layer-phase] chunk=1 start=1024 layer=3 kind=attn phase=mixer_resid gpu_ms=0.11
[prefill-layer-phase] chunk=1 start=1024 layer=3 kind=attn phase=ffn_norm gpu_ms=0.23
[prefill-layer-phase] chunk=1 start=1024 layer=3 kind=attn phase=ffn_gate_up_swiglu gpu_ms=31.11
[prefill-layer-phase] chunk=1 start=1024 layer=3 kind=attn phase=ffn_down_resid gpu_ms=15.82
[prefill-layer-phase] chunk=1 start=1024 layer=4 kind=gdn phase=pre_norm gpu_ms=0.05
[prefill-layer-phase] chunk=1 start=1024 layer=4 kind=gdn phase=gdn_qkv gpu_ms=9.22
[prefill-layer-phase] chunk=1 start=1024 layer=4 kind=gdn phase=gdn_z gpu_ms=5.14
[prefill-layer-phase] chunk=1 start=1024 layer=4 kind=gdn phase=gdn_beta_alpha gpu_ms=3.21
[prefill-layer-phase] chunk=1 start=1024 layer=4 kind=gdn phase=gdn_alpha_beta gpu_ms=0.01
[prefill-layer-phase] chunk=1 start=1024 layer=4 kind=gdn phase=gdn_prep gpu_ms=0.89
[prefill-layer-phase] chunk=1 start=1024 layer=4 kind=gdn phase=gdn_step gpu_ms=3.14
[prefill-layer-phase] chunk=1 start=1024 layer=4 kind=gdn phase=gdn_gated gpu_ms=0.75
[prefill-layer-phase] chunk=1 start=1024 layer=4 kind=gdn phase=gdn_back gpu_ms=6.15
[prefill-layer-phase] chunk=1 start=1024 layer=4 kind=gdn phase=mixer_resid gpu_ms=0.14
[prefill-layer-phase] chunk=1 start=1024 layer=4 kind=gdn phase=ffn_norm gpu_ms=0.06
[prefill-layer-phase] chunk=1 start=1024 layer=4 kind=gdn phase=ffn_gate_up_swiglu gpu_ms=31.46
[prefill-layer-phase] chunk=1 start=1024 layer=4 kind=gdn phase=ffn_down_resid gpu_ms=16.15
[prefill-layer-phase] chunk=1 start=1024 layer=5 kind=gdn phase=pre_norm gpu_ms=0.06
[prefill-layer-phase] chunk=1 start=1024 layer=5 kind=gdn phase=gdn_qkv gpu_ms=9.15
[prefill-layer-phase] chunk=1 start=1024 layer=5 kind=gdn phase=gdn_z gpu_ms=5.53
[prefill-layer-phase] chunk=1 start=1024 layer=5 kind=gdn phase=gdn_beta_alpha gpu_ms=3.16
[prefill-layer-phase] chunk=1 start=1024 layer=5 kind=gdn phase=gdn_alpha_beta gpu_ms=0.01
[prefill-layer-phase] chunk=1 start=1024 layer=5 kind=gdn phase=gdn_prep gpu_ms=0.88
[prefill-layer-phase] chunk=1 start=1024 layer=5 kind=gdn phase=gdn_step gpu_ms=3.01
[prefill-layer-phase] chunk=1 start=1024 layer=5 kind=gdn phase=gdn_gated gpu_ms=0.78
[prefill-layer-phase] chunk=1 start=1024 layer=5 kind=gdn phase=gdn_back gpu_ms=5.86
[prefill-layer-phase] chunk=1 start=1024 layer=5 kind=gdn phase=mixer_resid gpu_ms=0.10
[prefill-layer-phase] chunk=1 start=1024 layer=5 kind=gdn phase=ffn_norm gpu_ms=0.11
[prefill-layer-phase] chunk=1 start=1024 layer=5 kind=gdn phase=ffn_gate_up_swiglu gpu_ms=31.09
[prefill-layer-phase] chunk=1 start=1024 layer=5 kind=gdn phase=ffn_down_resid gpu_ms=16.04
[prefill-layer-phase] chunk=1 start=1024 layer=6 kind=gdn phase=pre_norm gpu_ms=0.05
[prefill-layer-phase] chunk=1 start=1024 layer=6 kind=gdn phase=gdn_qkv gpu_ms=8.93
[prefill-layer-phase] chunk=1 start=1024 layer=6 kind=gdn phase=gdn_z gpu_ms=5.54
[prefill-layer-phase] chunk=1 start=1024 layer=6 kind=gdn phase=gdn_beta_alpha gpu_ms=3.23
[prefill-layer-phase] chunk=1 start=1024 layer=6 kind=gdn phase=gdn_alpha_beta gpu_ms=0.01
[prefill-layer-phase] chunk=1 start=1024 layer=6 kind=gdn phase=gdn_prep gpu_ms=0.91
[prefill-layer-phase] chunk=1 start=1024 layer=6 kind=gdn phase=gdn_step gpu_ms=2.90
[prefill-layer-phase] chunk=1 start=1024 layer=6 kind=gdn phase=gdn_gated gpu_ms=1.12
[prefill-layer-phase] chunk=1 start=1024 layer=6 kind=gdn phase=gdn_back gpu_ms=5.92
[prefill-layer-phase] chunk=1 start=1024 layer=6 kind=gdn phase=mixer_resid gpu_ms=0.09
[prefill-layer-phase] chunk=1 start=1024 layer=6 kind=gdn phase=ffn_norm gpu_ms=0.06
[prefill-layer-phase] chunk=1 start=1024 layer=6 kind=gdn phase=ffn_gate_up_swiglu gpu_ms=30.90
[prefill-layer-phase] chunk=1 start=1024 layer=6 kind=gdn phase=ffn_down_resid gpu_ms=15.40
[prefill-layer-phase] chunk=1 start=1024 layer=7 kind=attn phase=pre_norm gpu_ms=0.06
[prefill-attn-phase] chunk=1 start=1024 layer=7 phase=proj gpu_ms=13.29
[prefill-attn-phase] chunk=1 start=1024 layer=7 phase=split_q_gate gpu_ms=0.19
[prefill-attn-phase] chunk=1 start=1024 layer=7 phase=norm gpu_ms=0.45
[prefill-attn-phase] chunk=1 start=1024 layer=7 phase=rope_scatter gpu_ms=0.09
[prefill-attn-matrix-g6-shape] layer=7 chunk_start=1024 chunk_p=1024 n_pos=2048 scores_mib=192.00 vt_stride=4096 vt_layer_mib=8.00 vt_update_base=1024 vt_update_rows=1024 vt_update_mib=2.00
[prefill-attn-phase] chunk=1 start=1024 layer=7 phase=body_matrix_kq gpu_ms=2.38
[prefill-attn-phase] chunk=1 start=1024 layer=7 phase=body_matrix_softmax gpu_ms=0.70
[prefill-attn-phase] chunk=1 start=1024 layer=7 phase=body_matrix_kqv gpu_ms=2.77
[prefill-layer-phase] chunk=1 start=1024 layer=7 kind=attn phase=attn_back gpu_ms=5.63
[prefill-layer-phase] chunk=1 start=1024 layer=7 kind=attn phase=mixer_resid gpu_ms=0.11
[prefill-layer-phase] chunk=1 start=1024 layer=7 kind=attn phase=ffn_norm gpu_ms=0.06
[prefill-layer-phase] chunk=1 start=1024 layer=7 kind=attn phase=ffn_gate_up_swiglu gpu_ms=31.21
[prefill-layer-phase] chunk=1 start=1024 layer=7 kind=attn phase=ffn_down_resid gpu_ms=16.28
[prefill-layer-phase] chunk=1 start=1024 layer=8 kind=gdn phase=pre_norm gpu_ms=0.10
[prefill-layer-phase] chunk=1 start=1024 layer=8 kind=gdn phase=gdn_qkv gpu_ms=9.04
[prefill-layer-phase] chunk=1 start=1024 layer=8 kind=gdn phase=gdn_z gpu_ms=5.49
[prefill-layer-phase] chunk=1 start=1024 layer=8 kind=gdn phase=gdn_beta_alpha gpu_ms=3.15
[prefill-layer-phase] chunk=1 start=1024 layer=8 kind=gdn phase=gdn_alpha_beta gpu_ms=0.01
[prefill-layer-phase] chunk=1 start=1024 layer=8 kind=gdn phase=gdn_prep gpu_ms=0.91
[prefill-layer-phase] chunk=1 start=1024 layer=8 kind=gdn phase=gdn_step gpu_ms=3.11
[prefill-layer-phase] chunk=1 start=1024 layer=8 kind=gdn phase=gdn_gated gpu_ms=0.77
[prefill-layer-phase] chunk=1 start=1024 layer=8 kind=gdn phase=gdn_back gpu_ms=5.57
[prefill-layer-phase] chunk=1 start=1024 layer=8 kind=gdn phase=mixer_resid gpu_ms=0.36
[prefill-layer-phase] chunk=1 start=1024 layer=8 kind=gdn phase=ffn_norm gpu_ms=0.08
[prefill-layer-phase] chunk=1 start=1024 layer=8 kind=gdn phase=ffn_gate_up_swiglu gpu_ms=31.16
[prefill-layer-phase] chunk=1 start=1024 layer=8 kind=gdn phase=ffn_down_resid gpu_ms=15.95
[prefill-layer-phase] chunk=1 start=1024 layer=9 kind=gdn phase=pre_norm gpu_ms=0.26
[prefill-layer-phase] chunk=1 start=1024 layer=9 kind=gdn phase=gdn_qkv gpu_ms=8.94
[prefill-layer-phase] chunk=1 start=1024 layer=9 kind=gdn phase=gdn_z gpu_ms=5.49
[prefill-layer-phase] chunk=1 start=1024 layer=9 kind=gdn phase=gdn_beta_alpha gpu_ms=3.21
[prefill-layer-phase] chunk=1 start=1024 layer=9 kind=gdn phase=gdn_alpha_beta gpu_ms=0.01
[prefill-layer-phase] chunk=1 start=1024 layer=9 kind=gdn phase=gdn_prep gpu_ms=0.97
[prefill-layer-phase] chunk=1 start=1024 layer=9 kind=gdn phase=gdn_step gpu_ms=2.99
[prefill-layer-phase] chunk=1 start=1024 layer=9 kind=gdn phase=gdn_gated gpu_ms=0.77
[prefill-layer-phase] chunk=1 start=1024 layer=9 kind=gdn phase=gdn_back gpu_ms=5.57
[prefill-layer-phase] chunk=1 start=1024 layer=9 kind=gdn phase=mixer_resid gpu_ms=0.11
[prefill-layer-phase] chunk=1 start=1024 layer=9 kind=gdn phase=ffn_norm gpu_ms=0.08
[prefill-layer-phase] chunk=1 start=1024 layer=9 kind=gdn phase=ffn_gate_up_swiglu gpu_ms=31.15
[prefill-layer-phase] chunk=1 start=1024 layer=9 kind=gdn phase=ffn_down_resid gpu_ms=15.80
[prefill-layer-phase] chunk=1 start=1024 layer=10 kind=gdn phase=pre_norm gpu_ms=0.06
[prefill-layer-phase] chunk=1 start=1024 layer=10 kind=gdn phase=gdn_qkv gpu_ms=9.23
[prefill-layer-phase] chunk=1 start=1024 layer=10 kind=gdn phase=gdn_z gpu_ms=5.34
[prefill-layer-phase] chunk=1 start=1024 layer=10 kind=gdn phase=gdn_beta_alpha gpu_ms=3.14
[prefill-layer-phase] chunk=1 start=1024 layer=10 kind=gdn phase=gdn_alpha_beta gpu_ms=0.01
[prefill-layer-phase] chunk=1 start=1024 layer=10 kind=gdn phase=gdn_prep gpu_ms=0.89
[prefill-layer-phase] chunk=1 start=1024 layer=10 kind=gdn phase=gdn_step gpu_ms=3.36
[prefill-layer-phase] chunk=1 start=1024 layer=10 kind=gdn phase=gdn_gated gpu_ms=0.75
[prefill-layer-phase] chunk=1 start=1024 layer=10 kind=gdn phase=gdn_back gpu_ms=5.97
[prefill-layer-phase] chunk=1 start=1024 layer=10 kind=gdn phase=mixer_resid gpu_ms=0.11
[prefill-layer-phase] chunk=1 start=1024 layer=10 kind=gdn phase=ffn_norm gpu_ms=0.12
[prefill-layer-phase] chunk=1 start=1024 layer=10 kind=gdn phase=ffn_gate_up_swiglu gpu_ms=31.18
[prefill-layer-phase] chunk=1 start=1024 layer=10 kind=gdn phase=ffn_down_resid gpu_ms=16.60
[prefill-layer-phase] chunk=1 start=1024 layer=11 kind=attn phase=pre_norm gpu_ms=0.06
[prefill-attn-phase] chunk=1 start=1024 layer=11 phase=proj gpu_ms=12.80
[prefill-attn-phase] chunk=1 start=1024 layer=11 phase=split_q_gate gpu_ms=0.20
[prefill-attn-phase] chunk=1 start=1024 layer=11 phase=norm gpu_ms=0.44
[prefill-attn-phase] chunk=1 start=1024 layer=11 phase=rope_scatter gpu_ms=0.09
[prefill-attn-matrix-g6-shape] layer=11 chunk_start=1024 chunk_p=1024 n_pos=2048 scores_mib=192.00 vt_stride=4096 vt_layer_mib=8.00 vt_update_base=1024 vt_update_rows=1024 vt_update_mib=2.00
[prefill-attn-phase] chunk=1 start=1024 layer=11 phase=body_matrix_kq gpu_ms=2.63
[prefill-attn-phase] chunk=1 start=1024 layer=11 phase=body_matrix_softmax gpu_ms=0.74
[prefill-attn-phase] chunk=1 start=1024 layer=11 phase=body_matrix_kqv gpu_ms=2.61
[prefill-layer-phase] chunk=1 start=1024 layer=11 kind=attn phase=attn_back gpu_ms=5.62
[prefill-layer-phase] chunk=1 start=1024 layer=11 kind=attn phase=mixer_resid gpu_ms=0.15
[prefill-layer-phase] chunk=1 start=1024 layer=11 kind=attn phase=ffn_norm gpu_ms=0.06
[prefill-layer-phase] chunk=1 start=1024 layer=11 kind=attn phase=ffn_gate_up_swiglu gpu_ms=31.04
[prefill-layer-phase] chunk=1 start=1024 layer=11 kind=attn phase=ffn_down_resid gpu_ms=15.73
[prefill-layer-phase] chunk=1 start=1024 layer=12 kind=gdn phase=pre_norm gpu_ms=0.06
[prefill-layer-phase] chunk=1 start=1024 layer=12 kind=gdn phase=gdn_qkv gpu_ms=8.85
[prefill-layer-phase] chunk=1 start=1024 layer=12 kind=gdn phase=gdn_z gpu_ms=5.48
[prefill-layer-phase] chunk=1 start=1024 layer=12 kind=gdn phase=gdn_beta_alpha gpu_ms=3.15
[prefill-layer-phase] chunk=1 start=1024 layer=12 kind=gdn phase=gdn_alpha_beta gpu_ms=0.01
[prefill-layer-phase] chunk=1 start=1024 layer=12 kind=gdn phase=gdn_prep gpu_ms=0.89
[prefill-layer-phase] chunk=1 start=1024 layer=12 kind=gdn phase=gdn_step gpu_ms=3.26
[prefill-layer-phase] chunk=1 start=1024 layer=12 kind=gdn phase=gdn_gated gpu_ms=0.88
[prefill-layer-phase] chunk=1 start=1024 layer=12 kind=gdn phase=gdn_back gpu_ms=5.56
[prefill-layer-phase] chunk=1 start=1024 layer=12 kind=gdn phase=mixer_resid gpu_ms=0.16
[prefill-layer-phase] chunk=1 start=1024 layer=12 kind=gdn phase=ffn_norm gpu_ms=0.06
[prefill-layer-phase] chunk=1 start=1024 layer=12 kind=gdn phase=ffn_gate_up_swiglu gpu_ms=31.11
[prefill-layer-phase] chunk=1 start=1024 layer=12 kind=gdn phase=ffn_down_resid gpu_ms=15.88
[prefill-layer-phase] chunk=1 start=1024 layer=13 kind=gdn phase=pre_norm gpu_ms=0.06
[prefill-layer-phase] chunk=1 start=1024 layer=13 kind=gdn phase=gdn_qkv gpu_ms=9.17
[prefill-layer-phase] chunk=1 start=1024 layer=13 kind=gdn phase=gdn_z gpu_ms=5.54
[prefill-layer-phase] chunk=1 start=1024 layer=13 kind=gdn phase=gdn_beta_alpha gpu_ms=3.13
[prefill-layer-phase] chunk=1 start=1024 layer=13 kind=gdn phase=gdn_alpha_beta gpu_ms=0.01
[prefill-layer-phase] chunk=1 start=1024 layer=13 kind=gdn phase=gdn_prep gpu_ms=0.89
[prefill-layer-phase] chunk=1 start=1024 layer=13 kind=gdn phase=gdn_step gpu_ms=3.32
[prefill-layer-phase] chunk=1 start=1024 layer=13 kind=gdn phase=gdn_gated gpu_ms=0.76
[prefill-layer-phase] chunk=1 start=1024 layer=13 kind=gdn phase=gdn_back gpu_ms=5.78
[prefill-layer-phase] chunk=1 start=1024 layer=13 kind=gdn phase=mixer_resid gpu_ms=0.25
[prefill-layer-phase] chunk=1 start=1024 layer=13 kind=gdn phase=ffn_norm gpu_ms=0.10
[prefill-layer-phase] chunk=1 start=1024 layer=13 kind=gdn phase=ffn_gate_up_swiglu gpu_ms=30.83
[prefill-layer-phase] chunk=1 start=1024 layer=13 kind=gdn phase=ffn_down_resid gpu_ms=15.88
[prefill-layer-phase] chunk=1 start=1024 layer=14 kind=gdn phase=pre_norm gpu_ms=0.06
[prefill-layer-phase] chunk=1 start=1024 layer=14 kind=gdn phase=gdn_qkv gpu_ms=8.46
[prefill-layer-phase] chunk=1 start=1024 layer=14 kind=gdn phase=gdn_z gpu_ms=5.34
[prefill-layer-phase] chunk=1 start=1024 layer=14 kind=gdn phase=gdn_beta_alpha gpu_ms=3.26
[prefill-layer-phase] chunk=1 start=1024 layer=14 kind=gdn phase=gdn_alpha_beta gpu_ms=0.01
[prefill-layer-phase] chunk=1 start=1024 layer=14 kind=gdn phase=gdn_prep gpu_ms=0.92
[prefill-layer-phase] chunk=1 start=1024 layer=14 kind=gdn phase=gdn_step gpu_ms=2.96
[prefill-layer-phase] chunk=1 start=1024 layer=14 kind=gdn phase=gdn_gated gpu_ms=1.17
[prefill-layer-phase] chunk=1 start=1024 layer=14 kind=gdn phase=gdn_back gpu_ms=5.57
[prefill-layer-phase] chunk=1 start=1024 layer=14 kind=gdn phase=mixer_resid gpu_ms=0.14
[prefill-layer-phase] chunk=1 start=1024 layer=14 kind=gdn phase=ffn_norm gpu_ms=0.06
[prefill-layer-phase] chunk=1 start=1024 layer=14 kind=gdn phase=ffn_gate_up_swiglu gpu_ms=31.28
[prefill-layer-phase] chunk=1 start=1024 layer=14 kind=gdn phase=ffn_down_resid gpu_ms=15.65
[prefill-layer-phase] chunk=1 start=1024 layer=15 kind=attn phase=pre_norm gpu_ms=0.06
[prefill-attn-phase] chunk=1 start=1024 layer=15 phase=proj gpu_ms=12.88
[prefill-attn-phase] chunk=1 start=1024 layer=15 phase=split_q_gate gpu_ms=0.19
[prefill-attn-phase] chunk=1 start=1024 layer=15 phase=norm gpu_ms=0.55
[prefill-attn-phase] chunk=1 start=1024 layer=15 phase=rope_scatter gpu_ms=0.09
[prefill-attn-matrix-g6-shape] layer=15 chunk_start=1024 chunk_p=1024 n_pos=2048 scores_mib=192.00 vt_stride=4096 vt_layer_mib=8.00 vt_update_base=1024 vt_update_rows=1024 vt_update_mib=2.00
[prefill-attn-phase] chunk=1 start=1024 layer=15 phase=body_matrix_kq gpu_ms=2.38
[prefill-attn-phase] chunk=1 start=1024 layer=15 phase=body_matrix_softmax gpu_ms=0.70
[prefill-attn-phase] chunk=1 start=1024 layer=15 phase=body_matrix_kqv gpu_ms=2.79
[prefill-layer-phase] chunk=1 start=1024 layer=15 kind=attn phase=attn_back gpu_ms=5.38
[prefill-layer-phase] chunk=1 start=1024 layer=15 kind=attn phase=mixer_resid gpu_ms=0.23
[prefill-layer-phase] chunk=1 start=1024 layer=15 kind=attn phase=ffn_norm gpu_ms=0.06
[prefill-layer-phase] chunk=1 start=1024 layer=15 kind=attn phase=ffn_gate_up_swiglu gpu_ms=31.06
[prefill-layer-phase] chunk=1 start=1024 layer=15 kind=attn phase=ffn_down_resid gpu_ms=15.40
[prefill-layer-phase] chunk=1 start=1024 layer=16 kind=gdn phase=pre_norm gpu_ms=0.06
[prefill-layer-phase] chunk=1 start=1024 layer=16 kind=gdn phase=gdn_qkv gpu_ms=9.16
[prefill-layer-phase] chunk=1 start=1024 layer=16 kind=gdn phase=gdn_z gpu_ms=5.34
[prefill-layer-phase] chunk=1 start=1024 layer=16 kind=gdn phase=gdn_beta_alpha gpu_ms=3.16
[prefill-layer-phase] chunk=1 start=1024 layer=16 kind=gdn phase=gdn_alpha_beta gpu_ms=0.01
[prefill-layer-phase] chunk=1 start=1024 layer=16 kind=gdn phase=gdn_prep gpu_ms=0.92
[prefill-layer-phase] chunk=1 start=1024 layer=16 kind=gdn phase=gdn_step gpu_ms=3.30
[prefill-layer-phase] chunk=1 start=1024 layer=16 kind=gdn phase=gdn_gated gpu_ms=0.76
[prefill-layer-phase] chunk=1 start=1024 layer=16 kind=gdn phase=gdn_back gpu_ms=6.07
[prefill-layer-phase] chunk=1 start=1024 layer=16 kind=gdn phase=mixer_resid gpu_ms=0.10
[prefill-layer-phase] chunk=1 start=1024 layer=16 kind=gdn phase=ffn_norm gpu_ms=0.05
[prefill-layer-phase] chunk=1 start=1024 layer=16 kind=gdn phase=ffn_gate_up_swiglu gpu_ms=32.78
[prefill-layer-phase] chunk=1 start=1024 layer=16 kind=gdn phase=ffn_down_resid gpu_ms=17.13
[prefill-layer-phase] chunk=1 start=1024 layer=17 kind=gdn phase=pre_norm gpu_ms=0.07
[prefill-layer-phase] chunk=1 start=1024 layer=17 kind=gdn phase=gdn_qkv gpu_ms=9.62
[prefill-layer-phase] chunk=1 start=1024 layer=17 kind=gdn phase=gdn_z gpu_ms=6.04
[prefill-layer-phase] chunk=1 start=1024 layer=17 kind=gdn phase=gdn_beta_alpha gpu_ms=3.48
[prefill-layer-phase] chunk=1 start=1024 layer=17 kind=gdn phase=gdn_alpha_beta gpu_ms=0.01
[prefill-layer-phase] chunk=1 start=1024 layer=17 kind=gdn phase=gdn_prep gpu_ms=1.09
[prefill-layer-phase] chunk=1 start=1024 layer=17 kind=gdn phase=gdn_step gpu_ms=3.09
[prefill-layer-phase] chunk=1 start=1024 layer=17 kind=gdn phase=gdn_gated gpu_ms=0.78
[prefill-layer-phase] chunk=1 start=1024 layer=17 kind=gdn phase=gdn_back gpu_ms=6.32
[prefill-layer-phase] chunk=1 start=1024 layer=17 kind=gdn phase=mixer_resid gpu_ms=0.18
[prefill-layer-phase] chunk=1 start=1024 layer=17 kind=gdn phase=ffn_norm gpu_ms=0.10
[prefill-layer-phase] chunk=1 start=1024 layer=17 kind=gdn phase=ffn_gate_up_swiglu gpu_ms=34.25
[prefill-layer-phase] chunk=1 start=1024 layer=17 kind=gdn phase=ffn_down_resid gpu_ms=17.55
[prefill-layer-phase] chunk=1 start=1024 layer=18 kind=gdn phase=pre_norm gpu_ms=0.06
[prefill-layer-phase] chunk=1 start=1024 layer=18 kind=gdn phase=gdn_qkv gpu_ms=10.39
[prefill-layer-phase] chunk=1 start=1024 layer=18 kind=gdn phase=gdn_z gpu_ms=5.77
[prefill-layer-phase] chunk=1 start=1024 layer=18 kind=gdn phase=gdn_beta_alpha gpu_ms=3.88
[prefill-layer-phase] chunk=1 start=1024 layer=18 kind=gdn phase=gdn_alpha_beta gpu_ms=0.03
[prefill-layer-phase] chunk=1 start=1024 layer=18 kind=gdn phase=gdn_prep gpu_ms=0.95
[prefill-layer-phase] chunk=1 start=1024 layer=18 kind=gdn phase=gdn_step gpu_ms=3.01
[prefill-layer-phase] chunk=1 start=1024 layer=18 kind=gdn phase=gdn_gated gpu_ms=0.78
[prefill-layer-phase] chunk=1 start=1024 layer=18 kind=gdn phase=gdn_back gpu_ms=6.50
[prefill-layer-phase] chunk=1 start=1024 layer=18 kind=gdn phase=mixer_resid gpu_ms=0.13
[prefill-layer-phase] chunk=1 start=1024 layer=18 kind=gdn phase=ffn_norm gpu_ms=0.06
[prefill-layer-phase] chunk=1 start=1024 layer=18 kind=gdn phase=ffn_gate_up_swiglu gpu_ms=35.42
[prefill-layer-phase] chunk=1 start=1024 layer=18 kind=gdn phase=ffn_down_resid gpu_ms=17.90
[prefill-layer-phase] chunk=1 start=1024 layer=19 kind=attn phase=pre_norm gpu_ms=0.06
[prefill-attn-phase] chunk=1 start=1024 layer=19 phase=proj gpu_ms=14.78
[prefill-attn-phase] chunk=1 start=1024 layer=19 phase=split_q_gate gpu_ms=0.18
[prefill-attn-phase] chunk=1 start=1024 layer=19 phase=norm gpu_ms=0.46
[prefill-attn-phase] chunk=1 start=1024 layer=19 phase=rope_scatter gpu_ms=0.34
[prefill-attn-matrix-g6-shape] layer=19 chunk_start=1024 chunk_p=1024 n_pos=2048 scores_mib=192.00 vt_stride=4096 vt_layer_mib=8.00 vt_update_base=1024 vt_update_rows=1024 vt_update_mib=2.00
[prefill-attn-phase] chunk=1 start=1024 layer=19 phase=body_matrix_kq gpu_ms=2.72
[prefill-attn-phase] chunk=1 start=1024 layer=19 phase=body_matrix_softmax gpu_ms=0.72
[prefill-attn-phase] chunk=1 start=1024 layer=19 phase=body_matrix_kqv gpu_ms=2.79
[prefill-layer-phase] chunk=1 start=1024 layer=19 kind=attn phase=attn_back gpu_ms=6.51
[prefill-layer-phase] chunk=1 start=1024 layer=19 kind=attn phase=mixer_resid gpu_ms=0.14
[prefill-layer-phase] chunk=1 start=1024 layer=19 kind=attn phase=ffn_norm gpu_ms=0.05
[prefill-layer-phase] chunk=1 start=1024 layer=19 kind=attn phase=ffn_gate_up_swiglu gpu_ms=36.39
[prefill-layer-phase] chunk=1 start=1024 layer=19 kind=attn phase=ffn_down_resid gpu_ms=18.69
[prefill-layer-phase] chunk=1 start=1024 layer=20 kind=gdn phase=pre_norm gpu_ms=0.11
[prefill-layer-phase] chunk=1 start=1024 layer=20 kind=gdn phase=gdn_qkv gpu_ms=10.47
[prefill-layer-phase] chunk=1 start=1024 layer=20 kind=gdn phase=gdn_z gpu_ms=6.52
[prefill-layer-phase] chunk=1 start=1024 layer=20 kind=gdn phase=gdn_beta_alpha gpu_ms=3.86
[prefill-layer-phase] chunk=1 start=1024 layer=20 kind=gdn phase=gdn_alpha_beta gpu_ms=0.01
[prefill-layer-phase] chunk=1 start=1024 layer=20 kind=gdn phase=gdn_prep gpu_ms=0.94
[prefill-layer-phase] chunk=1 start=1024 layer=20 kind=gdn phase=gdn_step gpu_ms=3.46
[prefill-layer-phase] chunk=1 start=1024 layer=20 kind=gdn phase=gdn_gated gpu_ms=0.78
[prefill-layer-phase] chunk=1 start=1024 layer=20 kind=gdn phase=gdn_back gpu_ms=6.91
[prefill-layer-phase] chunk=1 start=1024 layer=20 kind=gdn phase=mixer_resid gpu_ms=0.15
[prefill-layer-phase] chunk=1 start=1024 layer=20 kind=gdn phase=ffn_norm gpu_ms=0.06
[prefill-layer-phase] chunk=1 start=1024 layer=20 kind=gdn phase=ffn_gate_up_swiglu gpu_ms=36.90
[prefill-layer-phase] chunk=1 start=1024 layer=20 kind=gdn phase=ffn_down_resid gpu_ms=18.30
[prefill-layer-phase] chunk=1 start=1024 layer=21 kind=gdn phase=pre_norm gpu_ms=0.05
[prefill-layer-phase] chunk=1 start=1024 layer=21 kind=gdn phase=gdn_qkv gpu_ms=10.68
[prefill-layer-phase] chunk=1 start=1024 layer=21 kind=gdn phase=gdn_z gpu_ms=6.15
[prefill-layer-phase] chunk=1 start=1024 layer=21 kind=gdn phase=gdn_beta_alpha gpu_ms=4.02
[prefill-layer-phase] chunk=1 start=1024 layer=21 kind=gdn phase=gdn_alpha_beta gpu_ms=0.01
[prefill-layer-phase] chunk=1 start=1024 layer=21 kind=gdn phase=gdn_prep gpu_ms=0.98
[prefill-layer-phase] chunk=1 start=1024 layer=21 kind=gdn phase=gdn_step gpu_ms=3.14
[prefill-layer-phase] chunk=1 start=1024 layer=21 kind=gdn phase=gdn_gated gpu_ms=0.78
[prefill-layer-phase] chunk=1 start=1024 layer=21 kind=gdn phase=gdn_back gpu_ms=7.19
[prefill-layer-phase] chunk=1 start=1024 layer=21 kind=gdn phase=mixer_resid gpu_ms=0.11
[prefill-layer-phase] chunk=1 start=1024 layer=21 kind=gdn phase=ffn_norm gpu_ms=0.05
[prefill-layer-phase] chunk=1 start=1024 layer=21 kind=gdn phase=ffn_gate_up_swiglu gpu_ms=37.23
[prefill-layer-phase] chunk=1 start=1024 layer=21 kind=gdn phase=ffn_down_resid gpu_ms=18.51
[prefill-layer-phase] chunk=1 start=1024 layer=22 kind=gdn phase=pre_norm gpu_ms=0.05
[prefill-layer-phase] chunk=1 start=1024 layer=22 kind=gdn phase=gdn_qkv gpu_ms=10.75
[prefill-layer-phase] chunk=1 start=1024 layer=22 kind=gdn phase=gdn_z gpu_ms=6.22
[prefill-layer-phase] chunk=1 start=1024 layer=22 kind=gdn phase=gdn_beta_alpha gpu_ms=3.88
[prefill-layer-phase] chunk=1 start=1024 layer=22 kind=gdn phase=gdn_alpha_beta gpu_ms=0.01
[prefill-layer-phase] chunk=1 start=1024 layer=22 kind=gdn phase=gdn_prep gpu_ms=0.98
[prefill-layer-phase] chunk=1 start=1024 layer=22 kind=gdn phase=gdn_step gpu_ms=3.29
[prefill-layer-phase] chunk=1 start=1024 layer=22 kind=gdn phase=gdn_gated gpu_ms=0.86
[prefill-layer-phase] chunk=1 start=1024 layer=22 kind=gdn phase=gdn_back gpu_ms=6.63
[prefill-layer-phase] chunk=1 start=1024 layer=22 kind=gdn phase=mixer_resid gpu_ms=0.29
[prefill-layer-phase] chunk=1 start=1024 layer=22 kind=gdn phase=ffn_norm gpu_ms=0.05
[prefill-layer-phase] chunk=1 start=1024 layer=22 kind=gdn phase=ffn_gate_up_swiglu gpu_ms=36.69
[prefill-layer-phase] chunk=1 start=1024 layer=22 kind=gdn phase=ffn_down_resid gpu_ms=19.15
[prefill-layer-phase] chunk=1 start=1024 layer=23 kind=attn phase=pre_norm gpu_ms=0.06
[prefill-attn-phase] chunk=1 start=1024 layer=23 phase=proj gpu_ms=15.62
[prefill-attn-phase] chunk=1 start=1024 layer=23 phase=split_q_gate gpu_ms=0.19
[prefill-attn-phase] chunk=1 start=1024 layer=23 phase=norm gpu_ms=0.46
[prefill-attn-phase] chunk=1 start=1024 layer=23 phase=rope_scatter gpu_ms=0.09
[prefill-attn-matrix-g6-shape] layer=23 chunk_start=1024 chunk_p=1024 n_pos=2048 scores_mib=192.00 vt_stride=4096 vt_layer_mib=8.00 vt_update_base=1024 vt_update_rows=1024 vt_update_mib=2.00
[prefill-attn-phase] chunk=1 start=1024 layer=23 phase=body_matrix_kq gpu_ms=2.77
[prefill-attn-phase] chunk=1 start=1024 layer=23 phase=body_matrix_softmax gpu_ms=0.72
[prefill-attn-phase] chunk=1 start=1024 layer=23 phase=body_matrix_kqv gpu_ms=3.25
[prefill-layer-phase] chunk=1 start=1024 layer=23 kind=attn phase=attn_back gpu_ms=6.28
[prefill-layer-phase] chunk=1 start=1024 layer=23 kind=attn phase=mixer_resid gpu_ms=0.14
[prefill-layer-phase] chunk=1 start=1024 layer=23 kind=attn phase=ffn_norm gpu_ms=0.05
[prefill-layer-phase] chunk=1 start=1024 layer=23 kind=attn phase=ffn_gate_up_swiglu gpu_ms=36.80
[prefill-layer-phase] chunk=1 start=1024 layer=23 kind=attn phase=ffn_down_resid gpu_ms=18.59
[prefill-layer-phase] chunk=1 start=1024 layer=24 kind=gdn phase=pre_norm gpu_ms=0.05
[prefill-layer-phase] chunk=1 start=1024 layer=24 kind=gdn phase=gdn_qkv gpu_ms=10.06
[prefill-layer-phase] chunk=1 start=1024 layer=24 kind=gdn phase=gdn_z gpu_ms=6.39
[prefill-layer-phase] chunk=1 start=1024 layer=24 kind=gdn phase=gdn_beta_alpha gpu_ms=4.06
[prefill-layer-phase] chunk=1 start=1024 layer=24 kind=gdn phase=gdn_alpha_beta gpu_ms=0.01
[prefill-layer-phase] chunk=1 start=1024 layer=24 kind=gdn phase=gdn_prep gpu_ms=0.95
[prefill-layer-phase] chunk=1 start=1024 layer=24 kind=gdn phase=gdn_step gpu_ms=3.39
[prefill-layer-phase] chunk=1 start=1024 layer=24 kind=gdn phase=gdn_gated gpu_ms=0.77
[prefill-layer-phase] chunk=1 start=1024 layer=24 kind=gdn phase=gdn_back gpu_ms=6.72
[prefill-layer-phase] chunk=1 start=1024 layer=24 kind=gdn phase=mixer_resid gpu_ms=0.14
[prefill-layer-phase] chunk=1 start=1024 layer=24 kind=gdn phase=ffn_norm gpu_ms=0.06
[prefill-layer-phase] chunk=1 start=1024 layer=24 kind=gdn phase=ffn_gate_up_swiglu gpu_ms=37.09
[prefill-layer-phase] chunk=1 start=1024 layer=24 kind=gdn phase=ffn_down_resid gpu_ms=18.46
[prefill-layer-phase] chunk=1 start=1024 layer=25 kind=gdn phase=pre_norm gpu_ms=0.25
[prefill-layer-phase] chunk=1 start=1024 layer=25 kind=gdn phase=gdn_qkv gpu_ms=10.57
[prefill-layer-phase] chunk=1 start=1024 layer=25 kind=gdn phase=gdn_z gpu_ms=6.40
[prefill-layer-phase] chunk=1 start=1024 layer=25 kind=gdn phase=gdn_beta_alpha gpu_ms=3.69
[prefill-layer-phase] chunk=1 start=1024 layer=25 kind=gdn phase=gdn_alpha_beta gpu_ms=0.01
[prefill-layer-phase] chunk=1 start=1024 layer=25 kind=gdn phase=gdn_prep gpu_ms=0.97
[prefill-layer-phase] chunk=1 start=1024 layer=25 kind=gdn phase=gdn_step gpu_ms=3.46
[prefill-layer-phase] chunk=1 start=1024 layer=25 kind=gdn phase=gdn_gated gpu_ms=0.90
[prefill-layer-phase] chunk=1 start=1024 layer=25 kind=gdn phase=gdn_back gpu_ms=7.00
[prefill-layer-phase] chunk=1 start=1024 layer=25 kind=gdn phase=mixer_resid gpu_ms=0.10
[prefill-layer-phase] chunk=1 start=1024 layer=25 kind=gdn phase=ffn_norm gpu_ms=0.07
[prefill-layer-phase] chunk=1 start=1024 layer=25 kind=gdn phase=ffn_gate_up_swiglu gpu_ms=36.45
[prefill-layer-phase] chunk=1 start=1024 layer=25 kind=gdn phase=ffn_down_resid gpu_ms=18.52
[prefill-layer-phase] chunk=1 start=1024 layer=26 kind=gdn phase=pre_norm gpu_ms=0.06
[prefill-layer-phase] chunk=1 start=1024 layer=26 kind=gdn phase=gdn_qkv gpu_ms=9.92
[prefill-layer-phase] chunk=1 start=1024 layer=26 kind=gdn phase=gdn_z gpu_ms=6.29
[prefill-layer-phase] chunk=1 start=1024 layer=26 kind=gdn phase=gdn_beta_alpha gpu_ms=3.64
[prefill-layer-phase] chunk=1 start=1024 layer=26 kind=gdn phase=gdn_alpha_beta gpu_ms=0.01
[prefill-layer-phase] chunk=1 start=1024 layer=26 kind=gdn phase=gdn_prep gpu_ms=1.40
[prefill-layer-phase] chunk=1 start=1024 layer=26 kind=gdn phase=gdn_step gpu_ms=3.21
[prefill-layer-phase] chunk=1 start=1024 layer=26 kind=gdn phase=gdn_gated gpu_ms=0.80
[prefill-layer-phase] chunk=1 start=1024 layer=26 kind=gdn phase=gdn_back gpu_ms=6.99
[prefill-layer-phase] chunk=1 start=1024 layer=26 kind=gdn phase=mixer_resid gpu_ms=0.12
[prefill-layer-phase] chunk=1 start=1024 layer=26 kind=gdn phase=ffn_norm gpu_ms=0.10
[prefill-layer-phase] chunk=1 start=1024 layer=26 kind=gdn phase=ffn_gate_up_swiglu gpu_ms=36.21
[prefill-layer-phase] chunk=1 start=1024 layer=26 kind=gdn phase=ffn_down_resid gpu_ms=18.33
[prefill-layer-phase] chunk=1 start=1024 layer=27 kind=attn phase=pre_norm gpu_ms=0.06
[prefill-attn-phase] chunk=1 start=1024 layer=27 phase=proj gpu_ms=15.29
[prefill-attn-phase] chunk=1 start=1024 layer=27 phase=split_q_gate gpu_ms=0.19
[prefill-attn-phase] chunk=1 start=1024 layer=27 phase=norm gpu_ms=0.46
[prefill-attn-phase] chunk=1 start=1024 layer=27 phase=rope_scatter gpu_ms=0.09
[prefill-attn-matrix-g6-shape] layer=27 chunk_start=1024 chunk_p=1024 n_pos=2048 scores_mib=192.00 vt_stride=4096 vt_layer_mib=8.00 vt_update_base=1024 vt_update_rows=1024 vt_update_mib=2.00
[prefill-attn-phase] chunk=1 start=1024 layer=27 phase=body_matrix_kq gpu_ms=2.72
[prefill-attn-phase] chunk=1 start=1024 layer=27 phase=body_matrix_softmax gpu_ms=0.72
[prefill-attn-phase] chunk=1 start=1024 layer=27 phase=body_matrix_kqv gpu_ms=3.24
[prefill-layer-phase] chunk=1 start=1024 layer=27 kind=attn phase=attn_back gpu_ms=6.22
[prefill-layer-phase] chunk=1 start=1024 layer=27 kind=attn phase=mixer_resid gpu_ms=0.26
[prefill-layer-phase] chunk=1 start=1024 layer=27 kind=attn phase=ffn_norm gpu_ms=0.06
[prefill-layer-phase] chunk=1 start=1024 layer=27 kind=attn phase=ffn_gate_up_swiglu gpu_ms=35.91
[prefill-layer-phase] chunk=1 start=1024 layer=27 kind=attn phase=ffn_down_resid gpu_ms=18.25
[prefill-layer-phase] chunk=1 start=1024 layer=28 kind=gdn phase=pre_norm gpu_ms=0.05
[prefill-layer-phase] chunk=1 start=1024 layer=28 kind=gdn phase=gdn_qkv gpu_ms=10.37
[prefill-layer-phase] chunk=1 start=1024 layer=28 kind=gdn phase=gdn_z gpu_ms=6.07
[prefill-layer-phase] chunk=1 start=1024 layer=28 kind=gdn phase=gdn_beta_alpha gpu_ms=3.66
[prefill-layer-phase] chunk=1 start=1024 layer=28 kind=gdn phase=gdn_alpha_beta gpu_ms=0.01
[prefill-layer-phase] chunk=1 start=1024 layer=28 kind=gdn phase=gdn_prep gpu_ms=0.96
[prefill-layer-phase] chunk=1 start=1024 layer=28 kind=gdn phase=gdn_step gpu_ms=3.64
[prefill-layer-phase] chunk=1 start=1024 layer=28 kind=gdn phase=gdn_gated gpu_ms=0.77
[prefill-layer-phase] chunk=1 start=1024 layer=28 kind=gdn phase=gdn_back gpu_ms=6.98
[prefill-layer-phase] chunk=1 start=1024 layer=28 kind=gdn phase=mixer_resid gpu_ms=0.13
[prefill-layer-phase] chunk=1 start=1024 layer=28 kind=gdn phase=ffn_norm gpu_ms=0.06
[prefill-layer-phase] chunk=1 start=1024 layer=28 kind=gdn phase=ffn_gate_up_swiglu gpu_ms=36.53
[prefill-layer-phase] chunk=1 start=1024 layer=28 kind=gdn phase=ffn_down_resid gpu_ms=19.06
[prefill-layer-phase] chunk=1 start=1024 layer=29 kind=gdn phase=pre_norm gpu_ms=0.06
[prefill-layer-phase] chunk=1 start=1024 layer=29 kind=gdn phase=gdn_qkv gpu_ms=10.17
[prefill-layer-phase] chunk=1 start=1024 layer=29 kind=gdn phase=gdn_z gpu_ms=6.50
[prefill-layer-phase] chunk=1 start=1024 layer=29 kind=gdn phase=gdn_beta_alpha gpu_ms=3.69
[prefill-layer-phase] chunk=1 start=1024 layer=29 kind=gdn phase=gdn_alpha_beta gpu_ms=0.01
[prefill-layer-phase] chunk=1 start=1024 layer=29 kind=gdn phase=gdn_prep gpu_ms=0.97
[prefill-layer-phase] chunk=1 start=1024 layer=29 kind=gdn phase=gdn_step gpu_ms=3.68
[prefill-layer-phase] chunk=1 start=1024 layer=29 kind=gdn phase=gdn_gated gpu_ms=0.79
[prefill-layer-phase] chunk=1 start=1024 layer=29 kind=gdn phase=gdn_back gpu_ms=6.86
[prefill-layer-phase] chunk=1 start=1024 layer=29 kind=gdn phase=mixer_resid gpu_ms=0.14
[prefill-layer-phase] chunk=1 start=1024 layer=29 kind=gdn phase=ffn_norm gpu_ms=0.05
[prefill-layer-phase] chunk=1 start=1024 layer=29 kind=gdn phase=ffn_gate_up_swiglu gpu_ms=35.45
[prefill-layer-phase] chunk=1 start=1024 layer=29 kind=gdn phase=ffn_down_resid gpu_ms=17.92
[prefill-layer-phase] chunk=1 start=1024 layer=30 kind=gdn phase=pre_norm gpu_ms=0.06
[prefill-layer-phase] chunk=1 start=1024 layer=30 kind=gdn phase=gdn_qkv gpu_ms=9.87
[prefill-layer-phase] chunk=1 start=1024 layer=30 kind=gdn phase=gdn_z gpu_ms=6.29
[prefill-layer-phase] chunk=1 start=1024 layer=30 kind=gdn phase=gdn_beta_alpha gpu_ms=3.62
[prefill-layer-phase] chunk=1 start=1024 layer=30 kind=gdn phase=gdn_alpha_beta gpu_ms=0.01
[prefill-layer-phase] chunk=1 start=1024 layer=30 kind=gdn phase=gdn_prep gpu_ms=0.97
[prefill-layer-phase] chunk=1 start=1024 layer=30 kind=gdn phase=gdn_step gpu_ms=3.56
[prefill-layer-phase] chunk=1 start=1024 layer=30 kind=gdn phase=gdn_gated gpu_ms=0.77
[prefill-layer-phase] chunk=1 start=1024 layer=30 kind=gdn phase=gdn_back gpu_ms=6.81
[prefill-layer-phase] chunk=1 start=1024 layer=30 kind=gdn phase=mixer_resid gpu_ms=0.10
[prefill-layer-phase] chunk=1 start=1024 layer=30 kind=gdn phase=ffn_norm gpu_ms=0.05
[prefill-layer-phase] chunk=1 start=1024 layer=30 kind=gdn phase=ffn_gate_up_swiglu gpu_ms=36.25
[prefill-layer-phase] chunk=1 start=1024 layer=30 kind=gdn phase=ffn_down_resid gpu_ms=18.29
[prefill-layer-phase] chunk=1 start=1024 layer=31 kind=attn phase=pre_norm gpu_ms=0.06
[prefill-attn-phase] chunk=1 start=1024 layer=31 phase=proj gpu_ms=15.30
[prefill-attn-phase] chunk=1 start=1024 layer=31 phase=split_q_gate gpu_ms=0.19
[prefill-attn-phase] chunk=1 start=1024 layer=31 phase=norm gpu_ms=0.46
[prefill-attn-phase] chunk=1 start=1024 layer=31 phase=rope_scatter gpu_ms=0.09
[prefill-attn-matrix-g6-shape] layer=31 chunk_start=1024 chunk_p=1024 n_pos=2048 scores_mib=192.00 vt_stride=4096 vt_layer_mib=8.00 vt_update_base=1024 vt_update_rows=1024 vt_update_mib=2.00
[prefill-attn-phase] chunk=1 start=1024 layer=31 phase=body_matrix_kq gpu_ms=2.71
[prefill-attn-phase] chunk=1 start=1024 layer=31 phase=body_matrix_softmax gpu_ms=0.76
[prefill-attn-phase] chunk=1 start=1024 layer=31 phase=body_matrix_kqv gpu_ms=3.23
[prefill-layer-phase] chunk=1 start=1024 layer=31 kind=attn phase=attn_back gpu_ms=6.19
[prefill-layer-phase] chunk=1 start=1024 layer=31 kind=attn phase=mixer_resid gpu_ms=0.13
[prefill-layer-phase] chunk=1 start=1024 layer=31 kind=attn phase=ffn_norm gpu_ms=0.05
[prefill-layer-phase] chunk=1 start=1024 layer=31 kind=attn phase=ffn_gate_up_swiglu gpu_ms=36.43
[prefill-layer-phase] chunk=1 start=1024 layer=31 kind=attn phase=ffn_down_resid gpu_ms=18.68
[prefill-layer-phase] chunk=1 start=1024 layer=32 kind=gdn phase=pre_norm gpu_ms=0.05
[prefill-layer-phase] chunk=1 start=1024 layer=32 kind=gdn phase=gdn_qkv gpu_ms=10.70
[prefill-layer-phase] chunk=1 start=1024 layer=32 kind=gdn phase=gdn_z gpu_ms=6.30
[prefill-layer-phase] chunk=1 start=1024 layer=32 kind=gdn phase=gdn_beta_alpha gpu_ms=3.67
[prefill-layer-phase] chunk=1 start=1024 layer=32 kind=gdn phase=gdn_alpha_beta gpu_ms=0.01
[prefill-layer-phase] chunk=1 start=1024 layer=32 kind=gdn phase=gdn_prep gpu_ms=0.97
[prefill-layer-phase] chunk=1 start=1024 layer=32 kind=gdn phase=gdn_step gpu_ms=3.12
[prefill-layer-phase] chunk=1 start=1024 layer=32 kind=gdn phase=gdn_gated gpu_ms=0.77
[prefill-layer-phase] chunk=1 start=1024 layer=32 kind=gdn phase=gdn_back gpu_ms=7.05
[prefill-layer-phase] chunk=1 start=1024 layer=32 kind=gdn phase=mixer_resid gpu_ms=0.13
[prefill-layer-phase] chunk=1 start=1024 layer=32 kind=gdn phase=ffn_norm gpu_ms=0.06
[prefill-layer-phase] chunk=1 start=1024 layer=32 kind=gdn phase=ffn_gate_up_swiglu gpu_ms=36.12
[prefill-layer-phase] chunk=1 start=1024 layer=32 kind=gdn phase=ffn_down_resid gpu_ms=18.22
[prefill-layer-phase] chunk=1 start=1024 layer=33 kind=gdn phase=pre_norm gpu_ms=0.07
[prefill-layer-phase] chunk=1 start=1024 layer=33 kind=gdn phase=gdn_qkv gpu_ms=10.40
[prefill-layer-phase] chunk=1 start=1024 layer=33 kind=gdn phase=gdn_z gpu_ms=6.07
[prefill-layer-phase] chunk=1 start=1024 layer=33 kind=gdn phase=gdn_beta_alpha gpu_ms=3.63
[prefill-layer-phase] chunk=1 start=1024 layer=33 kind=gdn phase=gdn_alpha_beta gpu_ms=0.01
[prefill-layer-phase] chunk=1 start=1024 layer=33 kind=gdn phase=gdn_prep gpu_ms=0.96
[prefill-layer-phase] chunk=1 start=1024 layer=33 kind=gdn phase=gdn_step gpu_ms=3.20
[prefill-layer-phase] chunk=1 start=1024 layer=33 kind=gdn phase=gdn_gated gpu_ms=1.03
[prefill-layer-phase] chunk=1 start=1024 layer=33 kind=gdn phase=gdn_back gpu_ms=6.47
[prefill-layer-phase] chunk=1 start=1024 layer=33 kind=gdn phase=mixer_resid gpu_ms=0.14
[prefill-layer-phase] chunk=1 start=1024 layer=33 kind=gdn phase=ffn_norm gpu_ms=0.06
[prefill-layer-phase] chunk=1 start=1024 layer=33 kind=gdn phase=ffn_gate_up_swiglu gpu_ms=34.69
[prefill-layer-phase] chunk=1 start=1024 layer=33 kind=gdn phase=ffn_down_resid gpu_ms=18.25
[prefill-layer-phase] chunk=1 start=1024 layer=34 kind=gdn phase=pre_norm gpu_ms=0.05
[prefill-layer-phase] chunk=1 start=1024 layer=34 kind=gdn phase=gdn_qkv gpu_ms=10.56
[prefill-layer-phase] chunk=1 start=1024 layer=34 kind=gdn phase=gdn_z gpu_ms=6.17
[prefill-layer-phase] chunk=1 start=1024 layer=34 kind=gdn phase=gdn_beta_alpha gpu_ms=3.87
[prefill-layer-phase] chunk=1 start=1024 layer=34 kind=gdn phase=gdn_alpha_beta gpu_ms=0.01
[prefill-layer-phase] chunk=1 start=1024 layer=34 kind=gdn phase=gdn_prep gpu_ms=1.01
[prefill-layer-phase] chunk=1 start=1024 layer=34 kind=gdn phase=gdn_step gpu_ms=3.29
[prefill-layer-phase] chunk=1 start=1024 layer=34 kind=gdn phase=gdn_gated gpu_ms=0.76
[prefill-layer-phase] chunk=1 start=1024 layer=34 kind=gdn phase=gdn_back gpu_ms=6.81
[prefill-layer-phase] chunk=1 start=1024 layer=34 kind=gdn phase=mixer_resid gpu_ms=0.14
[prefill-layer-phase] chunk=1 start=1024 layer=34 kind=gdn phase=ffn_norm gpu_ms=0.06
[prefill-layer-phase] chunk=1 start=1024 layer=34 kind=gdn phase=ffn_gate_up_swiglu gpu_ms=36.11
[prefill-layer-phase] chunk=1 start=1024 layer=34 kind=gdn phase=ffn_down_resid gpu_ms=18.82
[prefill-layer-phase] chunk=1 start=1024 layer=35 kind=attn phase=pre_norm gpu_ms=0.05
[prefill-attn-phase] chunk=1 start=1024 layer=35 phase=proj gpu_ms=15.44
[prefill-attn-phase] chunk=1 start=1024 layer=35 phase=split_q_gate gpu_ms=0.19
[prefill-attn-phase] chunk=1 start=1024 layer=35 phase=norm gpu_ms=0.46
[prefill-attn-phase] chunk=1 start=1024 layer=35 phase=rope_scatter gpu_ms=0.09
[prefill-attn-matrix-g6-shape] layer=35 chunk_start=1024 chunk_p=1024 n_pos=2048 scores_mib=192.00 vt_stride=4096 vt_layer_mib=8.00 vt_update_base=1024 vt_update_rows=1024 vt_update_mib=2.00
[prefill-attn-phase] chunk=1 start=1024 layer=35 phase=body_matrix_kq gpu_ms=3.06
[prefill-attn-phase] chunk=1 start=1024 layer=35 phase=body_matrix_softmax gpu_ms=0.69
[prefill-attn-phase] chunk=1 start=1024 layer=35 phase=body_matrix_kqv gpu_ms=2.83
[prefill-layer-phase] chunk=1 start=1024 layer=35 kind=attn phase=attn_back gpu_ms=6.40
[prefill-layer-phase] chunk=1 start=1024 layer=35 kind=attn phase=mixer_resid gpu_ms=0.14
[prefill-layer-phase] chunk=1 start=1024 layer=35 kind=attn phase=ffn_norm gpu_ms=0.05
[prefill-layer-phase] chunk=1 start=1024 layer=35 kind=attn phase=ffn_gate_up_swiglu gpu_ms=35.76
[prefill-layer-phase] chunk=1 start=1024 layer=35 kind=attn phase=ffn_down_resid gpu_ms=17.84
[prefill-layer-phase] chunk=1 start=1024 layer=36 kind=gdn phase=pre_norm gpu_ms=0.06
[prefill-layer-phase] chunk=1 start=1024 layer=36 kind=gdn phase=gdn_qkv gpu_ms=10.26
[prefill-layer-phase] chunk=1 start=1024 layer=36 kind=gdn phase=gdn_z gpu_ms=6.34
[prefill-layer-phase] chunk=1 start=1024 layer=36 kind=gdn phase=gdn_beta_alpha gpu_ms=3.67
[prefill-layer-phase] chunk=1 start=1024 layer=36 kind=gdn phase=gdn_alpha_beta gpu_ms=0.02
[prefill-layer-phase] chunk=1 start=1024 layer=36 kind=gdn phase=gdn_prep gpu_ms=0.93
[prefill-layer-phase] chunk=1 start=1024 layer=36 kind=gdn phase=gdn_step gpu_ms=3.12
[prefill-layer-phase] chunk=1 start=1024 layer=36 kind=gdn phase=gdn_gated gpu_ms=0.79
[prefill-layer-phase] chunk=1 start=1024 layer=36 kind=gdn phase=gdn_back gpu_ms=6.83
[prefill-layer-phase] chunk=1 start=1024 layer=36 kind=gdn phase=mixer_resid gpu_ms=0.14
[prefill-layer-phase] chunk=1 start=1024 layer=36 kind=gdn phase=ffn_norm gpu_ms=0.06
[prefill-layer-phase] chunk=1 start=1024 layer=36 kind=gdn phase=ffn_gate_up_swiglu gpu_ms=35.56
[prefill-layer-phase] chunk=1 start=1024 layer=36 kind=gdn phase=ffn_down_resid gpu_ms=17.81
[prefill-layer-phase] chunk=1 start=1024 layer=37 kind=gdn phase=pre_norm gpu_ms=0.22
[prefill-layer-phase] chunk=1 start=1024 layer=37 kind=gdn phase=gdn_qkv gpu_ms=10.30
[prefill-layer-phase] chunk=1 start=1024 layer=37 kind=gdn phase=gdn_z gpu_ms=6.13
[prefill-layer-phase] chunk=1 start=1024 layer=37 kind=gdn phase=gdn_beta_alpha gpu_ms=3.67
[prefill-layer-phase] chunk=1 start=1024 layer=37 kind=gdn phase=gdn_alpha_beta gpu_ms=0.01
[prefill-layer-phase] chunk=1 start=1024 layer=37 kind=gdn phase=gdn_prep gpu_ms=0.96
[prefill-layer-phase] chunk=1 start=1024 layer=37 kind=gdn phase=gdn_step gpu_ms=3.31
[prefill-layer-phase] chunk=1 start=1024 layer=37 kind=gdn phase=gdn_gated gpu_ms=0.77
[prefill-layer-phase] chunk=1 start=1024 layer=37 kind=gdn phase=gdn_back gpu_ms=6.43
[prefill-layer-phase] chunk=1 start=1024 layer=37 kind=gdn phase=mixer_resid gpu_ms=0.11
[prefill-layer-phase] chunk=1 start=1024 layer=37 kind=gdn phase=ffn_norm gpu_ms=0.05
[prefill-layer-phase] chunk=1 start=1024 layer=37 kind=gdn phase=ffn_gate_up_swiglu gpu_ms=35.49
[prefill-layer-phase] chunk=1 start=1024 layer=37 kind=gdn phase=ffn_down_resid gpu_ms=17.59
[prefill-layer-phase] chunk=1 start=1024 layer=38 kind=gdn phase=pre_norm gpu_ms=0.27
[prefill-layer-phase] chunk=1 start=1024 layer=38 kind=gdn phase=gdn_qkv gpu_ms=10.04
[prefill-layer-phase] chunk=1 start=1024 layer=38 kind=gdn phase=gdn_z gpu_ms=5.93
[prefill-layer-phase] chunk=1 start=1024 layer=38 kind=gdn phase=gdn_beta_alpha gpu_ms=3.68
[prefill-layer-phase] chunk=1 start=1024 layer=38 kind=gdn phase=gdn_alpha_beta gpu_ms=0.01
[prefill-layer-phase] chunk=1 start=1024 layer=38 kind=gdn phase=gdn_prep gpu_ms=0.96
[prefill-layer-phase] chunk=1 start=1024 layer=38 kind=gdn phase=gdn_step gpu_ms=3.06
[prefill-layer-phase] chunk=1 start=1024 layer=38 kind=gdn phase=gdn_gated gpu_ms=0.78
[prefill-layer-phase] chunk=1 start=1024 layer=38 kind=gdn phase=gdn_back gpu_ms=6.90
[prefill-layer-phase] chunk=1 start=1024 layer=38 kind=gdn phase=mixer_resid gpu_ms=0.14
[prefill-layer-phase] chunk=1 start=1024 layer=38 kind=gdn phase=ffn_norm gpu_ms=0.05
[prefill-layer-phase] chunk=1 start=1024 layer=38 kind=gdn phase=ffn_gate_up_swiglu gpu_ms=35.11
[prefill-layer-phase] chunk=1 start=1024 layer=38 kind=gdn phase=ffn_down_resid gpu_ms=18.13
[prefill-layer-phase] chunk=1 start=1024 layer=39 kind=attn phase=pre_norm gpu_ms=0.05
[prefill-attn-phase] chunk=1 start=1024 layer=39 phase=proj gpu_ms=14.84
[prefill-attn-phase] chunk=1 start=1024 layer=39 phase=split_q_gate gpu_ms=0.18
[prefill-attn-phase] chunk=1 start=1024 layer=39 phase=norm gpu_ms=0.46
[prefill-attn-phase] chunk=1 start=1024 layer=39 phase=rope_scatter gpu_ms=0.09
[prefill-attn-matrix-g6-shape] layer=39 chunk_start=1024 chunk_p=1024 n_pos=2048 scores_mib=192.00 vt_stride=4096 vt_layer_mib=8.00 vt_update_base=1024 vt_update_rows=1024 vt_update_mib=2.00
[prefill-attn-phase] chunk=1 start=1024 layer=39 phase=body_matrix_kq gpu_ms=3.06
[prefill-attn-phase] chunk=1 start=1024 layer=39 phase=body_matrix_softmax gpu_ms=0.68
[prefill-attn-phase] chunk=1 start=1024 layer=39 phase=body_matrix_kqv gpu_ms=2.79
[prefill-layer-phase] chunk=1 start=1024 layer=39 kind=attn phase=attn_back gpu_ms=6.44
[prefill-layer-phase] chunk=1 start=1024 layer=39 kind=attn phase=mixer_resid gpu_ms=0.14
[prefill-layer-phase] chunk=1 start=1024 layer=39 kind=attn phase=ffn_norm gpu_ms=0.06
[prefill-layer-phase] chunk=1 start=1024 layer=39 kind=attn phase=ffn_gate_up_swiglu gpu_ms=35.50
[prefill-layer-phase] chunk=1 start=1024 layer=39 kind=attn phase=ffn_down_resid gpu_ms=18.12
[prefill-layer-phase] chunk=1 start=1024 layer=40 kind=gdn phase=pre_norm gpu_ms=0.06
[prefill-layer-phase] chunk=1 start=1024 layer=40 kind=gdn phase=gdn_qkv gpu_ms=10.28
[prefill-layer-phase] chunk=1 start=1024 layer=40 kind=gdn phase=gdn_z gpu_ms=6.08
[prefill-layer-phase] chunk=1 start=1024 layer=40 kind=gdn phase=gdn_beta_alpha gpu_ms=3.65
[prefill-layer-phase] chunk=1 start=1024 layer=40 kind=gdn phase=gdn_alpha_beta gpu_ms=0.01
[prefill-layer-phase] chunk=1 start=1024 layer=40 kind=gdn phase=gdn_prep gpu_ms=0.95
[prefill-layer-phase] chunk=1 start=1024 layer=40 kind=gdn phase=gdn_step gpu_ms=3.67
[prefill-layer-phase] chunk=1 start=1024 layer=40 kind=gdn phase=gdn_gated gpu_ms=0.89
[prefill-layer-phase] chunk=1 start=1024 layer=40 kind=gdn phase=gdn_back gpu_ms=6.71
[prefill-layer-phase] chunk=1 start=1024 layer=40 kind=gdn phase=mixer_resid gpu_ms=0.10
[prefill-layer-phase] chunk=1 start=1024 layer=40 kind=gdn phase=ffn_norm gpu_ms=0.05
[prefill-layer-phase] chunk=1 start=1024 layer=40 kind=gdn phase=ffn_gate_up_swiglu gpu_ms=35.12
[prefill-layer-phase] chunk=1 start=1024 layer=40 kind=gdn phase=ffn_down_resid gpu_ms=18.40
[prefill-layer-phase] chunk=1 start=1024 layer=41 kind=gdn phase=pre_norm gpu_ms=0.06
[prefill-layer-phase] chunk=1 start=1024 layer=41 kind=gdn phase=gdn_qkv gpu_ms=10.33
[prefill-layer-phase] chunk=1 start=1024 layer=41 kind=gdn phase=gdn_z gpu_ms=6.11
[prefill-layer-phase] chunk=1 start=1024 layer=41 kind=gdn phase=gdn_beta_alpha gpu_ms=3.60
[prefill-layer-phase] chunk=1 start=1024 layer=41 kind=gdn phase=gdn_alpha_beta gpu_ms=0.01
[prefill-layer-phase] chunk=1 start=1024 layer=41 kind=gdn phase=gdn_prep gpu_ms=0.94
[prefill-layer-phase] chunk=1 start=1024 layer=41 kind=gdn phase=gdn_step gpu_ms=3.41
[prefill-layer-phase] chunk=1 start=1024 layer=41 kind=gdn phase=gdn_gated gpu_ms=0.78
[prefill-layer-phase] chunk=1 start=1024 layer=41 kind=gdn phase=gdn_back gpu_ms=6.61
[prefill-layer-phase] chunk=1 start=1024 layer=41 kind=gdn phase=mixer_resid gpu_ms=0.10
[prefill-layer-phase] chunk=1 start=1024 layer=41 kind=gdn phase=ffn_norm gpu_ms=0.05
[prefill-layer-phase] chunk=1 start=1024 layer=41 kind=gdn phase=ffn_gate_up_swiglu gpu_ms=35.41
[prefill-layer-phase] chunk=1 start=1024 layer=41 kind=gdn phase=ffn_down_resid gpu_ms=17.66
[prefill-layer-phase] chunk=1 start=1024 layer=42 kind=gdn phase=pre_norm gpu_ms=0.13
[prefill-layer-phase] chunk=1 start=1024 layer=42 kind=gdn phase=gdn_qkv gpu_ms=9.98
[prefill-layer-phase] chunk=1 start=1024 layer=42 kind=gdn phase=gdn_z gpu_ms=5.94
[prefill-layer-phase] chunk=1 start=1024 layer=42 kind=gdn phase=gdn_beta_alpha gpu_ms=3.57
[prefill-layer-phase] chunk=1 start=1024 layer=42 kind=gdn phase=gdn_alpha_beta gpu_ms=0.01
[prefill-layer-phase] chunk=1 start=1024 layer=42 kind=gdn phase=gdn_prep gpu_ms=0.94
[prefill-layer-phase] chunk=1 start=1024 layer=42 kind=gdn phase=gdn_step gpu_ms=3.11
[prefill-layer-phase] chunk=1 start=1024 layer=42 kind=gdn phase=gdn_gated gpu_ms=0.90
[prefill-layer-phase] chunk=1 start=1024 layer=42 kind=gdn phase=gdn_back gpu_ms=6.31
[prefill-layer-phase] chunk=1 start=1024 layer=42 kind=gdn phase=mixer_resid gpu_ms=0.13
[prefill-layer-phase] chunk=1 start=1024 layer=42 kind=gdn phase=ffn_norm gpu_ms=0.09
[prefill-layer-phase] chunk=1 start=1024 layer=42 kind=gdn phase=ffn_gate_up_swiglu gpu_ms=35.04
[prefill-layer-phase] chunk=1 start=1024 layer=42 kind=gdn phase=ffn_down_resid gpu_ms=17.76
[prefill-layer-phase] chunk=1 start=1024 layer=43 kind=attn phase=pre_norm gpu_ms=0.06
[prefill-attn-phase] chunk=1 start=1024 layer=43 phase=proj gpu_ms=14.70
[prefill-attn-phase] chunk=1 start=1024 layer=43 phase=split_q_gate gpu_ms=0.18
[prefill-attn-phase] chunk=1 start=1024 layer=43 phase=norm gpu_ms=0.46
[prefill-attn-phase] chunk=1 start=1024 layer=43 phase=rope_scatter gpu_ms=0.09
[prefill-attn-matrix-g6-shape] layer=43 chunk_start=1024 chunk_p=1024 n_pos=2048 scores_mib=192.00 vt_stride=4096 vt_layer_mib=8.00 vt_update_base=1024 vt_update_rows=1024 vt_update_mib=2.00
[prefill-attn-phase] chunk=1 start=1024 layer=43 phase=body_matrix_kq gpu_ms=3.06
[prefill-attn-phase] chunk=1 start=1024 layer=43 phase=body_matrix_softmax gpu_ms=0.68
[prefill-attn-phase] chunk=1 start=1024 layer=43 phase=body_matrix_kqv gpu_ms=2.71
[prefill-layer-phase] chunk=1 start=1024 layer=43 kind=attn phase=attn_back gpu_ms=6.55
[prefill-layer-phase] chunk=1 start=1024 layer=43 kind=attn phase=mixer_resid gpu_ms=0.14
[prefill-layer-phase] chunk=1 start=1024 layer=43 kind=attn phase=ffn_norm gpu_ms=0.06
[prefill-layer-phase] chunk=1 start=1024 layer=43 kind=attn phase=ffn_gate_up_swiglu gpu_ms=35.02
[prefill-layer-phase] chunk=1 start=1024 layer=43 kind=attn phase=ffn_down_resid gpu_ms=18.40
[prefill-layer-phase] chunk=1 start=1024 layer=44 kind=gdn phase=pre_norm gpu_ms=0.06
[prefill-layer-phase] chunk=1 start=1024 layer=44 kind=gdn phase=gdn_qkv gpu_ms=9.84
[prefill-layer-phase] chunk=1 start=1024 layer=44 kind=gdn phase=gdn_z gpu_ms=6.14
[prefill-layer-phase] chunk=1 start=1024 layer=44 kind=gdn phase=gdn_beta_alpha gpu_ms=3.53
[prefill-layer-phase] chunk=1 start=1024 layer=44 kind=gdn phase=gdn_alpha_beta gpu_ms=0.01
[prefill-layer-phase] chunk=1 start=1024 layer=44 kind=gdn phase=gdn_prep gpu_ms=0.95
[prefill-layer-phase] chunk=1 start=1024 layer=44 kind=gdn phase=gdn_step gpu_ms=3.56
[prefill-layer-phase] chunk=1 start=1024 layer=44 kind=gdn phase=gdn_gated gpu_ms=0.77
[prefill-layer-phase] chunk=1 start=1024 layer=44 kind=gdn phase=gdn_back gpu_ms=6.56
[prefill-layer-phase] chunk=1 start=1024 layer=44 kind=gdn phase=mixer_resid gpu_ms=0.10
[prefill-layer-phase] chunk=1 start=1024 layer=44 kind=gdn phase=ffn_norm gpu_ms=0.05
[prefill-layer-phase] chunk=1 start=1024 layer=44 kind=gdn phase=ffn_gate_up_swiglu gpu_ms=34.42
[prefill-layer-phase] chunk=1 start=1024 layer=44 kind=gdn phase=ffn_down_resid gpu_ms=17.52
[prefill-layer-phase] chunk=1 start=1024 layer=45 kind=gdn phase=pre_norm gpu_ms=0.05
[prefill-layer-phase] chunk=1 start=1024 layer=45 kind=gdn phase=gdn_qkv gpu_ms=9.92
[prefill-layer-phase] chunk=1 start=1024 layer=45 kind=gdn phase=gdn_z gpu_ms=5.99
[prefill-layer-phase] chunk=1 start=1024 layer=45 kind=gdn phase=gdn_beta_alpha gpu_ms=3.62
[prefill-layer-phase] chunk=1 start=1024 layer=45 kind=gdn phase=gdn_alpha_beta gpu_ms=0.01
[prefill-layer-phase] chunk=1 start=1024 layer=45 kind=gdn phase=gdn_prep gpu_ms=0.94
[prefill-layer-phase] chunk=1 start=1024 layer=45 kind=gdn phase=gdn_step gpu_ms=3.42
[prefill-layer-phase] chunk=1 start=1024 layer=45 kind=gdn phase=gdn_gated gpu_ms=0.77
[prefill-layer-phase] chunk=1 start=1024 layer=45 kind=gdn phase=gdn_back gpu_ms=6.33
[prefill-layer-phase] chunk=1 start=1024 layer=45 kind=gdn phase=mixer_resid gpu_ms=0.14
[prefill-layer-phase] chunk=1 start=1024 layer=45 kind=gdn phase=ffn_norm gpu_ms=0.34
[prefill-layer-phase] chunk=1 start=1024 layer=45 kind=gdn phase=ffn_gate_up_swiglu gpu_ms=34.20
[prefill-layer-phase] chunk=1 start=1024 layer=45 kind=gdn phase=ffn_down_resid gpu_ms=17.62
[prefill-layer-phase] chunk=1 start=1024 layer=46 kind=gdn phase=pre_norm gpu_ms=0.06
[prefill-layer-phase] chunk=1 start=1024 layer=46 kind=gdn phase=gdn_qkv gpu_ms=10.37
[prefill-layer-phase] chunk=1 start=1024 layer=46 kind=gdn phase=gdn_z gpu_ms=6.12
[prefill-layer-phase] chunk=1 start=1024 layer=46 kind=gdn phase=gdn_beta_alpha gpu_ms=3.80
[prefill-layer-phase] chunk=1 start=1024 layer=46 kind=gdn phase=gdn_alpha_beta gpu_ms=0.01
[prefill-layer-phase] chunk=1 start=1024 layer=46 kind=gdn phase=gdn_prep gpu_ms=0.94
[prefill-layer-phase] chunk=1 start=1024 layer=46 kind=gdn phase=gdn_step gpu_ms=3.28
[prefill-layer-phase] chunk=1 start=1024 layer=46 kind=gdn phase=gdn_gated gpu_ms=0.79
[prefill-layer-phase] chunk=1 start=1024 layer=46 kind=gdn phase=gdn_back gpu_ms=6.91
[prefill-layer-phase] chunk=1 start=1024 layer=46 kind=gdn phase=mixer_resid gpu_ms=0.13
[prefill-layer-phase] chunk=1 start=1024 layer=46 kind=gdn phase=ffn_norm gpu_ms=0.05
[prefill-layer-phase] chunk=1 start=1024 layer=46 kind=gdn phase=ffn_gate_up_swiglu gpu_ms=35.51
[prefill-layer-phase] chunk=1 start=1024 layer=46 kind=gdn phase=ffn_down_resid gpu_ms=18.13
[prefill-layer-phase] chunk=1 start=1024 layer=47 kind=attn phase=pre_norm gpu_ms=0.10
[prefill-attn-phase] chunk=1 start=1024 layer=47 phase=proj gpu_ms=14.56
[prefill-attn-phase] chunk=1 start=1024 layer=47 phase=split_q_gate gpu_ms=0.18
[prefill-attn-phase] chunk=1 start=1024 layer=47 phase=norm gpu_ms=0.46
[prefill-attn-phase] chunk=1 start=1024 layer=47 phase=rope_scatter gpu_ms=0.09
[prefill-attn-matrix-g6-shape] layer=47 chunk_start=1024 chunk_p=1024 n_pos=2048 scores_mib=192.00 vt_stride=4096 vt_layer_mib=8.00 vt_update_base=1024 vt_update_rows=1024 vt_update_mib=2.00
[prefill-attn-phase] chunk=1 start=1024 layer=47 phase=body_matrix_kq gpu_ms=2.61
[prefill-attn-phase] chunk=1 start=1024 layer=47 phase=body_matrix_softmax gpu_ms=0.70
[prefill-attn-phase] chunk=1 start=1024 layer=47 phase=body_matrix_kqv gpu_ms=3.06
[prefill-layer-phase] chunk=1 start=1024 layer=47 kind=attn phase=attn_back gpu_ms=6.08
[prefill-layer-phase] chunk=1 start=1024 layer=47 kind=attn phase=mixer_resid gpu_ms=0.29
[prefill-layer-phase] chunk=1 start=1024 layer=47 kind=attn phase=ffn_norm gpu_ms=0.06
[prefill-layer-phase] chunk=1 start=1024 layer=47 kind=attn phase=ffn_gate_up_swiglu gpu_ms=34.59
[prefill-layer-phase] chunk=1 start=1024 layer=47 kind=attn phase=ffn_down_resid gpu_ms=17.71
[prefill-layer-phase] chunk=1 start=1024 layer=48 kind=gdn phase=pre_norm gpu_ms=0.05
[prefill-layer-phase] chunk=1 start=1024 layer=48 kind=gdn phase=gdn_qkv gpu_ms=10.12
[prefill-layer-phase] chunk=1 start=1024 layer=48 kind=gdn phase=gdn_z gpu_ms=5.90
[prefill-layer-phase] chunk=1 start=1024 layer=48 kind=gdn phase=gdn_beta_alpha gpu_ms=3.65
[prefill-layer-phase] chunk=1 start=1024 layer=48 kind=gdn phase=gdn_alpha_beta gpu_ms=0.01
[prefill-layer-phase] chunk=1 start=1024 layer=48 kind=gdn phase=gdn_prep gpu_ms=0.97
[prefill-layer-phase] chunk=1 start=1024 layer=48 kind=gdn phase=gdn_step gpu_ms=3.04
[prefill-layer-phase] chunk=1 start=1024 layer=48 kind=gdn phase=gdn_gated gpu_ms=0.79
[prefill-layer-phase] chunk=1 start=1024 layer=48 kind=gdn phase=gdn_back gpu_ms=7.05
[prefill-layer-phase] chunk=1 start=1024 layer=48 kind=gdn phase=mixer_resid gpu_ms=0.14
[prefill-layer-phase] chunk=1 start=1024 layer=48 kind=gdn phase=ffn_norm gpu_ms=0.05
[prefill-layer-phase] chunk=1 start=1024 layer=48 kind=gdn phase=ffn_gate_up_swiglu gpu_ms=35.20
[prefill-layer-phase] chunk=1 start=1024 layer=48 kind=gdn phase=ffn_down_resid gpu_ms=17.69
[prefill-layer-phase] chunk=1 start=1024 layer=49 kind=gdn phase=pre_norm gpu_ms=0.09
[prefill-layer-phase] chunk=1 start=1024 layer=49 kind=gdn phase=gdn_qkv gpu_ms=10.39
[prefill-layer-phase] chunk=1 start=1024 layer=49 kind=gdn phase=gdn_z gpu_ms=6.19
[prefill-layer-phase] chunk=1 start=1024 layer=49 kind=gdn phase=gdn_beta_alpha gpu_ms=3.80
[prefill-layer-phase] chunk=1 start=1024 layer=49 kind=gdn phase=gdn_alpha_beta gpu_ms=0.01
[prefill-layer-phase] chunk=1 start=1024 layer=49 kind=gdn phase=gdn_prep gpu_ms=0.95
[prefill-layer-phase] chunk=1 start=1024 layer=49 kind=gdn phase=gdn_step gpu_ms=3.25
[prefill-layer-phase] chunk=1 start=1024 layer=49 kind=gdn phase=gdn_gated gpu_ms=0.79
[prefill-layer-phase] chunk=1 start=1024 layer=49 kind=gdn phase=gdn_back gpu_ms=6.87
[prefill-layer-phase] chunk=1 start=1024 layer=49 kind=gdn phase=mixer_resid gpu_ms=0.13
[prefill-layer-phase] chunk=1 start=1024 layer=49 kind=gdn phase=ffn_norm gpu_ms=0.05
[prefill-layer-phase] chunk=1 start=1024 layer=49 kind=gdn phase=ffn_gate_up_swiglu gpu_ms=35.45
[prefill-layer-phase] chunk=1 start=1024 layer=49 kind=gdn phase=ffn_down_resid gpu_ms=18.17
[prefill-layer-phase] chunk=1 start=1024 layer=50 kind=gdn phase=pre_norm gpu_ms=0.06
[prefill-layer-phase] chunk=1 start=1024 layer=50 kind=gdn phase=gdn_qkv gpu_ms=10.18
[prefill-layer-phase] chunk=1 start=1024 layer=50 kind=gdn phase=gdn_z gpu_ms=6.09
[prefill-layer-phase] chunk=1 start=1024 layer=50 kind=gdn phase=gdn_beta_alpha gpu_ms=3.74
[prefill-layer-phase] chunk=1 start=1024 layer=50 kind=gdn phase=gdn_alpha_beta gpu_ms=0.01
[prefill-layer-phase] chunk=1 start=1024 layer=50 kind=gdn phase=gdn_prep gpu_ms=0.95
[prefill-layer-phase] chunk=1 start=1024 layer=50 kind=gdn phase=gdn_step gpu_ms=3.31
[prefill-layer-phase] chunk=1 start=1024 layer=50 kind=gdn phase=gdn_gated gpu_ms=0.79
[prefill-layer-phase] chunk=1 start=1024 layer=50 kind=gdn phase=gdn_back gpu_ms=6.90
[prefill-layer-phase] chunk=1 start=1024 layer=50 kind=gdn phase=mixer_resid gpu_ms=0.13
[prefill-layer-phase] chunk=1 start=1024 layer=50 kind=gdn phase=ffn_norm gpu_ms=0.05
[prefill-layer-phase] chunk=1 start=1024 layer=50 kind=gdn phase=ffn_gate_up_swiglu gpu_ms=34.57
[prefill-layer-phase] chunk=1 start=1024 layer=50 kind=gdn phase=ffn_down_resid gpu_ms=17.59
[prefill-layer-phase] chunk=1 start=1024 layer=51 kind=attn phase=pre_norm gpu_ms=0.06
[prefill-attn-phase] chunk=1 start=1024 layer=51 phase=proj gpu_ms=14.85
[prefill-attn-phase] chunk=1 start=1024 layer=51 phase=split_q_gate gpu_ms=0.18
[prefill-attn-phase] chunk=1 start=1024 layer=51 phase=norm gpu_ms=0.46
[prefill-attn-phase] chunk=1 start=1024 layer=51 phase=rope_scatter gpu_ms=0.32
[prefill-attn-matrix-g6-shape] layer=51 chunk_start=1024 chunk_p=1024 n_pos=2048 scores_mib=192.00 vt_stride=4096 vt_layer_mib=8.00 vt_update_base=1024 vt_update_rows=1024 vt_update_mib=2.00
[prefill-attn-phase] chunk=1 start=1024 layer=51 phase=body_matrix_kq gpu_ms=2.66
[prefill-attn-phase] chunk=1 start=1024 layer=51 phase=body_matrix_softmax gpu_ms=0.70
[prefill-attn-phase] chunk=1 start=1024 layer=51 phase=body_matrix_kqv gpu_ms=3.06
[prefill-layer-phase] chunk=1 start=1024 layer=51 kind=attn phase=attn_back gpu_ms=6.05
[prefill-layer-phase] chunk=1 start=1024 layer=51 kind=attn phase=mixer_resid gpu_ms=0.14
[prefill-layer-phase] chunk=1 start=1024 layer=51 kind=attn phase=ffn_norm gpu_ms=0.05
[prefill-layer-phase] chunk=1 start=1024 layer=51 kind=attn phase=ffn_gate_up_swiglu gpu_ms=35.16
[prefill-layer-phase] chunk=1 start=1024 layer=51 kind=attn phase=ffn_down_resid gpu_ms=17.66
[prefill-layer-phase] chunk=1 start=1024 layer=52 kind=gdn phase=pre_norm gpu_ms=0.10
[prefill-layer-phase] chunk=1 start=1024 layer=52 kind=gdn phase=gdn_qkv gpu_ms=10.36
[prefill-layer-phase] chunk=1 start=1024 layer=52 kind=gdn phase=gdn_z gpu_ms=6.50
[prefill-layer-phase] chunk=1 start=1024 layer=52 kind=gdn phase=gdn_beta_alpha gpu_ms=3.87
[prefill-layer-phase] chunk=1 start=1024 layer=52 kind=gdn phase=gdn_alpha_beta gpu_ms=0.01
[prefill-layer-phase] chunk=1 start=1024 layer=52 kind=gdn phase=gdn_prep gpu_ms=1.00
[prefill-layer-phase] chunk=1 start=1024 layer=52 kind=gdn phase=gdn_step gpu_ms=3.03
[prefill-layer-phase] chunk=1 start=1024 layer=52 kind=gdn phase=gdn_gated gpu_ms=0.78
[prefill-layer-phase] chunk=1 start=1024 layer=52 kind=gdn phase=gdn_back gpu_ms=6.80
[prefill-layer-phase] chunk=1 start=1024 layer=52 kind=gdn phase=mixer_resid gpu_ms=0.14
[prefill-layer-phase] chunk=1 start=1024 layer=52 kind=gdn phase=ffn_norm gpu_ms=0.05
[prefill-layer-phase] chunk=1 start=1024 layer=52 kind=gdn phase=ffn_gate_up_swiglu gpu_ms=35.53
[prefill-layer-phase] chunk=1 start=1024 layer=52 kind=gdn phase=ffn_down_resid gpu_ms=18.32
[prefill-layer-phase] chunk=1 start=1024 layer=53 kind=gdn phase=pre_norm gpu_ms=0.06
[prefill-layer-phase] chunk=1 start=1024 layer=53 kind=gdn phase=gdn_qkv gpu_ms=10.19
[prefill-layer-phase] chunk=1 start=1024 layer=53 kind=gdn phase=gdn_z gpu_ms=6.38
[prefill-layer-phase] chunk=1 start=1024 layer=53 kind=gdn phase=gdn_beta_alpha gpu_ms=3.57
[prefill-layer-phase] chunk=1 start=1024 layer=53 kind=gdn phase=gdn_alpha_beta gpu_ms=0.01
[prefill-layer-phase] chunk=1 start=1024 layer=53 kind=gdn phase=gdn_prep gpu_ms=0.94
[prefill-layer-phase] chunk=1 start=1024 layer=53 kind=gdn phase=gdn_step gpu_ms=3.15
[prefill-layer-phase] chunk=1 start=1024 layer=53 kind=gdn phase=gdn_gated gpu_ms=0.78
[prefill-layer-phase] chunk=1 start=1024 layer=53 kind=gdn phase=gdn_back gpu_ms=6.63
[prefill-layer-phase] chunk=1 start=1024 layer=53 kind=gdn phase=mixer_resid gpu_ms=0.14
[prefill-layer-phase] chunk=1 start=1024 layer=53 kind=gdn phase=ffn_norm gpu_ms=0.05
[prefill-layer-phase] chunk=1 start=1024 layer=53 kind=gdn phase=ffn_gate_up_swiglu gpu_ms=35.23
[prefill-layer-phase] chunk=1 start=1024 layer=53 kind=gdn phase=ffn_down_resid gpu_ms=18.10
[prefill-layer-phase] chunk=1 start=1024 layer=54 kind=gdn phase=pre_norm gpu_ms=0.06
[prefill-layer-phase] chunk=1 start=1024 layer=54 kind=gdn phase=gdn_qkv gpu_ms=9.68
[prefill-layer-phase] chunk=1 start=1024 layer=54 kind=gdn phase=gdn_z gpu_ms=6.27
[prefill-layer-phase] chunk=1 start=1024 layer=54 kind=gdn phase=gdn_beta_alpha gpu_ms=3.58
[prefill-layer-phase] chunk=1 start=1024 layer=54 kind=gdn phase=gdn_alpha_beta gpu_ms=0.01
[prefill-layer-phase] chunk=1 start=1024 layer=54 kind=gdn phase=gdn_prep gpu_ms=0.96
[prefill-layer-phase] chunk=1 start=1024 layer=54 kind=gdn phase=gdn_step gpu_ms=3.33
[prefill-layer-phase] chunk=1 start=1024 layer=54 kind=gdn phase=gdn_gated gpu_ms=0.76
[prefill-layer-phase] chunk=1 start=1024 layer=54 kind=gdn phase=gdn_back gpu_ms=6.41
[prefill-layer-phase] chunk=1 start=1024 layer=54 kind=gdn phase=mixer_resid gpu_ms=0.29
[prefill-layer-phase] chunk=1 start=1024 layer=54 kind=gdn phase=ffn_norm gpu_ms=0.05
[prefill-layer-phase] chunk=1 start=1024 layer=54 kind=gdn phase=ffn_gate_up_swiglu gpu_ms=34.21
[prefill-layer-phase] chunk=1 start=1024 layer=54 kind=gdn phase=ffn_down_resid gpu_ms=17.92
[prefill-layer-phase] chunk=1 start=1024 layer=55 kind=attn phase=pre_norm gpu_ms=0.06
[prefill-attn-phase] chunk=1 start=1024 layer=55 phase=proj gpu_ms=13.85
[prefill-attn-phase] chunk=1 start=1024 layer=55 phase=split_q_gate gpu_ms=0.18
[prefill-attn-phase] chunk=1 start=1024 layer=55 phase=norm gpu_ms=0.45
[prefill-attn-phase] chunk=1 start=1024 layer=55 phase=rope_scatter gpu_ms=0.09
[prefill-attn-matrix-g6-shape] layer=55 chunk_start=1024 chunk_p=1024 n_pos=2048 scores_mib=192.00 vt_stride=4096 vt_layer_mib=8.00 vt_update_base=1024 vt_update_rows=1024 vt_update_mib=2.00
[prefill-attn-phase] chunk=1 start=1024 layer=55 phase=body_matrix_kq gpu_ms=2.48
[prefill-attn-phase] chunk=1 start=1024 layer=55 phase=body_matrix_softmax gpu_ms=0.69
[prefill-attn-phase] chunk=1 start=1024 layer=55 phase=body_matrix_kqv gpu_ms=2.86
[prefill-layer-phase] chunk=1 start=1024 layer=55 kind=attn phase=attn_back gpu_ms=5.51
[prefill-layer-phase] chunk=1 start=1024 layer=55 kind=attn phase=mixer_resid gpu_ms=0.09
[prefill-layer-phase] chunk=1 start=1024 layer=55 kind=attn phase=ffn_norm gpu_ms=0.06
[prefill-layer-phase] chunk=1 start=1024 layer=55 kind=attn phase=ffn_gate_up_swiglu gpu_ms=33.09
[prefill-layer-phase] chunk=1 start=1024 layer=55 kind=attn phase=ffn_down_resid gpu_ms=17.80
[prefill-layer-phase] chunk=1 start=1024 layer=56 kind=gdn phase=pre_norm gpu_ms=0.10
[prefill-layer-phase] chunk=1 start=1024 layer=56 kind=gdn phase=gdn_qkv gpu_ms=10.40
[prefill-layer-phase] chunk=1 start=1024 layer=56 kind=gdn phase=gdn_z gpu_ms=6.27
[prefill-layer-phase] chunk=1 start=1024 layer=56 kind=gdn phase=gdn_beta_alpha gpu_ms=3.89
[prefill-layer-phase] chunk=1 start=1024 layer=56 kind=gdn phase=gdn_alpha_beta gpu_ms=0.01
[prefill-layer-phase] chunk=1 start=1024 layer=56 kind=gdn phase=gdn_prep gpu_ms=1.02
[prefill-layer-phase] chunk=1 start=1024 layer=56 kind=gdn phase=gdn_step gpu_ms=3.00
[prefill-layer-phase] chunk=1 start=1024 layer=56 kind=gdn phase=gdn_gated gpu_ms=0.78
[prefill-layer-phase] chunk=1 start=1024 layer=56 kind=gdn phase=gdn_back gpu_ms=6.65
[prefill-layer-phase] chunk=1 start=1024 layer=56 kind=gdn phase=mixer_resid gpu_ms=0.14
[prefill-layer-phase] chunk=1 start=1024 layer=56 kind=gdn phase=ffn_norm gpu_ms=0.05
[prefill-layer-phase] chunk=1 start=1024 layer=56 kind=gdn phase=ffn_gate_up_swiglu gpu_ms=34.45
[prefill-layer-phase] chunk=1 start=1024 layer=56 kind=gdn phase=ffn_down_resid gpu_ms=17.62
[prefill-layer-phase] chunk=1 start=1024 layer=57 kind=gdn phase=pre_norm gpu_ms=0.06
[prefill-layer-phase] chunk=1 start=1024 layer=57 kind=gdn phase=gdn_qkv gpu_ms=9.95
[prefill-layer-phase] chunk=1 start=1024 layer=57 kind=gdn phase=gdn_z gpu_ms=5.98
[prefill-layer-phase] chunk=1 start=1024 layer=57 kind=gdn phase=gdn_beta_alpha gpu_ms=3.43
[prefill-layer-phase] chunk=1 start=1024 layer=57 kind=gdn phase=gdn_alpha_beta gpu_ms=0.01
[prefill-layer-phase] chunk=1 start=1024 layer=57 kind=gdn phase=gdn_prep gpu_ms=0.94
[prefill-layer-phase] chunk=1 start=1024 layer=57 kind=gdn phase=gdn_step gpu_ms=3.41
[prefill-layer-phase] chunk=1 start=1024 layer=57 kind=gdn phase=gdn_gated gpu_ms=0.88
[prefill-layer-phase] chunk=1 start=1024 layer=57 kind=gdn phase=gdn_back gpu_ms=6.53
[prefill-layer-phase] chunk=1 start=1024 layer=57 kind=gdn phase=mixer_resid gpu_ms=0.10
[prefill-layer-phase] chunk=1 start=1024 layer=57 kind=gdn phase=ffn_norm gpu_ms=0.05
[prefill-layer-phase] chunk=1 start=1024 layer=57 kind=gdn phase=ffn_gate_up_swiglu gpu_ms=34.82
[prefill-layer-phase] chunk=1 start=1024 layer=57 kind=gdn phase=ffn_down_resid gpu_ms=18.07
[prefill-layer-phase] chunk=1 start=1024 layer=58 kind=gdn phase=pre_norm gpu_ms=0.06
[prefill-layer-phase] chunk=1 start=1024 layer=58 kind=gdn phase=gdn_qkv gpu_ms=10.11
[prefill-layer-phase] chunk=1 start=1024 layer=58 kind=gdn phase=gdn_z gpu_ms=5.73
[prefill-layer-phase] chunk=1 start=1024 layer=58 kind=gdn phase=gdn_beta_alpha gpu_ms=3.95
[prefill-layer-phase] chunk=1 start=1024 layer=58 kind=gdn phase=gdn_alpha_beta gpu_ms=0.01
[prefill-layer-phase] chunk=1 start=1024 layer=58 kind=gdn phase=gdn_prep gpu_ms=0.92
[prefill-layer-phase] chunk=1 start=1024 layer=58 kind=gdn phase=gdn_step gpu_ms=3.08
[prefill-layer-phase] chunk=1 start=1024 layer=58 kind=gdn phase=gdn_gated gpu_ms=0.82
[prefill-layer-phase] chunk=1 start=1024 layer=58 kind=gdn phase=gdn_back gpu_ms=6.38
[prefill-layer-phase] chunk=1 start=1024 layer=58 kind=gdn phase=mixer_resid gpu_ms=0.13
[prefill-layer-phase] chunk=1 start=1024 layer=58 kind=gdn phase=ffn_norm gpu_ms=0.06
[prefill-layer-phase] chunk=1 start=1024 layer=58 kind=gdn phase=ffn_gate_up_swiglu gpu_ms=35.00
[prefill-layer-phase] chunk=1 start=1024 layer=58 kind=gdn phase=ffn_down_resid gpu_ms=17.90
[prefill-layer-phase] chunk=1 start=1024 layer=59 kind=attn phase=pre_norm gpu_ms=0.08
[prefill-attn-phase] chunk=1 start=1024 layer=59 phase=proj gpu_ms=14.58
[prefill-attn-phase] chunk=1 start=1024 layer=59 phase=split_q_gate gpu_ms=0.19
[prefill-attn-phase] chunk=1 start=1024 layer=59 phase=norm gpu_ms=0.45
[prefill-attn-phase] chunk=1 start=1024 layer=59 phase=rope_scatter gpu_ms=0.09
[prefill-attn-matrix-g6-shape] layer=59 chunk_start=1024 chunk_p=1024 n_pos=2048 scores_mib=192.00 vt_stride=4096 vt_layer_mib=8.00 vt_update_base=1024 vt_update_rows=1024 vt_update_mib=2.00
[prefill-attn-phase] chunk=1 start=1024 layer=59 phase=body_matrix_kq gpu_ms=2.71
[prefill-attn-phase] chunk=1 start=1024 layer=59 phase=body_matrix_softmax gpu_ms=0.69
[prefill-attn-phase] chunk=1 start=1024 layer=59 phase=body_matrix_kqv gpu_ms=3.24
[prefill-layer-phase] chunk=1 start=1024 layer=59 kind=attn phase=attn_back gpu_ms=6.35
[prefill-layer-phase] chunk=1 start=1024 layer=59 kind=attn phase=mixer_resid gpu_ms=0.14
[prefill-layer-phase] chunk=1 start=1024 layer=59 kind=attn phase=ffn_norm gpu_ms=0.06
[prefill-layer-phase] chunk=1 start=1024 layer=59 kind=attn phase=ffn_gate_up_swiglu gpu_ms=34.86
[prefill-layer-phase] chunk=1 start=1024 layer=59 kind=attn phase=ffn_down_resid gpu_ms=18.14
[prefill-layer-phase] chunk=1 start=1024 layer=60 kind=gdn phase=pre_norm gpu_ms=0.06
[prefill-layer-phase] chunk=1 start=1024 layer=60 kind=gdn phase=gdn_qkv gpu_ms=10.31
[prefill-layer-phase] chunk=1 start=1024 layer=60 kind=gdn phase=gdn_z gpu_ms=5.68
[prefill-layer-phase] chunk=1 start=1024 layer=60 kind=gdn phase=gdn_beta_alpha gpu_ms=3.61
[prefill-layer-phase] chunk=1 start=1024 layer=60 kind=gdn phase=gdn_alpha_beta gpu_ms=0.01
[prefill-layer-phase] chunk=1 start=1024 layer=60 kind=gdn phase=gdn_prep gpu_ms=0.94
[prefill-layer-phase] chunk=1 start=1024 layer=60 kind=gdn phase=gdn_step gpu_ms=3.03
[prefill-layer-phase] chunk=1 start=1024 layer=60 kind=gdn phase=gdn_gated gpu_ms=1.18
[prefill-layer-phase] chunk=1 start=1024 layer=60 kind=gdn phase=gdn_back gpu_ms=6.19
[prefill-layer-phase] chunk=1 start=1024 layer=60 kind=gdn phase=mixer_resid gpu_ms=0.14
[prefill-layer-phase] chunk=1 start=1024 layer=60 kind=gdn phase=ffn_norm gpu_ms=0.06
[prefill-layer-phase] chunk=1 start=1024 layer=60 kind=gdn phase=ffn_gate_up_swiglu gpu_ms=34.36
[prefill-layer-phase] chunk=1 start=1024 layer=60 kind=gdn phase=ffn_down_resid gpu_ms=18.01
[prefill-layer-phase] chunk=1 start=1024 layer=61 kind=gdn phase=pre_norm gpu_ms=0.06
[prefill-layer-phase] chunk=1 start=1024 layer=61 kind=gdn phase=gdn_qkv gpu_ms=10.21
[prefill-layer-phase] chunk=1 start=1024 layer=61 kind=gdn phase=gdn_z gpu_ms=6.04
[prefill-layer-phase] chunk=1 start=1024 layer=61 kind=gdn phase=gdn_beta_alpha gpu_ms=3.60
[prefill-layer-phase] chunk=1 start=1024 layer=61 kind=gdn phase=gdn_alpha_beta gpu_ms=0.06
[prefill-layer-phase] chunk=1 start=1024 layer=61 kind=gdn phase=gdn_prep gpu_ms=0.95
[prefill-layer-phase] chunk=1 start=1024 layer=61 kind=gdn phase=gdn_step gpu_ms=3.12
[prefill-layer-phase] chunk=1 start=1024 layer=61 kind=gdn phase=gdn_gated gpu_ms=0.79
[prefill-layer-phase] chunk=1 start=1024 layer=61 kind=gdn phase=gdn_back gpu_ms=6.70
[prefill-layer-phase] chunk=1 start=1024 layer=61 kind=gdn phase=mixer_resid gpu_ms=0.14
[prefill-layer-phase] chunk=1 start=1024 layer=61 kind=gdn phase=ffn_norm gpu_ms=0.06
[prefill-layer-phase] chunk=1 start=1024 layer=61 kind=gdn phase=ffn_gate_up_swiglu gpu_ms=35.10
[prefill-layer-phase] chunk=1 start=1024 layer=61 kind=gdn phase=ffn_down_resid gpu_ms=17.56
[prefill-layer-phase] chunk=1 start=1024 layer=62 kind=gdn phase=pre_norm gpu_ms=0.06
[prefill-layer-phase] chunk=1 start=1024 layer=62 kind=gdn phase=gdn_qkv gpu_ms=9.91
[prefill-layer-phase] chunk=1 start=1024 layer=62 kind=gdn phase=gdn_z gpu_ms=6.36
[prefill-layer-phase] chunk=1 start=1024 layer=62 kind=gdn phase=gdn_beta_alpha gpu_ms=3.47
[prefill-layer-phase] chunk=1 start=1024 layer=62 kind=gdn phase=gdn_alpha_beta gpu_ms=0.01
[prefill-layer-phase] chunk=1 start=1024 layer=62 kind=gdn phase=gdn_prep gpu_ms=0.94
[prefill-layer-phase] chunk=1 start=1024 layer=62 kind=gdn phase=gdn_step gpu_ms=3.46
[prefill-layer-phase] chunk=1 start=1024 layer=62 kind=gdn phase=gdn_gated gpu_ms=0.88
[prefill-layer-phase] chunk=1 start=1024 layer=62 kind=gdn phase=gdn_back gpu_ms=6.65
[prefill-layer-phase] chunk=1 start=1024 layer=62 kind=gdn phase=mixer_resid gpu_ms=0.14
[prefill-layer-phase] chunk=1 start=1024 layer=62 kind=gdn phase=ffn_norm gpu_ms=0.05
[prefill-layer-phase] chunk=1 start=1024 layer=62 kind=gdn phase=ffn_gate_up_swiglu gpu_ms=34.36
[prefill-layer-phase] chunk=1 start=1024 layer=62 kind=gdn phase=ffn_down_resid gpu_ms=17.82
[prefill-layer-phase] chunk=1 start=1024 layer=63 kind=attn phase=pre_norm gpu_ms=0.05
[prefill-attn-phase] chunk=1 start=1024 layer=63 phase=proj gpu_ms=14.59
[prefill-attn-phase] chunk=1 start=1024 layer=63 phase=split_q_gate gpu_ms=0.18
[prefill-attn-phase] chunk=1 start=1024 layer=63 phase=norm gpu_ms=0.46
[prefill-attn-phase] chunk=1 start=1024 layer=63 phase=rope_scatter gpu_ms=0.09
[prefill-attn-matrix-g6-shape] layer=63 chunk_start=1024 chunk_p=1024 n_pos=2048 scores_mib=192.00 vt_stride=4096 vt_layer_mib=8.00 vt_update_base=1024 vt_update_rows=1024 vt_update_mib=2.00
[prefill-attn-phase] chunk=1 start=1024 layer=63 phase=body_matrix_kq gpu_ms=3.16
[prefill-attn-phase] chunk=1 start=1024 layer=63 phase=body_matrix_softmax gpu_ms=0.72
[prefill-attn-phase] chunk=1 start=1024 layer=63 phase=body_matrix_kqv gpu_ms=2.59
[prefill-layer-phase] chunk=1 start=1024 layer=63 kind=attn phase=attn_back gpu_ms=6.32
[prefill-layer-phase] chunk=1 start=1024 layer=63 kind=attn phase=mixer_resid gpu_ms=0.15
[prefill-layer-phase] chunk=1 start=1024 layer=63 kind=attn phase=ffn_norm gpu_ms=0.06
[prefill-layer-phase] chunk=1 start=1024 layer=63 kind=attn phase=ffn_gate_up_swiglu gpu_ms=34.53
[prefill-layer-phase] chunk=1 start=1024 layer=63 kind=attn phase=ffn_down_resid gpu_ms=17.50
[prefill-layer-phase] chunk=2 start=2048 layer=0 kind=gdn phase=pre_norm gpu_ms=0.29
[prefill-layer-phase] chunk=2 start=2048 layer=0 kind=gdn phase=gdn_qkv gpu_ms=9.66
[prefill-layer-phase] chunk=2 start=2048 layer=0 kind=gdn phase=gdn_z gpu_ms=5.93
[prefill-layer-phase] chunk=2 start=2048 layer=0 kind=gdn phase=gdn_beta_alpha gpu_ms=3.35
[prefill-layer-phase] chunk=2 start=2048 layer=0 kind=gdn phase=gdn_alpha_beta gpu_ms=0.01
[prefill-layer-phase] chunk=2 start=2048 layer=0 kind=gdn phase=gdn_prep gpu_ms=0.92
[prefill-layer-phase] chunk=2 start=2048 layer=0 kind=gdn phase=gdn_step gpu_ms=3.12
[prefill-layer-phase] chunk=2 start=2048 layer=0 kind=gdn phase=gdn_gated gpu_ms=0.78
[prefill-layer-phase] chunk=2 start=2048 layer=0 kind=gdn phase=gdn_back gpu_ms=6.21
[prefill-layer-phase] chunk=2 start=2048 layer=0 kind=gdn phase=mixer_resid gpu_ms=0.14
[prefill-layer-phase] chunk=2 start=2048 layer=0 kind=gdn phase=ffn_norm gpu_ms=0.06
[prefill-layer-phase] chunk=2 start=2048 layer=0 kind=gdn phase=ffn_gate_up_swiglu gpu_ms=32.87
[prefill-layer-phase] chunk=2 start=2048 layer=0 kind=gdn phase=ffn_down_resid gpu_ms=16.92
[prefill-layer-phase] chunk=2 start=2048 layer=1 kind=gdn phase=pre_norm gpu_ms=0.06
[prefill-layer-phase] chunk=2 start=2048 layer=1 kind=gdn phase=gdn_qkv gpu_ms=9.71
[prefill-layer-phase] chunk=2 start=2048 layer=1 kind=gdn phase=gdn_z gpu_ms=5.56
[prefill-layer-phase] chunk=2 start=2048 layer=1 kind=gdn phase=gdn_beta_alpha gpu_ms=3.37
[prefill-layer-phase] chunk=2 start=2048 layer=1 kind=gdn phase=gdn_alpha_beta gpu_ms=0.01
[prefill-layer-phase] chunk=2 start=2048 layer=1 kind=gdn phase=gdn_prep gpu_ms=1.05
[prefill-layer-phase] chunk=2 start=2048 layer=1 kind=gdn phase=gdn_step gpu_ms=3.11
[prefill-layer-phase] chunk=2 start=2048 layer=1 kind=gdn phase=gdn_gated gpu_ms=0.78
[prefill-layer-phase] chunk=2 start=2048 layer=1 kind=gdn phase=gdn_back gpu_ms=6.28
[prefill-layer-phase] chunk=2 start=2048 layer=1 kind=gdn phase=mixer_resid gpu_ms=0.15
[prefill-layer-phase] chunk=2 start=2048 layer=1 kind=gdn phase=ffn_norm gpu_ms=0.06
[prefill-layer-phase] chunk=2 start=2048 layer=1 kind=gdn phase=ffn_gate_up_swiglu gpu_ms=33.14
[prefill-layer-phase] chunk=2 start=2048 layer=1 kind=gdn phase=ffn_down_resid gpu_ms=17.38
[prefill-layer-phase] chunk=2 start=2048 layer=2 kind=gdn phase=pre_norm gpu_ms=0.06
[prefill-layer-phase] chunk=2 start=2048 layer=2 kind=gdn phase=gdn_qkv gpu_ms=9.92
[prefill-layer-phase] chunk=2 start=2048 layer=2 kind=gdn phase=gdn_z gpu_ms=5.74
[prefill-layer-phase] chunk=2 start=2048 layer=2 kind=gdn phase=gdn_beta_alpha gpu_ms=3.64
[prefill-layer-phase] chunk=2 start=2048 layer=2 kind=gdn phase=gdn_alpha_beta gpu_ms=0.01
[prefill-layer-phase] chunk=2 start=2048 layer=2 kind=gdn phase=gdn_prep gpu_ms=1.03
[prefill-layer-phase] chunk=2 start=2048 layer=2 kind=gdn phase=gdn_step gpu_ms=2.96
[prefill-layer-phase] chunk=2 start=2048 layer=2 kind=gdn phase=gdn_gated gpu_ms=0.77
[prefill-layer-phase] chunk=2 start=2048 layer=2 kind=gdn phase=gdn_back gpu_ms=6.57
[prefill-layer-phase] chunk=2 start=2048 layer=2 kind=gdn phase=mixer_resid gpu_ms=0.13
[prefill-layer-phase] chunk=2 start=2048 layer=2 kind=gdn phase=ffn_norm gpu_ms=0.06
[prefill-layer-phase] chunk=2 start=2048 layer=2 kind=gdn phase=ffn_gate_up_swiglu gpu_ms=33.35
[prefill-layer-phase] chunk=2 start=2048 layer=2 kind=gdn phase=ffn_down_resid gpu_ms=17.45
[prefill-layer-phase] chunk=2 start=2048 layer=3 kind=attn phase=pre_norm gpu_ms=0.06
[prefill-attn-phase] chunk=2 start=2048 layer=3 phase=proj gpu_ms=13.95
[prefill-attn-phase] chunk=2 start=2048 layer=3 phase=split_q_gate gpu_ms=0.47
[prefill-attn-phase] chunk=2 start=2048 layer=3 phase=norm gpu_ms=0.45
[prefill-attn-phase] chunk=2 start=2048 layer=3 phase=rope_scatter gpu_ms=0.09
[prefill-attn-matrix-g6-shape] layer=3 chunk_start=2048 chunk_p=1024 n_pos=3072 scores_mib=288.00 vt_stride=4096 vt_layer_mib=8.00 vt_update_base=2048 vt_update_rows=1024 vt_update_mib=2.00
[prefill-attn-phase] chunk=2 start=2048 layer=3 phase=body_matrix_kq gpu_ms=3.81
[prefill-attn-phase] chunk=2 start=2048 layer=3 phase=body_matrix_softmax gpu_ms=1.15
[prefill-attn-phase] chunk=2 start=2048 layer=3 phase=body_matrix_kqv gpu_ms=3.92
[prefill-layer-phase] chunk=2 start=2048 layer=3 kind=attn phase=attn_back gpu_ms=5.74
[prefill-layer-phase] chunk=2 start=2048 layer=3 kind=attn phase=mixer_resid gpu_ms=0.09
[prefill-layer-phase] chunk=2 start=2048 layer=3 kind=attn phase=ffn_norm gpu_ms=0.06
[prefill-layer-phase] chunk=2 start=2048 layer=3 kind=attn phase=ffn_gate_up_swiglu gpu_ms=34.18
[prefill-layer-phase] chunk=2 start=2048 layer=3 kind=attn phase=ffn_down_resid gpu_ms=17.08
[prefill-layer-phase] chunk=2 start=2048 layer=4 kind=gdn phase=pre_norm gpu_ms=0.06
[prefill-layer-phase] chunk=2 start=2048 layer=4 kind=gdn phase=gdn_qkv gpu_ms=9.75
[prefill-layer-phase] chunk=2 start=2048 layer=4 kind=gdn phase=gdn_z gpu_ms=5.92
[prefill-layer-phase] chunk=2 start=2048 layer=4 kind=gdn phase=gdn_beta_alpha gpu_ms=3.51
[prefill-layer-phase] chunk=2 start=2048 layer=4 kind=gdn phase=gdn_alpha_beta gpu_ms=0.01
[prefill-layer-phase] chunk=2 start=2048 layer=4 kind=gdn phase=gdn_prep gpu_ms=1.19
[prefill-layer-phase] chunk=2 start=2048 layer=4 kind=gdn phase=gdn_step gpu_ms=3.00
[prefill-layer-phase] chunk=2 start=2048 layer=4 kind=gdn phase=gdn_gated gpu_ms=0.82
[prefill-layer-phase] chunk=2 start=2048 layer=4 kind=gdn phase=gdn_back gpu_ms=6.23
[prefill-layer-phase] chunk=2 start=2048 layer=4 kind=gdn phase=mixer_resid gpu_ms=0.09
[prefill-layer-phase] chunk=2 start=2048 layer=4 kind=gdn phase=ffn_norm gpu_ms=0.06
[prefill-layer-phase] chunk=2 start=2048 layer=4 kind=gdn phase=ffn_gate_up_swiglu gpu_ms=33.55
[prefill-layer-phase] chunk=2 start=2048 layer=4 kind=gdn phase=ffn_down_resid gpu_ms=17.13
[prefill-layer-phase] chunk=2 start=2048 layer=5 kind=gdn phase=pre_norm gpu_ms=0.05
[prefill-layer-phase] chunk=2 start=2048 layer=5 kind=gdn phase=gdn_qkv gpu_ms=9.94
[prefill-layer-phase] chunk=2 start=2048 layer=5 kind=gdn phase=gdn_z gpu_ms=5.50
[prefill-layer-phase] chunk=2 start=2048 layer=5 kind=gdn phase=gdn_beta_alpha gpu_ms=3.55
[prefill-layer-phase] chunk=2 start=2048 layer=5 kind=gdn phase=gdn_alpha_beta gpu_ms=0.01
[prefill-layer-phase] chunk=2 start=2048 layer=5 kind=gdn phase=gdn_prep gpu_ms=0.91
[prefill-layer-phase] chunk=2 start=2048 layer=5 kind=gdn phase=gdn_step gpu_ms=3.41
[prefill-layer-phase] chunk=2 start=2048 layer=5 kind=gdn phase=gdn_gated gpu_ms=0.79
[prefill-layer-phase] chunk=2 start=2048 layer=5 kind=gdn phase=gdn_back gpu_ms=6.22
[prefill-layer-phase] chunk=2 start=2048 layer=5 kind=gdn phase=mixer_resid gpu_ms=0.14
[prefill-layer-phase] chunk=2 start=2048 layer=5 kind=gdn phase=ffn_norm gpu_ms=0.05
[prefill-layer-phase] chunk=2 start=2048 layer=5 kind=gdn phase=ffn_gate_up_swiglu gpu_ms=33.58
[prefill-layer-phase] chunk=2 start=2048 layer=5 kind=gdn phase=ffn_down_resid gpu_ms=17.18
[prefill-layer-phase] chunk=2 start=2048 layer=6 kind=gdn phase=pre_norm gpu_ms=0.06
[prefill-layer-phase] chunk=2 start=2048 layer=6 kind=gdn phase=gdn_qkv gpu_ms=10.06
[prefill-layer-phase] chunk=2 start=2048 layer=6 kind=gdn phase=gdn_z gpu_ms=5.88
[prefill-layer-phase] chunk=2 start=2048 layer=6 kind=gdn phase=gdn_beta_alpha gpu_ms=3.50
[prefill-layer-phase] chunk=2 start=2048 layer=6 kind=gdn phase=gdn_alpha_beta gpu_ms=0.01
[prefill-layer-phase] chunk=2 start=2048 layer=6 kind=gdn phase=gdn_prep gpu_ms=0.93
[prefill-layer-phase] chunk=2 start=2048 layer=6 kind=gdn phase=gdn_step gpu_ms=3.00
[prefill-layer-phase] chunk=2 start=2048 layer=6 kind=gdn phase=gdn_gated gpu_ms=0.77
[prefill-layer-phase] chunk=2 start=2048 layer=6 kind=gdn phase=gdn_back gpu_ms=6.66
[prefill-layer-phase] chunk=2 start=2048 layer=6 kind=gdn phase=mixer_resid gpu_ms=0.14
[prefill-layer-phase] chunk=2 start=2048 layer=6 kind=gdn phase=ffn_norm gpu_ms=0.06
[prefill-layer-phase] chunk=2 start=2048 layer=6 kind=gdn phase=ffn_gate_up_swiglu gpu_ms=34.10
[prefill-layer-phase] chunk=2 start=2048 layer=6 kind=gdn phase=ffn_down_resid gpu_ms=17.29
[prefill-layer-phase] chunk=2 start=2048 layer=7 kind=attn phase=pre_norm gpu_ms=0.06
[prefill-attn-phase] chunk=2 start=2048 layer=7 phase=proj gpu_ms=14.44
[prefill-attn-phase] chunk=2 start=2048 layer=7 phase=split_q_gate gpu_ms=0.18
[prefill-attn-phase] chunk=2 start=2048 layer=7 phase=norm gpu_ms=0.45
[prefill-attn-phase] chunk=2 start=2048 layer=7 phase=rope_scatter gpu_ms=0.09
[prefill-attn-matrix-g6-shape] layer=7 chunk_start=2048 chunk_p=1024 n_pos=3072 scores_mib=288.00 vt_stride=4096 vt_layer_mib=8.00 vt_update_base=2048 vt_update_rows=1024 vt_update_mib=2.00
[prefill-attn-phase] chunk=2 start=2048 layer=7 phase=body_matrix_kq gpu_ms=3.83
[prefill-attn-phase] chunk=2 start=2048 layer=7 phase=body_matrix_softmax gpu_ms=1.16
[prefill-attn-phase] chunk=2 start=2048 layer=7 phase=body_matrix_kqv gpu_ms=4.23
[prefill-layer-phase] chunk=2 start=2048 layer=7 kind=attn phase=attn_back gpu_ms=5.94
[prefill-layer-phase] chunk=2 start=2048 layer=7 kind=attn phase=mixer_resid gpu_ms=0.16
[prefill-layer-phase] chunk=2 start=2048 layer=7 kind=attn phase=ffn_norm gpu_ms=0.06
[prefill-layer-phase] chunk=2 start=2048 layer=7 kind=attn phase=ffn_gate_up_swiglu gpu_ms=33.80
[prefill-layer-phase] chunk=2 start=2048 layer=7 kind=attn phase=ffn_down_resid gpu_ms=17.71
[prefill-layer-phase] chunk=2 start=2048 layer=8 kind=gdn phase=pre_norm gpu_ms=0.05
[prefill-layer-phase] chunk=2 start=2048 layer=8 kind=gdn phase=gdn_qkv gpu_ms=10.14
[prefill-layer-phase] chunk=2 start=2048 layer=8 kind=gdn phase=gdn_z gpu_ms=6.03
[prefill-layer-phase] chunk=2 start=2048 layer=8 kind=gdn phase=gdn_beta_alpha gpu_ms=3.87
[prefill-layer-phase] chunk=2 start=2048 layer=8 kind=gdn phase=gdn_alpha_beta gpu_ms=0.01
[prefill-layer-phase] chunk=2 start=2048 layer=8 kind=gdn phase=gdn_prep gpu_ms=0.92
[prefill-layer-phase] chunk=2 start=2048 layer=8 kind=gdn phase=gdn_step gpu_ms=3.24
[prefill-layer-phase] chunk=2 start=2048 layer=8 kind=gdn phase=gdn_gated gpu_ms=0.79
[prefill-layer-phase] chunk=2 start=2048 layer=8 kind=gdn phase=gdn_back gpu_ms=6.55
[prefill-layer-phase] chunk=2 start=2048 layer=8 kind=gdn phase=mixer_resid gpu_ms=0.15
[prefill-layer-phase] chunk=2 start=2048 layer=8 kind=gdn phase=ffn_norm gpu_ms=0.06
[prefill-layer-phase] chunk=2 start=2048 layer=8 kind=gdn phase=ffn_gate_up_swiglu gpu_ms=34.14
[prefill-layer-phase] chunk=2 start=2048 layer=8 kind=gdn phase=ffn_down_resid gpu_ms=17.43
[prefill-layer-phase] chunk=2 start=2048 layer=9 kind=gdn phase=pre_norm gpu_ms=0.06
[prefill-layer-phase] chunk=2 start=2048 layer=9 kind=gdn phase=gdn_qkv gpu_ms=9.66
[prefill-layer-phase] chunk=2 start=2048 layer=9 kind=gdn phase=gdn_z gpu_ms=5.99
[prefill-layer-phase] chunk=2 start=2048 layer=9 kind=gdn phase=gdn_beta_alpha gpu_ms=3.40
[prefill-layer-phase] chunk=2 start=2048 layer=9 kind=gdn phase=gdn_alpha_beta gpu_ms=0.01
[prefill-layer-phase] chunk=2 start=2048 layer=9 kind=gdn phase=gdn_prep gpu_ms=0.92
[prefill-layer-phase] chunk=2 start=2048 layer=9 kind=gdn phase=gdn_step gpu_ms=3.07
[prefill-layer-phase] chunk=2 start=2048 layer=9 kind=gdn phase=gdn_gated gpu_ms=1.15
[prefill-layer-phase] chunk=2 start=2048 layer=9 kind=gdn phase=gdn_back gpu_ms=6.44
[prefill-layer-phase] chunk=2 start=2048 layer=9 kind=gdn phase=mixer_resid gpu_ms=0.13
[prefill-layer-phase] chunk=2 start=2048 layer=9 kind=gdn phase=ffn_norm gpu_ms=0.06
[prefill-layer-phase] chunk=2 start=2048 layer=9 kind=gdn phase=ffn_gate_up_swiglu gpu_ms=34.06
[prefill-layer-phase] chunk=2 start=2048 layer=9 kind=gdn phase=ffn_down_resid gpu_ms=17.68
[prefill-layer-phase] chunk=2 start=2048 layer=10 kind=gdn phase=pre_norm gpu_ms=0.10
[prefill-layer-phase] chunk=2 start=2048 layer=10 kind=gdn phase=gdn_qkv gpu_ms=10.12
[prefill-layer-phase] chunk=2 start=2048 layer=10 kind=gdn phase=gdn_z gpu_ms=6.11
[prefill-layer-phase] chunk=2 start=2048 layer=10 kind=gdn phase=gdn_beta_alpha gpu_ms=3.55
[prefill-layer-phase] chunk=2 start=2048 layer=10 kind=gdn phase=gdn_alpha_beta gpu_ms=0.01
[prefill-layer-phase] chunk=2 start=2048 layer=10 kind=gdn phase=gdn_prep gpu_ms=1.11
[prefill-layer-phase] chunk=2 start=2048 layer=10 kind=gdn phase=gdn_step gpu_ms=3.18
[prefill-layer-phase] chunk=2 start=2048 layer=10 kind=gdn phase=gdn_gated gpu_ms=0.79
[prefill-layer-phase] chunk=2 start=2048 layer=10 kind=gdn phase=gdn_back gpu_ms=6.52
[prefill-layer-phase] chunk=2 start=2048 layer=10 kind=gdn phase=mixer_resid gpu_ms=0.14
[prefill-layer-phase] chunk=2 start=2048 layer=10 kind=gdn phase=ffn_norm gpu_ms=0.05
[prefill-layer-phase] chunk=2 start=2048 layer=10 kind=gdn phase=ffn_gate_up_swiglu gpu_ms=34.54
[prefill-layer-phase] chunk=2 start=2048 layer=10 kind=gdn phase=ffn_down_resid gpu_ms=17.66
[prefill-layer-phase] chunk=2 start=2048 layer=11 kind=attn phase=pre_norm gpu_ms=0.06
[prefill-attn-phase] chunk=2 start=2048 layer=11 phase=proj gpu_ms=14.57
[prefill-attn-phase] chunk=2 start=2048 layer=11 phase=split_q_gate gpu_ms=0.18
[prefill-attn-phase] chunk=2 start=2048 layer=11 phase=norm gpu_ms=0.46
[prefill-attn-phase] chunk=2 start=2048 layer=11 phase=rope_scatter gpu_ms=0.09
[prefill-attn-matrix-g6-shape] layer=11 chunk_start=2048 chunk_p=1024 n_pos=3072 scores_mib=288.00 vt_stride=4096 vt_layer_mib=8.00 vt_update_base=2048 vt_update_rows=1024 vt_update_mib=2.00
[prefill-attn-phase] chunk=2 start=2048 layer=11 phase=body_matrix_kq gpu_ms=4.22
[prefill-attn-phase] chunk=2 start=2048 layer=11 phase=body_matrix_softmax gpu_ms=1.16
[prefill-attn-phase] chunk=2 start=2048 layer=11 phase=body_matrix_kqv gpu_ms=4.14
[prefill-layer-phase] chunk=2 start=2048 layer=11 kind=attn phase=attn_back gpu_ms=5.87
[prefill-layer-phase] chunk=2 start=2048 layer=11 kind=attn phase=mixer_resid gpu_ms=0.13
[prefill-layer-phase] chunk=2 start=2048 layer=11 kind=attn phase=ffn_norm gpu_ms=0.05
[prefill-layer-phase] chunk=2 start=2048 layer=11 kind=attn phase=ffn_gate_up_swiglu gpu_ms=34.84
[prefill-layer-phase] chunk=2 start=2048 layer=11 kind=attn phase=ffn_down_resid gpu_ms=17.43
[prefill-layer-phase] chunk=2 start=2048 layer=12 kind=gdn phase=pre_norm gpu_ms=0.06
[prefill-layer-phase] chunk=2 start=2048 layer=12 kind=gdn phase=gdn_qkv gpu_ms=9.91
[prefill-layer-phase] chunk=2 start=2048 layer=12 kind=gdn phase=gdn_z gpu_ms=6.45
[prefill-layer-phase] chunk=2 start=2048 layer=12 kind=gdn phase=gdn_beta_alpha gpu_ms=3.53
[prefill-layer-phase] chunk=2 start=2048 layer=12 kind=gdn phase=gdn_alpha_beta gpu_ms=0.01
[prefill-layer-phase] chunk=2 start=2048 layer=12 kind=gdn phase=gdn_prep gpu_ms=1.35
[prefill-layer-phase] chunk=2 start=2048 layer=12 kind=gdn phase=gdn_step gpu_ms=3.10
[prefill-layer-phase] chunk=2 start=2048 layer=12 kind=gdn phase=gdn_gated gpu_ms=0.78
[prefill-layer-phase] chunk=2 start=2048 layer=12 kind=gdn phase=gdn_back gpu_ms=6.49
[prefill-layer-phase] chunk=2 start=2048 layer=12 kind=gdn phase=mixer_resid gpu_ms=0.14
[prefill-layer-phase] chunk=2 start=2048 layer=12 kind=gdn phase=ffn_norm gpu_ms=0.06
[prefill-layer-phase] chunk=2 start=2048 layer=12 kind=gdn phase=ffn_gate_up_swiglu gpu_ms=34.50
[prefill-layer-phase] chunk=2 start=2048 layer=12 kind=gdn phase=ffn_down_resid gpu_ms=17.63
[prefill-layer-phase] chunk=2 start=2048 layer=13 kind=gdn phase=pre_norm gpu_ms=0.06
[prefill-layer-phase] chunk=2 start=2048 layer=13 kind=gdn phase=gdn_qkv gpu_ms=9.96
[prefill-layer-phase] chunk=2 start=2048 layer=13 kind=gdn phase=gdn_z gpu_ms=5.70
[prefill-layer-phase] chunk=2 start=2048 layer=13 kind=gdn phase=gdn_beta_alpha gpu_ms=3.48
[prefill-layer-phase] chunk=2 start=2048 layer=13 kind=gdn phase=gdn_alpha_beta gpu_ms=0.01
[prefill-layer-phase] chunk=2 start=2048 layer=13 kind=gdn phase=gdn_prep gpu_ms=0.94
[prefill-layer-phase] chunk=2 start=2048 layer=13 kind=gdn phase=gdn_step gpu_ms=2.99
[prefill-layer-phase] chunk=2 start=2048 layer=13 kind=gdn phase=gdn_gated gpu_ms=1.18
[prefill-layer-phase] chunk=2 start=2048 layer=13 kind=gdn phase=gdn_back gpu_ms=6.31
[prefill-layer-phase] chunk=2 start=2048 layer=13 kind=gdn phase=mixer_resid gpu_ms=0.14
[prefill-layer-phase] chunk=2 start=2048 layer=13 kind=gdn phase=ffn_norm gpu_ms=0.05
[prefill-layer-phase] chunk=2 start=2048 layer=13 kind=gdn phase=ffn_gate_up_swiglu gpu_ms=34.48
[prefill-layer-phase] chunk=2 start=2048 layer=13 kind=gdn phase=ffn_down_resid gpu_ms=17.78
[prefill-layer-phase] chunk=2 start=2048 layer=14 kind=gdn phase=pre_norm gpu_ms=0.10
[prefill-layer-phase] chunk=2 start=2048 layer=14 kind=gdn phase=gdn_qkv gpu_ms=9.79
[prefill-layer-phase] chunk=2 start=2048 layer=14 kind=gdn phase=gdn_z gpu_ms=6.23
[prefill-layer-phase] chunk=2 start=2048 layer=14 kind=gdn phase=gdn_beta_alpha gpu_ms=3.58
[prefill-layer-phase] chunk=2 start=2048 layer=14 kind=gdn phase=gdn_alpha_beta gpu_ms=0.03
[prefill-layer-phase] chunk=2 start=2048 layer=14 kind=gdn phase=gdn_prep gpu_ms=0.94
[prefill-layer-phase] chunk=2 start=2048 layer=14 kind=gdn phase=gdn_step gpu_ms=3.14
[prefill-layer-phase] chunk=2 start=2048 layer=14 kind=gdn phase=gdn_gated gpu_ms=0.78
[prefill-layer-phase] chunk=2 start=2048 layer=14 kind=gdn phase=gdn_back gpu_ms=6.49
[prefill-layer-phase] chunk=2 start=2048 layer=14 kind=gdn phase=mixer_resid gpu_ms=0.14
[prefill-layer-phase] chunk=2 start=2048 layer=14 kind=gdn phase=ffn_norm gpu_ms=0.10
[prefill-layer-phase] chunk=2 start=2048 layer=14 kind=gdn phase=ffn_gate_up_swiglu gpu_ms=34.38
[prefill-layer-phase] chunk=2 start=2048 layer=14 kind=gdn phase=ffn_down_resid gpu_ms=17.47
[prefill-layer-phase] chunk=2 start=2048 layer=15 kind=attn phase=pre_norm gpu_ms=0.06
[prefill-attn-phase] chunk=2 start=2048 layer=15 phase=proj gpu_ms=14.21
[prefill-attn-phase] chunk=2 start=2048 layer=15 phase=split_q_gate gpu_ms=0.19
[prefill-attn-phase] chunk=2 start=2048 layer=15 phase=norm gpu_ms=0.45
[prefill-attn-phase] chunk=2 start=2048 layer=15 phase=rope_scatter gpu_ms=0.09
[prefill-attn-matrix-g6-shape] layer=15 chunk_start=2048 chunk_p=1024 n_pos=3072 scores_mib=288.00 vt_stride=4096 vt_layer_mib=8.00 vt_update_base=2048 vt_update_rows=1024 vt_update_mib=2.00
[prefill-attn-phase] chunk=2 start=2048 layer=15 phase=body_matrix_kq gpu_ms=4.16
[prefill-attn-phase] chunk=2 start=2048 layer=15 phase=body_matrix_softmax gpu_ms=1.11
[prefill-attn-phase] chunk=2 start=2048 layer=15 phase=body_matrix_kqv gpu_ms=4.50
[prefill-layer-phase] chunk=2 start=2048 layer=15 kind=attn phase=attn_back gpu_ms=6.10
[prefill-layer-phase] chunk=2 start=2048 layer=15 kind=attn phase=mixer_resid gpu_ms=0.10
[prefill-layer-phase] chunk=2 start=2048 layer=15 kind=attn phase=ffn_norm gpu_ms=0.06
[prefill-layer-phase] chunk=2 start=2048 layer=15 kind=attn phase=ffn_gate_up_swiglu gpu_ms=33.61
[prefill-layer-phase] chunk=2 start=2048 layer=15 kind=attn phase=ffn_down_resid gpu_ms=17.13
[prefill-layer-phase] chunk=2 start=2048 layer=16 kind=gdn phase=pre_norm gpu_ms=0.05
[prefill-layer-phase] chunk=2 start=2048 layer=16 kind=gdn phase=gdn_qkv gpu_ms=10.08
[prefill-layer-phase] chunk=2 start=2048 layer=16 kind=gdn phase=gdn_z gpu_ms=5.73
[prefill-layer-phase] chunk=2 start=2048 layer=16 kind=gdn phase=gdn_beta_alpha gpu_ms=3.53
[prefill-layer-phase] chunk=2 start=2048 layer=16 kind=gdn phase=gdn_alpha_beta gpu_ms=0.01
[prefill-layer-phase] chunk=2 start=2048 layer=16 kind=gdn phase=gdn_prep gpu_ms=1.31
[prefill-layer-phase] chunk=2 start=2048 layer=16 kind=gdn phase=gdn_step gpu_ms=3.08
[prefill-layer-phase] chunk=2 start=2048 layer=16 kind=gdn phase=gdn_gated gpu_ms=0.80
[prefill-layer-phase] chunk=2 start=2048 layer=16 kind=gdn phase=gdn_back gpu_ms=6.44
[prefill-layer-phase] chunk=2 start=2048 layer=16 kind=gdn phase=mixer_resid gpu_ms=0.14
[prefill-layer-phase] chunk=2 start=2048 layer=16 kind=gdn phase=ffn_norm gpu_ms=0.05
[prefill-layer-phase] chunk=2 start=2048 layer=16 kind=gdn phase=ffn_gate_up_swiglu gpu_ms=34.22
[prefill-layer-phase] chunk=2 start=2048 layer=16 kind=gdn phase=ffn_down_resid gpu_ms=17.44
[prefill-layer-phase] chunk=2 start=2048 layer=17 kind=gdn phase=pre_norm gpu_ms=0.10
[prefill-layer-phase] chunk=2 start=2048 layer=17 kind=gdn phase=gdn_qkv gpu_ms=9.21
[prefill-layer-phase] chunk=2 start=2048 layer=17 kind=gdn phase=gdn_z gpu_ms=6.02
[prefill-layer-phase] chunk=2 start=2048 layer=17 kind=gdn phase=gdn_beta_alpha gpu_ms=3.47
[prefill-layer-phase] chunk=2 start=2048 layer=17 kind=gdn phase=gdn_alpha_beta gpu_ms=0.01
[prefill-layer-phase] chunk=2 start=2048 layer=17 kind=gdn phase=gdn_prep gpu_ms=0.93
[prefill-layer-phase] chunk=2 start=2048 layer=17 kind=gdn phase=gdn_step gpu_ms=3.35
[prefill-layer-phase] chunk=2 start=2048 layer=17 kind=gdn phase=gdn_gated gpu_ms=0.87
[prefill-layer-phase] chunk=2 start=2048 layer=17 kind=gdn phase=gdn_back gpu_ms=6.34
[prefill-layer-phase] chunk=2 start=2048 layer=17 kind=gdn phase=mixer_resid gpu_ms=0.10
[prefill-layer-phase] chunk=2 start=2048 layer=17 kind=gdn phase=ffn_norm gpu_ms=0.20
[prefill-layer-phase] chunk=2 start=2048 layer=17 kind=gdn phase=ffn_gate_up_swiglu gpu_ms=33.60
[prefill-layer-phase] chunk=2 start=2048 layer=17 kind=gdn phase=ffn_down_resid gpu_ms=17.38
[prefill-layer-phase] chunk=2 start=2048 layer=18 kind=gdn phase=pre_norm gpu_ms=0.06
[prefill-layer-phase] chunk=2 start=2048 layer=18 kind=gdn phase=gdn_qkv gpu_ms=9.85
[prefill-layer-phase] chunk=2 start=2048 layer=18 kind=gdn phase=gdn_z gpu_ms=6.05
[prefill-layer-phase] chunk=2 start=2048 layer=18 kind=gdn phase=gdn_beta_alpha gpu_ms=3.71
[prefill-layer-phase] chunk=2 start=2048 layer=18 kind=gdn phase=gdn_alpha_beta gpu_ms=0.01
[prefill-layer-phase] chunk=2 start=2048 layer=18 kind=gdn phase=gdn_prep gpu_ms=0.91
[prefill-layer-phase] chunk=2 start=2048 layer=18 kind=gdn phase=gdn_step gpu_ms=3.27
[prefill-layer-phase] chunk=2 start=2048 layer=18 kind=gdn phase=gdn_gated gpu_ms=0.77
[prefill-layer-phase] chunk=2 start=2048 layer=18 kind=gdn phase=gdn_back gpu_ms=6.53
[prefill-layer-phase] chunk=2 start=2048 layer=18 kind=gdn phase=mixer_resid gpu_ms=0.14
[prefill-layer-phase] chunk=2 start=2048 layer=18 kind=gdn phase=ffn_norm gpu_ms=0.05
[prefill-layer-phase] chunk=2 start=2048 layer=18 kind=gdn phase=ffn_gate_up_swiglu gpu_ms=33.93
[prefill-layer-phase] chunk=2 start=2048 layer=18 kind=gdn phase=ffn_down_resid gpu_ms=17.09
[prefill-layer-phase] chunk=2 start=2048 layer=19 kind=attn phase=pre_norm gpu_ms=0.05
[prefill-attn-phase] chunk=2 start=2048 layer=19 phase=proj gpu_ms=13.96
[prefill-attn-phase] chunk=2 start=2048 layer=19 phase=split_q_gate gpu_ms=0.18
[prefill-attn-phase] chunk=2 start=2048 layer=19 phase=norm gpu_ms=0.46
[prefill-attn-phase] chunk=2 start=2048 layer=19 phase=rope_scatter gpu_ms=0.32
[prefill-attn-matrix-g6-shape] layer=19 chunk_start=2048 chunk_p=1024 n_pos=3072 scores_mib=288.00 vt_stride=4096 vt_layer_mib=8.00 vt_update_base=2048 vt_update_rows=1024 vt_update_mib=2.00
[prefill-attn-phase] chunk=2 start=2048 layer=19 phase=body_matrix_kq gpu_ms=3.82
[prefill-attn-phase] chunk=2 start=2048 layer=19 phase=body_matrix_softmax gpu_ms=1.15
[prefill-attn-phase] chunk=2 start=2048 layer=19 phase=body_matrix_kqv gpu_ms=4.29
[prefill-layer-phase] chunk=2 start=2048 layer=19 kind=attn phase=attn_back gpu_ms=6.25
[prefill-layer-phase] chunk=2 start=2048 layer=19 kind=attn phase=mixer_resid gpu_ms=0.10
[prefill-layer-phase] chunk=2 start=2048 layer=19 kind=attn phase=ffn_norm gpu_ms=0.05
[prefill-layer-phase] chunk=2 start=2048 layer=19 kind=attn phase=ffn_gate_up_swiglu gpu_ms=33.76
[prefill-layer-phase] chunk=2 start=2048 layer=19 kind=attn phase=ffn_down_resid gpu_ms=17.63
[prefill-layer-phase] chunk=2 start=2048 layer=20 kind=gdn phase=pre_norm gpu_ms=0.06
[prefill-layer-phase] chunk=2 start=2048 layer=20 kind=gdn phase=gdn_qkv gpu_ms=9.87
[prefill-layer-phase] chunk=2 start=2048 layer=20 kind=gdn phase=gdn_z gpu_ms=6.11
[prefill-layer-phase] chunk=2 start=2048 layer=20 kind=gdn phase=gdn_beta_alpha gpu_ms=3.62
[prefill-layer-phase] chunk=2 start=2048 layer=20 kind=gdn phase=gdn_alpha_beta gpu_ms=0.01
[prefill-layer-phase] chunk=2 start=2048 layer=20 kind=gdn phase=gdn_prep gpu_ms=0.93
[prefill-layer-phase] chunk=2 start=2048 layer=20 kind=gdn phase=gdn_step gpu_ms=3.30
[prefill-layer-phase] chunk=2 start=2048 layer=20 kind=gdn phase=gdn_gated gpu_ms=0.77
[prefill-layer-phase] chunk=2 start=2048 layer=20 kind=gdn phase=gdn_back gpu_ms=6.47
[prefill-layer-phase] chunk=2 start=2048 layer=20 kind=gdn phase=mixer_resid gpu_ms=0.14
[prefill-layer-phase] chunk=2 start=2048 layer=20 kind=gdn phase=ffn_norm gpu_ms=0.05
[prefill-layer-phase] chunk=2 start=2048 layer=20 kind=gdn phase=ffn_gate_up_swiglu gpu_ms=35.02
[prefill-layer-phase] chunk=2 start=2048 layer=20 kind=gdn phase=ffn_down_resid gpu_ms=16.58
[prefill-layer-phase] chunk=2 start=2048 layer=21 kind=gdn phase=pre_norm gpu_ms=0.26
[prefill-layer-phase] chunk=2 start=2048 layer=21 kind=gdn phase=gdn_qkv gpu_ms=9.33
[prefill-layer-phase] chunk=2 start=2048 layer=21 kind=gdn phase=gdn_z gpu_ms=6.06
[prefill-layer-phase] chunk=2 start=2048 layer=21 kind=gdn phase=gdn_beta_alpha gpu_ms=3.40
[prefill-layer-phase] chunk=2 start=2048 layer=21 kind=gdn phase=gdn_alpha_beta gpu_ms=0.01
[prefill-layer-phase] chunk=2 start=2048 layer=21 kind=gdn phase=gdn_prep gpu_ms=0.94
[prefill-layer-phase] chunk=2 start=2048 layer=21 kind=gdn phase=gdn_step gpu_ms=3.25
[prefill-layer-phase] chunk=2 start=2048 layer=21 kind=gdn phase=gdn_gated gpu_ms=0.76
[prefill-layer-phase] chunk=2 start=2048 layer=21 kind=gdn phase=gdn_back gpu_ms=6.30
[prefill-layer-phase] chunk=2 start=2048 layer=21 kind=gdn phase=mixer_resid gpu_ms=0.18
[prefill-layer-phase] chunk=2 start=2048 layer=21 kind=gdn phase=ffn_norm gpu_ms=0.06
[prefill-layer-phase] chunk=2 start=2048 layer=21 kind=gdn phase=ffn_gate_up_swiglu gpu_ms=34.39
[prefill-layer-phase] chunk=2 start=2048 layer=21 kind=gdn phase=ffn_down_resid gpu_ms=17.06
[prefill-layer-phase] chunk=2 start=2048 layer=22 kind=gdn phase=pre_norm gpu_ms=0.05
[prefill-layer-phase] chunk=2 start=2048 layer=22 kind=gdn phase=gdn_qkv gpu_ms=10.30
[prefill-layer-phase] chunk=2 start=2048 layer=22 kind=gdn phase=gdn_z gpu_ms=5.87
[prefill-layer-phase] chunk=2 start=2048 layer=22 kind=gdn phase=gdn_beta_alpha gpu_ms=3.75
[prefill-layer-phase] chunk=2 start=2048 layer=22 kind=gdn phase=gdn_alpha_beta gpu_ms=0.01
[prefill-layer-phase] chunk=2 start=2048 layer=22 kind=gdn phase=gdn_prep gpu_ms=1.10
[prefill-layer-phase] chunk=2 start=2048 layer=22 kind=gdn phase=gdn_step gpu_ms=3.18
[prefill-layer-phase] chunk=2 start=2048 layer=22 kind=gdn phase=gdn_gated gpu_ms=0.85
[prefill-layer-phase] chunk=2 start=2048 layer=22 kind=gdn phase=gdn_back gpu_ms=6.18
[prefill-layer-phase] chunk=2 start=2048 layer=22 kind=gdn phase=mixer_resid gpu_ms=0.41
[prefill-layer-phase] chunk=2 start=2048 layer=22 kind=gdn phase=ffn_norm gpu_ms=0.06
[prefill-layer-phase] chunk=2 start=2048 layer=22 kind=gdn phase=ffn_gate_up_swiglu gpu_ms=33.24
[prefill-layer-phase] chunk=2 start=2048 layer=22 kind=gdn phase=ffn_down_resid gpu_ms=15.89
[prefill-layer-phase] chunk=2 start=2048 layer=23 kind=attn phase=pre_norm gpu_ms=0.13
[prefill-attn-phase] chunk=2 start=2048 layer=23 phase=proj gpu_ms=13.14
[prefill-attn-phase] chunk=2 start=2048 layer=23 phase=split_q_gate gpu_ms=0.19
[prefill-attn-phase] chunk=2 start=2048 layer=23 phase=norm gpu_ms=0.83
[prefill-attn-phase] chunk=2 start=2048 layer=23 phase=rope_scatter gpu_ms=0.09
[prefill-attn-matrix-g6-shape] layer=23 chunk_start=2048 chunk_p=1024 n_pos=3072 scores_mib=288.00 vt_stride=4096 vt_layer_mib=8.00 vt_update_base=2048 vt_update_rows=1024 vt_update_mib=2.00
[prefill-attn-phase] chunk=2 start=2048 layer=23 phase=body_matrix_kq gpu_ms=3.57
[prefill-attn-phase] chunk=2 start=2048 layer=23 phase=body_matrix_softmax gpu_ms=1.14
[prefill-attn-phase] chunk=2 start=2048 layer=23 phase=body_matrix_kqv gpu_ms=3.78
[prefill-layer-phase] chunk=2 start=2048 layer=23 kind=attn phase=attn_back gpu_ms=5.59
[prefill-layer-phase] chunk=2 start=2048 layer=23 kind=attn phase=mixer_resid gpu_ms=0.14
[prefill-layer-phase] chunk=2 start=2048 layer=23 kind=attn phase=ffn_norm gpu_ms=0.05
[prefill-layer-phase] chunk=2 start=2048 layer=23 kind=attn phase=ffn_gate_up_swiglu gpu_ms=31.80
[prefill-layer-phase] chunk=2 start=2048 layer=23 kind=attn phase=ffn_down_resid gpu_ms=16.04
[prefill-layer-phase] chunk=2 start=2048 layer=24 kind=gdn phase=pre_norm gpu_ms=0.06
[prefill-layer-phase] chunk=2 start=2048 layer=24 kind=gdn phase=gdn_qkv gpu_ms=9.11
[prefill-layer-phase] chunk=2 start=2048 layer=24 kind=gdn phase=gdn_z gpu_ms=5.29
[prefill-layer-phase] chunk=2 start=2048 layer=24 kind=gdn phase=gdn_beta_alpha gpu_ms=3.58
[prefill-layer-phase] chunk=2 start=2048 layer=24 kind=gdn phase=gdn_alpha_beta gpu_ms=0.01
[prefill-layer-phase] chunk=2 start=2048 layer=24 kind=gdn phase=gdn_prep gpu_ms=0.92
[prefill-layer-phase] chunk=2 start=2048 layer=24 kind=gdn phase=gdn_step gpu_ms=3.21
[prefill-layer-phase] chunk=2 start=2048 layer=24 kind=gdn phase=gdn_gated gpu_ms=0.77
[prefill-layer-phase] chunk=2 start=2048 layer=24 kind=gdn phase=gdn_back gpu_ms=6.01
[prefill-layer-phase] chunk=2 start=2048 layer=24 kind=gdn phase=mixer_resid gpu_ms=0.14
[prefill-layer-phase] chunk=2 start=2048 layer=24 kind=gdn phase=ffn_norm gpu_ms=0.06
[prefill-layer-phase] chunk=2 start=2048 layer=24 kind=gdn phase=ffn_gate_up_swiglu gpu_ms=31.43
[prefill-layer-phase] chunk=2 start=2048 layer=24 kind=gdn phase=ffn_down_resid gpu_ms=15.91
[prefill-layer-phase] chunk=2 start=2048 layer=25 kind=gdn phase=pre_norm gpu_ms=0.06
[prefill-layer-phase] chunk=2 start=2048 layer=25 kind=gdn phase=gdn_qkv gpu_ms=9.34
[prefill-layer-phase] chunk=2 start=2048 layer=25 kind=gdn phase=gdn_z gpu_ms=5.27
[prefill-layer-phase] chunk=2 start=2048 layer=25 kind=gdn phase=gdn_beta_alpha gpu_ms=3.36
[prefill-layer-phase] chunk=2 start=2048 layer=25 kind=gdn phase=gdn_alpha_beta gpu_ms=0.01
[prefill-layer-phase] chunk=2 start=2048 layer=25 kind=gdn phase=gdn_prep gpu_ms=0.91
[prefill-layer-phase] chunk=2 start=2048 layer=25 kind=gdn phase=gdn_step gpu_ms=2.98
[prefill-layer-phase] chunk=2 start=2048 layer=25 kind=gdn phase=gdn_gated gpu_ms=0.76
[prefill-layer-phase] chunk=2 start=2048 layer=25 kind=gdn phase=gdn_back gpu_ms=5.73
[prefill-layer-phase] chunk=2 start=2048 layer=25 kind=gdn phase=mixer_resid gpu_ms=0.14
[prefill-layer-phase] chunk=2 start=2048 layer=25 kind=gdn phase=ffn_norm gpu_ms=0.20
[prefill-layer-phase] chunk=2 start=2048 layer=25 kind=gdn phase=ffn_gate_up_swiglu gpu_ms=31.57
[prefill-layer-phase] chunk=2 start=2048 layer=25 kind=gdn phase=ffn_down_resid gpu_ms=16.27
[prefill-layer-phase] chunk=2 start=2048 layer=26 kind=gdn phase=pre_norm gpu_ms=0.06
[prefill-layer-phase] chunk=2 start=2048 layer=26 kind=gdn phase=gdn_qkv gpu_ms=8.97
[prefill-layer-phase] chunk=2 start=2048 layer=26 kind=gdn phase=gdn_z gpu_ms=5.78
[prefill-layer-phase] chunk=2 start=2048 layer=26 kind=gdn phase=gdn_beta_alpha gpu_ms=3.19
[prefill-layer-phase] chunk=2 start=2048 layer=26 kind=gdn phase=gdn_alpha_beta gpu_ms=0.01
[prefill-layer-phase] chunk=2 start=2048 layer=26 kind=gdn phase=gdn_prep gpu_ms=0.91
[prefill-layer-phase] chunk=2 start=2048 layer=26 kind=gdn phase=gdn_step gpu_ms=2.96
[prefill-layer-phase] chunk=2 start=2048 layer=26 kind=gdn phase=gdn_gated gpu_ms=1.12
[prefill-layer-phase] chunk=2 start=2048 layer=26 kind=gdn phase=gdn_back gpu_ms=5.59
[prefill-layer-phase] chunk=2 start=2048 layer=26 kind=gdn phase=mixer_resid gpu_ms=0.14
[prefill-layer-phase] chunk=2 start=2048 layer=26 kind=gdn phase=ffn_norm gpu_ms=0.05
[prefill-layer-phase] chunk=2 start=2048 layer=26 kind=gdn phase=ffn_gate_up_swiglu gpu_ms=31.87
[prefill-layer-phase] chunk=2 start=2048 layer=26 kind=gdn phase=ffn_down_resid gpu_ms=16.67
[prefill-layer-phase] chunk=2 start=2048 layer=27 kind=attn phase=pre_norm gpu_ms=0.07
[prefill-attn-phase] chunk=2 start=2048 layer=27 phase=proj gpu_ms=13.13
[prefill-attn-phase] chunk=2 start=2048 layer=27 phase=split_q_gate gpu_ms=0.18
[prefill-attn-phase] chunk=2 start=2048 layer=27 phase=norm gpu_ms=0.45
[prefill-attn-phase] chunk=2 start=2048 layer=27 phase=rope_scatter gpu_ms=0.09
[prefill-attn-matrix-g6-shape] layer=27 chunk_start=2048 chunk_p=1024 n_pos=3072 scores_mib=288.00 vt_stride=4096 vt_layer_mib=8.00 vt_update_base=2048 vt_update_rows=1024 vt_update_mib=2.00
[prefill-attn-phase] chunk=2 start=2048 layer=27 phase=body_matrix_kq gpu_ms=4.10
[prefill-attn-phase] chunk=2 start=2048 layer=27 phase=body_matrix_softmax gpu_ms=1.31
[prefill-attn-phase] chunk=2 start=2048 layer=27 phase=body_matrix_kqv gpu_ms=3.63
[prefill-layer-phase] chunk=2 start=2048 layer=27 kind=attn phase=attn_back gpu_ms=5.87
[prefill-layer-phase] chunk=2 start=2048 layer=27 kind=attn phase=mixer_resid gpu_ms=0.13
[prefill-layer-phase] chunk=2 start=2048 layer=27 kind=attn phase=ffn_norm gpu_ms=0.06
[prefill-layer-phase] chunk=2 start=2048 layer=27 kind=attn phase=ffn_gate_up_swiglu gpu_ms=32.58
[prefill-layer-phase] chunk=2 start=2048 layer=27 kind=attn phase=ffn_down_resid gpu_ms=17.28
[prefill-layer-phase] chunk=2 start=2048 layer=28 kind=gdn phase=pre_norm gpu_ms=0.06
[prefill-layer-phase] chunk=2 start=2048 layer=28 kind=gdn phase=gdn_qkv gpu_ms=9.40
[prefill-layer-phase] chunk=2 start=2048 layer=28 kind=gdn phase=gdn_z gpu_ms=5.32
[prefill-layer-phase] chunk=2 start=2048 layer=28 kind=gdn phase=gdn_beta_alpha gpu_ms=3.73
[prefill-layer-phase] chunk=2 start=2048 layer=28 kind=gdn phase=gdn_alpha_beta gpu_ms=0.01
[prefill-layer-phase] chunk=2 start=2048 layer=28 kind=gdn phase=gdn_prep gpu_ms=1.03
[prefill-layer-phase] chunk=2 start=2048 layer=28 kind=gdn phase=gdn_step gpu_ms=2.95
[prefill-layer-phase] chunk=2 start=2048 layer=28 kind=gdn phase=gdn_gated gpu_ms=0.76
[prefill-layer-phase] chunk=2 start=2048 layer=28 kind=gdn phase=gdn_back gpu_ms=6.24
[prefill-layer-phase] chunk=2 start=2048 layer=28 kind=gdn phase=mixer_resid gpu_ms=0.14
[prefill-layer-phase] chunk=2 start=2048 layer=28 kind=gdn phase=ffn_norm gpu_ms=0.06
[prefill-layer-phase] chunk=2 start=2048 layer=28 kind=gdn phase=ffn_gate_up_swiglu gpu_ms=32.51
[prefill-layer-phase] chunk=2 start=2048 layer=28 kind=gdn phase=ffn_down_resid gpu_ms=17.17
[prefill-layer-phase] chunk=2 start=2048 layer=29 kind=gdn phase=pre_norm gpu_ms=0.06
[prefill-layer-phase] chunk=2 start=2048 layer=29 kind=gdn phase=gdn_qkv gpu_ms=9.54
[prefill-layer-phase] chunk=2 start=2048 layer=29 kind=gdn phase=gdn_z gpu_ms=5.58
[prefill-layer-phase] chunk=2 start=2048 layer=29 kind=gdn phase=gdn_beta_alpha gpu_ms=3.68
[prefill-layer-phase] chunk=2 start=2048 layer=29 kind=gdn phase=gdn_alpha_beta gpu_ms=0.01
[prefill-layer-phase] chunk=2 start=2048 layer=29 kind=gdn phase=gdn_prep gpu_ms=0.93
[prefill-layer-phase] chunk=2 start=2048 layer=29 kind=gdn phase=gdn_step gpu_ms=2.91
[prefill-layer-phase] chunk=2 start=2048 layer=29 kind=gdn phase=gdn_gated gpu_ms=0.76
[prefill-layer-phase] chunk=2 start=2048 layer=29 kind=gdn phase=gdn_back gpu_ms=6.16
[prefill-layer-phase] chunk=2 start=2048 layer=29 kind=gdn phase=mixer_resid gpu_ms=0.14
[prefill-layer-phase] chunk=2 start=2048 layer=29 kind=gdn phase=ffn_norm gpu_ms=0.05
[prefill-layer-phase] chunk=2 start=2048 layer=29 kind=gdn phase=ffn_gate_up_swiglu gpu_ms=32.06
[prefill-layer-phase] chunk=2 start=2048 layer=29 kind=gdn phase=ffn_down_resid gpu_ms=16.31
[prefill-layer-phase] chunk=2 start=2048 layer=30 kind=gdn phase=pre_norm gpu_ms=0.06
[prefill-layer-phase] chunk=2 start=2048 layer=30 kind=gdn phase=gdn_qkv gpu_ms=8.98
[prefill-layer-phase] chunk=2 start=2048 layer=30 kind=gdn phase=gdn_z gpu_ms=5.74
[prefill-layer-phase] chunk=2 start=2048 layer=30 kind=gdn phase=gdn_beta_alpha gpu_ms=3.71
[prefill-layer-phase] chunk=2 start=2048 layer=30 kind=gdn phase=gdn_alpha_beta gpu_ms=0.01
[prefill-layer-phase] chunk=2 start=2048 layer=30 kind=gdn phase=gdn_prep gpu_ms=0.93
[prefill-layer-phase] chunk=2 start=2048 layer=30 kind=gdn phase=gdn_step gpu_ms=2.92
[prefill-layer-phase] chunk=2 start=2048 layer=30 kind=gdn phase=gdn_gated gpu_ms=0.76
[prefill-layer-phase] chunk=2 start=2048 layer=30 kind=gdn phase=gdn_back gpu_ms=6.18
[prefill-layer-phase] chunk=2 start=2048 layer=30 kind=gdn phase=mixer_resid gpu_ms=0.13
[prefill-layer-phase] chunk=2 start=2048 layer=30 kind=gdn phase=ffn_norm gpu_ms=0.06
[prefill-layer-phase] chunk=2 start=2048 layer=30 kind=gdn phase=ffn_gate_up_swiglu gpu_ms=32.45
[prefill-layer-phase] chunk=2 start=2048 layer=30 kind=gdn phase=ffn_down_resid gpu_ms=16.56
[prefill-layer-phase] chunk=2 start=2048 layer=31 kind=attn phase=pre_norm gpu_ms=0.31
[prefill-attn-phase] chunk=2 start=2048 layer=31 phase=proj gpu_ms=13.53
[prefill-attn-phase] chunk=2 start=2048 layer=31 phase=split_q_gate gpu_ms=0.19
[prefill-attn-phase] chunk=2 start=2048 layer=31 phase=norm gpu_ms=0.46
[prefill-attn-phase] chunk=2 start=2048 layer=31 phase=rope_scatter gpu_ms=0.09
[prefill-attn-matrix-g6-shape] layer=31 chunk_start=2048 chunk_p=1024 n_pos=3072 scores_mib=288.00 vt_stride=4096 vt_layer_mib=8.00 vt_update_base=2048 vt_update_rows=1024 vt_update_mib=2.00
[prefill-attn-phase] chunk=2 start=2048 layer=31 phase=body_matrix_kq gpu_ms=4.22
[prefill-attn-phase] chunk=2 start=2048 layer=31 phase=body_matrix_softmax gpu_ms=1.13
[prefill-attn-phase] chunk=2 start=2048 layer=31 phase=body_matrix_kqv gpu_ms=3.66
[prefill-layer-phase] chunk=2 start=2048 layer=31 kind=attn phase=attn_back gpu_ms=5.90
[prefill-layer-phase] chunk=2 start=2048 layer=31 kind=attn phase=mixer_resid gpu_ms=0.14
[prefill-layer-phase] chunk=2 start=2048 layer=31 kind=attn phase=ffn_norm gpu_ms=0.06
[prefill-layer-phase] chunk=2 start=2048 layer=31 kind=attn phase=ffn_gate_up_swiglu gpu_ms=32.97
[prefill-layer-phase] chunk=2 start=2048 layer=31 kind=attn phase=ffn_down_resid gpu_ms=17.23
[prefill-layer-phase] chunk=2 start=2048 layer=32 kind=gdn phase=pre_norm gpu_ms=0.06
[prefill-layer-phase] chunk=2 start=2048 layer=32 kind=gdn phase=gdn_qkv gpu_ms=9.39
[prefill-layer-phase] chunk=2 start=2048 layer=32 kind=gdn phase=gdn_z gpu_ms=5.51
[prefill-layer-phase] chunk=2 start=2048 layer=32 kind=gdn phase=gdn_beta_alpha gpu_ms=3.66
[prefill-layer-phase] chunk=2 start=2048 layer=32 kind=gdn phase=gdn_alpha_beta gpu_ms=0.01
[prefill-layer-phase] chunk=2 start=2048 layer=32 kind=gdn phase=gdn_prep gpu_ms=0.90
[prefill-layer-phase] chunk=2 start=2048 layer=32 kind=gdn phase=gdn_step gpu_ms=2.92
[prefill-layer-phase] chunk=2 start=2048 layer=32 kind=gdn phase=gdn_gated gpu_ms=1.17
[prefill-layer-phase] chunk=2 start=2048 layer=32 kind=gdn phase=gdn_back gpu_ms=5.69
[prefill-layer-phase] chunk=2 start=2048 layer=32 kind=gdn phase=mixer_resid gpu_ms=0.14
[prefill-layer-phase] chunk=2 start=2048 layer=32 kind=gdn phase=ffn_norm gpu_ms=0.06
[prefill-layer-phase] chunk=2 start=2048 layer=32 kind=gdn phase=ffn_gate_up_swiglu gpu_ms=32.57
[prefill-layer-phase] chunk=2 start=2048 layer=32 kind=gdn phase=ffn_down_resid gpu_ms=16.57
[prefill-layer-phase] chunk=2 start=2048 layer=33 kind=gdn phase=pre_norm gpu_ms=0.06
[prefill-layer-phase] chunk=2 start=2048 layer=33 kind=gdn phase=gdn_qkv gpu_ms=8.94
[prefill-layer-phase] chunk=2 start=2048 layer=33 kind=gdn phase=gdn_z gpu_ms=5.50
[prefill-layer-phase] chunk=2 start=2048 layer=33 kind=gdn phase=gdn_beta_alpha gpu_ms=3.37
[prefill-layer-phase] chunk=2 start=2048 layer=33 kind=gdn phase=gdn_alpha_beta gpu_ms=0.01
[prefill-layer-phase] chunk=2 start=2048 layer=33 kind=gdn phase=gdn_prep gpu_ms=0.90
[prefill-layer-phase] chunk=2 start=2048 layer=33 kind=gdn phase=gdn_step gpu_ms=2.89
[prefill-layer-phase] chunk=2 start=2048 layer=33 kind=gdn phase=gdn_gated gpu_ms=1.11
[prefill-layer-phase] chunk=2 start=2048 layer=33 kind=gdn phase=gdn_back gpu_ms=5.81
[prefill-layer-phase] chunk=2 start=2048 layer=33 kind=gdn phase=mixer_resid gpu_ms=0.19
[prefill-layer-phase] chunk=2 start=2048 layer=33 kind=gdn phase=ffn_norm gpu_ms=0.06
[prefill-layer-phase] chunk=2 start=2048 layer=33 kind=gdn phase=ffn_gate_up_swiglu gpu_ms=32.61
[prefill-layer-phase] chunk=2 start=2048 layer=33 kind=gdn phase=ffn_down_resid gpu_ms=16.36
[prefill-layer-phase] chunk=2 start=2048 layer=34 kind=gdn phase=pre_norm gpu_ms=0.06
[prefill-layer-phase] chunk=2 start=2048 layer=34 kind=gdn phase=gdn_qkv gpu_ms=9.48
[prefill-layer-phase] chunk=2 start=2048 layer=34 kind=gdn phase=gdn_z gpu_ms=5.48
[prefill-layer-phase] chunk=2 start=2048 layer=34 kind=gdn phase=gdn_beta_alpha gpu_ms=3.69
[prefill-layer-phase] chunk=2 start=2048 layer=34 kind=gdn phase=gdn_alpha_beta gpu_ms=0.01
[prefill-layer-phase] chunk=2 start=2048 layer=34 kind=gdn phase=gdn_prep gpu_ms=0.92
[prefill-layer-phase] chunk=2 start=2048 layer=34 kind=gdn phase=gdn_step gpu_ms=2.92
[prefill-layer-phase] chunk=2 start=2048 layer=34 kind=gdn phase=gdn_gated gpu_ms=1.07
[prefill-layer-phase] chunk=2 start=2048 layer=34 kind=gdn phase=gdn_back gpu_ms=5.70
[prefill-layer-phase] chunk=2 start=2048 layer=34 kind=gdn phase=mixer_resid gpu_ms=0.14
[prefill-layer-phase] chunk=2 start=2048 layer=34 kind=gdn phase=ffn_norm gpu_ms=0.06
[prefill-layer-phase] chunk=2 start=2048 layer=34 kind=gdn phase=ffn_gate_up_swiglu gpu_ms=32.71
[prefill-layer-phase] chunk=2 start=2048 layer=34 kind=gdn phase=ffn_down_resid gpu_ms=16.93
[prefill-layer-phase] chunk=2 start=2048 layer=35 kind=attn phase=pre_norm gpu_ms=0.06
[prefill-attn-phase] chunk=2 start=2048 layer=35 phase=proj gpu_ms=13.38
[prefill-attn-phase] chunk=2 start=2048 layer=35 phase=split_q_gate gpu_ms=0.18
[prefill-attn-phase] chunk=2 start=2048 layer=35 phase=norm gpu_ms=0.46
[prefill-attn-phase] chunk=2 start=2048 layer=35 phase=rope_scatter gpu_ms=0.23
[prefill-attn-matrix-g6-shape] layer=35 chunk_start=2048 chunk_p=1024 n_pos=3072 scores_mib=288.00 vt_stride=4096 vt_layer_mib=8.00 vt_update_base=2048 vt_update_rows=1024 vt_update_mib=2.00
[prefill-attn-phase] chunk=2 start=2048 layer=35 phase=body_matrix_kq gpu_ms=3.81
[prefill-attn-phase] chunk=2 start=2048 layer=35 phase=body_matrix_softmax gpu_ms=1.15
[prefill-attn-phase] chunk=2 start=2048 layer=35 phase=body_matrix_kqv gpu_ms=3.83
[prefill-layer-phase] chunk=2 start=2048 layer=35 kind=attn phase=attn_back gpu_ms=5.81
[prefill-layer-phase] chunk=2 start=2048 layer=35 kind=attn phase=mixer_resid gpu_ms=0.13
[prefill-layer-phase] chunk=2 start=2048 layer=35 kind=attn phase=ffn_norm gpu_ms=0.06
[prefill-layer-phase] chunk=2 start=2048 layer=35 kind=attn phase=ffn_gate_up_swiglu gpu_ms=33.17
[prefill-layer-phase] chunk=2 start=2048 layer=35 kind=attn phase=ffn_down_resid gpu_ms=16.37
[prefill-layer-phase] chunk=2 start=2048 layer=36 kind=gdn phase=pre_norm gpu_ms=0.18
[prefill-layer-phase] chunk=2 start=2048 layer=36 kind=gdn phase=gdn_qkv gpu_ms=9.45
[prefill-layer-phase] chunk=2 start=2048 layer=36 kind=gdn phase=gdn_z gpu_ms=5.72
[prefill-layer-phase] chunk=2 start=2048 layer=36 kind=gdn phase=gdn_beta_alpha gpu_ms=3.39
[prefill-layer-phase] chunk=2 start=2048 layer=36 kind=gdn phase=gdn_alpha_beta gpu_ms=0.01
[prefill-layer-phase] chunk=2 start=2048 layer=36 kind=gdn phase=gdn_prep gpu_ms=0.91
[prefill-layer-phase] chunk=2 start=2048 layer=36 kind=gdn phase=gdn_step gpu_ms=2.93
[prefill-layer-phase] chunk=2 start=2048 layer=36 kind=gdn phase=gdn_gated gpu_ms=1.24
[prefill-layer-phase] chunk=2 start=2048 layer=36 kind=gdn phase=gdn_back gpu_ms=5.97
[prefill-layer-phase] chunk=2 start=2048 layer=36 kind=gdn phase=mixer_resid gpu_ms=0.10
[prefill-layer-phase] chunk=2 start=2048 layer=36 kind=gdn phase=ffn_norm gpu_ms=0.06
[prefill-layer-phase] chunk=2 start=2048 layer=36 kind=gdn phase=ffn_gate_up_swiglu gpu_ms=32.55
[prefill-layer-phase] chunk=2 start=2048 layer=36 kind=gdn phase=ffn_down_resid gpu_ms=16.59
[prefill-layer-phase] chunk=2 start=2048 layer=37 kind=gdn phase=pre_norm gpu_ms=0.06
[prefill-layer-phase] chunk=2 start=2048 layer=37 kind=gdn phase=gdn_qkv gpu_ms=9.61
[prefill-layer-phase] chunk=2 start=2048 layer=37 kind=gdn phase=gdn_z gpu_ms=5.80
[prefill-layer-phase] chunk=2 start=2048 layer=37 kind=gdn phase=gdn_beta_alpha gpu_ms=3.43
[prefill-layer-phase] chunk=2 start=2048 layer=37 kind=gdn phase=gdn_alpha_beta gpu_ms=0.01
[prefill-layer-phase] chunk=2 start=2048 layer=37 kind=gdn phase=gdn_prep gpu_ms=0.92
[prefill-layer-phase] chunk=2 start=2048 layer=37 kind=gdn phase=gdn_step gpu_ms=2.96
[prefill-layer-phase] chunk=2 start=2048 layer=37 kind=gdn phase=gdn_gated gpu_ms=1.07
[prefill-layer-phase] chunk=2 start=2048 layer=37 kind=gdn phase=gdn_back gpu_ms=5.74
[prefill-layer-phase] chunk=2 start=2048 layer=37 kind=gdn phase=mixer_resid gpu_ms=0.15
[prefill-layer-phase] chunk=2 start=2048 layer=37 kind=gdn phase=ffn_norm gpu_ms=0.06
[prefill-layer-phase] chunk=2 start=2048 layer=37 kind=gdn phase=ffn_gate_up_swiglu gpu_ms=32.64
[prefill-layer-phase] chunk=2 start=2048 layer=37 kind=gdn phase=ffn_down_resid gpu_ms=16.54
[prefill-layer-phase] chunk=2 start=2048 layer=38 kind=gdn phase=pre_norm gpu_ms=0.15
[prefill-layer-phase] chunk=2 start=2048 layer=38 kind=gdn phase=gdn_qkv gpu_ms=9.42
[prefill-layer-phase] chunk=2 start=2048 layer=38 kind=gdn phase=gdn_z gpu_ms=5.35
[prefill-layer-phase] chunk=2 start=2048 layer=38 kind=gdn phase=gdn_beta_alpha gpu_ms=3.62
[prefill-layer-phase] chunk=2 start=2048 layer=38 kind=gdn phase=gdn_alpha_beta gpu_ms=0.01
[prefill-layer-phase] chunk=2 start=2048 layer=38 kind=gdn phase=gdn_prep gpu_ms=0.92
[prefill-layer-phase] chunk=2 start=2048 layer=38 kind=gdn phase=gdn_step gpu_ms=2.91
[prefill-layer-phase] chunk=2 start=2048 layer=38 kind=gdn phase=gdn_gated gpu_ms=1.12
[prefill-layer-phase] chunk=2 start=2048 layer=38 kind=gdn phase=gdn_back gpu_ms=5.72
[prefill-layer-phase] chunk=2 start=2048 layer=38 kind=gdn phase=mixer_resid gpu_ms=0.14
[prefill-layer-phase] chunk=2 start=2048 layer=38 kind=gdn phase=ffn_norm gpu_ms=0.06
[prefill-layer-phase] chunk=2 start=2048 layer=38 kind=gdn phase=ffn_gate_up_swiglu gpu_ms=32.69
[prefill-layer-phase] chunk=2 start=2048 layer=38 kind=gdn phase=ffn_down_resid gpu_ms=17.31
[prefill-layer-phase] chunk=2 start=2048 layer=39 kind=attn phase=pre_norm gpu_ms=0.05
[prefill-attn-phase] chunk=2 start=2048 layer=39 phase=proj gpu_ms=13.69
[prefill-attn-phase] chunk=2 start=2048 layer=39 phase=split_q_gate gpu_ms=0.18
[prefill-attn-phase] chunk=2 start=2048 layer=39 phase=norm gpu_ms=0.46
[prefill-attn-phase] chunk=2 start=2048 layer=39 phase=rope_scatter gpu_ms=0.09
[prefill-attn-matrix-g6-shape] layer=39 chunk_start=2048 chunk_p=1024 n_pos=3072 scores_mib=288.00 vt_stride=4096 vt_layer_mib=8.00 vt_update_base=2048 vt_update_rows=1024 vt_update_mib=2.00
[prefill-attn-phase] chunk=2 start=2048 layer=39 phase=body_matrix_kq gpu_ms=4.19
[prefill-attn-phase] chunk=2 start=2048 layer=39 phase=body_matrix_softmax gpu_ms=1.14
[prefill-attn-phase] chunk=2 start=2048 layer=39 phase=body_matrix_kqv gpu_ms=4.19
[prefill-layer-phase] chunk=2 start=2048 layer=39 kind=attn phase=attn_back gpu_ms=5.57
[prefill-layer-phase] chunk=2 start=2048 layer=39 kind=attn phase=mixer_resid gpu_ms=0.24
[prefill-layer-phase] chunk=2 start=2048 layer=39 kind=attn phase=ffn_norm gpu_ms=0.06
[prefill-layer-phase] chunk=2 start=2048 layer=39 kind=attn phase=ffn_gate_up_swiglu gpu_ms=33.38
[prefill-layer-phase] chunk=2 start=2048 layer=39 kind=attn phase=ffn_down_resid gpu_ms=16.79
[prefill-layer-phase] chunk=2 start=2048 layer=40 kind=gdn phase=pre_norm gpu_ms=0.06
[prefill-layer-phase] chunk=2 start=2048 layer=40 kind=gdn phase=gdn_qkv gpu_ms=9.76
[prefill-layer-phase] chunk=2 start=2048 layer=40 kind=gdn phase=gdn_z gpu_ms=5.68
[prefill-layer-phase] chunk=2 start=2048 layer=40 kind=gdn phase=gdn_beta_alpha gpu_ms=3.33
[prefill-layer-phase] chunk=2 start=2048 layer=40 kind=gdn phase=gdn_alpha_beta gpu_ms=0.01
[prefill-layer-phase] chunk=2 start=2048 layer=40 kind=gdn phase=gdn_prep gpu_ms=0.92
[prefill-layer-phase] chunk=2 start=2048 layer=40 kind=gdn phase=gdn_step gpu_ms=3.37
[prefill-layer-phase] chunk=2 start=2048 layer=40 kind=gdn phase=gdn_gated gpu_ms=0.76
[prefill-layer-phase] chunk=2 start=2048 layer=40 kind=gdn phase=gdn_back gpu_ms=6.06
[prefill-layer-phase] chunk=2 start=2048 layer=40 kind=gdn phase=mixer_resid gpu_ms=0.10
[prefill-layer-phase] chunk=2 start=2048 layer=40 kind=gdn phase=ffn_norm gpu_ms=0.08
[prefill-layer-phase] chunk=2 start=2048 layer=40 kind=gdn phase=ffn_gate_up_swiglu gpu_ms=32.78
[prefill-layer-phase] chunk=2 start=2048 layer=40 kind=gdn phase=ffn_down_resid gpu_ms=17.07
[prefill-layer-phase] chunk=2 start=2048 layer=41 kind=gdn phase=pre_norm gpu_ms=0.06
[prefill-layer-phase] chunk=2 start=2048 layer=41 kind=gdn phase=gdn_qkv gpu_ms=8.92
[prefill-layer-phase] chunk=2 start=2048 layer=41 kind=gdn phase=gdn_z gpu_ms=5.88
[prefill-layer-phase] chunk=2 start=2048 layer=41 kind=gdn phase=gdn_beta_alpha gpu_ms=3.39
[prefill-layer-phase] chunk=2 start=2048 layer=41 kind=gdn phase=gdn_alpha_beta gpu_ms=0.01
[prefill-layer-phase] chunk=2 start=2048 layer=41 kind=gdn phase=gdn_prep gpu_ms=0.92
[prefill-layer-phase] chunk=2 start=2048 layer=41 kind=gdn phase=gdn_step gpu_ms=3.44
[prefill-layer-phase] chunk=2 start=2048 layer=41 kind=gdn phase=gdn_gated gpu_ms=0.77
[prefill-layer-phase] chunk=2 start=2048 layer=41 kind=gdn phase=gdn_back gpu_ms=5.87
[prefill-layer-phase] chunk=2 start=2048 layer=41 kind=gdn phase=mixer_resid gpu_ms=0.11
[prefill-layer-phase] chunk=2 start=2048 layer=41 kind=gdn phase=ffn_norm gpu_ms=0.11
[prefill-layer-phase] chunk=2 start=2048 layer=41 kind=gdn phase=ffn_gate_up_swiglu gpu_ms=33.08
[prefill-layer-phase] chunk=2 start=2048 layer=41 kind=gdn phase=ffn_down_resid gpu_ms=16.97
[prefill-layer-phase] chunk=2 start=2048 layer=42 kind=gdn phase=pre_norm gpu_ms=0.06
[prefill-layer-phase] chunk=2 start=2048 layer=42 kind=gdn phase=gdn_qkv gpu_ms=9.57
[prefill-layer-phase] chunk=2 start=2048 layer=42 kind=gdn phase=gdn_z gpu_ms=6.05
[prefill-layer-phase] chunk=2 start=2048 layer=42 kind=gdn phase=gdn_beta_alpha gpu_ms=3.37
[prefill-layer-phase] chunk=2 start=2048 layer=42 kind=gdn phase=gdn_alpha_beta gpu_ms=0.01
[prefill-layer-phase] chunk=2 start=2048 layer=42 kind=gdn phase=gdn_prep gpu_ms=1.03
[prefill-layer-phase] chunk=2 start=2048 layer=42 kind=gdn phase=gdn_step gpu_ms=3.11
[prefill-layer-phase] chunk=2 start=2048 layer=42 kind=gdn phase=gdn_gated gpu_ms=0.78
[prefill-layer-phase] chunk=2 start=2048 layer=42 kind=gdn phase=gdn_back gpu_ms=5.97
[prefill-layer-phase] chunk=2 start=2048 layer=42 kind=gdn phase=mixer_resid gpu_ms=0.14
[prefill-layer-phase] chunk=2 start=2048 layer=42 kind=gdn phase=ffn_norm gpu_ms=0.05
[prefill-layer-phase] chunk=2 start=2048 layer=42 kind=gdn phase=ffn_gate_up_swiglu gpu_ms=32.87
[prefill-layer-phase] chunk=2 start=2048 layer=42 kind=gdn phase=ffn_down_resid gpu_ms=16.72
[prefill-layer-phase] chunk=2 start=2048 layer=43 kind=attn phase=pre_norm gpu_ms=0.06
[prefill-attn-phase] chunk=2 start=2048 layer=43 phase=proj gpu_ms=13.79
[prefill-attn-phase] chunk=2 start=2048 layer=43 phase=split_q_gate gpu_ms=0.41
[prefill-attn-phase] chunk=2 start=2048 layer=43 phase=norm gpu_ms=0.45
[prefill-attn-phase] chunk=2 start=2048 layer=43 phase=rope_scatter gpu_ms=0.09
[prefill-attn-matrix-g6-shape] layer=43 chunk_start=2048 chunk_p=1024 n_pos=3072 scores_mib=288.00 vt_stride=4096 vt_layer_mib=8.00 vt_update_base=2048 vt_update_rows=1024 vt_update_mib=2.00
[prefill-attn-phase] chunk=2 start=2048 layer=43 phase=body_matrix_kq gpu_ms=3.80
[prefill-attn-phase] chunk=2 start=2048 layer=43 phase=body_matrix_softmax gpu_ms=1.48
[prefill-attn-phase] chunk=2 start=2048 layer=43 phase=body_matrix_kqv gpu_ms=3.93
[prefill-layer-phase] chunk=2 start=2048 layer=43 kind=attn phase=attn_back gpu_ms=6.20
[prefill-layer-phase] chunk=2 start=2048 layer=43 kind=attn phase=mixer_resid gpu_ms=0.14
[prefill-layer-phase] chunk=2 start=2048 layer=43 kind=attn phase=ffn_norm gpu_ms=0.06
[prefill-layer-phase] chunk=2 start=2048 layer=43 kind=attn phase=ffn_gate_up_swiglu gpu_ms=33.49
[prefill-layer-phase] chunk=2 start=2048 layer=43 kind=attn phase=ffn_down_resid gpu_ms=17.13
[prefill-layer-phase] chunk=2 start=2048 layer=44 kind=gdn phase=pre_norm gpu_ms=0.27
[prefill-layer-phase] chunk=2 start=2048 layer=44 kind=gdn phase=gdn_qkv gpu_ms=9.19
[prefill-layer-phase] chunk=2 start=2048 layer=44 kind=gdn phase=gdn_z gpu_ms=5.85
[prefill-layer-phase] chunk=2 start=2048 layer=44 kind=gdn phase=gdn_beta_alpha gpu_ms=3.57
[prefill-layer-phase] chunk=2 start=2048 layer=44 kind=gdn phase=gdn_alpha_beta gpu_ms=0.01
[prefill-layer-phase] chunk=2 start=2048 layer=44 kind=gdn phase=gdn_prep gpu_ms=1.00
[prefill-layer-phase] chunk=2 start=2048 layer=44 kind=gdn phase=gdn_step gpu_ms=2.98
[prefill-layer-phase] chunk=2 start=2048 layer=44 kind=gdn phase=gdn_gated gpu_ms=1.12
[prefill-layer-phase] chunk=2 start=2048 layer=44 kind=gdn phase=gdn_back gpu_ms=5.62
[prefill-layer-phase] chunk=2 start=2048 layer=44 kind=gdn phase=mixer_resid gpu_ms=0.13
[prefill-layer-phase] chunk=2 start=2048 layer=44 kind=gdn phase=ffn_norm gpu_ms=0.06
[prefill-layer-phase] chunk=2 start=2048 layer=44 kind=gdn phase=ffn_gate_up_swiglu gpu_ms=33.02
[prefill-layer-phase] chunk=2 start=2048 layer=44 kind=gdn phase=ffn_down_resid gpu_ms=17.12
[prefill-layer-phase] chunk=2 start=2048 layer=45 kind=gdn phase=pre_norm gpu_ms=0.06
[prefill-layer-phase] chunk=2 start=2048 layer=45 kind=gdn phase=gdn_qkv gpu_ms=9.12
[prefill-layer-phase] chunk=2 start=2048 layer=45 kind=gdn phase=gdn_z gpu_ms=5.72
[prefill-layer-phase] chunk=2 start=2048 layer=45 kind=gdn phase=gdn_beta_alpha gpu_ms=3.47
[prefill-layer-phase] chunk=2 start=2048 layer=45 kind=gdn phase=gdn_alpha_beta gpu_ms=0.01
[prefill-layer-phase] chunk=2 start=2048 layer=45 kind=gdn phase=gdn_prep gpu_ms=0.98
[prefill-layer-phase] chunk=2 start=2048 layer=45 kind=gdn phase=gdn_step gpu_ms=2.96
[prefill-layer-phase] chunk=2 start=2048 layer=45 kind=gdn phase=gdn_gated gpu_ms=0.76
[prefill-layer-phase] chunk=2 start=2048 layer=45 kind=gdn phase=gdn_back gpu_ms=6.19
[prefill-layer-phase] chunk=2 start=2048 layer=45 kind=gdn phase=mixer_resid gpu_ms=0.11
[prefill-layer-phase] chunk=2 start=2048 layer=45 kind=gdn phase=ffn_norm gpu_ms=0.06
[prefill-layer-phase] chunk=2 start=2048 layer=45 kind=gdn phase=ffn_gate_up_swiglu gpu_ms=33.58
[prefill-layer-phase] chunk=2 start=2048 layer=45 kind=gdn phase=ffn_down_resid gpu_ms=17.41
[prefill-layer-phase] chunk=2 start=2048 layer=46 kind=gdn phase=pre_norm gpu_ms=0.06
[prefill-layer-phase] chunk=2 start=2048 layer=46 kind=gdn phase=gdn_qkv gpu_ms=9.62
[prefill-layer-phase] chunk=2 start=2048 layer=46 kind=gdn phase=gdn_z gpu_ms=5.52
[prefill-layer-phase] chunk=2 start=2048 layer=46 kind=gdn phase=gdn_beta_alpha gpu_ms=3.58
[prefill-layer-phase] chunk=2 start=2048 layer=46 kind=gdn phase=gdn_alpha_beta gpu_ms=0.01
[prefill-layer-phase] chunk=2 start=2048 layer=46 kind=gdn phase=gdn_prep gpu_ms=0.93
[prefill-layer-phase] chunk=2 start=2048 layer=46 kind=gdn phase=gdn_step gpu_ms=2.99
[prefill-layer-phase] chunk=2 start=2048 layer=46 kind=gdn phase=gdn_gated gpu_ms=1.12
[prefill-layer-phase] chunk=2 start=2048 layer=46 kind=gdn phase=gdn_back gpu_ms=5.73
[prefill-layer-phase] chunk=2 start=2048 layer=46 kind=gdn phase=mixer_resid gpu_ms=0.24
[prefill-layer-phase] chunk=2 start=2048 layer=46 kind=gdn phase=ffn_norm gpu_ms=0.06
[prefill-layer-phase] chunk=2 start=2048 layer=46 kind=gdn phase=ffn_gate_up_swiglu gpu_ms=33.27
[prefill-layer-phase] chunk=2 start=2048 layer=46 kind=gdn phase=ffn_down_resid gpu_ms=17.25
[prefill-layer-phase] chunk=2 start=2048 layer=47 kind=attn phase=pre_norm gpu_ms=0.06
[prefill-attn-phase] chunk=2 start=2048 layer=47 phase=proj gpu_ms=13.89
[prefill-attn-phase] chunk=2 start=2048 layer=47 phase=split_q_gate gpu_ms=0.19
[prefill-attn-phase] chunk=2 start=2048 layer=47 phase=norm gpu_ms=0.57
[prefill-attn-phase] chunk=2 start=2048 layer=47 phase=rope_scatter gpu_ms=0.09
[prefill-attn-matrix-g6-shape] layer=47 chunk_start=2048 chunk_p=1024 n_pos=3072 scores_mib=288.00 vt_stride=4096 vt_layer_mib=8.00 vt_update_base=2048 vt_update_rows=1024 vt_update_mib=2.00
[prefill-attn-phase] chunk=2 start=2048 layer=47 phase=body_matrix_kq gpu_ms=3.82
[prefill-attn-phase] chunk=2 start=2048 layer=47 phase=body_matrix_softmax gpu_ms=1.11
[prefill-attn-phase] chunk=2 start=2048 layer=47 phase=body_matrix_kqv gpu_ms=4.32
[prefill-layer-phase] chunk=2 start=2048 layer=47 kind=attn phase=attn_back gpu_ms=5.92
[prefill-layer-phase] chunk=2 start=2048 layer=47 kind=attn phase=mixer_resid gpu_ms=0.10
[prefill-layer-phase] chunk=2 start=2048 layer=47 kind=attn phase=ffn_norm gpu_ms=0.06
[prefill-layer-phase] chunk=2 start=2048 layer=47 kind=attn phase=ffn_gate_up_swiglu gpu_ms=33.77
[prefill-layer-phase] chunk=2 start=2048 layer=47 kind=attn phase=ffn_down_resid gpu_ms=16.92
[prefill-layer-phase] chunk=2 start=2048 layer=48 kind=gdn phase=pre_norm gpu_ms=0.06
[prefill-layer-phase] chunk=2 start=2048 layer=48 kind=gdn phase=gdn_qkv gpu_ms=9.50
[prefill-layer-phase] chunk=2 start=2048 layer=48 kind=gdn phase=gdn_z gpu_ms=6.06
[prefill-layer-phase] chunk=2 start=2048 layer=48 kind=gdn phase=gdn_beta_alpha gpu_ms=3.37
[prefill-layer-phase] chunk=2 start=2048 layer=48 kind=gdn phase=gdn_alpha_beta gpu_ms=0.01
[prefill-layer-phase] chunk=2 start=2048 layer=48 kind=gdn phase=gdn_prep gpu_ms=1.26
[prefill-layer-phase] chunk=2 start=2048 layer=48 kind=gdn phase=gdn_step gpu_ms=3.16
[prefill-layer-phase] chunk=2 start=2048 layer=48 kind=gdn phase=gdn_gated gpu_ms=0.78
[prefill-layer-phase] chunk=2 start=2048 layer=48 kind=gdn phase=gdn_back gpu_ms=5.87
[prefill-layer-phase] chunk=2 start=2048 layer=48 kind=gdn phase=mixer_resid gpu_ms=0.14
[prefill-layer-phase] chunk=2 start=2048 layer=48 kind=gdn phase=ffn_norm gpu_ms=0.06
[prefill-layer-phase] chunk=2 start=2048 layer=48 kind=gdn phase=ffn_gate_up_swiglu gpu_ms=32.76
[prefill-layer-phase] chunk=2 start=2048 layer=48 kind=gdn phase=ffn_down_resid gpu_ms=16.87
[prefill-layer-phase] chunk=2 start=2048 layer=49 kind=gdn phase=pre_norm gpu_ms=0.07
[prefill-layer-phase] chunk=2 start=2048 layer=49 kind=gdn phase=gdn_qkv gpu_ms=9.85
[prefill-layer-phase] chunk=2 start=2048 layer=49 kind=gdn phase=gdn_z gpu_ms=5.86
[prefill-layer-phase] chunk=2 start=2048 layer=49 kind=gdn phase=gdn_beta_alpha gpu_ms=3.37
[prefill-layer-phase] chunk=2 start=2048 layer=49 kind=gdn phase=gdn_alpha_beta gpu_ms=0.01
[prefill-layer-phase] chunk=2 start=2048 layer=49 kind=gdn phase=gdn_prep gpu_ms=1.07
[prefill-layer-phase] chunk=2 start=2048 layer=49 kind=gdn phase=gdn_step gpu_ms=3.07
[prefill-layer-phase] chunk=2 start=2048 layer=49 kind=gdn phase=gdn_gated gpu_ms=0.79
[prefill-layer-phase] chunk=2 start=2048 layer=49 kind=gdn phase=gdn_back gpu_ms=6.05
[prefill-layer-phase] chunk=2 start=2048 layer=49 kind=gdn phase=mixer_resid gpu_ms=0.14
[prefill-layer-phase] chunk=2 start=2048 layer=49 kind=gdn phase=ffn_norm gpu_ms=0.06
[prefill-layer-phase] chunk=2 start=2048 layer=49 kind=gdn phase=ffn_gate_up_swiglu gpu_ms=33.46
[prefill-layer-phase] chunk=2 start=2048 layer=49 kind=gdn phase=ffn_down_resid gpu_ms=17.21
[prefill-layer-phase] chunk=2 start=2048 layer=50 kind=gdn phase=pre_norm gpu_ms=0.05
[prefill-layer-phase] chunk=2 start=2048 layer=50 kind=gdn phase=gdn_qkv gpu_ms=9.81
[prefill-layer-phase] chunk=2 start=2048 layer=50 kind=gdn phase=gdn_z gpu_ms=5.68
[prefill-layer-phase] chunk=2 start=2048 layer=50 kind=gdn phase=gdn_beta_alpha gpu_ms=3.57
[prefill-layer-phase] chunk=2 start=2048 layer=50 kind=gdn phase=gdn_alpha_beta gpu_ms=0.01
[prefill-layer-phase] chunk=2 start=2048 layer=50 kind=gdn phase=gdn_prep gpu_ms=0.92
[prefill-layer-phase] chunk=2 start=2048 layer=50 kind=gdn phase=gdn_step gpu_ms=3.10
[prefill-layer-phase] chunk=2 start=2048 layer=50 kind=gdn phase=gdn_gated gpu_ms=0.76
[prefill-layer-phase] chunk=2 start=2048 layer=50 kind=gdn phase=gdn_back gpu_ms=6.03
[prefill-layer-phase] chunk=2 start=2048 layer=50 kind=gdn phase=mixer_resid gpu_ms=0.14
[prefill-layer-phase] chunk=2 start=2048 layer=50 kind=gdn phase=ffn_norm gpu_ms=0.06
[prefill-layer-phase] chunk=2 start=2048 layer=50 kind=gdn phase=ffn_gate_up_swiglu gpu_ms=33.64
[prefill-layer-phase] chunk=2 start=2048 layer=50 kind=gdn phase=ffn_down_resid gpu_ms=16.99
[prefill-layer-phase] chunk=2 start=2048 layer=51 kind=attn phase=pre_norm gpu_ms=0.06
[prefill-attn-phase] chunk=2 start=2048 layer=51 phase=proj gpu_ms=13.67
[prefill-attn-phase] chunk=2 start=2048 layer=51 phase=split_q_gate gpu_ms=0.19
[prefill-attn-phase] chunk=2 start=2048 layer=51 phase=norm gpu_ms=0.46
[prefill-attn-phase] chunk=2 start=2048 layer=51 phase=rope_scatter gpu_ms=0.09
[prefill-attn-matrix-g6-shape] layer=51 chunk_start=2048 chunk_p=1024 n_pos=3072 scores_mib=288.00 vt_stride=4096 vt_layer_mib=8.00 vt_update_base=2048 vt_update_rows=1024 vt_update_mib=2.00
[prefill-attn-phase] chunk=2 start=2048 layer=51 phase=body_matrix_kq gpu_ms=4.21
[prefill-attn-phase] chunk=2 start=2048 layer=51 phase=body_matrix_softmax gpu_ms=1.20
[prefill-attn-phase] chunk=2 start=2048 layer=51 phase=body_matrix_kqv gpu_ms=3.86
[prefill-layer-phase] chunk=2 start=2048 layer=51 kind=attn phase=attn_back gpu_ms=6.27
[prefill-layer-phase] chunk=2 start=2048 layer=51 kind=attn phase=mixer_resid gpu_ms=0.10
[prefill-layer-phase] chunk=2 start=2048 layer=51 kind=attn phase=ffn_norm gpu_ms=0.06
[prefill-layer-phase] chunk=2 start=2048 layer=51 kind=attn phase=ffn_gate_up_swiglu gpu_ms=33.82
[prefill-layer-phase] chunk=2 start=2048 layer=51 kind=attn phase=ffn_down_resid gpu_ms=16.95
[prefill-layer-phase] chunk=2 start=2048 layer=52 kind=gdn phase=pre_norm gpu_ms=0.06
[prefill-layer-phase] chunk=2 start=2048 layer=52 kind=gdn phase=gdn_qkv gpu_ms=9.72
[prefill-layer-phase] chunk=2 start=2048 layer=52 kind=gdn phase=gdn_z gpu_ms=6.00
[prefill-layer-phase] chunk=2 start=2048 layer=52 kind=gdn phase=gdn_beta_alpha gpu_ms=3.42
[prefill-layer-phase] chunk=2 start=2048 layer=52 kind=gdn phase=gdn_alpha_beta gpu_ms=0.01
[prefill-layer-phase] chunk=2 start=2048 layer=52 kind=gdn phase=gdn_prep gpu_ms=0.92
[prefill-layer-phase] chunk=2 start=2048 layer=52 kind=gdn phase=gdn_step gpu_ms=3.26
[prefill-layer-phase] chunk=2 start=2048 layer=52 kind=gdn phase=gdn_gated gpu_ms=0.93
[prefill-layer-phase] chunk=2 start=2048 layer=52 kind=gdn phase=gdn_back gpu_ms=5.72
[prefill-layer-phase] chunk=2 start=2048 layer=52 kind=gdn phase=mixer_resid gpu_ms=0.09
[prefill-layer-phase] chunk=2 start=2048 layer=52 kind=gdn phase=ffn_norm gpu_ms=0.06
[prefill-layer-phase] chunk=2 start=2048 layer=52 kind=gdn phase=ffn_gate_up_swiglu gpu_ms=33.42
[prefill-layer-phase] chunk=2 start=2048 layer=52 kind=gdn phase=ffn_down_resid gpu_ms=17.20
[prefill-layer-phase] chunk=2 start=2048 layer=53 kind=gdn phase=pre_norm gpu_ms=0.06
[prefill-layer-phase] chunk=2 start=2048 layer=53 kind=gdn phase=gdn_qkv gpu_ms=9.53
[prefill-layer-phase] chunk=2 start=2048 layer=53 kind=gdn phase=gdn_z gpu_ms=6.12
[prefill-layer-phase] chunk=2 start=2048 layer=53 kind=gdn phase=gdn_beta_alpha gpu_ms=3.38
[prefill-layer-phase] chunk=2 start=2048 layer=53 kind=gdn phase=gdn_alpha_beta gpu_ms=0.01
[prefill-layer-phase] chunk=2 start=2048 layer=53 kind=gdn phase=gdn_prep gpu_ms=0.92
[prefill-layer-phase] chunk=2 start=2048 layer=53 kind=gdn phase=gdn_step gpu_ms=3.60
[prefill-layer-phase] chunk=2 start=2048 layer=53 kind=gdn phase=gdn_gated gpu_ms=0.76
[prefill-layer-phase] chunk=2 start=2048 layer=53 kind=gdn phase=gdn_back gpu_ms=6.00
[prefill-layer-phase] chunk=2 start=2048 layer=53 kind=gdn phase=mixer_resid gpu_ms=0.10
[prefill-layer-phase] chunk=2 start=2048 layer=53 kind=gdn phase=ffn_norm gpu_ms=0.06
[prefill-layer-phase] chunk=2 start=2048 layer=53 kind=gdn phase=ffn_gate_up_swiglu gpu_ms=33.49
[prefill-layer-phase] chunk=2 start=2048 layer=53 kind=gdn phase=ffn_down_resid gpu_ms=16.95
[prefill-layer-phase] chunk=2 start=2048 layer=54 kind=gdn phase=pre_norm gpu_ms=0.06
[prefill-layer-phase] chunk=2 start=2048 layer=54 kind=gdn phase=gdn_qkv gpu_ms=9.69
[prefill-layer-phase] chunk=2 start=2048 layer=54 kind=gdn phase=gdn_z gpu_ms=5.80
[prefill-layer-phase] chunk=2 start=2048 layer=54 kind=gdn phase=gdn_beta_alpha gpu_ms=3.51
[prefill-layer-phase] chunk=2 start=2048 layer=54 kind=gdn phase=gdn_alpha_beta gpu_ms=0.01
[prefill-layer-phase] chunk=2 start=2048 layer=54 kind=gdn phase=gdn_prep gpu_ms=0.91
[prefill-layer-phase] chunk=2 start=2048 layer=54 kind=gdn phase=gdn_step gpu_ms=3.07
[prefill-layer-phase] chunk=2 start=2048 layer=54 kind=gdn phase=gdn_gated gpu_ms=0.78
[prefill-layer-phase] chunk=2 start=2048 layer=54 kind=gdn phase=gdn_back gpu_ms=6.15
[prefill-layer-phase] chunk=2 start=2048 layer=54 kind=gdn phase=mixer_resid gpu_ms=0.14
[prefill-layer-phase] chunk=2 start=2048 layer=54 kind=gdn phase=ffn_norm gpu_ms=0.06
[prefill-layer-phase] chunk=2 start=2048 layer=54 kind=gdn phase=ffn_gate_up_swiglu gpu_ms=33.59
[prefill-layer-phase] chunk=2 start=2048 layer=54 kind=gdn phase=ffn_down_resid gpu_ms=17.03
[prefill-layer-phase] chunk=2 start=2048 layer=55 kind=attn phase=pre_norm gpu_ms=0.05
[prefill-attn-phase] chunk=2 start=2048 layer=55 phase=proj gpu_ms=14.28
[prefill-attn-phase] chunk=2 start=2048 layer=55 phase=split_q_gate gpu_ms=0.18
[prefill-attn-phase] chunk=2 start=2048 layer=55 phase=norm gpu_ms=0.46
[prefill-attn-phase] chunk=2 start=2048 layer=55 phase=rope_scatter gpu_ms=0.09
[prefill-attn-matrix-g6-shape] layer=55 chunk_start=2048 chunk_p=1024 n_pos=3072 scores_mib=288.00 vt_stride=4096 vt_layer_mib=8.00 vt_update_base=2048 vt_update_rows=1024 vt_update_mib=2.00
[prefill-attn-phase] chunk=2 start=2048 layer=55 phase=body_matrix_kq gpu_ms=4.14
[prefill-attn-phase] chunk=2 start=2048 layer=55 phase=body_matrix_softmax gpu_ms=1.12
[prefill-attn-phase] chunk=2 start=2048 layer=55 phase=body_matrix_kqv gpu_ms=3.99
[prefill-layer-phase] chunk=2 start=2048 layer=55 kind=attn phase=attn_back gpu_ms=6.12
[prefill-layer-phase] chunk=2 start=2048 layer=55 kind=attn phase=mixer_resid gpu_ms=0.14
[prefill-layer-phase] chunk=2 start=2048 layer=55 kind=attn phase=ffn_norm gpu_ms=0.06
[prefill-layer-phase] chunk=2 start=2048 layer=55 kind=attn phase=ffn_gate_up_swiglu gpu_ms=33.97
[prefill-layer-phase] chunk=2 start=2048 layer=55 kind=attn phase=ffn_down_resid gpu_ms=17.39
[prefill-layer-phase] chunk=2 start=2048 layer=56 kind=gdn phase=pre_norm gpu_ms=0.18
[prefill-layer-phase] chunk=2 start=2048 layer=56 kind=gdn phase=gdn_qkv gpu_ms=9.82
[prefill-layer-phase] chunk=2 start=2048 layer=56 kind=gdn phase=gdn_z gpu_ms=5.96
[prefill-layer-phase] chunk=2 start=2048 layer=56 kind=gdn phase=gdn_beta_alpha gpu_ms=3.40
[prefill-layer-phase] chunk=2 start=2048 layer=56 kind=gdn phase=gdn_alpha_beta gpu_ms=0.01
[prefill-layer-phase] chunk=2 start=2048 layer=56 kind=gdn phase=gdn_prep gpu_ms=0.94
[prefill-layer-phase] chunk=2 start=2048 layer=56 kind=gdn phase=gdn_step gpu_ms=3.40
[prefill-layer-phase] chunk=2 start=2048 layer=56 kind=gdn phase=gdn_gated gpu_ms=0.76
[prefill-layer-phase] chunk=2 start=2048 layer=56 kind=gdn phase=gdn_back gpu_ms=5.81
[prefill-layer-phase] chunk=2 start=2048 layer=56 kind=gdn phase=mixer_resid gpu_ms=0.40
[prefill-layer-phase] chunk=2 start=2048 layer=56 kind=gdn phase=ffn_norm gpu_ms=0.06
[prefill-layer-phase] chunk=2 start=2048 layer=56 kind=gdn phase=ffn_gate_up_swiglu gpu_ms=33.78
[prefill-layer-phase] chunk=2 start=2048 layer=56 kind=gdn phase=ffn_down_resid gpu_ms=17.12
[prefill-layer-phase] chunk=2 start=2048 layer=57 kind=gdn phase=pre_norm gpu_ms=0.10
[prefill-layer-phase] chunk=2 start=2048 layer=57 kind=gdn phase=gdn_qkv gpu_ms=10.03
[prefill-layer-phase] chunk=2 start=2048 layer=57 kind=gdn phase=gdn_z gpu_ms=6.28
[prefill-layer-phase] chunk=2 start=2048 layer=57 kind=gdn phase=gdn_beta_alpha gpu_ms=3.58
[prefill-layer-phase] chunk=2 start=2048 layer=57 kind=gdn phase=gdn_alpha_beta gpu_ms=0.01
[prefill-layer-phase] chunk=2 start=2048 layer=57 kind=gdn phase=gdn_prep gpu_ms=1.14
[prefill-layer-phase] chunk=2 start=2048 layer=57 kind=gdn phase=gdn_step gpu_ms=2.96
[prefill-layer-phase] chunk=2 start=2048 layer=57 kind=gdn phase=gdn_gated gpu_ms=0.77
[prefill-layer-phase] chunk=2 start=2048 layer=57 kind=gdn phase=gdn_back gpu_ms=6.09
[prefill-layer-phase] chunk=2 start=2048 layer=57 kind=gdn phase=mixer_resid gpu_ms=0.14
[prefill-layer-phase] chunk=2 start=2048 layer=57 kind=gdn phase=ffn_norm gpu_ms=0.06
[prefill-layer-phase] chunk=2 start=2048 layer=57 kind=gdn phase=ffn_gate_up_swiglu gpu_ms=33.82
[prefill-layer-phase] chunk=2 start=2048 layer=57 kind=gdn phase=ffn_down_resid gpu_ms=16.94
[prefill-layer-phase] chunk=2 start=2048 layer=58 kind=gdn phase=pre_norm gpu_ms=0.06
[prefill-layer-phase] chunk=2 start=2048 layer=58 kind=gdn phase=gdn_qkv gpu_ms=9.89
[prefill-layer-phase] chunk=2 start=2048 layer=58 kind=gdn phase=gdn_z gpu_ms=5.65
[prefill-layer-phase] chunk=2 start=2048 layer=58 kind=gdn phase=gdn_beta_alpha gpu_ms=3.56
[prefill-layer-phase] chunk=2 start=2048 layer=58 kind=gdn phase=gdn_alpha_beta gpu_ms=0.01
[prefill-layer-phase] chunk=2 start=2048 layer=58 kind=gdn phase=gdn_prep gpu_ms=0.93
[prefill-layer-phase] chunk=2 start=2048 layer=58 kind=gdn phase=gdn_step gpu_ms=3.00
[prefill-layer-phase] chunk=2 start=2048 layer=58 kind=gdn phase=gdn_gated gpu_ms=0.77
[prefill-layer-phase] chunk=2 start=2048 layer=58 kind=gdn phase=gdn_back gpu_ms=6.40
[prefill-layer-phase] chunk=2 start=2048 layer=58 kind=gdn phase=mixer_resid gpu_ms=0.12
[prefill-layer-phase] chunk=2 start=2048 layer=58 kind=gdn phase=ffn_norm gpu_ms=0.05
[prefill-layer-phase] chunk=2 start=2048 layer=58 kind=gdn phase=ffn_gate_up_swiglu gpu_ms=33.68
[prefill-layer-phase] chunk=2 start=2048 layer=58 kind=gdn phase=ffn_down_resid gpu_ms=17.12
[prefill-layer-phase] chunk=2 start=2048 layer=59 kind=attn phase=pre_norm gpu_ms=0.20
[prefill-attn-phase] chunk=2 start=2048 layer=59 phase=proj gpu_ms=14.45
[prefill-attn-phase] chunk=2 start=2048 layer=59 phase=split_q_gate gpu_ms=0.18
[prefill-attn-phase] chunk=2 start=2048 layer=59 phase=norm gpu_ms=0.46
[prefill-attn-phase] chunk=2 start=2048 layer=59 phase=rope_scatter gpu_ms=0.09
[prefill-attn-matrix-g6-shape] layer=59 chunk_start=2048 chunk_p=1024 n_pos=3072 scores_mib=288.00 vt_stride=4096 vt_layer_mib=8.00 vt_update_base=2048 vt_update_rows=1024 vt_update_mib=2.00
[prefill-attn-phase] chunk=2 start=2048 layer=59 phase=body_matrix_kq gpu_ms=3.91
[prefill-attn-phase] chunk=2 start=2048 layer=59 phase=body_matrix_softmax gpu_ms=1.15
[prefill-attn-phase] chunk=2 start=2048 layer=59 phase=body_matrix_kqv gpu_ms=4.22
[prefill-layer-phase] chunk=2 start=2048 layer=59 kind=attn phase=attn_back gpu_ms=5.78
[prefill-layer-phase] chunk=2 start=2048 layer=59 kind=attn phase=mixer_resid gpu_ms=0.16
[prefill-layer-phase] chunk=2 start=2048 layer=59 kind=attn phase=ffn_norm gpu_ms=0.06
[prefill-layer-phase] chunk=2 start=2048 layer=59 kind=attn phase=ffn_gate_up_swiglu gpu_ms=33.51
[prefill-layer-phase] chunk=2 start=2048 layer=59 kind=attn phase=ffn_down_resid gpu_ms=17.88
[prefill-layer-phase] chunk=2 start=2048 layer=60 kind=gdn phase=pre_norm gpu_ms=0.06
[prefill-layer-phase] chunk=2 start=2048 layer=60 kind=gdn phase=gdn_qkv gpu_ms=9.84
[prefill-layer-phase] chunk=2 start=2048 layer=60 kind=gdn phase=gdn_z gpu_ms=6.17
[prefill-layer-phase] chunk=2 start=2048 layer=60 kind=gdn phase=gdn_beta_alpha gpu_ms=3.82
[prefill-layer-phase] chunk=2 start=2048 layer=60 kind=gdn phase=gdn_alpha_beta gpu_ms=0.01
[prefill-layer-phase] chunk=2 start=2048 layer=60 kind=gdn phase=gdn_prep gpu_ms=0.95
[prefill-layer-phase] chunk=2 start=2048 layer=60 kind=gdn phase=gdn_step gpu_ms=3.23
[prefill-layer-phase] chunk=2 start=2048 layer=60 kind=gdn phase=gdn_gated gpu_ms=0.78
[prefill-layer-phase] chunk=2 start=2048 layer=60 kind=gdn phase=gdn_back gpu_ms=6.39
[prefill-layer-phase] chunk=2 start=2048 layer=60 kind=gdn phase=mixer_resid gpu_ms=0.14
[prefill-layer-phase] chunk=2 start=2048 layer=60 kind=gdn phase=ffn_norm gpu_ms=0.06
[prefill-layer-phase] chunk=2 start=2048 layer=60 kind=gdn phase=ffn_gate_up_swiglu gpu_ms=33.81
[prefill-layer-phase] chunk=2 start=2048 layer=60 kind=gdn phase=ffn_down_resid gpu_ms=17.96
[prefill-layer-phase] chunk=2 start=2048 layer=61 kind=gdn phase=pre_norm gpu_ms=0.06
[prefill-layer-phase] chunk=2 start=2048 layer=61 kind=gdn phase=gdn_qkv gpu_ms=9.77
[prefill-layer-phase] chunk=2 start=2048 layer=61 kind=gdn phase=gdn_z gpu_ms=5.87
[prefill-layer-phase] chunk=2 start=2048 layer=61 kind=gdn phase=gdn_beta_alpha gpu_ms=3.70
[prefill-layer-phase] chunk=2 start=2048 layer=61 kind=gdn phase=gdn_alpha_beta gpu_ms=0.01
[prefill-layer-phase] chunk=2 start=2048 layer=61 kind=gdn phase=gdn_prep gpu_ms=0.92
[prefill-layer-phase] chunk=2 start=2048 layer=61 kind=gdn phase=gdn_step gpu_ms=3.01
[prefill-layer-phase] chunk=2 start=2048 layer=61 kind=gdn phase=gdn_gated gpu_ms=1.26
[prefill-layer-phase] chunk=2 start=2048 layer=61 kind=gdn phase=gdn_back gpu_ms=5.70
[prefill-layer-phase] chunk=2 start=2048 layer=61 kind=gdn phase=mixer_resid gpu_ms=0.09
[prefill-layer-phase] chunk=2 start=2048 layer=61 kind=gdn phase=ffn_norm gpu_ms=0.06
[prefill-layer-phase] chunk=2 start=2048 layer=61 kind=gdn phase=ffn_gate_up_swiglu gpu_ms=34.05
[prefill-layer-phase] chunk=2 start=2048 layer=61 kind=gdn phase=ffn_down_resid gpu_ms=17.99
[prefill-layer-phase] chunk=2 start=2048 layer=62 kind=gdn phase=pre_norm gpu_ms=0.06
[prefill-layer-phase] chunk=2 start=2048 layer=62 kind=gdn phase=gdn_qkv gpu_ms=10.09
[prefill-layer-phase] chunk=2 start=2048 layer=62 kind=gdn phase=gdn_z gpu_ms=6.27
[prefill-layer-phase] chunk=2 start=2048 layer=62 kind=gdn phase=gdn_beta_alpha gpu_ms=3.55
[prefill-layer-phase] chunk=2 start=2048 layer=62 kind=gdn phase=gdn_alpha_beta gpu_ms=0.01
[prefill-layer-phase] chunk=2 start=2048 layer=62 kind=gdn phase=gdn_prep gpu_ms=1.17
[prefill-layer-phase] chunk=2 start=2048 layer=62 kind=gdn phase=gdn_step gpu_ms=3.04
[prefill-layer-phase] chunk=2 start=2048 layer=62 kind=gdn phase=gdn_gated gpu_ms=0.79
[prefill-layer-phase] chunk=2 start=2048 layer=62 kind=gdn phase=gdn_back gpu_ms=6.39
[prefill-layer-phase] chunk=2 start=2048 layer=62 kind=gdn phase=mixer_resid gpu_ms=0.14
[prefill-layer-phase] chunk=2 start=2048 layer=62 kind=gdn phase=ffn_norm gpu_ms=0.06
[prefill-layer-phase] chunk=2 start=2048 layer=62 kind=gdn phase=ffn_gate_up_swiglu gpu_ms=34.20
[prefill-layer-phase] chunk=2 start=2048 layer=62 kind=gdn phase=ffn_down_resid gpu_ms=17.83
[prefill-layer-phase] chunk=2 start=2048 layer=63 kind=attn phase=pre_norm gpu_ms=0.06
[prefill-attn-phase] chunk=2 start=2048 layer=63 phase=proj gpu_ms=14.22
[prefill-attn-phase] chunk=2 start=2048 layer=63 phase=split_q_gate gpu_ms=0.18
[prefill-attn-phase] chunk=2 start=2048 layer=63 phase=norm gpu_ms=0.46
[prefill-attn-phase] chunk=2 start=2048 layer=63 phase=rope_scatter gpu_ms=0.10
[prefill-attn-matrix-g6-shape] layer=63 chunk_start=2048 chunk_p=1024 n_pos=3072 scores_mib=288.00 vt_stride=4096 vt_layer_mib=8.00 vt_update_base=2048 vt_update_rows=1024 vt_update_mib=2.00
[prefill-attn-phase] chunk=2 start=2048 layer=63 phase=body_matrix_kq gpu_ms=4.06
[prefill-attn-phase] chunk=2 start=2048 layer=63 phase=body_matrix_softmax gpu_ms=1.14
[prefill-attn-phase] chunk=2 start=2048 layer=63 phase=body_matrix_kqv gpu_ms=4.22
[prefill-layer-phase] chunk=2 start=2048 layer=63 kind=attn phase=attn_back gpu_ms=5.86
[prefill-layer-phase] chunk=2 start=2048 layer=63 kind=attn phase=mixer_resid gpu_ms=0.19
[prefill-layer-phase] chunk=2 start=2048 layer=63 kind=attn phase=ffn_norm gpu_ms=0.06
[prefill-layer-phase] chunk=2 start=2048 layer=63 kind=attn phase=ffn_gate_up_swiglu gpu_ms=34.42
[prefill-layer-phase] chunk=2 start=2048 layer=63 kind=attn phase=ffn_down_resid gpu_ms=17.71
[prefill-layer-phase] chunk=3 start=3072 layer=0 kind=gdn phase=pre_norm gpu_ms=0.29
[prefill-layer-phase] chunk=3 start=3072 layer=0 kind=gdn phase=gdn_qkv gpu_ms=9.27
[prefill-layer-phase] chunk=3 start=3072 layer=0 kind=gdn phase=gdn_z gpu_ms=5.25
[prefill-layer-phase] chunk=3 start=3072 layer=0 kind=gdn phase=gdn_beta_alpha gpu_ms=3.22
[prefill-layer-phase] chunk=3 start=3072 layer=0 kind=gdn phase=gdn_alpha_beta gpu_ms=0.01
[prefill-layer-phase] chunk=3 start=3072 layer=0 kind=gdn phase=gdn_prep gpu_ms=0.89
[prefill-layer-phase] chunk=3 start=3072 layer=0 kind=gdn phase=gdn_step gpu_ms=3.10
[prefill-layer-phase] chunk=3 start=3072 layer=0 kind=gdn phase=gdn_gated gpu_ms=0.76
[prefill-layer-phase] chunk=3 start=3072 layer=0 kind=gdn phase=gdn_back gpu_ms=5.89
[prefill-layer-phase] chunk=3 start=3072 layer=0 kind=gdn phase=mixer_resid gpu_ms=0.14
[prefill-layer-phase] chunk=3 start=3072 layer=0 kind=gdn phase=ffn_norm gpu_ms=0.06
[prefill-layer-phase] chunk=3 start=3072 layer=0 kind=gdn phase=ffn_gate_up_swiglu gpu_ms=31.77
[prefill-layer-phase] chunk=3 start=3072 layer=0 kind=gdn phase=ffn_down_resid gpu_ms=16.79
[prefill-layer-phase] chunk=3 start=3072 layer=1 kind=gdn phase=pre_norm gpu_ms=0.06
[prefill-layer-phase] chunk=3 start=3072 layer=1 kind=gdn phase=gdn_qkv gpu_ms=10.01
[prefill-layer-phase] chunk=3 start=3072 layer=1 kind=gdn phase=gdn_z gpu_ms=6.03
[prefill-layer-phase] chunk=3 start=3072 layer=1 kind=gdn phase=gdn_beta_alpha gpu_ms=3.50
[prefill-layer-phase] chunk=3 start=3072 layer=1 kind=gdn phase=gdn_alpha_beta gpu_ms=0.01
[prefill-layer-phase] chunk=3 start=3072 layer=1 kind=gdn phase=gdn_prep gpu_ms=0.92
[prefill-layer-phase] chunk=3 start=3072 layer=1 kind=gdn phase=gdn_step gpu_ms=3.19
[prefill-layer-phase] chunk=3 start=3072 layer=1 kind=gdn phase=gdn_gated gpu_ms=0.76
[prefill-layer-phase] chunk=3 start=3072 layer=1 kind=gdn phase=gdn_back gpu_ms=5.69
[prefill-layer-phase] chunk=3 start=3072 layer=1 kind=gdn phase=mixer_resid gpu_ms=0.14
[prefill-layer-phase] chunk=3 start=3072 layer=1 kind=gdn phase=ffn_norm gpu_ms=0.06
[prefill-layer-phase] chunk=3 start=3072 layer=1 kind=gdn phase=ffn_gate_up_swiglu gpu_ms=33.34
[prefill-layer-phase] chunk=3 start=3072 layer=1 kind=gdn phase=ffn_down_resid gpu_ms=17.59
[prefill-layer-phase] chunk=3 start=3072 layer=2 kind=gdn phase=pre_norm gpu_ms=0.06
[prefill-layer-phase] chunk=3 start=3072 layer=2 kind=gdn phase=gdn_qkv gpu_ms=9.76
[prefill-layer-phase] chunk=3 start=3072 layer=2 kind=gdn phase=gdn_z gpu_ms=5.95
[prefill-layer-phase] chunk=3 start=3072 layer=2 kind=gdn phase=gdn_beta_alpha gpu_ms=3.56
[prefill-layer-phase] chunk=3 start=3072 layer=2 kind=gdn phase=gdn_alpha_beta gpu_ms=0.01
[prefill-layer-phase] chunk=3 start=3072 layer=2 kind=gdn phase=gdn_prep gpu_ms=0.92
[prefill-layer-phase] chunk=3 start=3072 layer=2 kind=gdn phase=gdn_step gpu_ms=3.09
[prefill-layer-phase] chunk=3 start=3072 layer=2 kind=gdn phase=gdn_gated gpu_ms=0.76
[prefill-layer-phase] chunk=3 start=3072 layer=2 kind=gdn phase=gdn_back gpu_ms=6.07
[prefill-layer-phase] chunk=3 start=3072 layer=2 kind=gdn phase=mixer_resid gpu_ms=0.13
[prefill-layer-phase] chunk=3 start=3072 layer=2 kind=gdn phase=ffn_norm gpu_ms=0.06
[prefill-layer-phase] chunk=3 start=3072 layer=2 kind=gdn phase=ffn_gate_up_swiglu gpu_ms=34.43
[prefill-layer-phase] chunk=3 start=3072 layer=2 kind=gdn phase=ffn_down_resid gpu_ms=18.07
[prefill-layer-phase] chunk=3 start=3072 layer=3 kind=attn phase=pre_norm gpu_ms=0.06
[prefill-attn-phase] chunk=3 start=3072 layer=3 phase=proj gpu_ms=14.14
[prefill-attn-phase] chunk=3 start=3072 layer=3 phase=split_q_gate gpu_ms=0.19
[prefill-attn-phase] chunk=3 start=3072 layer=3 phase=norm gpu_ms=0.57
[prefill-attn-phase] chunk=3 start=3072 layer=3 phase=rope_scatter gpu_ms=0.09
[prefill-attn-matrix-g6-shape] layer=3 chunk_start=3072 chunk_p=1024 n_pos=4096 scores_mib=384.00 vt_stride=4096 vt_layer_mib=8.00 vt_update_base=3072 vt_update_rows=1024 vt_update_mib=2.00
[prefill-attn-phase] chunk=3 start=3072 layer=3 phase=body_matrix_kq gpu_ms=5.48
[prefill-attn-phase] chunk=3 start=3072 layer=3 phase=body_matrix_softmax gpu_ms=1.71
[prefill-attn-phase] chunk=3 start=3072 layer=3 phase=body_matrix_kqv gpu_ms=5.47
[prefill-layer-phase] chunk=3 start=3072 layer=3 kind=attn phase=attn_back gpu_ms=5.81
[prefill-layer-phase] chunk=3 start=3072 layer=3 kind=attn phase=mixer_resid gpu_ms=0.14
[prefill-layer-phase] chunk=3 start=3072 layer=3 kind=attn phase=ffn_norm gpu_ms=0.05
[prefill-layer-phase] chunk=3 start=3072 layer=3 kind=attn phase=ffn_gate_up_swiglu gpu_ms=34.25
[prefill-layer-phase] chunk=3 start=3072 layer=3 kind=attn phase=ffn_down_resid gpu_ms=18.44
[prefill-layer-phase] chunk=3 start=3072 layer=4 kind=gdn phase=pre_norm gpu_ms=0.06
[prefill-layer-phase] chunk=3 start=3072 layer=4 kind=gdn phase=gdn_qkv gpu_ms=10.02
[prefill-layer-phase] chunk=3 start=3072 layer=4 kind=gdn phase=gdn_z gpu_ms=6.21
[prefill-layer-phase] chunk=3 start=3072 layer=4 kind=gdn phase=gdn_beta_alpha gpu_ms=3.36
[prefill-layer-phase] chunk=3 start=3072 layer=4 kind=gdn phase=gdn_alpha_beta gpu_ms=0.01
[prefill-layer-phase] chunk=3 start=3072 layer=4 kind=gdn phase=gdn_prep gpu_ms=0.92
[prefill-layer-phase] chunk=3 start=3072 layer=4 kind=gdn phase=gdn_step gpu_ms=3.44
[prefill-layer-phase] chunk=3 start=3072 layer=4 kind=gdn phase=gdn_gated gpu_ms=0.77
[prefill-layer-phase] chunk=3 start=3072 layer=4 kind=gdn phase=gdn_back gpu_ms=6.31
[prefill-layer-phase] chunk=3 start=3072 layer=4 kind=gdn phase=mixer_resid gpu_ms=0.14
[prefill-layer-phase] chunk=3 start=3072 layer=4 kind=gdn phase=ffn_norm gpu_ms=0.05
[prefill-layer-phase] chunk=3 start=3072 layer=4 kind=gdn phase=ffn_gate_up_swiglu gpu_ms=34.35
[prefill-layer-phase] chunk=3 start=3072 layer=4 kind=gdn phase=ffn_down_resid gpu_ms=18.04
[prefill-layer-phase] chunk=3 start=3072 layer=5 kind=gdn phase=pre_norm gpu_ms=0.06
[prefill-layer-phase] chunk=3 start=3072 layer=5 kind=gdn phase=gdn_qkv gpu_ms=10.34
[prefill-layer-phase] chunk=3 start=3072 layer=5 kind=gdn phase=gdn_z gpu_ms=5.81
[prefill-layer-phase] chunk=3 start=3072 layer=5 kind=gdn phase=gdn_beta_alpha gpu_ms=3.56
[prefill-layer-phase] chunk=3 start=3072 layer=5 kind=gdn phase=gdn_alpha_beta gpu_ms=0.01
[prefill-layer-phase] chunk=3 start=3072 layer=5 kind=gdn phase=gdn_prep gpu_ms=0.93
[prefill-layer-phase] chunk=3 start=3072 layer=5 kind=gdn phase=gdn_step gpu_ms=2.95
[prefill-layer-phase] chunk=3 start=3072 layer=5 kind=gdn phase=gdn_gated gpu_ms=1.14
[prefill-layer-phase] chunk=3 start=3072 layer=5 kind=gdn phase=gdn_back gpu_ms=5.95
[prefill-layer-phase] chunk=3 start=3072 layer=5 kind=gdn phase=mixer_resid gpu_ms=0.23
[prefill-layer-phase] chunk=3 start=3072 layer=5 kind=gdn phase=ffn_norm gpu_ms=0.06
[prefill-layer-phase] chunk=3 start=3072 layer=5 kind=gdn phase=ffn_gate_up_swiglu gpu_ms=34.57
[prefill-layer-phase] chunk=3 start=3072 layer=5 kind=gdn phase=ffn_down_resid gpu_ms=17.63
[prefill-layer-phase] chunk=3 start=3072 layer=6 kind=gdn phase=pre_norm gpu_ms=0.05
[prefill-layer-phase] chunk=3 start=3072 layer=6 kind=gdn phase=gdn_qkv gpu_ms=10.24
[prefill-layer-phase] chunk=3 start=3072 layer=6 kind=gdn phase=gdn_z gpu_ms=6.36
[prefill-layer-phase] chunk=3 start=3072 layer=6 kind=gdn phase=gdn_beta_alpha gpu_ms=3.80
[prefill-layer-phase] chunk=3 start=3072 layer=6 kind=gdn phase=gdn_alpha_beta gpu_ms=0.01
[prefill-layer-phase] chunk=3 start=3072 layer=6 kind=gdn phase=gdn_prep gpu_ms=1.00
[prefill-layer-phase] chunk=3 start=3072 layer=6 kind=gdn phase=gdn_step gpu_ms=3.13
[prefill-layer-phase] chunk=3 start=3072 layer=6 kind=gdn phase=gdn_gated gpu_ms=0.75
[prefill-layer-phase] chunk=3 start=3072 layer=6 kind=gdn phase=gdn_back gpu_ms=6.29
[prefill-layer-phase] chunk=3 start=3072 layer=6 kind=gdn phase=mixer_resid gpu_ms=0.14
[prefill-layer-phase] chunk=3 start=3072 layer=6 kind=gdn phase=ffn_norm gpu_ms=0.05
[prefill-layer-phase] chunk=3 start=3072 layer=6 kind=gdn phase=ffn_gate_up_swiglu gpu_ms=34.59
[prefill-layer-phase] chunk=3 start=3072 layer=6 kind=gdn phase=ffn_down_resid gpu_ms=18.40
[prefill-layer-phase] chunk=3 start=3072 layer=7 kind=attn phase=pre_norm gpu_ms=0.06
[prefill-attn-phase] chunk=3 start=3072 layer=7 phase=proj gpu_ms=14.36
[prefill-attn-phase] chunk=3 start=3072 layer=7 phase=split_q_gate gpu_ms=0.18
[prefill-attn-phase] chunk=3 start=3072 layer=7 phase=norm gpu_ms=0.46
[prefill-attn-phase] chunk=3 start=3072 layer=7 phase=rope_scatter gpu_ms=0.10
[prefill-attn-matrix-g6-shape] layer=7 chunk_start=3072 chunk_p=1024 n_pos=4096 scores_mib=384.00 vt_stride=4096 vt_layer_mib=8.00 vt_update_base=3072 vt_update_rows=1024 vt_update_mib=2.00
[prefill-attn-phase] chunk=3 start=3072 layer=7 phase=body_matrix_kq gpu_ms=5.29
[prefill-attn-phase] chunk=3 start=3072 layer=7 phase=body_matrix_softmax gpu_ms=1.90
[prefill-attn-phase] chunk=3 start=3072 layer=7 phase=body_matrix_kqv gpu_ms=5.47
[prefill-layer-phase] chunk=3 start=3072 layer=7 kind=attn phase=attn_back gpu_ms=6.32
[prefill-layer-phase] chunk=3 start=3072 layer=7 kind=attn phase=mixer_resid gpu_ms=0.14
[prefill-layer-phase] chunk=3 start=3072 layer=7 kind=attn phase=ffn_norm gpu_ms=0.05
[prefill-layer-phase] chunk=3 start=3072 layer=7 kind=attn phase=ffn_gate_up_swiglu gpu_ms=35.05
[prefill-layer-phase] chunk=3 start=3072 layer=7 kind=attn phase=ffn_down_resid gpu_ms=18.21
[prefill-layer-phase] chunk=3 start=3072 layer=8 kind=gdn phase=pre_norm gpu_ms=0.06
[prefill-layer-phase] chunk=3 start=3072 layer=8 kind=gdn phase=gdn_qkv gpu_ms=9.73
[prefill-layer-phase] chunk=3 start=3072 layer=8 kind=gdn phase=gdn_z gpu_ms=6.39
[prefill-layer-phase] chunk=3 start=3072 layer=8 kind=gdn phase=gdn_beta_alpha gpu_ms=3.55
[prefill-layer-phase] chunk=3 start=3072 layer=8 kind=gdn phase=gdn_alpha_beta gpu_ms=0.01
[prefill-layer-phase] chunk=3 start=3072 layer=8 kind=gdn phase=gdn_prep gpu_ms=0.92
[prefill-layer-phase] chunk=3 start=3072 layer=8 kind=gdn phase=gdn_step gpu_ms=3.80
[prefill-layer-phase] chunk=3 start=3072 layer=8 kind=gdn phase=gdn_gated gpu_ms=0.78
[prefill-layer-phase] chunk=3 start=3072 layer=8 kind=gdn phase=gdn_back gpu_ms=6.18
[prefill-layer-phase] chunk=3 start=3072 layer=8 kind=gdn phase=mixer_resid gpu_ms=0.14
[prefill-layer-phase] chunk=3 start=3072 layer=8 kind=gdn phase=ffn_norm gpu_ms=0.06
[prefill-layer-phase] chunk=3 start=3072 layer=8 kind=gdn phase=ffn_gate_up_swiglu gpu_ms=34.77
[prefill-layer-phase] chunk=3 start=3072 layer=8 kind=gdn phase=ffn_down_resid gpu_ms=17.89
[prefill-layer-phase] chunk=3 start=3072 layer=9 kind=gdn phase=pre_norm gpu_ms=0.06
[prefill-layer-phase] chunk=3 start=3072 layer=9 kind=gdn phase=gdn_qkv gpu_ms=10.28
[prefill-layer-phase] chunk=3 start=3072 layer=9 kind=gdn phase=gdn_z gpu_ms=6.22
[prefill-layer-phase] chunk=3 start=3072 layer=9 kind=gdn phase=gdn_beta_alpha gpu_ms=3.48
[prefill-layer-phase] chunk=3 start=3072 layer=9 kind=gdn phase=gdn_alpha_beta gpu_ms=0.01
[prefill-layer-phase] chunk=3 start=3072 layer=9 kind=gdn phase=gdn_prep gpu_ms=0.93
[prefill-layer-phase] chunk=3 start=3072 layer=9 kind=gdn phase=gdn_step gpu_ms=3.33
[prefill-layer-phase] chunk=3 start=3072 layer=9 kind=gdn phase=gdn_gated gpu_ms=0.76
[prefill-layer-phase] chunk=3 start=3072 layer=9 kind=gdn phase=gdn_back gpu_ms=5.92
[prefill-layer-phase] chunk=3 start=3072 layer=9 kind=gdn phase=mixer_resid gpu_ms=0.14
[prefill-layer-phase] chunk=3 start=3072 layer=9 kind=gdn phase=ffn_norm gpu_ms=0.06
[prefill-layer-phase] chunk=3 start=3072 layer=9 kind=gdn phase=ffn_gate_up_swiglu gpu_ms=34.74
[prefill-layer-phase] chunk=3 start=3072 layer=9 kind=gdn phase=ffn_down_resid gpu_ms=17.54
[prefill-layer-phase] chunk=3 start=3072 layer=10 kind=gdn phase=pre_norm gpu_ms=0.06
[prefill-layer-phase] chunk=3 start=3072 layer=10 kind=gdn phase=gdn_qkv gpu_ms=10.12
[prefill-layer-phase] chunk=3 start=3072 layer=10 kind=gdn phase=gdn_z gpu_ms=6.50
[prefill-layer-phase] chunk=3 start=3072 layer=10 kind=gdn phase=gdn_beta_alpha gpu_ms=3.61
[prefill-layer-phase] chunk=3 start=3072 layer=10 kind=gdn phase=gdn_alpha_beta gpu_ms=0.01
[prefill-layer-phase] chunk=3 start=3072 layer=10 kind=gdn phase=gdn_prep gpu_ms=0.94
[prefill-layer-phase] chunk=3 start=3072 layer=10 kind=gdn phase=gdn_step gpu_ms=3.13
[prefill-layer-phase] chunk=3 start=3072 layer=10 kind=gdn phase=gdn_gated gpu_ms=0.78
[prefill-layer-phase] chunk=3 start=3072 layer=10 kind=gdn phase=gdn_back gpu_ms=6.31
[prefill-layer-phase] chunk=3 start=3072 layer=10 kind=gdn phase=mixer_resid gpu_ms=0.14
[prefill-layer-phase] chunk=3 start=3072 layer=10 kind=gdn phase=ffn_norm gpu_ms=0.06
[prefill-layer-phase] chunk=3 start=3072 layer=10 kind=gdn phase=ffn_gate_up_swiglu gpu_ms=34.52
[prefill-layer-phase] chunk=3 start=3072 layer=10 kind=gdn phase=ffn_down_resid gpu_ms=17.49
[prefill-layer-phase] chunk=3 start=3072 layer=11 kind=attn phase=pre_norm gpu_ms=0.18
[prefill-attn-phase] chunk=3 start=3072 layer=11 phase=proj gpu_ms=14.43
[prefill-attn-phase] chunk=3 start=3072 layer=11 phase=split_q_gate gpu_ms=0.52
[prefill-attn-phase] chunk=3 start=3072 layer=11 phase=norm gpu_ms=0.46
[prefill-attn-phase] chunk=3 start=3072 layer=11 phase=rope_scatter gpu_ms=0.09
[prefill-attn-matrix-g6-shape] layer=11 chunk_start=3072 chunk_p=1024 n_pos=4096 scores_mib=384.00 vt_stride=4096 vt_layer_mib=8.00 vt_update_base=3072 vt_update_rows=1024 vt_update_mib=2.00
[prefill-attn-phase] chunk=3 start=3072 layer=11 phase=body_matrix_kq gpu_ms=5.62
[prefill-attn-phase] chunk=3 start=3072 layer=11 phase=body_matrix_softmax gpu_ms=1.55
[prefill-attn-phase] chunk=3 start=3072 layer=11 phase=body_matrix_kqv gpu_ms=5.91
[prefill-layer-phase] chunk=3 start=3072 layer=11 kind=attn phase=attn_back gpu_ms=6.50
[prefill-layer-phase] chunk=3 start=3072 layer=11 kind=attn phase=mixer_resid gpu_ms=0.13
[prefill-layer-phase] chunk=3 start=3072 layer=11 kind=attn phase=ffn_norm gpu_ms=0.06
[prefill-layer-phase] chunk=3 start=3072 layer=11 kind=attn phase=ffn_gate_up_swiglu gpu_ms=35.03
[prefill-layer-phase] chunk=3 start=3072 layer=11 kind=attn phase=ffn_down_resid gpu_ms=17.34
[prefill-layer-phase] chunk=3 start=3072 layer=12 kind=gdn phase=pre_norm gpu_ms=0.10
[prefill-layer-phase] chunk=3 start=3072 layer=12 kind=gdn phase=gdn_qkv gpu_ms=9.98
[prefill-layer-phase] chunk=3 start=3072 layer=12 kind=gdn phase=gdn_z gpu_ms=6.16
[prefill-layer-phase] chunk=3 start=3072 layer=12 kind=gdn phase=gdn_beta_alpha gpu_ms=3.60
[prefill-layer-phase] chunk=3 start=3072 layer=12 kind=gdn phase=gdn_alpha_beta gpu_ms=0.01
[prefill-layer-phase] chunk=3 start=3072 layer=12 kind=gdn phase=gdn_prep gpu_ms=0.92
[prefill-layer-phase] chunk=3 start=3072 layer=12 kind=gdn phase=gdn_step gpu_ms=3.11
[prefill-layer-phase] chunk=3 start=3072 layer=12 kind=gdn phase=gdn_gated gpu_ms=0.78
[prefill-layer-phase] chunk=3 start=3072 layer=12 kind=gdn phase=gdn_back gpu_ms=6.24
[prefill-layer-phase] chunk=3 start=3072 layer=12 kind=gdn phase=mixer_resid gpu_ms=0.14
[prefill-layer-phase] chunk=3 start=3072 layer=12 kind=gdn phase=ffn_norm gpu_ms=0.05
[prefill-layer-phase] chunk=3 start=3072 layer=12 kind=gdn phase=ffn_gate_up_swiglu gpu_ms=34.57
[prefill-layer-phase] chunk=3 start=3072 layer=12 kind=gdn phase=ffn_down_resid gpu_ms=17.70
[prefill-layer-phase] chunk=3 start=3072 layer=13 kind=gdn phase=pre_norm gpu_ms=0.18
[prefill-layer-phase] chunk=3 start=3072 layer=13 kind=gdn phase=gdn_qkv gpu_ms=10.23
[prefill-layer-phase] chunk=3 start=3072 layer=13 kind=gdn phase=gdn_z gpu_ms=5.82
[prefill-layer-phase] chunk=3 start=3072 layer=13 kind=gdn phase=gdn_beta_alpha gpu_ms=3.72
[prefill-layer-phase] chunk=3 start=3072 layer=13 kind=gdn phase=gdn_alpha_beta gpu_ms=0.01
[prefill-layer-phase] chunk=3 start=3072 layer=13 kind=gdn phase=gdn_prep gpu_ms=0.93
[prefill-layer-phase] chunk=3 start=3072 layer=13 kind=gdn phase=gdn_step gpu_ms=3.06
[prefill-layer-phase] chunk=3 start=3072 layer=13 kind=gdn phase=gdn_gated gpu_ms=0.76
[prefill-layer-phase] chunk=3 start=3072 layer=13 kind=gdn phase=gdn_back gpu_ms=5.93
[prefill-layer-phase] chunk=3 start=3072 layer=13 kind=gdn phase=mixer_resid gpu_ms=0.11
[prefill-layer-phase] chunk=3 start=3072 layer=13 kind=gdn phase=ffn_norm gpu_ms=0.20
[prefill-layer-phase] chunk=3 start=3072 layer=13 kind=gdn phase=ffn_gate_up_swiglu gpu_ms=34.50
[prefill-layer-phase] chunk=3 start=3072 layer=13 kind=gdn phase=ffn_down_resid gpu_ms=17.84
[prefill-layer-phase] chunk=3 start=3072 layer=14 kind=gdn phase=pre_norm gpu_ms=0.06
[prefill-layer-phase] chunk=3 start=3072 layer=14 kind=gdn phase=gdn_qkv gpu_ms=10.10
[prefill-layer-phase] chunk=3 start=3072 layer=14 kind=gdn phase=gdn_z gpu_ms=6.33
[prefill-layer-phase] chunk=3 start=3072 layer=14 kind=gdn phase=gdn_beta_alpha gpu_ms=3.56
[prefill-layer-phase] chunk=3 start=3072 layer=14 kind=gdn phase=gdn_alpha_beta gpu_ms=0.01
[prefill-layer-phase] chunk=3 start=3072 layer=14 kind=gdn phase=gdn_prep gpu_ms=0.90
[prefill-layer-phase] chunk=3 start=3072 layer=14 kind=gdn phase=gdn_step gpu_ms=3.09
[prefill-layer-phase] chunk=3 start=3072 layer=14 kind=gdn phase=gdn_gated gpu_ms=0.76
[prefill-layer-phase] chunk=3 start=3072 layer=14 kind=gdn phase=gdn_back gpu_ms=5.74
[prefill-layer-phase] chunk=3 start=3072 layer=14 kind=gdn phase=mixer_resid gpu_ms=0.20
[prefill-layer-phase] chunk=3 start=3072 layer=14 kind=gdn phase=ffn_norm gpu_ms=0.06
[prefill-layer-phase] chunk=3 start=3072 layer=14 kind=gdn phase=ffn_gate_up_swiglu gpu_ms=32.17
[prefill-layer-phase] chunk=3 start=3072 layer=14 kind=gdn phase=ffn_down_resid gpu_ms=16.82
[prefill-layer-phase] chunk=3 start=3072 layer=15 kind=attn phase=pre_norm gpu_ms=0.06
[prefill-attn-phase] chunk=3 start=3072 layer=15 phase=proj gpu_ms=13.79
[prefill-attn-phase] chunk=3 start=3072 layer=15 phase=split_q_gate gpu_ms=0.18
[prefill-attn-phase] chunk=3 start=3072 layer=15 phase=norm gpu_ms=0.46
[prefill-attn-phase] chunk=3 start=3072 layer=15 phase=rope_scatter gpu_ms=0.09
[prefill-attn-matrix-g6-shape] layer=15 chunk_start=3072 chunk_p=1024 n_pos=4096 scores_mib=384.00 vt_stride=4096 vt_layer_mib=8.00 vt_update_base=3072 vt_update_rows=1024 vt_update_mib=2.00
[prefill-attn-phase] chunk=3 start=3072 layer=15 phase=body_matrix_kq gpu_ms=5.45
[prefill-attn-phase] chunk=3 start=3072 layer=15 phase=body_matrix_softmax gpu_ms=1.55
[prefill-attn-phase] chunk=3 start=3072 layer=15 phase=body_matrix_kqv gpu_ms=5.46
[prefill-layer-phase] chunk=3 start=3072 layer=15 kind=attn phase=attn_back gpu_ms=5.97
[prefill-layer-phase] chunk=3 start=3072 layer=15 kind=attn phase=mixer_resid gpu_ms=0.10
[prefill-layer-phase] chunk=3 start=3072 layer=15 kind=attn phase=ffn_norm gpu_ms=0.06
[prefill-layer-phase] chunk=3 start=3072 layer=15 kind=attn phase=ffn_gate_up_swiglu gpu_ms=33.77
[prefill-layer-phase] chunk=3 start=3072 layer=15 kind=attn phase=ffn_down_resid gpu_ms=17.28
[prefill-layer-phase] chunk=3 start=3072 layer=16 kind=gdn phase=pre_norm gpu_ms=0.06
[prefill-layer-phase] chunk=3 start=3072 layer=16 kind=gdn phase=gdn_qkv gpu_ms=10.21
[prefill-layer-phase] chunk=3 start=3072 layer=16 kind=gdn phase=gdn_z gpu_ms=5.95
[prefill-layer-phase] chunk=3 start=3072 layer=16 kind=gdn phase=gdn_beta_alpha gpu_ms=3.43
[prefill-layer-phase] chunk=3 start=3072 layer=16 kind=gdn phase=gdn_alpha_beta gpu_ms=0.03
[prefill-layer-phase] chunk=3 start=3072 layer=16 kind=gdn phase=gdn_prep gpu_ms=0.94
[prefill-layer-phase] chunk=3 start=3072 layer=16 kind=gdn phase=gdn_step gpu_ms=3.15
[prefill-layer-phase] chunk=3 start=3072 layer=16 kind=gdn phase=gdn_gated gpu_ms=0.76
[prefill-layer-phase] chunk=3 start=3072 layer=16 kind=gdn phase=gdn_back gpu_ms=6.06
[prefill-layer-phase] chunk=3 start=3072 layer=16 kind=gdn phase=mixer_resid gpu_ms=0.14
[prefill-layer-phase] chunk=3 start=3072 layer=16 kind=gdn phase=ffn_norm gpu_ms=0.06
[prefill-layer-phase] chunk=3 start=3072 layer=16 kind=gdn phase=ffn_gate_up_swiglu gpu_ms=34.99
[prefill-layer-phase] chunk=3 start=3072 layer=16 kind=gdn phase=ffn_down_resid gpu_ms=17.71
[prefill-layer-phase] chunk=3 start=3072 layer=17 kind=gdn phase=pre_norm gpu_ms=0.06
[prefill-layer-phase] chunk=3 start=3072 layer=17 kind=gdn phase=gdn_qkv gpu_ms=9.96
[prefill-layer-phase] chunk=3 start=3072 layer=17 kind=gdn phase=gdn_z gpu_ms=5.95
[prefill-layer-phase] chunk=3 start=3072 layer=17 kind=gdn phase=gdn_beta_alpha gpu_ms=3.88
[prefill-layer-phase] chunk=3 start=3072 layer=17 kind=gdn phase=gdn_alpha_beta gpu_ms=0.01
[prefill-layer-phase] chunk=3 start=3072 layer=17 kind=gdn phase=gdn_prep gpu_ms=1.06
[prefill-layer-phase] chunk=3 start=3072 layer=17 kind=gdn phase=gdn_step gpu_ms=3.12
[prefill-layer-phase] chunk=3 start=3072 layer=17 kind=gdn phase=gdn_gated gpu_ms=1.14
[prefill-layer-phase] chunk=3 start=3072 layer=17 kind=gdn phase=gdn_back gpu_ms=5.81
[prefill-layer-phase] chunk=3 start=3072 layer=17 kind=gdn phase=mixer_resid gpu_ms=0.14
[prefill-layer-phase] chunk=3 start=3072 layer=17 kind=gdn phase=ffn_norm gpu_ms=0.06
[prefill-layer-phase] chunk=3 start=3072 layer=17 kind=gdn phase=ffn_gate_up_swiglu gpu_ms=33.70
[prefill-layer-phase] chunk=3 start=3072 layer=17 kind=gdn phase=ffn_down_resid gpu_ms=17.36
[prefill-layer-phase] chunk=3 start=3072 layer=18 kind=gdn phase=pre_norm gpu_ms=0.06
[prefill-layer-phase] chunk=3 start=3072 layer=18 kind=gdn phase=gdn_qkv gpu_ms=9.88
[prefill-layer-phase] chunk=3 start=3072 layer=18 kind=gdn phase=gdn_z gpu_ms=5.90
[prefill-layer-phase] chunk=3 start=3072 layer=18 kind=gdn phase=gdn_beta_alpha gpu_ms=3.68
[prefill-layer-phase] chunk=3 start=3072 layer=18 kind=gdn phase=gdn_alpha_beta gpu_ms=0.01
[prefill-layer-phase] chunk=3 start=3072 layer=18 kind=gdn phase=gdn_prep gpu_ms=0.94
[prefill-layer-phase] chunk=3 start=3072 layer=18 kind=gdn phase=gdn_step gpu_ms=3.30
[prefill-layer-phase] chunk=3 start=3072 layer=18 kind=gdn phase=gdn_gated gpu_ms=0.77
[prefill-layer-phase] chunk=3 start=3072 layer=18 kind=gdn phase=gdn_back gpu_ms=6.47
[prefill-layer-phase] chunk=3 start=3072 layer=18 kind=gdn phase=mixer_resid gpu_ms=0.13
[prefill-layer-phase] chunk=3 start=3072 layer=18 kind=gdn phase=ffn_norm gpu_ms=0.06
[prefill-layer-phase] chunk=3 start=3072 layer=18 kind=gdn phase=ffn_gate_up_swiglu gpu_ms=35.20
[prefill-layer-phase] chunk=3 start=3072 layer=18 kind=gdn phase=ffn_down_resid gpu_ms=17.83
[prefill-layer-phase] chunk=3 start=3072 layer=19 kind=attn phase=pre_norm gpu_ms=0.06
[prefill-attn-phase] chunk=3 start=3072 layer=19 phase=proj gpu_ms=14.35
[prefill-attn-phase] chunk=3 start=3072 layer=19 phase=split_q_gate gpu_ms=0.18
[prefill-attn-phase] chunk=3 start=3072 layer=19 phase=norm gpu_ms=0.79
[prefill-attn-phase] chunk=3 start=3072 layer=19 phase=rope_scatter gpu_ms=0.09
[prefill-attn-matrix-g6-shape] layer=19 chunk_start=3072 chunk_p=1024 n_pos=4096 scores_mib=384.00 vt_stride=4096 vt_layer_mib=8.00 vt_update_base=3072 vt_update_rows=1024 vt_update_mib=2.00
[prefill-attn-phase] chunk=3 start=3072 layer=19 phase=body_matrix_kq gpu_ms=5.61
[prefill-attn-phase] chunk=3 start=3072 layer=19 phase=body_matrix_softmax gpu_ms=1.80
[prefill-attn-phase] chunk=3 start=3072 layer=19 phase=body_matrix_kqv gpu_ms=5.64
[prefill-layer-phase] chunk=3 start=3072 layer=19 kind=attn phase=attn_back gpu_ms=6.08
[prefill-layer-phase] chunk=3 start=3072 layer=19 kind=attn phase=mixer_resid gpu_ms=0.14
[prefill-layer-phase] chunk=3 start=3072 layer=19 kind=attn phase=ffn_norm gpu_ms=0.06
[prefill-layer-phase] chunk=3 start=3072 layer=19 kind=attn phase=ffn_gate_up_swiglu gpu_ms=35.82
[prefill-layer-phase] chunk=3 start=3072 layer=19 kind=attn phase=ffn_down_resid gpu_ms=17.61
[prefill-layer-phase] chunk=3 start=3072 layer=20 kind=gdn phase=pre_norm gpu_ms=0.06
[prefill-layer-phase] chunk=3 start=3072 layer=20 kind=gdn phase=gdn_qkv gpu_ms=9.96
[prefill-layer-phase] chunk=3 start=3072 layer=20 kind=gdn phase=gdn_z gpu_ms=5.88
[prefill-layer-phase] chunk=3 start=3072 layer=20 kind=gdn phase=gdn_beta_alpha gpu_ms=3.68
[prefill-layer-phase] chunk=3 start=3072 layer=20 kind=gdn phase=gdn_alpha_beta gpu_ms=0.01
[prefill-layer-phase] chunk=3 start=3072 layer=20 kind=gdn phase=gdn_prep gpu_ms=0.94
[prefill-layer-phase] chunk=3 start=3072 layer=20 kind=gdn phase=gdn_step gpu_ms=3.26
[prefill-layer-phase] chunk=3 start=3072 layer=20 kind=gdn phase=gdn_gated gpu_ms=0.77
[prefill-layer-phase] chunk=3 start=3072 layer=20 kind=gdn phase=gdn_back gpu_ms=6.47
[prefill-layer-phase] chunk=3 start=3072 layer=20 kind=gdn phase=mixer_resid gpu_ms=0.14
[prefill-layer-phase] chunk=3 start=3072 layer=20 kind=gdn phase=ffn_norm gpu_ms=0.06
[prefill-layer-phase] chunk=3 start=3072 layer=20 kind=gdn phase=ffn_gate_up_swiglu gpu_ms=35.10
[prefill-layer-phase] chunk=3 start=3072 layer=20 kind=gdn phase=ffn_down_resid gpu_ms=17.58
[prefill-layer-phase] chunk=3 start=3072 layer=21 kind=gdn phase=pre_norm gpu_ms=0.06
[prefill-layer-phase] chunk=3 start=3072 layer=21 kind=gdn phase=gdn_qkv gpu_ms=10.18
[prefill-layer-phase] chunk=3 start=3072 layer=21 kind=gdn phase=gdn_z gpu_ms=6.04
[prefill-layer-phase] chunk=3 start=3072 layer=21 kind=gdn phase=gdn_beta_alpha gpu_ms=3.45
[prefill-layer-phase] chunk=3 start=3072 layer=21 kind=gdn phase=gdn_alpha_beta gpu_ms=0.01
[prefill-layer-phase] chunk=3 start=3072 layer=21 kind=gdn phase=gdn_prep gpu_ms=0.91
[prefill-layer-phase] chunk=3 start=3072 layer=21 kind=gdn phase=gdn_step gpu_ms=3.04
[prefill-layer-phase] chunk=3 start=3072 layer=21 kind=gdn phase=gdn_gated gpu_ms=0.80
[prefill-layer-phase] chunk=3 start=3072 layer=21 kind=gdn phase=gdn_back gpu_ms=6.00
[prefill-layer-phase] chunk=3 start=3072 layer=21 kind=gdn phase=mixer_resid gpu_ms=0.39
[prefill-layer-phase] chunk=3 start=3072 layer=21 kind=gdn phase=ffn_norm gpu_ms=0.06
[prefill-layer-phase] chunk=3 start=3072 layer=21 kind=gdn phase=ffn_gate_up_swiglu gpu_ms=34.75
[prefill-layer-phase] chunk=3 start=3072 layer=21 kind=gdn phase=ffn_down_resid gpu_ms=17.76
[prefill-layer-phase] chunk=3 start=3072 layer=22 kind=gdn phase=pre_norm gpu_ms=0.06
[prefill-layer-phase] chunk=3 start=3072 layer=22 kind=gdn phase=gdn_qkv gpu_ms=10.61
[prefill-layer-phase] chunk=3 start=3072 layer=22 kind=gdn phase=gdn_z gpu_ms=6.27
[prefill-layer-phase] chunk=3 start=3072 layer=22 kind=gdn phase=gdn_beta_alpha gpu_ms=3.79
[prefill-layer-phase] chunk=3 start=3072 layer=22 kind=gdn phase=gdn_alpha_beta gpu_ms=0.01
[prefill-layer-phase] chunk=3 start=3072 layer=22 kind=gdn phase=gdn_prep gpu_ms=0.98
[prefill-layer-phase] chunk=3 start=3072 layer=22 kind=gdn phase=gdn_step gpu_ms=2.96
[prefill-layer-phase] chunk=3 start=3072 layer=22 kind=gdn phase=gdn_gated gpu_ms=0.76
[prefill-layer-phase] chunk=3 start=3072 layer=22 kind=gdn phase=gdn_back gpu_ms=6.53
[prefill-layer-phase] chunk=3 start=3072 layer=22 kind=gdn phase=mixer_resid gpu_ms=0.13
[prefill-layer-phase] chunk=3 start=3072 layer=22 kind=gdn phase=ffn_norm gpu_ms=0.06
[prefill-layer-phase] chunk=3 start=3072 layer=22 kind=gdn phase=ffn_gate_up_swiglu gpu_ms=35.54
[prefill-layer-phase] chunk=3 start=3072 layer=22 kind=gdn phase=ffn_down_resid gpu_ms=18.20
[prefill-layer-phase] chunk=3 start=3072 layer=23 kind=attn phase=pre_norm gpu_ms=0.09
[prefill-attn-phase] chunk=3 start=3072 layer=23 phase=proj gpu_ms=14.54
[prefill-attn-phase] chunk=3 start=3072 layer=23 phase=split_q_gate gpu_ms=0.27
[prefill-attn-phase] chunk=3 start=3072 layer=23 phase=norm gpu_ms=0.46
[prefill-attn-phase] chunk=3 start=3072 layer=23 phase=rope_scatter gpu_ms=0.09
[prefill-attn-matrix-g6-shape] layer=23 chunk_start=3072 chunk_p=1024 n_pos=4096 scores_mib=384.00 vt_stride=4096 vt_layer_mib=8.00 vt_update_base=3072 vt_update_rows=1024 vt_update_mib=2.00
[prefill-attn-phase] chunk=3 start=3072 layer=23 phase=body_matrix_kq gpu_ms=5.61
[prefill-attn-phase] chunk=3 start=3072 layer=23 phase=body_matrix_softmax gpu_ms=1.76
[prefill-attn-phase] chunk=3 start=3072 layer=23 phase=body_matrix_kqv gpu_ms=5.64
[prefill-layer-phase] chunk=3 start=3072 layer=23 kind=attn phase=attn_back gpu_ms=6.18
[prefill-layer-phase] chunk=3 start=3072 layer=23 kind=attn phase=mixer_resid gpu_ms=0.11
[prefill-layer-phase] chunk=3 start=3072 layer=23 kind=attn phase=ffn_norm gpu_ms=0.29
[prefill-layer-phase] chunk=3 start=3072 layer=23 kind=attn phase=ffn_gate_up_swiglu gpu_ms=35.62
[prefill-layer-phase] chunk=3 start=3072 layer=23 kind=attn phase=ffn_down_resid gpu_ms=17.97
[prefill-layer-phase] chunk=3 start=3072 layer=24 kind=gdn phase=pre_norm gpu_ms=0.05
[prefill-layer-phase] chunk=3 start=3072 layer=24 kind=gdn phase=gdn_qkv gpu_ms=10.32
[prefill-layer-phase] chunk=3 start=3072 layer=24 kind=gdn phase=gdn_z gpu_ms=6.41
[prefill-layer-phase] chunk=3 start=3072 layer=24 kind=gdn phase=gdn_beta_alpha gpu_ms=3.79
[prefill-layer-phase] chunk=3 start=3072 layer=24 kind=gdn phase=gdn_alpha_beta gpu_ms=0.01
[prefill-layer-phase] chunk=3 start=3072 layer=24 kind=gdn phase=gdn_prep gpu_ms=1.05
[prefill-layer-phase] chunk=3 start=3072 layer=24 kind=gdn phase=gdn_step gpu_ms=3.04
[prefill-layer-phase] chunk=3 start=3072 layer=24 kind=gdn phase=gdn_gated gpu_ms=0.77
[prefill-layer-phase] chunk=3 start=3072 layer=24 kind=gdn phase=gdn_back gpu_ms=6.51
[prefill-layer-phase] chunk=3 start=3072 layer=24 kind=gdn phase=mixer_resid gpu_ms=0.13
[prefill-layer-phase] chunk=3 start=3072 layer=24 kind=gdn phase=ffn_norm gpu_ms=0.05
[prefill-layer-phase] chunk=3 start=3072 layer=24 kind=gdn phase=ffn_gate_up_swiglu gpu_ms=35.49
[prefill-layer-phase] chunk=3 start=3072 layer=24 kind=gdn phase=ffn_down_resid gpu_ms=17.56
[prefill-layer-phase] chunk=3 start=3072 layer=25 kind=gdn phase=pre_norm gpu_ms=0.09
[prefill-layer-phase] chunk=3 start=3072 layer=25 kind=gdn phase=gdn_qkv gpu_ms=10.30
[prefill-layer-phase] chunk=3 start=3072 layer=25 kind=gdn phase=gdn_z gpu_ms=6.00
[prefill-layer-phase] chunk=3 start=3072 layer=25 kind=gdn phase=gdn_beta_alpha gpu_ms=3.89
[prefill-layer-phase] chunk=3 start=3072 layer=25 kind=gdn phase=gdn_alpha_beta gpu_ms=0.01
[prefill-layer-phase] chunk=3 start=3072 layer=25 kind=gdn phase=gdn_prep gpu_ms=1.00
[prefill-layer-phase] chunk=3 start=3072 layer=25 kind=gdn phase=gdn_step gpu_ms=3.00
[prefill-layer-phase] chunk=3 start=3072 layer=25 kind=gdn phase=gdn_gated gpu_ms=1.15
[prefill-layer-phase] chunk=3 start=3072 layer=25 kind=gdn phase=gdn_back gpu_ms=5.82
[prefill-layer-phase] chunk=3 start=3072 layer=25 kind=gdn phase=mixer_resid gpu_ms=0.14
[prefill-layer-phase] chunk=3 start=3072 layer=25 kind=gdn phase=ffn_norm gpu_ms=0.31
[prefill-layer-phase] chunk=3 start=3072 layer=25 kind=gdn phase=ffn_gate_up_swiglu gpu_ms=34.55
[prefill-layer-phase] chunk=3 start=3072 layer=25 kind=gdn phase=ffn_down_resid gpu_ms=18.34
[prefill-layer-phase] chunk=3 start=3072 layer=26 kind=gdn phase=pre_norm gpu_ms=0.10
[prefill-layer-phase] chunk=3 start=3072 layer=26 kind=gdn phase=gdn_qkv gpu_ms=10.07
[prefill-layer-phase] chunk=3 start=3072 layer=26 kind=gdn phase=gdn_z gpu_ms=6.41
[prefill-layer-phase] chunk=3 start=3072 layer=26 kind=gdn phase=gdn_beta_alpha gpu_ms=3.69
[prefill-layer-phase] chunk=3 start=3072 layer=26 kind=gdn phase=gdn_alpha_beta gpu_ms=0.06
[prefill-layer-phase] chunk=3 start=3072 layer=26 kind=gdn phase=gdn_prep gpu_ms=0.94
[prefill-layer-phase] chunk=3 start=3072 layer=26 kind=gdn phase=gdn_step gpu_ms=3.41
[prefill-layer-phase] chunk=3 start=3072 layer=26 kind=gdn phase=gdn_gated gpu_ms=0.77
[prefill-layer-phase] chunk=3 start=3072 layer=26 kind=gdn phase=gdn_back gpu_ms=6.31
[prefill-layer-phase] chunk=3 start=3072 layer=26 kind=gdn phase=mixer_resid gpu_ms=0.14
[prefill-layer-phase] chunk=3 start=3072 layer=26 kind=gdn phase=ffn_norm gpu_ms=0.06
[prefill-layer-phase] chunk=3 start=3072 layer=26 kind=gdn phase=ffn_gate_up_swiglu gpu_ms=35.42
[prefill-layer-phase] chunk=3 start=3072 layer=26 kind=gdn phase=ffn_down_resid gpu_ms=17.82
[prefill-layer-phase] chunk=3 start=3072 layer=27 kind=attn phase=pre_norm gpu_ms=0.06
[prefill-attn-phase] chunk=3 start=3072 layer=27 phase=proj gpu_ms=15.01
[prefill-attn-phase] chunk=3 start=3072 layer=27 phase=split_q_gate gpu_ms=0.18
[prefill-attn-phase] chunk=3 start=3072 layer=27 phase=norm gpu_ms=0.46
[prefill-attn-phase] chunk=3 start=3072 layer=27 phase=rope_scatter gpu_ms=0.09
[prefill-attn-matrix-g6-shape] layer=27 chunk_start=3072 chunk_p=1024 n_pos=4096 scores_mib=384.00 vt_stride=4096 vt_layer_mib=8.00 vt_update_base=3072 vt_update_rows=1024 vt_update_mib=2.00
[prefill-attn-phase] chunk=3 start=3072 layer=27 phase=body_matrix_kq gpu_ms=5.69
[prefill-attn-phase] chunk=3 start=3072 layer=27 phase=body_matrix_softmax gpu_ms=1.82
[prefill-attn-phase] chunk=3 start=3072 layer=27 phase=body_matrix_kqv gpu_ms=5.83
[prefill-layer-phase] chunk=3 start=3072 layer=27 kind=attn phase=attn_back gpu_ms=6.20
[prefill-layer-phase] chunk=3 start=3072 layer=27 kind=attn phase=mixer_resid gpu_ms=0.13
[prefill-layer-phase] chunk=3 start=3072 layer=27 kind=attn phase=ffn_norm gpu_ms=0.06
[prefill-layer-phase] chunk=3 start=3072 layer=27 kind=attn phase=ffn_gate_up_swiglu gpu_ms=36.03
[prefill-layer-phase] chunk=3 start=3072 layer=27 kind=attn phase=ffn_down_resid gpu_ms=17.88
[prefill-layer-phase] chunk=3 start=3072 layer=28 kind=gdn phase=pre_norm gpu_ms=0.10
[prefill-layer-phase] chunk=3 start=3072 layer=28 kind=gdn phase=gdn_qkv gpu_ms=10.25
[prefill-layer-phase] chunk=3 start=3072 layer=28 kind=gdn phase=gdn_z gpu_ms=6.43
[prefill-layer-phase] chunk=3 start=3072 layer=28 kind=gdn phase=gdn_beta_alpha gpu_ms=3.62
[prefill-layer-phase] chunk=3 start=3072 layer=28 kind=gdn phase=gdn_alpha_beta gpu_ms=0.01
[prefill-layer-phase] chunk=3 start=3072 layer=28 kind=gdn phase=gdn_prep gpu_ms=0.99
[prefill-layer-phase] chunk=3 start=3072 layer=28 kind=gdn phase=gdn_step gpu_ms=3.23
[prefill-layer-phase] chunk=3 start=3072 layer=28 kind=gdn phase=gdn_gated gpu_ms=0.76
[prefill-layer-phase] chunk=3 start=3072 layer=28 kind=gdn phase=gdn_back gpu_ms=6.46
[prefill-layer-phase] chunk=3 start=3072 layer=28 kind=gdn phase=mixer_resid gpu_ms=0.14
[prefill-layer-phase] chunk=3 start=3072 layer=28 kind=gdn phase=ffn_norm gpu_ms=0.06
[prefill-layer-phase] chunk=3 start=3072 layer=28 kind=gdn phase=ffn_gate_up_swiglu gpu_ms=35.50
[prefill-layer-phase] chunk=3 start=3072 layer=28 kind=gdn phase=ffn_down_resid gpu_ms=18.11
[prefill-layer-phase] chunk=3 start=3072 layer=29 kind=gdn phase=pre_norm gpu_ms=0.10
[prefill-layer-phase] chunk=3 start=3072 layer=29 kind=gdn phase=gdn_qkv gpu_ms=10.00
[prefill-layer-phase] chunk=3 start=3072 layer=29 kind=gdn phase=gdn_z gpu_ms=6.36
[prefill-layer-phase] chunk=3 start=3072 layer=29 kind=gdn phase=gdn_beta_alpha gpu_ms=3.59
[prefill-layer-phase] chunk=3 start=3072 layer=29 kind=gdn phase=gdn_alpha_beta gpu_ms=0.01
[prefill-layer-phase] chunk=3 start=3072 layer=29 kind=gdn phase=gdn_prep gpu_ms=1.34
[prefill-layer-phase] chunk=3 start=3072 layer=29 kind=gdn phase=gdn_step gpu_ms=3.20
[prefill-layer-phase] chunk=3 start=3072 layer=29 kind=gdn phase=gdn_gated gpu_ms=0.78
[prefill-layer-phase] chunk=3 start=3072 layer=29 kind=gdn phase=gdn_back gpu_ms=6.44
[prefill-layer-phase] chunk=3 start=3072 layer=29 kind=gdn phase=mixer_resid gpu_ms=0.14
[prefill-layer-phase] chunk=3 start=3072 layer=29 kind=gdn phase=ffn_norm gpu_ms=0.06
[prefill-layer-phase] chunk=3 start=3072 layer=29 kind=gdn phase=ffn_gate_up_swiglu gpu_ms=35.81
[prefill-layer-phase] chunk=3 start=3072 layer=29 kind=gdn phase=ffn_down_resid gpu_ms=18.01
[prefill-layer-phase] chunk=3 start=3072 layer=30 kind=gdn phase=pre_norm gpu_ms=0.23
[prefill-layer-phase] chunk=3 start=3072 layer=30 kind=gdn phase=gdn_qkv gpu_ms=10.12
[prefill-layer-phase] chunk=3 start=3072 layer=30 kind=gdn phase=gdn_z gpu_ms=6.12
[prefill-layer-phase] chunk=3 start=3072 layer=30 kind=gdn phase=gdn_beta_alpha gpu_ms=3.54
[prefill-layer-phase] chunk=3 start=3072 layer=30 kind=gdn phase=gdn_alpha_beta gpu_ms=0.01
[prefill-layer-phase] chunk=3 start=3072 layer=30 kind=gdn phase=gdn_prep gpu_ms=1.36
[prefill-layer-phase] chunk=3 start=3072 layer=30 kind=gdn phase=gdn_step gpu_ms=2.99
[prefill-layer-phase] chunk=3 start=3072 layer=30 kind=gdn phase=gdn_gated gpu_ms=0.79
[prefill-layer-phase] chunk=3 start=3072 layer=30 kind=gdn phase=gdn_back gpu_ms=6.31
[prefill-layer-phase] chunk=3 start=3072 layer=30 kind=gdn phase=mixer_resid gpu_ms=0.14
[prefill-layer-phase] chunk=3 start=3072 layer=30 kind=gdn phase=ffn_norm gpu_ms=0.06
[prefill-layer-phase] chunk=3 start=3072 layer=30 kind=gdn phase=ffn_gate_up_swiglu gpu_ms=34.53
[prefill-layer-phase] chunk=3 start=3072 layer=30 kind=gdn phase=ffn_down_resid gpu_ms=18.12
[prefill-layer-phase] chunk=3 start=3072 layer=31 kind=attn phase=pre_norm gpu_ms=0.05
[prefill-attn-phase] chunk=3 start=3072 layer=31 phase=proj gpu_ms=14.81
[prefill-attn-phase] chunk=3 start=3072 layer=31 phase=split_q_gate gpu_ms=0.19
[prefill-attn-phase] chunk=3 start=3072 layer=31 phase=norm gpu_ms=0.47
[prefill-attn-phase] chunk=3 start=3072 layer=31 phase=rope_scatter gpu_ms=0.09
[prefill-attn-matrix-g6-shape] layer=31 chunk_start=3072 chunk_p=1024 n_pos=4096 scores_mib=384.00 vt_stride=4096 vt_layer_mib=8.00 vt_update_base=3072 vt_update_rows=1024 vt_update_mib=2.00
[prefill-attn-phase] chunk=3 start=3072 layer=31 phase=body_matrix_kq gpu_ms=5.76
[prefill-attn-phase] chunk=3 start=3072 layer=31 phase=body_matrix_softmax gpu_ms=1.57
[prefill-attn-phase] chunk=3 start=3072 layer=31 phase=body_matrix_kqv gpu_ms=5.93
[prefill-layer-phase] chunk=3 start=3072 layer=31 kind=attn phase=attn_back gpu_ms=6.41
[prefill-layer-phase] chunk=3 start=3072 layer=31 kind=attn phase=mixer_resid gpu_ms=0.14
[prefill-layer-phase] chunk=3 start=3072 layer=31 kind=attn phase=ffn_norm gpu_ms=0.05
[prefill-layer-phase] chunk=3 start=3072 layer=31 kind=attn phase=ffn_gate_up_swiglu gpu_ms=34.67
[prefill-layer-phase] chunk=3 start=3072 layer=31 kind=attn phase=ffn_down_resid gpu_ms=18.55
[prefill-layer-phase] chunk=3 start=3072 layer=32 kind=gdn phase=pre_norm gpu_ms=0.05
[prefill-layer-phase] chunk=3 start=3072 layer=32 kind=gdn phase=gdn_qkv gpu_ms=9.85
[prefill-layer-phase] chunk=3 start=3072 layer=32 kind=gdn phase=gdn_z gpu_ms=6.13
[prefill-layer-phase] chunk=3 start=3072 layer=32 kind=gdn phase=gdn_beta_alpha gpu_ms=3.70
[prefill-layer-phase] chunk=3 start=3072 layer=32 kind=gdn phase=gdn_alpha_beta gpu_ms=0.01
[prefill-layer-phase] chunk=3 start=3072 layer=32 kind=gdn phase=gdn_prep gpu_ms=1.35
[prefill-layer-phase] chunk=3 start=3072 layer=32 kind=gdn phase=gdn_step gpu_ms=3.04
[prefill-layer-phase] chunk=3 start=3072 layer=32 kind=gdn phase=gdn_gated gpu_ms=0.84
[prefill-layer-phase] chunk=3 start=3072 layer=32 kind=gdn phase=gdn_back gpu_ms=6.01
[prefill-layer-phase] chunk=3 start=3072 layer=32 kind=gdn phase=mixer_resid gpu_ms=0.15
[prefill-layer-phase] chunk=3 start=3072 layer=32 kind=gdn phase=ffn_norm gpu_ms=0.06
[prefill-layer-phase] chunk=3 start=3072 layer=32 kind=gdn phase=ffn_gate_up_swiglu gpu_ms=34.79
[prefill-layer-phase] chunk=3 start=3072 layer=32 kind=gdn phase=ffn_down_resid gpu_ms=17.56
[prefill-layer-phase] chunk=3 start=3072 layer=33 kind=gdn phase=pre_norm gpu_ms=0.08
[prefill-layer-phase] chunk=3 start=3072 layer=33 kind=gdn phase=gdn_qkv gpu_ms=10.57
[prefill-layer-phase] chunk=3 start=3072 layer=33 kind=gdn phase=gdn_z gpu_ms=6.01
[prefill-layer-phase] chunk=3 start=3072 layer=33 kind=gdn phase=gdn_beta_alpha gpu_ms=3.72
[prefill-layer-phase] chunk=3 start=3072 layer=33 kind=gdn phase=gdn_alpha_beta gpu_ms=0.01
[prefill-layer-phase] chunk=3 start=3072 layer=33 kind=gdn phase=gdn_prep gpu_ms=0.96
[prefill-layer-phase] chunk=3 start=3072 layer=33 kind=gdn phase=gdn_step gpu_ms=3.20
[prefill-layer-phase] chunk=3 start=3072 layer=33 kind=gdn phase=gdn_gated gpu_ms=0.75
[prefill-layer-phase] chunk=3 start=3072 layer=33 kind=gdn phase=gdn_back gpu_ms=6.61
[prefill-layer-phase] chunk=3 start=3072 layer=33 kind=gdn phase=mixer_resid gpu_ms=0.11
[prefill-layer-phase] chunk=3 start=3072 layer=33 kind=gdn phase=ffn_norm gpu_ms=0.05
[prefill-layer-phase] chunk=3 start=3072 layer=33 kind=gdn phase=ffn_gate_up_swiglu gpu_ms=35.40
[prefill-layer-phase] chunk=3 start=3072 layer=33 kind=gdn phase=ffn_down_resid gpu_ms=18.00
[prefill-layer-phase] chunk=3 start=3072 layer=34 kind=gdn phase=pre_norm gpu_ms=0.06
[prefill-layer-phase] chunk=3 start=3072 layer=34 kind=gdn phase=gdn_qkv gpu_ms=10.59
[prefill-layer-phase] chunk=3 start=3072 layer=34 kind=gdn phase=gdn_z gpu_ms=6.62
[prefill-layer-phase] chunk=3 start=3072 layer=34 kind=gdn phase=gdn_beta_alpha gpu_ms=3.90
[prefill-layer-phase] chunk=3 start=3072 layer=34 kind=gdn phase=gdn_alpha_beta gpu_ms=0.01
[prefill-layer-phase] chunk=3 start=3072 layer=34 kind=gdn phase=gdn_prep gpu_ms=1.04
[prefill-layer-phase] chunk=3 start=3072 layer=34 kind=gdn phase=gdn_step gpu_ms=3.01
[prefill-layer-phase] chunk=3 start=3072 layer=34 kind=gdn phase=gdn_gated gpu_ms=0.77
[prefill-layer-phase] chunk=3 start=3072 layer=34 kind=gdn phase=gdn_back gpu_ms=6.65
[prefill-layer-phase] chunk=3 start=3072 layer=34 kind=gdn phase=mixer_resid gpu_ms=0.13
[prefill-layer-phase] chunk=3 start=3072 layer=34 kind=gdn phase=ffn_norm gpu_ms=0.06
[prefill-layer-phase] chunk=3 start=3072 layer=34 kind=gdn phase=ffn_gate_up_swiglu gpu_ms=35.55
[prefill-layer-phase] chunk=3 start=3072 layer=34 kind=gdn phase=ffn_down_resid gpu_ms=17.96
[prefill-layer-phase] chunk=3 start=3072 layer=35 kind=attn phase=pre_norm gpu_ms=0.31
[prefill-attn-phase] chunk=3 start=3072 layer=35 phase=proj gpu_ms=15.08
[prefill-attn-phase] chunk=3 start=3072 layer=35 phase=split_q_gate gpu_ms=0.18
[prefill-attn-phase] chunk=3 start=3072 layer=35 phase=norm gpu_ms=0.46
[prefill-attn-phase] chunk=3 start=3072 layer=35 phase=rope_scatter gpu_ms=0.09
[prefill-attn-matrix-g6-shape] layer=35 chunk_start=3072 chunk_p=1024 n_pos=4096 scores_mib=384.00 vt_stride=4096 vt_layer_mib=8.00 vt_update_base=3072 vt_update_rows=1024 vt_update_mib=2.00
[prefill-attn-phase] chunk=3 start=3072 layer=35 phase=body_matrix_kq gpu_ms=5.69
[prefill-attn-phase] chunk=3 start=3072 layer=35 phase=body_matrix_softmax gpu_ms=1.55
[prefill-attn-phase] chunk=3 start=3072 layer=35 phase=body_matrix_kqv gpu_ms=5.42
[prefill-layer-phase] chunk=3 start=3072 layer=35 kind=attn phase=attn_back gpu_ms=6.14
[prefill-layer-phase] chunk=3 start=3072 layer=35 kind=attn phase=mixer_resid gpu_ms=0.14
[prefill-layer-phase] chunk=3 start=3072 layer=35 kind=attn phase=ffn_norm gpu_ms=0.05
[prefill-layer-phase] chunk=3 start=3072 layer=35 kind=attn phase=ffn_gate_up_swiglu gpu_ms=36.38
[prefill-layer-phase] chunk=3 start=3072 layer=35 kind=attn phase=ffn_down_resid gpu_ms=18.31
[prefill-layer-phase] chunk=3 start=3072 layer=36 kind=gdn phase=pre_norm gpu_ms=0.06
[prefill-layer-phase] chunk=3 start=3072 layer=36 kind=gdn phase=gdn_qkv gpu_ms=10.57
[prefill-layer-phase] chunk=3 start=3072 layer=36 kind=gdn phase=gdn_z gpu_ms=6.49
[prefill-layer-phase] chunk=3 start=3072 layer=36 kind=gdn phase=gdn_beta_alpha gpu_ms=3.69
[prefill-layer-phase] chunk=3 start=3072 layer=36 kind=gdn phase=gdn_alpha_beta gpu_ms=0.01
[prefill-layer-phase] chunk=3 start=3072 layer=36 kind=gdn phase=gdn_prep gpu_ms=0.96
[prefill-layer-phase] chunk=3 start=3072 layer=36 kind=gdn phase=gdn_step gpu_ms=3.03
[prefill-layer-phase] chunk=3 start=3072 layer=36 kind=gdn phase=gdn_gated gpu_ms=0.77
[prefill-layer-phase] chunk=3 start=3072 layer=36 kind=gdn phase=gdn_back gpu_ms=6.70
[prefill-layer-phase] chunk=3 start=3072 layer=36 kind=gdn phase=mixer_resid gpu_ms=0.13
[prefill-layer-phase] chunk=3 start=3072 layer=36 kind=gdn phase=ffn_norm gpu_ms=0.05
[prefill-layer-phase] chunk=3 start=3072 layer=36 kind=gdn phase=ffn_gate_up_swiglu gpu_ms=35.73
[prefill-layer-phase] chunk=3 start=3072 layer=36 kind=gdn phase=ffn_down_resid gpu_ms=18.24
[prefill-layer-phase] chunk=3 start=3072 layer=37 kind=gdn phase=pre_norm gpu_ms=0.06
[prefill-layer-phase] chunk=3 start=3072 layer=37 kind=gdn phase=gdn_qkv gpu_ms=10.57
[prefill-layer-phase] chunk=3 start=3072 layer=37 kind=gdn phase=gdn_z gpu_ms=6.19
[prefill-layer-phase] chunk=3 start=3072 layer=37 kind=gdn phase=gdn_beta_alpha gpu_ms=3.94
[prefill-layer-phase] chunk=3 start=3072 layer=37 kind=gdn phase=gdn_alpha_beta gpu_ms=0.01
[prefill-layer-phase] chunk=3 start=3072 layer=37 kind=gdn phase=gdn_prep gpu_ms=0.96
[prefill-layer-phase] chunk=3 start=3072 layer=37 kind=gdn phase=gdn_step gpu_ms=3.01
[prefill-layer-phase] chunk=3 start=3072 layer=37 kind=gdn phase=gdn_gated gpu_ms=0.77
[prefill-layer-phase] chunk=3 start=3072 layer=37 kind=gdn phase=gdn_back gpu_ms=6.55
[prefill-layer-phase] chunk=3 start=3072 layer=37 kind=gdn phase=mixer_resid gpu_ms=0.14
[prefill-layer-phase] chunk=3 start=3072 layer=37 kind=gdn phase=ffn_norm gpu_ms=0.06
[prefill-layer-phase] chunk=3 start=3072 layer=37 kind=gdn phase=ffn_gate_up_swiglu gpu_ms=35.98
[prefill-layer-phase] chunk=3 start=3072 layer=37 kind=gdn phase=ffn_down_resid gpu_ms=18.76
[prefill-layer-phase] chunk=3 start=3072 layer=38 kind=gdn phase=pre_norm gpu_ms=0.06
[prefill-layer-phase] chunk=3 start=3072 layer=38 kind=gdn phase=gdn_qkv gpu_ms=10.35
[prefill-layer-phase] chunk=3 start=3072 layer=38 kind=gdn phase=gdn_z gpu_ms=6.51
[prefill-layer-phase] chunk=3 start=3072 layer=38 kind=gdn phase=gdn_beta_alpha gpu_ms=3.75
[prefill-layer-phase] chunk=3 start=3072 layer=38 kind=gdn phase=gdn_alpha_beta gpu_ms=0.01
[prefill-layer-phase] chunk=3 start=3072 layer=38 kind=gdn phase=gdn_prep gpu_ms=0.98
[prefill-layer-phase] chunk=3 start=3072 layer=38 kind=gdn phase=gdn_step gpu_ms=3.02
[prefill-layer-phase] chunk=3 start=3072 layer=38 kind=gdn phase=gdn_gated gpu_ms=0.77
[prefill-layer-phase] chunk=3 start=3072 layer=38 kind=gdn phase=gdn_back gpu_ms=6.62
[prefill-layer-phase] chunk=3 start=3072 layer=38 kind=gdn phase=mixer_resid gpu_ms=0.13
[prefill-layer-phase] chunk=3 start=3072 layer=38 kind=gdn phase=ffn_norm gpu_ms=0.06
[prefill-layer-phase] chunk=3 start=3072 layer=38 kind=gdn phase=ffn_gate_up_swiglu gpu_ms=35.73
[prefill-layer-phase] chunk=3 start=3072 layer=38 kind=gdn phase=ffn_down_resid gpu_ms=18.12
[prefill-layer-phase] chunk=3 start=3072 layer=39 kind=attn phase=pre_norm gpu_ms=0.10
[prefill-attn-phase] chunk=3 start=3072 layer=39 phase=proj gpu_ms=14.87
[prefill-attn-phase] chunk=3 start=3072 layer=39 phase=split_q_gate gpu_ms=0.19
[prefill-attn-phase] chunk=3 start=3072 layer=39 phase=norm gpu_ms=0.46
[prefill-attn-phase] chunk=3 start=3072 layer=39 phase=rope_scatter gpu_ms=0.09
[prefill-attn-matrix-g6-shape] layer=39 chunk_start=3072 chunk_p=1024 n_pos=4096 scores_mib=384.00 vt_stride=4096 vt_layer_mib=8.00 vt_update_base=3072 vt_update_rows=1024 vt_update_mib=2.00
[prefill-attn-phase] chunk=3 start=3072 layer=39 phase=body_matrix_kq gpu_ms=5.77
[prefill-attn-phase] chunk=3 start=3072 layer=39 phase=body_matrix_softmax gpu_ms=1.53
[prefill-attn-phase] chunk=3 start=3072 layer=39 phase=body_matrix_kqv gpu_ms=5.62
[prefill-layer-phase] chunk=3 start=3072 layer=39 kind=attn phase=attn_back gpu_ms=6.14
[prefill-layer-phase] chunk=3 start=3072 layer=39 kind=attn phase=mixer_resid gpu_ms=0.14
[prefill-layer-phase] chunk=3 start=3072 layer=39 kind=attn phase=ffn_norm gpu_ms=0.26
[prefill-layer-phase] chunk=3 start=3072 layer=39 kind=attn phase=ffn_gate_up_swiglu gpu_ms=35.95
[prefill-layer-phase] chunk=3 start=3072 layer=39 kind=attn phase=ffn_down_resid gpu_ms=18.16
[prefill-layer-phase] chunk=3 start=3072 layer=40 kind=gdn phase=pre_norm gpu_ms=0.06
[prefill-layer-phase] chunk=3 start=3072 layer=40 kind=gdn phase=gdn_qkv gpu_ms=10.64
[prefill-layer-phase] chunk=3 start=3072 layer=40 kind=gdn phase=gdn_z gpu_ms=6.73
[prefill-layer-phase] chunk=3 start=3072 layer=40 kind=gdn phase=gdn_beta_alpha gpu_ms=3.67
[prefill-layer-phase] chunk=3 start=3072 layer=40 kind=gdn phase=gdn_alpha_beta gpu_ms=0.01
[prefill-layer-phase] chunk=3 start=3072 layer=40 kind=gdn phase=gdn_prep gpu_ms=1.03
[prefill-layer-phase] chunk=3 start=3072 layer=40 kind=gdn phase=gdn_step gpu_ms=3.03
[prefill-layer-phase] chunk=3 start=3072 layer=40 kind=gdn phase=gdn_gated gpu_ms=0.77
[prefill-layer-phase] chunk=3 start=3072 layer=40 kind=gdn phase=gdn_back gpu_ms=6.50
[prefill-layer-phase] chunk=3 start=3072 layer=40 kind=gdn phase=mixer_resid gpu_ms=0.14
[prefill-layer-phase] chunk=3 start=3072 layer=40 kind=gdn phase=ffn_norm gpu_ms=0.06
[prefill-layer-phase] chunk=3 start=3072 layer=40 kind=gdn phase=ffn_gate_up_swiglu gpu_ms=35.85
[prefill-layer-phase] chunk=3 start=3072 layer=40 kind=gdn phase=ffn_down_resid gpu_ms=18.76
[prefill-layer-phase] chunk=3 start=3072 layer=41 kind=gdn phase=pre_norm gpu_ms=0.10
[prefill-layer-phase] chunk=3 start=3072 layer=41 kind=gdn phase=gdn_qkv gpu_ms=10.14
[prefill-layer-phase] chunk=3 start=3072 layer=41 kind=gdn phase=gdn_z gpu_ms=6.11
[prefill-layer-phase] chunk=3 start=3072 layer=41 kind=gdn phase=gdn_beta_alpha gpu_ms=3.82
[prefill-layer-phase] chunk=3 start=3072 layer=41 kind=gdn phase=gdn_alpha_beta gpu_ms=0.01
[prefill-layer-phase] chunk=3 start=3072 layer=41 kind=gdn phase=gdn_prep gpu_ms=1.05
[prefill-layer-phase] chunk=3 start=3072 layer=41 kind=gdn phase=gdn_step gpu_ms=3.13
[prefill-layer-phase] chunk=3 start=3072 layer=41 kind=gdn phase=gdn_gated gpu_ms=0.77
[prefill-layer-phase] chunk=3 start=3072 layer=41 kind=gdn phase=gdn_back gpu_ms=6.47
[prefill-layer-phase] chunk=3 start=3072 layer=41 kind=gdn phase=mixer_resid gpu_ms=0.14
[prefill-layer-phase] chunk=3 start=3072 layer=41 kind=gdn phase=ffn_norm gpu_ms=0.06
[prefill-layer-phase] chunk=3 start=3072 layer=41 kind=gdn phase=ffn_gate_up_swiglu gpu_ms=35.76
[prefill-layer-phase] chunk=3 start=3072 layer=41 kind=gdn phase=ffn_down_resid gpu_ms=18.42
[prefill-layer-phase] chunk=3 start=3072 layer=42 kind=gdn phase=pre_norm gpu_ms=0.09
[prefill-layer-phase] chunk=3 start=3072 layer=42 kind=gdn phase=gdn_qkv gpu_ms=10.31
[prefill-layer-phase] chunk=3 start=3072 layer=42 kind=gdn phase=gdn_z gpu_ms=6.34
[prefill-layer-phase] chunk=3 start=3072 layer=42 kind=gdn phase=gdn_beta_alpha gpu_ms=3.64
[prefill-layer-phase] chunk=3 start=3072 layer=42 kind=gdn phase=gdn_alpha_beta gpu_ms=0.01
[prefill-layer-phase] chunk=3 start=3072 layer=42 kind=gdn phase=gdn_prep gpu_ms=0.94
[prefill-layer-phase] chunk=3 start=3072 layer=42 kind=gdn phase=gdn_step gpu_ms=3.16
[prefill-layer-phase] chunk=3 start=3072 layer=42 kind=gdn phase=gdn_gated gpu_ms=0.78
[prefill-layer-phase] chunk=3 start=3072 layer=42 kind=gdn phase=gdn_back gpu_ms=6.47
[prefill-layer-phase] chunk=3 start=3072 layer=42 kind=gdn phase=mixer_resid gpu_ms=0.14
[prefill-layer-phase] chunk=3 start=3072 layer=42 kind=gdn phase=ffn_norm gpu_ms=0.06
[prefill-layer-phase] chunk=3 start=3072 layer=42 kind=gdn phase=ffn_gate_up_swiglu gpu_ms=35.74
[prefill-layer-phase] chunk=3 start=3072 layer=42 kind=gdn phase=ffn_down_resid gpu_ms=18.50
[prefill-layer-phase] chunk=3 start=3072 layer=43 kind=attn phase=pre_norm gpu_ms=0.10
[prefill-attn-phase] chunk=3 start=3072 layer=43 phase=proj gpu_ms=14.75
[prefill-attn-phase] chunk=3 start=3072 layer=43 phase=split_q_gate gpu_ms=0.18
[prefill-attn-phase] chunk=3 start=3072 layer=43 phase=norm gpu_ms=0.77
[prefill-attn-phase] chunk=3 start=3072 layer=43 phase=rope_scatter gpu_ms=0.10
[prefill-attn-matrix-g6-shape] layer=43 chunk_start=3072 chunk_p=1024 n_pos=4096 scores_mib=384.00 vt_stride=4096 vt_layer_mib=8.00 vt_update_base=3072 vt_update_rows=1024 vt_update_mib=2.00
[prefill-attn-phase] chunk=3 start=3072 layer=43 phase=body_matrix_kq gpu_ms=5.44
[prefill-attn-phase] chunk=3 start=3072 layer=43 phase=body_matrix_softmax gpu_ms=1.55
[prefill-attn-phase] chunk=3 start=3072 layer=43 phase=body_matrix_kqv gpu_ms=5.99
[prefill-layer-phase] chunk=3 start=3072 layer=43 kind=attn phase=attn_back gpu_ms=6.50
[prefill-layer-phase] chunk=3 start=3072 layer=43 kind=attn phase=mixer_resid gpu_ms=0.13
[prefill-layer-phase] chunk=3 start=3072 layer=43 kind=attn phase=ffn_norm gpu_ms=0.05
[prefill-layer-phase] chunk=3 start=3072 layer=43 kind=attn phase=ffn_gate_up_swiglu gpu_ms=36.32
[prefill-layer-phase] chunk=3 start=3072 layer=43 kind=attn phase=ffn_down_resid gpu_ms=18.68
[prefill-layer-phase] chunk=3 start=3072 layer=44 kind=gdn phase=pre_norm gpu_ms=0.06
[prefill-layer-phase] chunk=3 start=3072 layer=44 kind=gdn phase=gdn_qkv gpu_ms=10.35
[prefill-layer-phase] chunk=3 start=3072 layer=44 kind=gdn phase=gdn_z gpu_ms=6.63
[prefill-layer-phase] chunk=3 start=3072 layer=44 kind=gdn phase=gdn_beta_alpha gpu_ms=3.75
[prefill-layer-phase] chunk=3 start=3072 layer=44 kind=gdn phase=gdn_alpha_beta gpu_ms=0.01
[prefill-layer-phase] chunk=3 start=3072 layer=44 kind=gdn phase=gdn_prep gpu_ms=0.94
[prefill-layer-phase] chunk=3 start=3072 layer=44 kind=gdn phase=gdn_step gpu_ms=3.33
[prefill-layer-phase] chunk=3 start=3072 layer=44 kind=gdn phase=gdn_gated gpu_ms=1.18
[prefill-layer-phase] chunk=3 start=3072 layer=44 kind=gdn phase=gdn_back gpu_ms=6.23
[prefill-layer-phase] chunk=3 start=3072 layer=44 kind=gdn phase=mixer_resid gpu_ms=0.14
[prefill-layer-phase] chunk=3 start=3072 layer=44 kind=gdn phase=ffn_norm gpu_ms=0.06
[prefill-layer-phase] chunk=3 start=3072 layer=44 kind=gdn phase=ffn_gate_up_swiglu gpu_ms=35.87
[prefill-layer-phase] chunk=3 start=3072 layer=44 kind=gdn phase=ffn_down_resid gpu_ms=18.49
[prefill-layer-phase] chunk=3 start=3072 layer=45 kind=gdn phase=pre_norm gpu_ms=0.05
[prefill-layer-phase] chunk=3 start=3072 layer=45 kind=gdn phase=gdn_qkv gpu_ms=9.95
[prefill-layer-phase] chunk=3 start=3072 layer=45 kind=gdn phase=gdn_z gpu_ms=6.55
[prefill-layer-phase] chunk=3 start=3072 layer=45 kind=gdn phase=gdn_beta_alpha gpu_ms=3.98
[prefill-layer-phase] chunk=3 start=3072 layer=45 kind=gdn phase=gdn_alpha_beta gpu_ms=0.01
[prefill-layer-phase] chunk=3 start=3072 layer=45 kind=gdn phase=gdn_prep gpu_ms=0.94
[prefill-layer-phase] chunk=3 start=3072 layer=45 kind=gdn phase=gdn_step gpu_ms=3.29
[prefill-layer-phase] chunk=3 start=3072 layer=45 kind=gdn phase=gdn_gated gpu_ms=0.79
[prefill-layer-phase] chunk=3 start=3072 layer=45 kind=gdn phase=gdn_back gpu_ms=6.78
[prefill-layer-phase] chunk=3 start=3072 layer=45 kind=gdn phase=mixer_resid gpu_ms=0.13
[prefill-layer-phase] chunk=3 start=3072 layer=45 kind=gdn phase=ffn_norm gpu_ms=0.05
[prefill-layer-phase] chunk=3 start=3072 layer=45 kind=gdn phase=ffn_gate_up_swiglu gpu_ms=36.05
[prefill-layer-phase] chunk=3 start=3072 layer=45 kind=gdn phase=ffn_down_resid gpu_ms=18.53
[prefill-layer-phase] chunk=3 start=3072 layer=46 kind=gdn phase=pre_norm gpu_ms=0.06
[prefill-layer-phase] chunk=3 start=3072 layer=46 kind=gdn phase=gdn_qkv gpu_ms=10.59
[prefill-layer-phase] chunk=3 start=3072 layer=46 kind=gdn phase=gdn_z gpu_ms=6.51
[prefill-layer-phase] chunk=3 start=3072 layer=46 kind=gdn phase=gdn_beta_alpha gpu_ms=3.78
[prefill-layer-phase] chunk=3 start=3072 layer=46 kind=gdn phase=gdn_alpha_beta gpu_ms=0.23
[prefill-layer-phase] chunk=3 start=3072 layer=46 kind=gdn phase=gdn_prep gpu_ms=1.01
[prefill-layer-phase] chunk=3 start=3072 layer=46 kind=gdn phase=gdn_step gpu_ms=3.14
[prefill-layer-phase] chunk=3 start=3072 layer=46 kind=gdn phase=gdn_gated gpu_ms=0.79
[prefill-layer-phase] chunk=3 start=3072 layer=46 kind=gdn phase=gdn_back gpu_ms=6.27
[prefill-layer-phase] chunk=3 start=3072 layer=46 kind=gdn phase=mixer_resid gpu_ms=0.14
[prefill-layer-phase] chunk=3 start=3072 layer=46 kind=gdn phase=ffn_norm gpu_ms=0.05
[prefill-layer-phase] chunk=3 start=3072 layer=46 kind=gdn phase=ffn_gate_up_swiglu gpu_ms=36.01
[prefill-layer-phase] chunk=3 start=3072 layer=46 kind=gdn phase=ffn_down_resid gpu_ms=18.46
[prefill-layer-phase] chunk=3 start=3072 layer=47 kind=attn phase=pre_norm gpu_ms=0.09
[prefill-attn-phase] chunk=3 start=3072 layer=47 phase=proj gpu_ms=14.85
[prefill-attn-phase] chunk=3 start=3072 layer=47 phase=split_q_gate gpu_ms=0.19
[prefill-attn-phase] chunk=3 start=3072 layer=47 phase=norm gpu_ms=0.46
[prefill-attn-phase] chunk=3 start=3072 layer=47 phase=rope_scatter gpu_ms=0.11
[prefill-attn-matrix-g6-shape] layer=47 chunk_start=3072 chunk_p=1024 n_pos=4096 scores_mib=384.00 vt_stride=4096 vt_layer_mib=8.00 vt_update_base=3072 vt_update_rows=1024 vt_update_mib=2.00
[prefill-attn-phase] chunk=3 start=3072 layer=47 phase=body_matrix_kq gpu_ms=5.41
[prefill-attn-phase] chunk=3 start=3072 layer=47 phase=body_matrix_softmax gpu_ms=1.75
[prefill-attn-phase] chunk=3 start=3072 layer=47 phase=body_matrix_kqv gpu_ms=5.54
[prefill-layer-phase] chunk=3 start=3072 layer=47 kind=attn phase=attn_back gpu_ms=6.25
[prefill-layer-phase] chunk=3 start=3072 layer=47 kind=attn phase=mixer_resid gpu_ms=0.14
[prefill-layer-phase] chunk=3 start=3072 layer=47 kind=attn phase=ffn_norm gpu_ms=0.30
[prefill-layer-phase] chunk=3 start=3072 layer=47 kind=attn phase=ffn_gate_up_swiglu gpu_ms=36.45
[prefill-layer-phase] chunk=3 start=3072 layer=47 kind=attn phase=ffn_down_resid gpu_ms=18.11
[prefill-layer-phase] chunk=3 start=3072 layer=48 kind=gdn phase=pre_norm gpu_ms=0.05
[prefill-layer-phase] chunk=3 start=3072 layer=48 kind=gdn phase=gdn_qkv gpu_ms=10.69
[prefill-layer-phase] chunk=3 start=3072 layer=48 kind=gdn phase=gdn_z gpu_ms=6.19
[prefill-layer-phase] chunk=3 start=3072 layer=48 kind=gdn phase=gdn_beta_alpha gpu_ms=4.06
[prefill-layer-phase] chunk=3 start=3072 layer=48 kind=gdn phase=gdn_alpha_beta gpu_ms=0.01
[prefill-layer-phase] chunk=3 start=3072 layer=48 kind=gdn phase=gdn_prep gpu_ms=1.06
[prefill-layer-phase] chunk=3 start=3072 layer=48 kind=gdn phase=gdn_step gpu_ms=3.03
[prefill-layer-phase] chunk=3 start=3072 layer=48 kind=gdn phase=gdn_gated gpu_ms=0.77
[prefill-layer-phase] chunk=3 start=3072 layer=48 kind=gdn phase=gdn_back gpu_ms=6.77
[prefill-layer-phase] chunk=3 start=3072 layer=48 kind=gdn phase=mixer_resid gpu_ms=0.10
[prefill-layer-phase] chunk=3 start=3072 layer=48 kind=gdn phase=ffn_norm gpu_ms=0.06
[prefill-layer-phase] chunk=3 start=3072 layer=48 kind=gdn phase=ffn_gate_up_swiglu gpu_ms=35.50
[prefill-layer-phase] chunk=3 start=3072 layer=48 kind=gdn phase=ffn_down_resid gpu_ms=17.86
[prefill-layer-phase] chunk=3 start=3072 layer=49 kind=gdn phase=pre_norm gpu_ms=0.32
[prefill-layer-phase] chunk=3 start=3072 layer=49 kind=gdn phase=gdn_qkv gpu_ms=10.55
[prefill-layer-phase] chunk=3 start=3072 layer=49 kind=gdn phase=gdn_z gpu_ms=6.60
[prefill-layer-phase] chunk=3 start=3072 layer=49 kind=gdn phase=gdn_beta_alpha gpu_ms=3.83
[prefill-layer-phase] chunk=3 start=3072 layer=49 kind=gdn phase=gdn_alpha_beta gpu_ms=0.01
[prefill-layer-phase] chunk=3 start=3072 layer=49 kind=gdn phase=gdn_prep gpu_ms=0.94
[prefill-layer-phase] chunk=3 start=3072 layer=49 kind=gdn phase=gdn_step gpu_ms=3.20
[prefill-layer-phase] chunk=3 start=3072 layer=49 kind=gdn phase=gdn_gated gpu_ms=0.79
[prefill-layer-phase] chunk=3 start=3072 layer=49 kind=gdn phase=gdn_back gpu_ms=6.42
[prefill-layer-phase] chunk=3 start=3072 layer=49 kind=gdn phase=mixer_resid gpu_ms=0.14
[prefill-layer-phase] chunk=3 start=3072 layer=49 kind=gdn phase=ffn_norm gpu_ms=0.06
[prefill-layer-phase] chunk=3 start=3072 layer=49 kind=gdn phase=ffn_gate_up_swiglu gpu_ms=36.54
[prefill-layer-phase] chunk=3 start=3072 layer=49 kind=gdn phase=ffn_down_resid gpu_ms=18.70
[prefill-layer-phase] chunk=3 start=3072 layer=50 kind=gdn phase=pre_norm gpu_ms=0.06
[prefill-layer-phase] chunk=3 start=3072 layer=50 kind=gdn phase=gdn_qkv gpu_ms=9.95
[prefill-layer-phase] chunk=3 start=3072 layer=50 kind=gdn phase=gdn_z gpu_ms=5.99
[prefill-layer-phase] chunk=3 start=3072 layer=50 kind=gdn phase=gdn_beta_alpha gpu_ms=3.77
[prefill-layer-phase] chunk=3 start=3072 layer=50 kind=gdn phase=gdn_alpha_beta gpu_ms=0.01
[prefill-layer-phase] chunk=3 start=3072 layer=50 kind=gdn phase=gdn_prep gpu_ms=0.96
[prefill-layer-phase] chunk=3 start=3072 layer=50 kind=gdn phase=gdn_step gpu_ms=2.99
[prefill-layer-phase] chunk=3 start=3072 layer=50 kind=gdn phase=gdn_gated gpu_ms=0.78
[prefill-layer-phase] chunk=3 start=3072 layer=50 kind=gdn phase=gdn_back gpu_ms=6.49
[prefill-layer-phase] chunk=3 start=3072 layer=50 kind=gdn phase=mixer_resid gpu_ms=0.17
[prefill-layer-phase] chunk=3 start=3072 layer=50 kind=gdn phase=ffn_norm gpu_ms=0.06
[prefill-layer-phase] chunk=3 start=3072 layer=50 kind=gdn phase=ffn_gate_up_swiglu gpu_ms=34.97
[prefill-layer-phase] chunk=3 start=3072 layer=50 kind=gdn phase=ffn_down_resid gpu_ms=19.12
[prefill-layer-phase] chunk=3 start=3072 layer=51 kind=attn phase=pre_norm gpu_ms=0.06
[prefill-attn-phase] chunk=3 start=3072 layer=51 phase=proj gpu_ms=15.03
[prefill-attn-phase] chunk=3 start=3072 layer=51 phase=split_q_gate gpu_ms=0.19
[prefill-attn-phase] chunk=3 start=3072 layer=51 phase=norm gpu_ms=0.46
[prefill-attn-phase] chunk=3 start=3072 layer=51 phase=rope_scatter gpu_ms=0.09
[prefill-attn-matrix-g6-shape] layer=51 chunk_start=3072 chunk_p=1024 n_pos=4096 scores_mib=384.00 vt_stride=4096 vt_layer_mib=8.00 vt_update_base=3072 vt_update_rows=1024 vt_update_mib=2.00
[prefill-attn-phase] chunk=3 start=3072 layer=51 phase=body_matrix_kq gpu_ms=5.81
[prefill-attn-phase] chunk=3 start=3072 layer=51 phase=body_matrix_softmax gpu_ms=1.64
[prefill-attn-phase] chunk=3 start=3072 layer=51 phase=body_matrix_kqv gpu_ms=5.81
[prefill-layer-phase] chunk=3 start=3072 layer=51 kind=attn phase=attn_back gpu_ms=6.08
[prefill-layer-phase] chunk=3 start=3072 layer=51 kind=attn phase=mixer_resid gpu_ms=0.16
[prefill-layer-phase] chunk=3 start=3072 layer=51 kind=attn phase=ffn_norm gpu_ms=0.06
[prefill-layer-phase] chunk=3 start=3072 layer=51 kind=attn phase=ffn_gate_up_swiglu gpu_ms=36.11
[prefill-layer-phase] chunk=3 start=3072 layer=51 kind=attn phase=ffn_down_resid gpu_ms=18.65
[prefill-layer-phase] chunk=3 start=3072 layer=52 kind=gdn phase=pre_norm gpu_ms=0.06
[prefill-layer-phase] chunk=3 start=3072 layer=52 kind=gdn phase=gdn_qkv gpu_ms=10.24
[prefill-layer-phase] chunk=3 start=3072 layer=52 kind=gdn phase=gdn_z gpu_ms=6.18
[prefill-layer-phase] chunk=3 start=3072 layer=52 kind=gdn phase=gdn_beta_alpha gpu_ms=3.95
[prefill-layer-phase] chunk=3 start=3072 layer=52 kind=gdn phase=gdn_alpha_beta gpu_ms=0.01
[prefill-layer-phase] chunk=3 start=3072 layer=52 kind=gdn phase=gdn_prep gpu_ms=0.95
[prefill-layer-phase] chunk=3 start=3072 layer=52 kind=gdn phase=gdn_step gpu_ms=3.00
[prefill-layer-phase] chunk=3 start=3072 layer=52 kind=gdn phase=gdn_gated gpu_ms=1.27
[prefill-layer-phase] chunk=3 start=3072 layer=52 kind=gdn phase=gdn_back gpu_ms=6.11
[prefill-layer-phase] chunk=3 start=3072 layer=52 kind=gdn phase=mixer_resid gpu_ms=0.09
[prefill-layer-phase] chunk=3 start=3072 layer=52 kind=gdn phase=ffn_norm gpu_ms=0.05
[prefill-layer-phase] chunk=3 start=3072 layer=52 kind=gdn phase=ffn_gate_up_swiglu gpu_ms=36.08
[prefill-layer-phase] chunk=3 start=3072 layer=52 kind=gdn phase=ffn_down_resid gpu_ms=18.66
[prefill-layer-phase] chunk=3 start=3072 layer=53 kind=gdn phase=pre_norm gpu_ms=0.06
[prefill-layer-phase] chunk=3 start=3072 layer=53 kind=gdn phase=gdn_qkv gpu_ms=10.31
[prefill-layer-phase] chunk=3 start=3072 layer=53 kind=gdn phase=gdn_z gpu_ms=6.28
[prefill-layer-phase] chunk=3 start=3072 layer=53 kind=gdn phase=gdn_beta_alpha gpu_ms=3.85
[prefill-layer-phase] chunk=3 start=3072 layer=53 kind=gdn phase=gdn_alpha_beta gpu_ms=0.01
[prefill-layer-phase] chunk=3 start=3072 layer=53 kind=gdn phase=gdn_prep gpu_ms=0.96
[prefill-layer-phase] chunk=3 start=3072 layer=53 kind=gdn phase=gdn_step gpu_ms=3.03
[prefill-layer-phase] chunk=3 start=3072 layer=53 kind=gdn phase=gdn_gated gpu_ms=1.15
[prefill-layer-phase] chunk=3 start=3072 layer=53 kind=gdn phase=gdn_back gpu_ms=6.30
[prefill-layer-phase] chunk=3 start=3072 layer=53 kind=gdn phase=mixer_resid gpu_ms=0.13
[prefill-layer-phase] chunk=3 start=3072 layer=53 kind=gdn phase=ffn_norm gpu_ms=0.05
[prefill-layer-phase] chunk=3 start=3072 layer=53 kind=gdn phase=ffn_gate_up_swiglu gpu_ms=36.49
[prefill-layer-phase] chunk=3 start=3072 layer=53 kind=gdn phase=ffn_down_resid gpu_ms=18.42
[prefill-layer-phase] chunk=3 start=3072 layer=54 kind=gdn phase=pre_norm gpu_ms=0.06
[prefill-layer-phase] chunk=3 start=3072 layer=54 kind=gdn phase=gdn_qkv gpu_ms=10.46
[prefill-layer-phase] chunk=3 start=3072 layer=54 kind=gdn phase=gdn_z gpu_ms=6.12
[prefill-layer-phase] chunk=3 start=3072 layer=54 kind=gdn phase=gdn_beta_alpha gpu_ms=3.86
[prefill-layer-phase] chunk=3 start=3072 layer=54 kind=gdn phase=gdn_alpha_beta gpu_ms=0.01
[prefill-layer-phase] chunk=3 start=3072 layer=54 kind=gdn phase=gdn_prep gpu_ms=0.98
[prefill-layer-phase] chunk=3 start=3072 layer=54 kind=gdn phase=gdn_step gpu_ms=3.23
[prefill-layer-phase] chunk=3 start=3072 layer=54 kind=gdn phase=gdn_gated gpu_ms=0.84
[prefill-layer-phase] chunk=3 start=3072 layer=54 kind=gdn phase=gdn_back gpu_ms=6.22
[prefill-layer-phase] chunk=3 start=3072 layer=54 kind=gdn phase=mixer_resid gpu_ms=0.14
[prefill-layer-phase] chunk=3 start=3072 layer=54 kind=gdn phase=ffn_norm gpu_ms=0.06
[prefill-layer-phase] chunk=3 start=3072 layer=54 kind=gdn phase=ffn_gate_up_swiglu gpu_ms=36.46
[prefill-layer-phase] chunk=3 start=3072 layer=54 kind=gdn phase=ffn_down_resid gpu_ms=18.49
[prefill-layer-phase] chunk=3 start=3072 layer=55 kind=attn phase=pre_norm gpu_ms=0.06
[prefill-attn-phase] chunk=3 start=3072 layer=55 phase=proj gpu_ms=15.44
[prefill-attn-phase] chunk=3 start=3072 layer=55 phase=split_q_gate gpu_ms=0.18
[prefill-attn-phase] chunk=3 start=3072 layer=55 phase=norm gpu_ms=0.47
[prefill-attn-phase] chunk=3 start=3072 layer=55 phase=rope_scatter gpu_ms=0.10
[prefill-attn-matrix-g6-shape] layer=55 chunk_start=3072 chunk_p=1024 n_pos=4096 scores_mib=384.00 vt_stride=4096 vt_layer_mib=8.00 vt_update_base=3072 vt_update_rows=1024 vt_update_mib=2.00
[prefill-attn-phase] chunk=3 start=3072 layer=55 phase=body_matrix_kq gpu_ms=6.05
[prefill-attn-phase] chunk=3 start=3072 layer=55 phase=body_matrix_softmax gpu_ms=1.55
[prefill-attn-phase] chunk=3 start=3072 layer=55 phase=body_matrix_kqv gpu_ms=6.08
[prefill-layer-phase] chunk=3 start=3072 layer=55 kind=attn phase=attn_back gpu_ms=6.43
[prefill-layer-phase] chunk=3 start=3072 layer=55 kind=attn phase=mixer_resid gpu_ms=0.10
[prefill-layer-phase] chunk=3 start=3072 layer=55 kind=attn phase=ffn_norm gpu_ms=0.06
[prefill-layer-phase] chunk=3 start=3072 layer=55 kind=attn phase=ffn_gate_up_swiglu gpu_ms=35.98
[prefill-layer-phase] chunk=3 start=3072 layer=55 kind=attn phase=ffn_down_resid gpu_ms=18.85
[prefill-layer-phase] chunk=3 start=3072 layer=56 kind=gdn phase=pre_norm gpu_ms=0.10
[prefill-layer-phase] chunk=3 start=3072 layer=56 kind=gdn phase=gdn_qkv gpu_ms=10.02
[prefill-layer-phase] chunk=3 start=3072 layer=56 kind=gdn phase=gdn_z gpu_ms=6.35
[prefill-layer-phase] chunk=3 start=3072 layer=56 kind=gdn phase=gdn_beta_alpha gpu_ms=3.81
[prefill-layer-phase] chunk=3 start=3072 layer=56 kind=gdn phase=gdn_alpha_beta gpu_ms=0.01
[prefill-layer-phase] chunk=3 start=3072 layer=56 kind=gdn phase=gdn_prep gpu_ms=0.95
[prefill-layer-phase] chunk=3 start=3072 layer=56 kind=gdn phase=gdn_step gpu_ms=3.34
[prefill-layer-phase] chunk=3 start=3072 layer=56 kind=gdn phase=gdn_gated gpu_ms=0.78
[prefill-layer-phase] chunk=3 start=3072 layer=56 kind=gdn phase=gdn_back gpu_ms=6.81
[prefill-layer-phase] chunk=3 start=3072 layer=56 kind=gdn phase=mixer_resid gpu_ms=0.14
[prefill-layer-phase] chunk=3 start=3072 layer=56 kind=gdn phase=ffn_norm gpu_ms=0.06
[prefill-layer-phase] chunk=3 start=3072 layer=56 kind=gdn phase=ffn_gate_up_swiglu gpu_ms=35.73
[prefill-layer-phase] chunk=3 start=3072 layer=56 kind=gdn phase=ffn_down_resid gpu_ms=19.05
[prefill-layer-phase] chunk=3 start=3072 layer=57 kind=gdn phase=pre_norm gpu_ms=0.10
[prefill-layer-phase] chunk=3 start=3072 layer=57 kind=gdn phase=gdn_qkv gpu_ms=10.72
[prefill-layer-phase] chunk=3 start=3072 layer=57 kind=gdn phase=gdn_z gpu_ms=6.48
[prefill-layer-phase] chunk=3 start=3072 layer=57 kind=gdn phase=gdn_beta_alpha gpu_ms=4.04
[prefill-layer-phase] chunk=3 start=3072 layer=57 kind=gdn phase=gdn_alpha_beta gpu_ms=0.01
[prefill-layer-phase] chunk=3 start=3072 layer=57 kind=gdn phase=gdn_prep gpu_ms=1.09
[prefill-layer-phase] chunk=3 start=3072 layer=57 kind=gdn phase=gdn_step gpu_ms=3.13
[prefill-layer-phase] chunk=3 start=3072 layer=57 kind=gdn phase=gdn_gated gpu_ms=0.76
[prefill-layer-phase] chunk=3 start=3072 layer=57 kind=gdn phase=gdn_back gpu_ms=6.72
[prefill-layer-phase] chunk=3 start=3072 layer=57 kind=gdn phase=mixer_resid gpu_ms=0.11
[prefill-layer-phase] chunk=3 start=3072 layer=57 kind=gdn phase=ffn_norm gpu_ms=0.06
[prefill-layer-phase] chunk=3 start=3072 layer=57 kind=gdn phase=ffn_gate_up_swiglu gpu_ms=36.75
[prefill-layer-phase] chunk=3 start=3072 layer=57 kind=gdn phase=ffn_down_resid gpu_ms=18.45
[prefill-layer-phase] chunk=3 start=3072 layer=58 kind=gdn phase=pre_norm gpu_ms=0.06
[prefill-layer-phase] chunk=3 start=3072 layer=58 kind=gdn phase=gdn_qkv gpu_ms=10.77
[prefill-layer-phase] chunk=3 start=3072 layer=58 kind=gdn phase=gdn_z gpu_ms=6.54
[prefill-layer-phase] chunk=3 start=3072 layer=58 kind=gdn phase=gdn_beta_alpha gpu_ms=3.89
[prefill-layer-phase] chunk=3 start=3072 layer=58 kind=gdn phase=gdn_alpha_beta gpu_ms=0.01
[prefill-layer-phase] chunk=3 start=3072 layer=58 kind=gdn phase=gdn_prep gpu_ms=0.97
[prefill-layer-phase] chunk=3 start=3072 layer=58 kind=gdn phase=gdn_step gpu_ms=3.31
[prefill-layer-phase] chunk=3 start=3072 layer=58 kind=gdn phase=gdn_gated gpu_ms=0.76
[prefill-layer-phase] chunk=3 start=3072 layer=58 kind=gdn phase=gdn_back gpu_ms=6.34
[prefill-layer-phase] chunk=3 start=3072 layer=58 kind=gdn phase=mixer_resid gpu_ms=0.13
[prefill-layer-phase] chunk=3 start=3072 layer=58 kind=gdn phase=ffn_norm gpu_ms=0.37
[prefill-layer-phase] chunk=3 start=3072 layer=58 kind=gdn phase=ffn_gate_up_swiglu gpu_ms=35.48
[prefill-layer-phase] chunk=3 start=3072 layer=58 kind=gdn phase=ffn_down_resid gpu_ms=18.81
[prefill-layer-phase] chunk=3 start=3072 layer=59 kind=attn phase=pre_norm gpu_ms=0.10
[prefill-attn-phase] chunk=3 start=3072 layer=59 phase=proj gpu_ms=15.07
[prefill-attn-phase] chunk=3 start=3072 layer=59 phase=split_q_gate gpu_ms=0.18
[prefill-attn-phase] chunk=3 start=3072 layer=59 phase=norm gpu_ms=0.47
[prefill-attn-phase] chunk=3 start=3072 layer=59 phase=rope_scatter gpu_ms=0.09
[prefill-attn-matrix-g6-shape] layer=59 chunk_start=3072 chunk_p=1024 n_pos=4096 scores_mib=384.00 vt_stride=4096 vt_layer_mib=8.00 vt_update_base=3072 vt_update_rows=1024 vt_update_mib=2.00
[prefill-attn-phase] chunk=3 start=3072 layer=59 phase=body_matrix_kq gpu_ms=5.94
[prefill-attn-phase] chunk=3 start=3072 layer=59 phase=body_matrix_softmax gpu_ms=1.56
[prefill-attn-phase] chunk=3 start=3072 layer=59 phase=body_matrix_kqv gpu_ms=5.87
[prefill-layer-phase] chunk=3 start=3072 layer=59 kind=attn phase=attn_back gpu_ms=6.17
[prefill-layer-phase] chunk=3 start=3072 layer=59 kind=attn phase=mixer_resid gpu_ms=0.16
[prefill-layer-phase] chunk=3 start=3072 layer=59 kind=attn phase=ffn_norm gpu_ms=0.06
[prefill-layer-phase] chunk=3 start=3072 layer=59 kind=attn phase=ffn_gate_up_swiglu gpu_ms=36.38
[prefill-layer-phase] chunk=3 start=3072 layer=59 kind=attn phase=ffn_down_resid gpu_ms=18.92
[prefill-layer-phase] chunk=3 start=3072 layer=60 kind=gdn phase=pre_norm gpu_ms=0.05
[prefill-layer-phase] chunk=3 start=3072 layer=60 kind=gdn phase=gdn_qkv gpu_ms=10.66
[prefill-layer-phase] chunk=3 start=3072 layer=60 kind=gdn phase=gdn_z gpu_ms=6.31
[prefill-layer-phase] chunk=3 start=3072 layer=60 kind=gdn phase=gdn_beta_alpha gpu_ms=3.66
[prefill-layer-phase] chunk=3 start=3072 layer=60 kind=gdn phase=gdn_alpha_beta gpu_ms=0.01
[prefill-layer-phase] chunk=3 start=3072 layer=60 kind=gdn phase=gdn_prep gpu_ms=0.95
[prefill-layer-phase] chunk=3 start=3072 layer=60 kind=gdn phase=gdn_step gpu_ms=3.20
[prefill-layer-phase] chunk=3 start=3072 layer=60 kind=gdn phase=gdn_gated gpu_ms=0.84
[prefill-layer-phase] chunk=3 start=3072 layer=60 kind=gdn phase=gdn_back gpu_ms=6.39
[prefill-layer-phase] chunk=3 start=3072 layer=60 kind=gdn phase=mixer_resid gpu_ms=0.16
[prefill-layer-phase] chunk=3 start=3072 layer=60 kind=gdn phase=ffn_norm gpu_ms=0.06
[prefill-layer-phase] chunk=3 start=3072 layer=60 kind=gdn phase=ffn_gate_up_swiglu gpu_ms=35.78
[prefill-layer-phase] chunk=3 start=3072 layer=60 kind=gdn phase=ffn_down_resid gpu_ms=18.63
[prefill-layer-phase] chunk=3 start=3072 layer=61 kind=gdn phase=pre_norm gpu_ms=0.05
[prefill-layer-phase] chunk=3 start=3072 layer=61 kind=gdn phase=gdn_qkv gpu_ms=10.73
[prefill-layer-phase] chunk=3 start=3072 layer=61 kind=gdn phase=gdn_z gpu_ms=6.68
[prefill-layer-phase] chunk=3 start=3072 layer=61 kind=gdn phase=gdn_beta_alpha gpu_ms=3.70
[prefill-layer-phase] chunk=3 start=3072 layer=61 kind=gdn phase=gdn_alpha_beta gpu_ms=0.01
[prefill-layer-phase] chunk=3 start=3072 layer=61 kind=gdn phase=gdn_prep gpu_ms=1.35
[prefill-layer-phase] chunk=3 start=3072 layer=61 kind=gdn phase=gdn_step gpu_ms=3.18
[prefill-layer-phase] chunk=3 start=3072 layer=61 kind=gdn phase=gdn_gated gpu_ms=0.77
[prefill-layer-phase] chunk=3 start=3072 layer=61 kind=gdn phase=gdn_back gpu_ms=6.41
[prefill-layer-phase] chunk=3 start=3072 layer=61 kind=gdn phase=mixer_resid gpu_ms=0.14
[prefill-layer-phase] chunk=3 start=3072 layer=61 kind=gdn phase=ffn_norm gpu_ms=0.05
[prefill-layer-phase] chunk=3 start=3072 layer=61 kind=gdn phase=ffn_gate_up_swiglu gpu_ms=36.48
[prefill-layer-phase] chunk=3 start=3072 layer=61 kind=gdn phase=ffn_down_resid gpu_ms=18.82
[prefill-layer-phase] chunk=3 start=3072 layer=62 kind=gdn phase=pre_norm gpu_ms=0.06
[prefill-layer-phase] chunk=3 start=3072 layer=62 kind=gdn phase=gdn_qkv gpu_ms=10.44
[prefill-layer-phase] chunk=3 start=3072 layer=62 kind=gdn phase=gdn_z gpu_ms=6.58
[prefill-layer-phase] chunk=3 start=3072 layer=62 kind=gdn phase=gdn_beta_alpha gpu_ms=3.84
[prefill-layer-phase] chunk=3 start=3072 layer=62 kind=gdn phase=gdn_alpha_beta gpu_ms=0.01
[prefill-layer-phase] chunk=3 start=3072 layer=62 kind=gdn phase=gdn_prep gpu_ms=1.03
[prefill-layer-phase] chunk=3 start=3072 layer=62 kind=gdn phase=gdn_step gpu_ms=3.04
[prefill-layer-phase] chunk=3 start=3072 layer=62 kind=gdn phase=gdn_gated gpu_ms=0.78
[prefill-layer-phase] chunk=3 start=3072 layer=62 kind=gdn phase=gdn_back gpu_ms=6.81
[prefill-layer-phase] chunk=3 start=3072 layer=62 kind=gdn phase=mixer_resid gpu_ms=0.14
[prefill-layer-phase] chunk=3 start=3072 layer=62 kind=gdn phase=ffn_norm gpu_ms=0.05
[prefill-layer-phase] chunk=3 start=3072 layer=62 kind=gdn phase=ffn_gate_up_swiglu gpu_ms=35.81
[prefill-layer-phase] chunk=3 start=3072 layer=62 kind=gdn phase=ffn_down_resid gpu_ms=19.13
[prefill-layer-phase] chunk=3 start=3072 layer=63 kind=attn phase=pre_norm gpu_ms=0.10
[prefill-attn-phase] chunk=3 start=3072 layer=63 phase=proj gpu_ms=15.13
[prefill-attn-phase] chunk=3 start=3072 layer=63 phase=split_q_gate gpu_ms=0.19
[prefill-attn-phase] chunk=3 start=3072 layer=63 phase=norm gpu_ms=0.46
[prefill-attn-phase] chunk=3 start=3072 layer=63 phase=rope_scatter gpu_ms=0.09
[prefill-attn-matrix-g6-shape] layer=63 chunk_start=3072 chunk_p=1024 n_pos=4096 scores_mib=384.00 vt_stride=4096 vt_layer_mib=8.00 vt_update_base=3072 vt_update_rows=1024 vt_update_mib=2.00
[prefill-attn-phase] chunk=3 start=3072 layer=63 phase=body_matrix_kq gpu_ms=5.80
[prefill-attn-phase] chunk=3 start=3072 layer=63 phase=body_matrix_softmax gpu_ms=1.60
[prefill-attn-phase] chunk=3 start=3072 layer=63 phase=body_matrix_kqv gpu_ms=5.62
[prefill-layer-phase] chunk=3 start=3072 layer=63 kind=attn phase=attn_back gpu_ms=6.20
[prefill-layer-phase] chunk=3 start=3072 layer=63 kind=attn phase=mixer_resid gpu_ms=0.09
[prefill-layer-phase] chunk=3 start=3072 layer=63 kind=attn phase=ffn_norm gpu_ms=0.06
[prefill-layer-phase] chunk=3 start=3072 layer=63 kind=attn phase=ffn_gate_up_swiglu gpu_ms=37.11
[prefill-layer-phase] chunk=3 start=3072 layer=63 kind=attn phase=ffn_down_resid gpu_ms=18.87
[pp] run  1: wall  22779.5 ms  gpu  20692.6 ms   179.81 t/s

[pp] === results ===
[pp] prompt: 4096 tokens in 22779.5 ms avg = 5.56 ms/token = 179.81 +/- 0.00 t/s
[pp] gpu:    20692.6 ms avg = 5.05 ms/token = 90.8% of wall
[pp] note: session and scratch allocation are outside the timed interval; tail=skipped to match llama-bench pp logits policy.
