[pp] device: Apple M4 Max | unified_memory=true | max_threadgroup_memory=32768 bytes
[pp] power: source=AC Power battery=78% AC attached warning=none powermode_ac=2 powermode_battery=2 thermal_warning=false performance_warning=false
[metal-load] native quantized token embedding policy: auto-promoted (Q8_0 [2048, 248320])
[metal-load-ledger] source=733/22123538944 direct_copy=733/22123538944 direct_view=0/0 direct_alias=0/0 tail_fallback=0/0 converted=0/0/0 derived=0/0
[pp] model=/Users/tito/models/Qwen3.6-35B-A3B-UD-Q4_K_M.gguf source=synthetic token ids (seed=1) n_prompt=4096 runs=3 chunk=1024 tail=skip
[pp] lowering: gdn_batched=30/30 attn_batched=10/10 dense_ffn_batched=0/0 moe_gpu_token_loop=40/40
[pp] dtype sample gdn: qkv=Q8_0 z=Q8_0 out=Q8_0
[pp] dtype sample attn: q=Q8_0 k=Q8_0 v=Q8_0 o=Q8_0
[pp] dtype sample moe: gate=Q4_K up=Q4_K down=Q5_K
[prefill-layer-phase] chunk=0 start=0 layer=0 kind=gdn phase=pre_norm gpu_ms=0.52
[prefill-layer-phase] chunk=0 start=0 layer=0 kind=gdn phase=gdn_qkv gpu_ms=11.73
[prefill-layer-phase] chunk=0 start=0 layer=0 kind=gdn phase=gdn_z gpu_ms=2.19
[prefill-layer-phase] chunk=0 start=0 layer=0 kind=gdn phase=gdn_beta_alpha gpu_ms=0.27
[prefill-layer-phase] chunk=0 start=0 layer=0 kind=gdn phase=gdn_alpha_beta gpu_ms=0.01
[prefill-layer-phase] chunk=0 start=0 layer=0 kind=gdn phase=gdn_prep_conv gpu_ms=0.59
[prefill-layer-phase] chunk=0 start=0 layer=0 kind=gdn phase=gdn_prep_l2 gpu_ms=0.03
[prefill-layer-phase] chunk=0 start=0 layer=0 kind=gdn phase=gdn_step gpu_ms=2.19
[prefill-layer-phase] chunk=0 start=0 layer=0 kind=gdn phase=gdn_gated gpu_ms=0.13
[prefill-layer-phase] chunk=0 start=0 layer=0 kind=gdn phase=gdn_back gpu_ms=2.21
[prefill-layer-phase] chunk=0 start=0 layer=0 kind=gdn phase=mixer_resid gpu_ms=0.06
[prefill-layer-phase] chunk=0 start=0 layer=0 kind=moe phase=post_norm gpu_ms=0.04
[prefill-layer-phase] chunk=0 start=0 layer=0 kind=moe phase=route_fused gpu_ms=0.51
[prefill-layer-phase] chunk=0 start=0 layer=0 kind=moe phase=routed_swiglu gpu_ms=6.93
[prefill-layer-phase] chunk=0 start=0 layer=0 kind=moe phase=routed_down gpu_ms=4.20
[prefill-layer-phase] chunk=0 start=0 layer=0 kind=moe phase=routed_reduce gpu_ms=0.17
[prefill-layer-phase] chunk=0 start=0 layer=0 kind=moe phase=shared_packed gpu_ms=0.98
[prefill-layer-phase] chunk=0 start=0 layer=1 kind=gdn phase=pre_norm gpu_ms=0.03
[prefill-layer-phase] chunk=0 start=0 layer=1 kind=gdn phase=gdn_qkv gpu_ms=3.84
[prefill-layer-phase] chunk=0 start=0 layer=1 kind=gdn phase=gdn_z gpu_ms=1.91
[prefill-layer-phase] chunk=0 start=0 layer=1 kind=gdn phase=gdn_beta_alpha gpu_ms=0.24
[prefill-layer-phase] chunk=0 start=0 layer=1 kind=gdn phase=gdn_alpha_beta gpu_ms=0.01
[prefill-layer-phase] chunk=0 start=0 layer=1 kind=gdn phase=gdn_prep_conv gpu_ms=0.61
[prefill-layer-phase] chunk=0 start=0 layer=1 kind=gdn phase=gdn_prep_l2 gpu_ms=0.04
[prefill-layer-phase] chunk=0 start=0 layer=1 kind=gdn phase=gdn_step gpu_ms=2.19
[prefill-layer-phase] chunk=0 start=0 layer=1 kind=gdn phase=gdn_gated gpu_ms=0.11
[prefill-layer-phase] chunk=0 start=0 layer=1 kind=gdn phase=gdn_back gpu_ms=2.03
[prefill-layer-phase] chunk=0 start=0 layer=1 kind=gdn phase=mixer_resid gpu_ms=0.03
[prefill-layer-phase] chunk=0 start=0 layer=1 kind=moe phase=post_norm gpu_ms=0.03
[prefill-layer-phase] chunk=0 start=0 layer=1 kind=moe phase=route_fused gpu_ms=0.46
[prefill-layer-phase] chunk=0 start=0 layer=1 kind=moe phase=routed_swiglu gpu_ms=6.60
[prefill-layer-phase] chunk=0 start=0 layer=1 kind=moe phase=routed_down gpu_ms=3.77
[prefill-layer-phase] chunk=0 start=0 layer=1 kind=moe phase=routed_reduce gpu_ms=0.15
[prefill-layer-phase] chunk=0 start=0 layer=1 kind=moe phase=shared_packed gpu_ms=0.91
[prefill-layer-phase] chunk=0 start=0 layer=2 kind=gdn phase=pre_norm gpu_ms=0.03
[prefill-layer-phase] chunk=0 start=0 layer=2 kind=gdn phase=gdn_qkv gpu_ms=3.77
[prefill-layer-phase] chunk=0 start=0 layer=2 kind=gdn phase=gdn_z gpu_ms=1.91
[prefill-layer-phase] chunk=0 start=0 layer=2 kind=gdn phase=gdn_beta_alpha gpu_ms=0.23
[prefill-layer-phase] chunk=0 start=0 layer=2 kind=gdn phase=gdn_alpha_beta gpu_ms=0.01
[prefill-layer-phase] chunk=0 start=0 layer=2 kind=gdn phase=gdn_prep_conv gpu_ms=0.58
[prefill-layer-phase] chunk=0 start=0 layer=2 kind=gdn phase=gdn_prep_l2 gpu_ms=0.03
[prefill-layer-phase] chunk=0 start=0 layer=2 kind=gdn phase=gdn_step gpu_ms=2.14
[prefill-layer-phase] chunk=0 start=0 layer=2 kind=gdn phase=gdn_gated gpu_ms=0.11
[prefill-layer-phase] chunk=0 start=0 layer=2 kind=gdn phase=gdn_back gpu_ms=1.93
[prefill-layer-phase] chunk=0 start=0 layer=2 kind=gdn phase=mixer_resid gpu_ms=0.04
[prefill-layer-phase] chunk=0 start=0 layer=2 kind=moe phase=post_norm gpu_ms=0.03
[prefill-layer-phase] chunk=0 start=0 layer=2 kind=moe phase=route_fused gpu_ms=0.45
[prefill-layer-phase] chunk=0 start=0 layer=2 kind=moe phase=routed_swiglu gpu_ms=6.33
[prefill-layer-phase] chunk=0 start=0 layer=2 kind=moe phase=routed_down gpu_ms=3.86
[prefill-layer-phase] chunk=0 start=0 layer=2 kind=moe phase=routed_reduce gpu_ms=0.16
[prefill-layer-phase] chunk=0 start=0 layer=2 kind=moe phase=shared_packed gpu_ms=0.91
[prefill-layer-phase] chunk=0 start=0 layer=3 kind=attn phase=pre_norm gpu_ms=0.03
[prefill-attn-phase] chunk=0 start=0 layer=3 phase=proj gpu_ms=4.10
[prefill-attn-phase] chunk=0 start=0 layer=3 phase=norm gpu_ms=0.35
[prefill-attn-phase] chunk=0 start=0 layer=3 phase=rope_scatter gpu_ms=0.07
[prefill-attn-packed-shape] layer=3 chunk_start=0 chunk_p=1024 group=8 packed_rows=4 qt=2 row_groups=256 dispatches=512 nwg=64 partial_rw_mib=2064.00
[prefill-attn-matrix-g8-shape] layer=3 chunk_start=0 chunk_p=1024 query_rows=1024 query_tiles=1 n_pos=1024 score_tile_scratch_mib=34.00 vt_stride=4096 vt_layer_mib=4.00 vt_update_base=0 vt_update_rows=1024 vt_update_mib=1.00
[prefill-attn-phase] chunk=0 start=0 layer=3 phase=body_matrix_kq gpu_ms=0.47
[prefill-attn-phase] chunk=0 start=0 layer=3 phase=body_matrix_kqv gpu_ms=0.52
[prefill-layer-phase] chunk=0 start=0 layer=3 kind=attn phase=attn_back gpu_ms=2.04
[prefill-layer-phase] chunk=0 start=0 layer=3 kind=attn phase=mixer_resid gpu_ms=0.03
[prefill-layer-phase] chunk=0 start=0 layer=3 kind=moe phase=post_norm gpu_ms=0.03
[prefill-layer-phase] chunk=0 start=0 layer=3 kind=moe phase=route_fused gpu_ms=0.46
[prefill-layer-phase] chunk=0 start=0 layer=3 kind=moe phase=routed_swiglu gpu_ms=6.07
[prefill-layer-phase] chunk=0 start=0 layer=3 kind=moe phase=routed_down gpu_ms=3.61
[prefill-layer-phase] chunk=0 start=0 layer=3 kind=moe phase=routed_reduce gpu_ms=0.14
[prefill-layer-phase] chunk=0 start=0 layer=3 kind=moe phase=shared_packed gpu_ms=0.92
[prefill-layer-phase] chunk=0 start=0 layer=4 kind=gdn phase=pre_norm gpu_ms=0.03
[prefill-layer-phase] chunk=0 start=0 layer=4 kind=gdn phase=gdn_qkv gpu_ms=3.54
[prefill-layer-phase] chunk=0 start=0 layer=4 kind=gdn phase=gdn_z gpu_ms=1.72
[prefill-layer-phase] chunk=0 start=0 layer=4 kind=gdn phase=gdn_beta_alpha gpu_ms=0.24
[prefill-layer-phase] chunk=0 start=0 layer=4 kind=gdn phase=gdn_alpha_beta gpu_ms=0.01
[prefill-layer-phase] chunk=0 start=0 layer=4 kind=gdn phase=gdn_prep_conv gpu_ms=0.56
[prefill-layer-phase] chunk=0 start=0 layer=4 kind=gdn phase=gdn_prep_l2 gpu_ms=0.04
[prefill-layer-phase] chunk=0 start=0 layer=4 kind=gdn phase=gdn_step gpu_ms=1.99
[prefill-layer-phase] chunk=0 start=0 layer=4 kind=gdn phase=gdn_gated gpu_ms=0.12
[prefill-layer-phase] chunk=0 start=0 layer=4 kind=gdn phase=gdn_back gpu_ms=1.73
[prefill-layer-phase] chunk=0 start=0 layer=4 kind=gdn phase=mixer_resid gpu_ms=0.05
[prefill-layer-phase] chunk=0 start=0 layer=4 kind=moe phase=post_norm gpu_ms=0.03
[prefill-layer-phase] chunk=0 start=0 layer=4 kind=moe phase=route_fused gpu_ms=0.41
[prefill-layer-phase] chunk=0 start=0 layer=4 kind=moe phase=routed_swiglu gpu_ms=5.58
[prefill-layer-phase] chunk=0 start=0 layer=4 kind=moe phase=routed_down gpu_ms=3.36
[prefill-layer-phase] chunk=0 start=0 layer=4 kind=moe phase=routed_reduce gpu_ms=0.15
[prefill-layer-phase] chunk=0 start=0 layer=4 kind=moe phase=shared_packed gpu_ms=0.83
[prefill-layer-phase] chunk=0 start=0 layer=5 kind=gdn phase=pre_norm gpu_ms=0.03
[prefill-layer-phase] chunk=0 start=0 layer=5 kind=gdn phase=gdn_qkv gpu_ms=3.37
[prefill-layer-phase] chunk=0 start=0 layer=5 kind=gdn phase=gdn_z gpu_ms=1.71
[prefill-layer-phase] chunk=0 start=0 layer=5 kind=gdn phase=gdn_beta_alpha gpu_ms=0.22
[prefill-layer-phase] chunk=0 start=0 layer=5 kind=gdn phase=gdn_alpha_beta gpu_ms=0.01
[prefill-layer-phase] chunk=0 start=0 layer=5 kind=gdn phase=gdn_prep_conv gpu_ms=0.53
[prefill-layer-phase] chunk=0 start=0 layer=5 kind=gdn phase=gdn_prep_l2 gpu_ms=0.04
[prefill-layer-phase] chunk=0 start=0 layer=5 kind=gdn phase=gdn_step gpu_ms=1.96
[prefill-layer-phase] chunk=0 start=0 layer=5 kind=gdn phase=gdn_gated gpu_ms=0.12
[prefill-layer-phase] chunk=0 start=0 layer=5 kind=gdn phase=gdn_back gpu_ms=1.56
[prefill-layer-phase] chunk=0 start=0 layer=5 kind=gdn phase=mixer_resid gpu_ms=0.04
[prefill-layer-phase] chunk=0 start=0 layer=5 kind=moe phase=post_norm gpu_ms=0.03
[prefill-layer-phase] chunk=0 start=0 layer=5 kind=moe phase=route_fused gpu_ms=0.41
[prefill-layer-phase] chunk=0 start=0 layer=5 kind=moe phase=routed_swiglu gpu_ms=5.17
[prefill-layer-phase] chunk=0 start=0 layer=5 kind=moe phase=routed_down gpu_ms=3.07
[prefill-layer-phase] chunk=0 start=0 layer=5 kind=moe phase=routed_reduce gpu_ms=0.14
[prefill-layer-phase] chunk=0 start=0 layer=5 kind=moe phase=shared_packed gpu_ms=0.75
[prefill-layer-phase] chunk=0 start=0 layer=6 kind=gdn phase=pre_norm gpu_ms=0.03
[prefill-layer-phase] chunk=0 start=0 layer=6 kind=gdn phase=gdn_qkv gpu_ms=3.12
[prefill-layer-phase] chunk=0 start=0 layer=6 kind=gdn phase=gdn_z gpu_ms=1.54
[prefill-layer-phase] chunk=0 start=0 layer=6 kind=gdn phase=gdn_beta_alpha gpu_ms=0.20
[prefill-layer-phase] chunk=0 start=0 layer=6 kind=gdn phase=gdn_alpha_beta gpu_ms=0.01
[prefill-layer-phase] chunk=0 start=0 layer=6 kind=gdn phase=gdn_prep_conv gpu_ms=0.48
[prefill-layer-phase] chunk=0 start=0 layer=6 kind=gdn phase=gdn_prep_l2 gpu_ms=0.04
[prefill-layer-phase] chunk=0 start=0 layer=6 kind=gdn phase=gdn_step gpu_ms=1.83
[prefill-layer-phase] chunk=0 start=0 layer=6 kind=gdn phase=gdn_gated gpu_ms=0.12
[prefill-layer-phase] chunk=0 start=0 layer=6 kind=gdn phase=gdn_back gpu_ms=1.57
[prefill-layer-phase] chunk=0 start=0 layer=6 kind=gdn phase=mixer_resid gpu_ms=0.04
[prefill-layer-phase] chunk=0 start=0 layer=6 kind=moe phase=post_norm gpu_ms=0.02
[prefill-layer-phase] chunk=0 start=0 layer=6 kind=moe phase=route_fused gpu_ms=0.33
[prefill-layer-phase] chunk=0 start=0 layer=6 kind=moe phase=routed_swiglu gpu_ms=4.31
[prefill-layer-phase] chunk=0 start=0 layer=6 kind=moe phase=routed_down gpu_ms=2.62
[prefill-layer-phase] chunk=0 start=0 layer=6 kind=moe phase=routed_reduce gpu_ms=0.14
[prefill-layer-phase] chunk=0 start=0 layer=6 kind=moe phase=shared_packed gpu_ms=0.67
[prefill-layer-phase] chunk=0 start=0 layer=7 kind=attn phase=pre_norm gpu_ms=0.02
[prefill-attn-phase] chunk=0 start=0 layer=7 phase=proj gpu_ms=3.00
[prefill-attn-phase] chunk=0 start=0 layer=7 phase=norm gpu_ms=0.29
[prefill-attn-phase] chunk=0 start=0 layer=7 phase=rope_scatter gpu_ms=0.05
[prefill-attn-packed-shape] layer=7 chunk_start=0 chunk_p=1024 group=8 packed_rows=4 qt=2 row_groups=256 dispatches=512 nwg=64 partial_rw_mib=2064.00
[prefill-attn-matrix-g8-shape] layer=7 chunk_start=0 chunk_p=1024 query_rows=1024 query_tiles=1 n_pos=1024 score_tile_scratch_mib=34.00 vt_stride=4096 vt_layer_mib=4.00 vt_update_base=0 vt_update_rows=1024 vt_update_mib=1.00
[prefill-attn-phase] chunk=0 start=0 layer=7 phase=body_matrix_kq gpu_ms=0.35
[prefill-attn-phase] chunk=0 start=0 layer=7 phase=body_matrix_kqv gpu_ms=0.35
[prefill-layer-phase] chunk=0 start=0 layer=7 kind=attn phase=attn_back gpu_ms=1.40
[prefill-layer-phase] chunk=0 start=0 layer=7 kind=attn phase=mixer_resid gpu_ms=0.03
[prefill-layer-phase] chunk=0 start=0 layer=7 kind=moe phase=post_norm gpu_ms=0.02
[prefill-layer-phase] chunk=0 start=0 layer=7 kind=moe phase=route_fused gpu_ms=0.30
[prefill-layer-phase] chunk=0 start=0 layer=7 kind=moe phase=routed_swiglu gpu_ms=4.21
[prefill-layer-phase] chunk=0 start=0 layer=7 kind=moe phase=routed_down gpu_ms=2.54
[prefill-layer-phase] chunk=0 start=0 layer=7 kind=moe phase=routed_reduce gpu_ms=0.14
[prefill-layer-phase] chunk=0 start=0 layer=7 kind=moe phase=shared_packed gpu_ms=0.64
[prefill-layer-phase] chunk=0 start=0 layer=8 kind=gdn phase=pre_norm gpu_ms=0.02
[prefill-layer-phase] chunk=0 start=0 layer=8 kind=gdn phase=gdn_qkv gpu_ms=2.53
[prefill-layer-phase] chunk=0 start=0 layer=8 kind=gdn phase=gdn_z gpu_ms=1.29
[prefill-layer-phase] chunk=0 start=0 layer=8 kind=gdn phase=gdn_beta_alpha gpu_ms=0.17
[prefill-layer-phase] chunk=0 start=0 layer=8 kind=gdn phase=gdn_alpha_beta gpu_ms=0.01
[prefill-layer-phase] chunk=0 start=0 layer=8 kind=gdn phase=gdn_prep_conv gpu_ms=0.43
[prefill-layer-phase] chunk=0 start=0 layer=8 kind=gdn phase=gdn_prep_l2 gpu_ms=0.03
[prefill-layer-phase] chunk=0 start=0 layer=8 kind=gdn phase=gdn_step gpu_ms=1.56
[prefill-layer-phase] chunk=0 start=0 layer=8 kind=gdn phase=gdn_gated gpu_ms=0.11
[prefill-layer-phase] chunk=0 start=0 layer=8 kind=gdn phase=gdn_back gpu_ms=1.30
[prefill-layer-phase] chunk=0 start=0 layer=8 kind=gdn phase=mixer_resid gpu_ms=0.03
[prefill-layer-phase] chunk=0 start=0 layer=8 kind=moe phase=post_norm gpu_ms=0.02
[prefill-layer-phase] chunk=0 start=0 layer=8 kind=moe phase=route_fused gpu_ms=0.31
[prefill-layer-phase] chunk=0 start=0 layer=8 kind=moe phase=routed_swiglu gpu_ms=4.25
[prefill-layer-phase] chunk=0 start=0 layer=8 kind=moe phase=routed_down gpu_ms=2.60
[prefill-layer-phase] chunk=0 start=0 layer=8 kind=moe phase=routed_reduce gpu_ms=0.14
[prefill-layer-phase] chunk=0 start=0 layer=8 kind=moe phase=shared_packed gpu_ms=0.64
[prefill-layer-phase] chunk=0 start=0 layer=9 kind=gdn phase=pre_norm gpu_ms=0.02
[prefill-layer-phase] chunk=0 start=0 layer=9 kind=gdn phase=gdn_qkv gpu_ms=2.53
[prefill-layer-phase] chunk=0 start=0 layer=9 kind=gdn phase=gdn_z gpu_ms=1.29
[prefill-layer-phase] chunk=0 start=0 layer=9 kind=gdn phase=gdn_beta_alpha gpu_ms=0.17
[prefill-layer-phase] chunk=0 start=0 layer=9 kind=gdn phase=gdn_alpha_beta gpu_ms=0.01
[prefill-layer-phase] chunk=0 start=0 layer=9 kind=gdn phase=gdn_prep_conv gpu_ms=0.43
[prefill-layer-phase] chunk=0 start=0 layer=9 kind=gdn phase=gdn_prep_l2 gpu_ms=0.03
[prefill-layer-phase] chunk=0 start=0 layer=9 kind=gdn phase=gdn_step gpu_ms=1.57
[prefill-layer-phase] chunk=0 start=0 layer=9 kind=gdn phase=gdn_gated gpu_ms=0.11
[prefill-layer-phase] chunk=0 start=0 layer=9 kind=gdn phase=gdn_back gpu_ms=1.30
[prefill-layer-phase] chunk=0 start=0 layer=9 kind=gdn phase=mixer_resid gpu_ms=0.03
[prefill-layer-phase] chunk=0 start=0 layer=9 kind=moe phase=post_norm gpu_ms=0.02
[prefill-layer-phase] chunk=0 start=0 layer=9 kind=moe phase=route_fused gpu_ms=0.31
[prefill-layer-phase] chunk=0 start=0 layer=9 kind=moe phase=routed_swiglu gpu_ms=4.16
[prefill-layer-phase] chunk=0 start=0 layer=9 kind=moe phase=routed_down gpu_ms=2.49
[prefill-layer-phase] chunk=0 start=0 layer=9 kind=moe phase=routed_reduce gpu_ms=0.14
[prefill-layer-phase] chunk=0 start=0 layer=9 kind=moe phase=shared_packed gpu_ms=0.64
[prefill-layer-phase] chunk=0 start=0 layer=10 kind=gdn phase=pre_norm gpu_ms=0.02
[prefill-layer-phase] chunk=0 start=0 layer=10 kind=gdn phase=gdn_qkv gpu_ms=2.53
[prefill-layer-phase] chunk=0 start=0 layer=10 kind=gdn phase=gdn_z gpu_ms=1.29
[prefill-layer-phase] chunk=0 start=0 layer=10 kind=gdn phase=gdn_beta_alpha gpu_ms=0.17
[prefill-layer-phase] chunk=0 start=0 layer=10 kind=gdn phase=gdn_alpha_beta gpu_ms=0.01
[prefill-layer-phase] chunk=0 start=0 layer=10 kind=gdn phase=gdn_prep_conv gpu_ms=0.43
[prefill-layer-phase] chunk=0 start=0 layer=10 kind=gdn phase=gdn_prep_l2 gpu_ms=0.03
[prefill-layer-phase] chunk=0 start=0 layer=10 kind=gdn phase=gdn_step gpu_ms=1.52
[prefill-layer-phase] chunk=0 start=0 layer=10 kind=gdn phase=gdn_gated gpu_ms=0.11
[prefill-layer-phase] chunk=0 start=0 layer=10 kind=gdn phase=gdn_back gpu_ms=1.30
[prefill-layer-phase] chunk=0 start=0 layer=10 kind=gdn phase=mixer_resid gpu_ms=0.03
[prefill-layer-phase] chunk=0 start=0 layer=10 kind=moe phase=post_norm gpu_ms=0.02
[prefill-layer-phase] chunk=0 start=0 layer=10 kind=moe phase=route_fused gpu_ms=0.30
[prefill-layer-phase] chunk=0 start=0 layer=10 kind=moe phase=routed_swiglu gpu_ms=4.18
[prefill-layer-phase] chunk=0 start=0 layer=10 kind=moe phase=routed_down gpu_ms=2.46
[prefill-layer-phase] chunk=0 start=0 layer=10 kind=moe phase=routed_reduce gpu_ms=0.14
[prefill-layer-phase] chunk=0 start=0 layer=10 kind=moe phase=shared_packed gpu_ms=0.63
[prefill-layer-phase] chunk=0 start=0 layer=11 kind=attn phase=pre_norm gpu_ms=0.02
[prefill-attn-phase] chunk=0 start=0 layer=11 phase=proj gpu_ms=2.92
[prefill-attn-phase] chunk=0 start=0 layer=11 phase=norm gpu_ms=0.29
[prefill-attn-phase] chunk=0 start=0 layer=11 phase=rope_scatter gpu_ms=0.05
[prefill-attn-packed-shape] layer=11 chunk_start=0 chunk_p=1024 group=8 packed_rows=4 qt=2 row_groups=256 dispatches=512 nwg=64 partial_rw_mib=2064.00
[prefill-attn-matrix-g8-shape] layer=11 chunk_start=0 chunk_p=1024 query_rows=1024 query_tiles=1 n_pos=1024 score_tile_scratch_mib=34.00 vt_stride=4096 vt_layer_mib=4.00 vt_update_base=0 vt_update_rows=1024 vt_update_mib=1.00
[prefill-attn-phase] chunk=0 start=0 layer=11 phase=body_matrix_kq gpu_ms=0.35
[prefill-attn-phase] chunk=0 start=0 layer=11 phase=body_matrix_kqv gpu_ms=0.35
[prefill-layer-phase] chunk=0 start=0 layer=11 kind=attn phase=attn_back gpu_ms=1.40
[prefill-layer-phase] chunk=0 start=0 layer=11 kind=attn phase=mixer_resid gpu_ms=0.03
[prefill-layer-phase] chunk=0 start=0 layer=11 kind=moe phase=post_norm gpu_ms=0.02
[prefill-layer-phase] chunk=0 start=0 layer=11 kind=moe phase=route_fused gpu_ms=0.30
[prefill-layer-phase] chunk=0 start=0 layer=11 kind=moe phase=routed_swiglu gpu_ms=4.06
[prefill-layer-phase] chunk=0 start=0 layer=11 kind=moe phase=routed_down gpu_ms=2.49
[prefill-layer-phase] chunk=0 start=0 layer=11 kind=moe phase=routed_reduce gpu_ms=0.14
[prefill-layer-phase] chunk=0 start=0 layer=11 kind=moe phase=shared_packed gpu_ms=0.63
[prefill-layer-phase] chunk=0 start=0 layer=12 kind=gdn phase=pre_norm gpu_ms=0.02
[prefill-layer-phase] chunk=0 start=0 layer=12 kind=gdn phase=gdn_qkv gpu_ms=2.53
[prefill-layer-phase] chunk=0 start=0 layer=12 kind=gdn phase=gdn_z gpu_ms=1.29
[prefill-layer-phase] chunk=0 start=0 layer=12 kind=gdn phase=gdn_beta_alpha gpu_ms=0.17
[prefill-layer-phase] chunk=0 start=0 layer=12 kind=gdn phase=gdn_alpha_beta gpu_ms=0.00
[prefill-layer-phase] chunk=0 start=0 layer=12 kind=gdn phase=gdn_prep_conv gpu_ms=0.43
[prefill-layer-phase] chunk=0 start=0 layer=12 kind=gdn phase=gdn_prep_l2 gpu_ms=0.03
[prefill-layer-phase] chunk=0 start=0 layer=12 kind=gdn phase=gdn_step gpu_ms=1.56
[prefill-layer-phase] chunk=0 start=0 layer=12 kind=gdn phase=gdn_gated gpu_ms=0.11
[prefill-layer-phase] chunk=0 start=0 layer=12 kind=gdn phase=gdn_back gpu_ms=1.30
[prefill-layer-phase] chunk=0 start=0 layer=12 kind=gdn phase=mixer_resid gpu_ms=0.03
[prefill-layer-phase] chunk=0 start=0 layer=12 kind=moe phase=post_norm gpu_ms=0.02
[prefill-layer-phase] chunk=0 start=0 layer=12 kind=moe phase=route_fused gpu_ms=0.30
[prefill-layer-phase] chunk=0 start=0 layer=12 kind=moe phase=routed_swiglu gpu_ms=4.05
[prefill-layer-phase] chunk=0 start=0 layer=12 kind=moe phase=routed_down gpu_ms=2.42
[prefill-layer-phase] chunk=0 start=0 layer=12 kind=moe phase=routed_reduce gpu_ms=0.14
[prefill-layer-phase] chunk=0 start=0 layer=12 kind=moe phase=shared_packed gpu_ms=0.64
[prefill-layer-phase] chunk=0 start=0 layer=13 kind=gdn phase=pre_norm gpu_ms=0.02
[prefill-layer-phase] chunk=0 start=0 layer=13 kind=gdn phase=gdn_qkv gpu_ms=2.53
[prefill-layer-phase] chunk=0 start=0 layer=13 kind=gdn phase=gdn_z gpu_ms=1.29
[prefill-layer-phase] chunk=0 start=0 layer=13 kind=gdn phase=gdn_beta_alpha gpu_ms=0.17
[prefill-layer-phase] chunk=0 start=0 layer=13 kind=gdn phase=gdn_alpha_beta gpu_ms=0.00
[prefill-layer-phase] chunk=0 start=0 layer=13 kind=gdn phase=gdn_prep_conv gpu_ms=0.43
[prefill-layer-phase] chunk=0 start=0 layer=13 kind=gdn phase=gdn_prep_l2 gpu_ms=0.03
[prefill-layer-phase] chunk=0 start=0 layer=13 kind=gdn phase=gdn_step gpu_ms=1.55
[prefill-layer-phase] chunk=0 start=0 layer=13 kind=gdn phase=gdn_gated gpu_ms=0.10
[prefill-layer-phase] chunk=0 start=0 layer=13 kind=gdn phase=gdn_back gpu_ms=1.30
[prefill-layer-phase] chunk=0 start=0 layer=13 kind=gdn phase=mixer_resid gpu_ms=0.03
[prefill-layer-phase] chunk=0 start=0 layer=13 kind=moe phase=post_norm gpu_ms=0.02
[prefill-layer-phase] chunk=0 start=0 layer=13 kind=moe phase=route_fused gpu_ms=0.31
[prefill-layer-phase] chunk=0 start=0 layer=13 kind=moe phase=routed_swiglu gpu_ms=4.03
[prefill-layer-phase] chunk=0 start=0 layer=13 kind=moe phase=routed_down gpu_ms=2.34
[prefill-layer-phase] chunk=0 start=0 layer=13 kind=moe phase=routed_reduce gpu_ms=0.14
[prefill-layer-phase] chunk=0 start=0 layer=13 kind=moe phase=shared_packed gpu_ms=0.64
[prefill-layer-phase] chunk=0 start=0 layer=14 kind=gdn phase=pre_norm gpu_ms=0.02
[prefill-layer-phase] chunk=0 start=0 layer=14 kind=gdn phase=gdn_qkv gpu_ms=2.53
[prefill-layer-phase] chunk=0 start=0 layer=14 kind=gdn phase=gdn_z gpu_ms=1.29
[prefill-layer-phase] chunk=0 start=0 layer=14 kind=gdn phase=gdn_beta_alpha gpu_ms=0.17
[prefill-layer-phase] chunk=0 start=0 layer=14 kind=gdn phase=gdn_alpha_beta gpu_ms=0.00
[prefill-layer-phase] chunk=0 start=0 layer=14 kind=gdn phase=gdn_prep_conv gpu_ms=0.43
[prefill-layer-phase] chunk=0 start=0 layer=14 kind=gdn phase=gdn_prep_l2 gpu_ms=0.03
[prefill-layer-phase] chunk=0 start=0 layer=14 kind=gdn phase=gdn_step gpu_ms=1.57
[prefill-layer-phase] chunk=0 start=0 layer=14 kind=gdn phase=gdn_gated gpu_ms=0.10
[prefill-layer-phase] chunk=0 start=0 layer=14 kind=gdn phase=gdn_back gpu_ms=1.30
[prefill-layer-phase] chunk=0 start=0 layer=14 kind=gdn phase=mixer_resid gpu_ms=0.03
[prefill-layer-phase] chunk=0 start=0 layer=14 kind=moe phase=post_norm gpu_ms=0.02
[prefill-layer-phase] chunk=0 start=0 layer=14 kind=moe phase=route_fused gpu_ms=0.31
[prefill-layer-phase] chunk=0 start=0 layer=14 kind=moe phase=routed_swiglu gpu_ms=4.06
[prefill-layer-phase] chunk=0 start=0 layer=14 kind=moe phase=routed_down gpu_ms=2.38
[prefill-layer-phase] chunk=0 start=0 layer=14 kind=moe phase=routed_reduce gpu_ms=0.14
[prefill-layer-phase] chunk=0 start=0 layer=14 kind=moe phase=shared_packed gpu_ms=0.64
[prefill-layer-phase] chunk=0 start=0 layer=15 kind=attn phase=pre_norm gpu_ms=0.02
[prefill-attn-phase] chunk=0 start=0 layer=15 phase=proj gpu_ms=2.92
[prefill-attn-phase] chunk=0 start=0 layer=15 phase=norm gpu_ms=0.29
[prefill-attn-phase] chunk=0 start=0 layer=15 phase=rope_scatter gpu_ms=0.05
[prefill-attn-packed-shape] layer=15 chunk_start=0 chunk_p=1024 group=8 packed_rows=4 qt=2 row_groups=256 dispatches=512 nwg=64 partial_rw_mib=2064.00
[prefill-attn-matrix-g8-shape] layer=15 chunk_start=0 chunk_p=1024 query_rows=1024 query_tiles=1 n_pos=1024 score_tile_scratch_mib=34.00 vt_stride=4096 vt_layer_mib=4.00 vt_update_base=0 vt_update_rows=1024 vt_update_mib=1.00
[prefill-attn-phase] chunk=0 start=0 layer=15 phase=body_matrix_kq gpu_ms=0.35
[prefill-attn-phase] chunk=0 start=0 layer=15 phase=body_matrix_kqv gpu_ms=0.35
[prefill-layer-phase] chunk=0 start=0 layer=15 kind=attn phase=attn_back gpu_ms=1.40
[prefill-layer-phase] chunk=0 start=0 layer=15 kind=attn phase=mixer_resid gpu_ms=0.03
[prefill-layer-phase] chunk=0 start=0 layer=15 kind=moe phase=post_norm gpu_ms=0.02
[prefill-layer-phase] chunk=0 start=0 layer=15 kind=moe phase=route_fused gpu_ms=0.31
[prefill-layer-phase] chunk=0 start=0 layer=15 kind=moe phase=routed_swiglu gpu_ms=3.96
[prefill-layer-phase] chunk=0 start=0 layer=15 kind=moe phase=routed_down gpu_ms=2.31
[prefill-layer-phase] chunk=0 start=0 layer=15 kind=moe phase=routed_reduce gpu_ms=0.14
[prefill-layer-phase] chunk=0 start=0 layer=15 kind=moe phase=shared_packed gpu_ms=0.64
[prefill-layer-phase] chunk=0 start=0 layer=16 kind=gdn phase=pre_norm gpu_ms=0.02
[prefill-layer-phase] chunk=0 start=0 layer=16 kind=gdn phase=gdn_qkv gpu_ms=2.53
[prefill-layer-phase] chunk=0 start=0 layer=16 kind=gdn phase=gdn_z gpu_ms=1.29
[prefill-layer-phase] chunk=0 start=0 layer=16 kind=gdn phase=gdn_beta_alpha gpu_ms=0.17
[prefill-layer-phase] chunk=0 start=0 layer=16 kind=gdn phase=gdn_alpha_beta gpu_ms=0.00
[prefill-layer-phase] chunk=0 start=0 layer=16 kind=gdn phase=gdn_prep_conv gpu_ms=0.42
[prefill-layer-phase] chunk=0 start=0 layer=16 kind=gdn phase=gdn_prep_l2 gpu_ms=0.03
[prefill-layer-phase] chunk=0 start=0 layer=16 kind=gdn phase=gdn_step gpu_ms=1.58
[prefill-layer-phase] chunk=0 start=0 layer=16 kind=gdn phase=gdn_gated gpu_ms=0.11
[prefill-layer-phase] chunk=0 start=0 layer=16 kind=gdn phase=gdn_back gpu_ms=1.30
[prefill-layer-phase] chunk=0 start=0 layer=16 kind=gdn phase=mixer_resid gpu_ms=0.03
[prefill-layer-phase] chunk=0 start=0 layer=16 kind=moe phase=post_norm gpu_ms=0.02
[prefill-layer-phase] chunk=0 start=0 layer=16 kind=moe phase=route_fused gpu_ms=0.31
[prefill-layer-phase] chunk=0 start=0 layer=16 kind=moe phase=routed_swiglu gpu_ms=3.90
[prefill-layer-phase] chunk=0 start=0 layer=16 kind=moe phase=routed_down gpu_ms=2.23
[prefill-layer-phase] chunk=0 start=0 layer=16 kind=moe phase=routed_reduce gpu_ms=0.14
[prefill-layer-phase] chunk=0 start=0 layer=16 kind=moe phase=shared_packed gpu_ms=0.64
[prefill-layer-phase] chunk=0 start=0 layer=17 kind=gdn phase=pre_norm gpu_ms=0.02
[prefill-layer-phase] chunk=0 start=0 layer=17 kind=gdn phase=gdn_qkv gpu_ms=2.53
[prefill-layer-phase] chunk=0 start=0 layer=17 kind=gdn phase=gdn_z gpu_ms=1.29
[prefill-layer-phase] chunk=0 start=0 layer=17 kind=gdn phase=gdn_beta_alpha gpu_ms=0.17
[prefill-layer-phase] chunk=0 start=0 layer=17 kind=gdn phase=gdn_alpha_beta gpu_ms=0.00
[prefill-layer-phase] chunk=0 start=0 layer=17 kind=gdn phase=gdn_prep_conv gpu_ms=0.43
[prefill-layer-phase] chunk=0 start=0 layer=17 kind=gdn phase=gdn_prep_l2 gpu_ms=0.03
[prefill-layer-phase] chunk=0 start=0 layer=17 kind=gdn phase=gdn_step gpu_ms=1.55
[prefill-layer-phase] chunk=0 start=0 layer=17 kind=gdn phase=gdn_gated gpu_ms=0.11
[prefill-layer-phase] chunk=0 start=0 layer=17 kind=gdn phase=gdn_back gpu_ms=1.30
[prefill-layer-phase] chunk=0 start=0 layer=17 kind=gdn phase=mixer_resid gpu_ms=0.03
[prefill-layer-phase] chunk=0 start=0 layer=17 kind=moe phase=post_norm gpu_ms=0.02
[prefill-layer-phase] chunk=0 start=0 layer=17 kind=moe phase=route_fused gpu_ms=0.31
[prefill-layer-phase] chunk=0 start=0 layer=17 kind=moe phase=routed_swiglu gpu_ms=4.00
[prefill-layer-phase] chunk=0 start=0 layer=17 kind=moe phase=routed_down gpu_ms=2.21
[prefill-layer-phase] chunk=0 start=0 layer=17 kind=moe phase=routed_reduce gpu_ms=0.15
[prefill-layer-phase] chunk=0 start=0 layer=17 kind=moe phase=shared_packed gpu_ms=0.63
[prefill-layer-phase] chunk=0 start=0 layer=18 kind=gdn phase=pre_norm gpu_ms=0.02
[prefill-layer-phase] chunk=0 start=0 layer=18 kind=gdn phase=gdn_qkv gpu_ms=2.53
[prefill-layer-phase] chunk=0 start=0 layer=18 kind=gdn phase=gdn_z gpu_ms=1.29
[prefill-layer-phase] chunk=0 start=0 layer=18 kind=gdn phase=gdn_beta_alpha gpu_ms=0.17
[prefill-layer-phase] chunk=0 start=0 layer=18 kind=gdn phase=gdn_alpha_beta gpu_ms=0.00
[prefill-layer-phase] chunk=0 start=0 layer=18 kind=gdn phase=gdn_prep_conv gpu_ms=0.42
[prefill-layer-phase] chunk=0 start=0 layer=18 kind=gdn phase=gdn_prep_l2 gpu_ms=0.03
[prefill-layer-phase] chunk=0 start=0 layer=18 kind=gdn phase=gdn_step gpu_ms=1.56
[prefill-layer-phase] chunk=0 start=0 layer=18 kind=gdn phase=gdn_gated gpu_ms=0.11
[prefill-layer-phase] chunk=0 start=0 layer=18 kind=gdn phase=gdn_back gpu_ms=1.30
[prefill-layer-phase] chunk=0 start=0 layer=18 kind=gdn phase=mixer_resid gpu_ms=0.03
[prefill-layer-phase] chunk=0 start=0 layer=18 kind=moe phase=post_norm gpu_ms=0.02
[prefill-layer-phase] chunk=0 start=0 layer=18 kind=moe phase=route_fused gpu_ms=0.31
[prefill-layer-phase] chunk=0 start=0 layer=18 kind=moe phase=routed_swiglu gpu_ms=4.13
[prefill-layer-phase] chunk=0 start=0 layer=18 kind=moe phase=routed_down gpu_ms=2.39
[prefill-layer-phase] chunk=0 start=0 layer=18 kind=moe phase=routed_reduce gpu_ms=0.14
[prefill-layer-phase] chunk=0 start=0 layer=18 kind=moe phase=shared_packed gpu_ms=0.64
[prefill-layer-phase] chunk=0 start=0 layer=19 kind=attn phase=pre_norm gpu_ms=0.02
[prefill-attn-phase] chunk=0 start=0 layer=19 phase=proj gpu_ms=2.91
[prefill-attn-phase] chunk=0 start=0 layer=19 phase=norm gpu_ms=0.29
[prefill-attn-phase] chunk=0 start=0 layer=19 phase=rope_scatter gpu_ms=0.05
[prefill-attn-packed-shape] layer=19 chunk_start=0 chunk_p=1024 group=8 packed_rows=4 qt=2 row_groups=256 dispatches=512 nwg=64 partial_rw_mib=2064.00
[prefill-attn-matrix-g8-shape] layer=19 chunk_start=0 chunk_p=1024 query_rows=1024 query_tiles=1 n_pos=1024 score_tile_scratch_mib=34.00 vt_stride=4096 vt_layer_mib=4.00 vt_update_base=0 vt_update_rows=1024 vt_update_mib=1.00
[prefill-attn-phase] chunk=0 start=0 layer=19 phase=body_matrix_kq gpu_ms=0.35
[prefill-attn-phase] chunk=0 start=0 layer=19 phase=body_matrix_kqv gpu_ms=0.35
[prefill-layer-phase] chunk=0 start=0 layer=19 kind=attn phase=attn_back gpu_ms=1.40
[prefill-layer-phase] chunk=0 start=0 layer=19 kind=attn phase=mixer_resid gpu_ms=0.03
[prefill-layer-phase] chunk=0 start=0 layer=19 kind=moe phase=post_norm gpu_ms=0.02
[prefill-layer-phase] chunk=0 start=0 layer=19 kind=moe phase=route_fused gpu_ms=0.31
[prefill-layer-phase] chunk=0 start=0 layer=19 kind=moe phase=routed_swiglu gpu_ms=4.15
[prefill-layer-phase] chunk=0 start=0 layer=19 kind=moe phase=routed_down gpu_ms=2.33
[prefill-layer-phase] chunk=0 start=0 layer=19 kind=moe phase=routed_reduce gpu_ms=0.14
[prefill-layer-phase] chunk=0 start=0 layer=19 kind=moe phase=shared_packed gpu_ms=0.64
[prefill-layer-phase] chunk=0 start=0 layer=20 kind=gdn phase=pre_norm gpu_ms=0.02
[prefill-layer-phase] chunk=0 start=0 layer=20 kind=gdn phase=gdn_qkv gpu_ms=2.53
[prefill-layer-phase] chunk=0 start=0 layer=20 kind=gdn phase=gdn_z gpu_ms=1.29
[prefill-layer-phase] chunk=0 start=0 layer=20 kind=gdn phase=gdn_beta_alpha gpu_ms=0.17
[prefill-layer-phase] chunk=0 start=0 layer=20 kind=gdn phase=gdn_alpha_beta gpu_ms=0.00
[prefill-layer-phase] chunk=0 start=0 layer=20 kind=gdn phase=gdn_prep_conv gpu_ms=0.42
[prefill-layer-phase] chunk=0 start=0 layer=20 kind=gdn phase=gdn_prep_l2 gpu_ms=0.03
[prefill-layer-phase] chunk=0 start=0 layer=20 kind=gdn phase=gdn_step gpu_ms=1.58
[prefill-layer-phase] chunk=0 start=0 layer=20 kind=gdn phase=gdn_gated gpu_ms=0.10
[prefill-layer-phase] chunk=0 start=0 layer=20 kind=gdn phase=gdn_back gpu_ms=1.30
[prefill-layer-phase] chunk=0 start=0 layer=20 kind=gdn phase=mixer_resid gpu_ms=0.03
[prefill-layer-phase] chunk=0 start=0 layer=20 kind=moe phase=post_norm gpu_ms=0.02
[prefill-layer-phase] chunk=0 start=0 layer=20 kind=moe phase=route_fused gpu_ms=0.31
[prefill-layer-phase] chunk=0 start=0 layer=20 kind=moe phase=routed_swiglu gpu_ms=4.38
[prefill-layer-phase] chunk=0 start=0 layer=20 kind=moe phase=routed_down gpu_ms=2.61
[prefill-layer-phase] chunk=0 start=0 layer=20 kind=moe phase=routed_reduce gpu_ms=0.14
[prefill-layer-phase] chunk=0 start=0 layer=20 kind=moe phase=shared_packed gpu_ms=0.64
[prefill-layer-phase] chunk=0 start=0 layer=21 kind=gdn phase=pre_norm gpu_ms=0.02
[prefill-layer-phase] chunk=0 start=0 layer=21 kind=gdn phase=gdn_qkv gpu_ms=2.53
[prefill-layer-phase] chunk=0 start=0 layer=21 kind=gdn phase=gdn_z gpu_ms=1.29
[prefill-layer-phase] chunk=0 start=0 layer=21 kind=gdn phase=gdn_beta_alpha gpu_ms=0.17
[prefill-layer-phase] chunk=0 start=0 layer=21 kind=gdn phase=gdn_alpha_beta gpu_ms=0.00
[prefill-layer-phase] chunk=0 start=0 layer=21 kind=gdn phase=gdn_prep_conv gpu_ms=0.43
[prefill-layer-phase] chunk=0 start=0 layer=21 kind=gdn phase=gdn_prep_l2 gpu_ms=0.03
[prefill-layer-phase] chunk=0 start=0 layer=21 kind=gdn phase=gdn_step gpu_ms=1.57
[prefill-layer-phase] chunk=0 start=0 layer=21 kind=gdn phase=gdn_gated gpu_ms=0.11
[prefill-layer-phase] chunk=0 start=0 layer=21 kind=gdn phase=gdn_back gpu_ms=1.30
[prefill-layer-phase] chunk=0 start=0 layer=21 kind=gdn phase=mixer_resid gpu_ms=0.03
[prefill-layer-phase] chunk=0 start=0 layer=21 kind=moe phase=post_norm gpu_ms=0.02
[prefill-layer-phase] chunk=0 start=0 layer=21 kind=moe phase=route_fused gpu_ms=0.31
[prefill-layer-phase] chunk=0 start=0 layer=21 kind=moe phase=routed_swiglu gpu_ms=4.19
[prefill-layer-phase] chunk=0 start=0 layer=21 kind=moe phase=routed_down gpu_ms=2.49
[prefill-layer-phase] chunk=0 start=0 layer=21 kind=moe phase=routed_reduce gpu_ms=0.14
[prefill-layer-phase] chunk=0 start=0 layer=21 kind=moe phase=shared_packed gpu_ms=0.63
[prefill-layer-phase] chunk=0 start=0 layer=22 kind=gdn phase=pre_norm gpu_ms=0.02
[prefill-layer-phase] chunk=0 start=0 layer=22 kind=gdn phase=gdn_qkv gpu_ms=2.53
[prefill-layer-phase] chunk=0 start=0 layer=22 kind=gdn phase=gdn_z gpu_ms=1.29
[prefill-layer-phase] chunk=0 start=0 layer=22 kind=gdn phase=gdn_beta_alpha gpu_ms=0.17
[prefill-layer-phase] chunk=0 start=0 layer=22 kind=gdn phase=gdn_alpha_beta gpu_ms=0.00
[prefill-layer-phase] chunk=0 start=0 layer=22 kind=gdn phase=gdn_prep_conv gpu_ms=0.43
[prefill-layer-phase] chunk=0 start=0 layer=22 kind=gdn phase=gdn_prep_l2 gpu_ms=0.03
[prefill-layer-phase] chunk=0 start=0 layer=22 kind=gdn phase=gdn_step gpu_ms=1.59
[prefill-layer-phase] chunk=0 start=0 layer=22 kind=gdn phase=gdn_gated gpu_ms=0.10
[prefill-layer-phase] chunk=0 start=0 layer=22 kind=gdn phase=gdn_back gpu_ms=1.30
[prefill-layer-phase] chunk=0 start=0 layer=22 kind=gdn phase=mixer_resid gpu_ms=0.03
[prefill-layer-phase] chunk=0 start=0 layer=22 kind=moe phase=post_norm gpu_ms=0.02
[prefill-layer-phase] chunk=0 start=0 layer=22 kind=moe phase=route_fused gpu_ms=0.31
[prefill-layer-phase] chunk=0 start=0 layer=22 kind=moe phase=routed_swiglu gpu_ms=4.13
[prefill-layer-phase] chunk=0 start=0 layer=22 kind=moe phase=routed_down gpu_ms=2.43
[prefill-layer-phase] chunk=0 start=0 layer=22 kind=moe phase=routed_reduce gpu_ms=0.14
[prefill-layer-phase] chunk=0 start=0 layer=22 kind=moe phase=shared_packed gpu_ms=0.64
[prefill-layer-phase] chunk=0 start=0 layer=23 kind=attn phase=pre_norm gpu_ms=0.02
[prefill-attn-phase] chunk=0 start=0 layer=23 phase=proj gpu_ms=2.91
[prefill-attn-phase] chunk=0 start=0 layer=23 phase=norm gpu_ms=0.29
[prefill-attn-phase] chunk=0 start=0 layer=23 phase=rope_scatter gpu_ms=0.05
[prefill-attn-packed-shape] layer=23 chunk_start=0 chunk_p=1024 group=8 packed_rows=4 qt=2 row_groups=256 dispatches=512 nwg=64 partial_rw_mib=2064.00
[prefill-attn-matrix-g8-shape] layer=23 chunk_start=0 chunk_p=1024 query_rows=1024 query_tiles=1 n_pos=1024 score_tile_scratch_mib=34.00 vt_stride=4096 vt_layer_mib=4.00 vt_update_base=0 vt_update_rows=1024 vt_update_mib=1.00
[prefill-attn-phase] chunk=0 start=0 layer=23 phase=body_matrix_kq gpu_ms=0.36
[prefill-attn-phase] chunk=0 start=0 layer=23 phase=body_matrix_kqv gpu_ms=0.35
[prefill-layer-phase] chunk=0 start=0 layer=23 kind=attn phase=attn_back gpu_ms=1.40
[prefill-layer-phase] chunk=0 start=0 layer=23 kind=attn phase=mixer_resid gpu_ms=0.03
[prefill-layer-phase] chunk=0 start=0 layer=23 kind=moe phase=post_norm gpu_ms=0.02
[prefill-layer-phase] chunk=0 start=0 layer=23 kind=moe phase=route_fused gpu_ms=0.31
[prefill-layer-phase] chunk=0 start=0 layer=23 kind=moe phase=routed_swiglu gpu_ms=4.06
[prefill-layer-phase] chunk=0 start=0 layer=23 kind=moe phase=routed_down gpu_ms=2.31
[prefill-layer-phase] chunk=0 start=0 layer=23 kind=moe phase=routed_reduce gpu_ms=0.14
[prefill-layer-phase] chunk=0 start=0 layer=23 kind=moe phase=shared_packed gpu_ms=0.64
[prefill-layer-phase] chunk=0 start=0 layer=24 kind=gdn phase=pre_norm gpu_ms=0.02
[prefill-layer-phase] chunk=0 start=0 layer=24 kind=gdn phase=gdn_qkv gpu_ms=2.53
[prefill-layer-phase] chunk=0 start=0 layer=24 kind=gdn phase=gdn_z gpu_ms=1.29
[prefill-layer-phase] chunk=0 start=0 layer=24 kind=gdn phase=gdn_beta_alpha gpu_ms=0.17
[prefill-layer-phase] chunk=0 start=0 layer=24 kind=gdn phase=gdn_alpha_beta gpu_ms=0.01
[prefill-layer-phase] chunk=0 start=0 layer=24 kind=gdn phase=gdn_prep_conv gpu_ms=0.43
[prefill-layer-phase] chunk=0 start=0 layer=24 kind=gdn phase=gdn_prep_l2 gpu_ms=0.03
[prefill-layer-phase] chunk=0 start=0 layer=24 kind=gdn phase=gdn_step gpu_ms=1.55
[prefill-layer-phase] chunk=0 start=0 layer=24 kind=gdn phase=gdn_gated gpu_ms=0.10
[prefill-layer-phase] chunk=0 start=0 layer=24 kind=gdn phase=gdn_back gpu_ms=1.30
[prefill-layer-phase] chunk=0 start=0 layer=24 kind=gdn phase=mixer_resid gpu_ms=0.03
[prefill-layer-phase] chunk=0 start=0 layer=24 kind=moe phase=post_norm gpu_ms=0.02
[prefill-layer-phase] chunk=0 start=0 layer=24 kind=moe phase=route_fused gpu_ms=0.31
[prefill-layer-phase] chunk=0 start=0 layer=24 kind=moe phase=routed_swiglu gpu_ms=4.01
[prefill-layer-phase] chunk=0 start=0 layer=24 kind=moe phase=routed_down gpu_ms=2.37
[prefill-layer-phase] chunk=0 start=0 layer=24 kind=moe phase=routed_reduce gpu_ms=0.14
[prefill-layer-phase] chunk=0 start=0 layer=24 kind=moe phase=shared_packed gpu_ms=0.64
[prefill-layer-phase] chunk=0 start=0 layer=25 kind=gdn phase=pre_norm gpu_ms=0.02
[prefill-layer-phase] chunk=0 start=0 layer=25 kind=gdn phase=gdn_qkv gpu_ms=2.53
[prefill-layer-phase] chunk=0 start=0 layer=25 kind=gdn phase=gdn_z gpu_ms=1.29
[prefill-layer-phase] chunk=0 start=0 layer=25 kind=gdn phase=gdn_beta_alpha gpu_ms=0.17
[prefill-layer-phase] chunk=0 start=0 layer=25 kind=gdn phase=gdn_alpha_beta gpu_ms=0.00
[prefill-layer-phase] chunk=0 start=0 layer=25 kind=gdn phase=gdn_prep_conv gpu_ms=0.43
[prefill-layer-phase] chunk=0 start=0 layer=25 kind=gdn phase=gdn_prep_l2 gpu_ms=0.03
[prefill-layer-phase] chunk=0 start=0 layer=25 kind=gdn phase=gdn_step gpu_ms=1.59
[prefill-layer-phase] chunk=0 start=0 layer=25 kind=gdn phase=gdn_gated gpu_ms=0.11
[prefill-layer-phase] chunk=0 start=0 layer=25 kind=gdn phase=gdn_back gpu_ms=1.30
[prefill-layer-phase] chunk=0 start=0 layer=25 kind=gdn phase=mixer_resid gpu_ms=0.03
[prefill-layer-phase] chunk=0 start=0 layer=25 kind=moe phase=post_norm gpu_ms=0.02
[prefill-layer-phase] chunk=0 start=0 layer=25 kind=moe phase=route_fused gpu_ms=0.31
[prefill-layer-phase] chunk=0 start=0 layer=25 kind=moe phase=routed_swiglu gpu_ms=4.01
[prefill-layer-phase] chunk=0 start=0 layer=25 kind=moe phase=routed_down gpu_ms=2.32
[prefill-layer-phase] chunk=0 start=0 layer=25 kind=moe phase=routed_reduce gpu_ms=0.14
[prefill-layer-phase] chunk=0 start=0 layer=25 kind=moe phase=shared_packed gpu_ms=0.64
[prefill-layer-phase] chunk=0 start=0 layer=26 kind=gdn phase=pre_norm gpu_ms=0.02
[prefill-layer-phase] chunk=0 start=0 layer=26 kind=gdn phase=gdn_qkv gpu_ms=2.53
[prefill-layer-phase] chunk=0 start=0 layer=26 kind=gdn phase=gdn_z gpu_ms=1.29
[prefill-layer-phase] chunk=0 start=0 layer=26 kind=gdn phase=gdn_beta_alpha gpu_ms=0.17
[prefill-layer-phase] chunk=0 start=0 layer=26 kind=gdn phase=gdn_alpha_beta gpu_ms=0.01
[prefill-layer-phase] chunk=0 start=0 layer=26 kind=gdn phase=gdn_prep_conv gpu_ms=0.43
[prefill-layer-phase] chunk=0 start=0 layer=26 kind=gdn phase=gdn_prep_l2 gpu_ms=0.03
[prefill-layer-phase] chunk=0 start=0 layer=26 kind=gdn phase=gdn_step gpu_ms=1.54
[prefill-layer-phase] chunk=0 start=0 layer=26 kind=gdn phase=gdn_gated gpu_ms=0.10
[prefill-layer-phase] chunk=0 start=0 layer=26 kind=gdn phase=gdn_back gpu_ms=1.30
[prefill-layer-phase] chunk=0 start=0 layer=26 kind=gdn phase=mixer_resid gpu_ms=0.03
[prefill-layer-phase] chunk=0 start=0 layer=26 kind=moe phase=post_norm gpu_ms=0.02
[prefill-layer-phase] chunk=0 start=0 layer=26 kind=moe phase=route_fused gpu_ms=0.30
[prefill-layer-phase] chunk=0 start=0 layer=26 kind=moe phase=routed_swiglu gpu_ms=3.98
[prefill-layer-phase] chunk=0 start=0 layer=26 kind=moe phase=routed_down gpu_ms=2.44
[prefill-layer-phase] chunk=0 start=0 layer=26 kind=moe phase=routed_reduce gpu_ms=0.14
[prefill-layer-phase] chunk=0 start=0 layer=26 kind=moe phase=shared_packed gpu_ms=0.64
[prefill-layer-phase] chunk=0 start=0 layer=27 kind=attn phase=pre_norm gpu_ms=0.02
[prefill-attn-phase] chunk=0 start=0 layer=27 phase=proj gpu_ms=2.92
[prefill-attn-phase] chunk=0 start=0 layer=27 phase=norm gpu_ms=0.29
[prefill-attn-phase] chunk=0 start=0 layer=27 phase=rope_scatter gpu_ms=0.05
[prefill-attn-packed-shape] layer=27 chunk_start=0 chunk_p=1024 group=8 packed_rows=4 qt=2 row_groups=256 dispatches=512 nwg=64 partial_rw_mib=2064.00
[prefill-attn-matrix-g8-shape] layer=27 chunk_start=0 chunk_p=1024 query_rows=1024 query_tiles=1 n_pos=1024 score_tile_scratch_mib=34.00 vt_stride=4096 vt_layer_mib=4.00 vt_update_base=0 vt_update_rows=1024 vt_update_mib=1.00
[prefill-attn-phase] chunk=0 start=0 layer=27 phase=body_matrix_kq gpu_ms=0.35
[prefill-attn-phase] chunk=0 start=0 layer=27 phase=body_matrix_kqv gpu_ms=0.35
[prefill-layer-phase] chunk=0 start=0 layer=27 kind=attn phase=attn_back gpu_ms=1.40
[prefill-layer-phase] chunk=0 start=0 layer=27 kind=attn phase=mixer_resid gpu_ms=0.03
[prefill-layer-phase] chunk=0 start=0 layer=27 kind=moe phase=post_norm gpu_ms=0.02
[prefill-layer-phase] chunk=0 start=0 layer=27 kind=moe phase=route_fused gpu_ms=0.31
[prefill-layer-phase] chunk=0 start=0 layer=27 kind=moe phase=routed_swiglu gpu_ms=4.01
[prefill-layer-phase] chunk=0 start=0 layer=27 kind=moe phase=routed_down gpu_ms=2.36
[prefill-layer-phase] chunk=0 start=0 layer=27 kind=moe phase=routed_reduce gpu_ms=0.14
[prefill-layer-phase] chunk=0 start=0 layer=27 kind=moe phase=shared_packed gpu_ms=0.64
[prefill-layer-phase] chunk=0 start=0 layer=28 kind=gdn phase=pre_norm gpu_ms=0.02
[prefill-layer-phase] chunk=0 start=0 layer=28 kind=gdn phase=gdn_qkv gpu_ms=2.53
[prefill-layer-phase] chunk=0 start=0 layer=28 kind=gdn phase=gdn_z gpu_ms=1.29
[prefill-layer-phase] chunk=0 start=0 layer=28 kind=gdn phase=gdn_beta_alpha gpu_ms=0.17
[prefill-layer-phase] chunk=0 start=0 layer=28 kind=gdn phase=gdn_alpha_beta gpu_ms=0.01
[prefill-layer-phase] chunk=0 start=0 layer=28 kind=gdn phase=gdn_prep_conv gpu_ms=0.43
[prefill-layer-phase] chunk=0 start=0 layer=28 kind=gdn phase=gdn_prep_l2 gpu_ms=0.03
[prefill-layer-phase] chunk=0 start=0 layer=28 kind=gdn phase=gdn_step gpu_ms=1.55
[prefill-layer-phase] chunk=0 start=0 layer=28 kind=gdn phase=gdn_gated gpu_ms=0.10
[prefill-layer-phase] chunk=0 start=0 layer=28 kind=gdn phase=gdn_back gpu_ms=1.30
[prefill-layer-phase] chunk=0 start=0 layer=28 kind=gdn phase=mixer_resid gpu_ms=0.03
[prefill-layer-phase] chunk=0 start=0 layer=28 kind=moe phase=post_norm gpu_ms=0.02
[prefill-layer-phase] chunk=0 start=0 layer=28 kind=moe phase=route_fused gpu_ms=0.31
[prefill-layer-phase] chunk=0 start=0 layer=28 kind=moe phase=routed_swiglu gpu_ms=4.05
[prefill-layer-phase] chunk=0 start=0 layer=28 kind=moe phase=routed_down gpu_ms=2.28
[prefill-layer-phase] chunk=0 start=0 layer=28 kind=moe phase=routed_reduce gpu_ms=0.14
[prefill-layer-phase] chunk=0 start=0 layer=28 kind=moe phase=shared_packed gpu_ms=0.64
[prefill-layer-phase] chunk=0 start=0 layer=29 kind=gdn phase=pre_norm gpu_ms=0.02
[prefill-layer-phase] chunk=0 start=0 layer=29 kind=gdn phase=gdn_qkv gpu_ms=2.53
[prefill-layer-phase] chunk=0 start=0 layer=29 kind=gdn phase=gdn_z gpu_ms=1.29
[prefill-layer-phase] chunk=0 start=0 layer=29 kind=gdn phase=gdn_beta_alpha gpu_ms=0.17
[prefill-layer-phase] chunk=0 start=0 layer=29 kind=gdn phase=gdn_alpha_beta gpu_ms=0.01
[prefill-layer-phase] chunk=0 start=0 layer=29 kind=gdn phase=gdn_prep_conv gpu_ms=0.43
[prefill-layer-phase] chunk=0 start=0 layer=29 kind=gdn phase=gdn_prep_l2 gpu_ms=0.03
[prefill-layer-phase] chunk=0 start=0 layer=29 kind=gdn phase=gdn_step gpu_ms=1.59
[prefill-layer-phase] chunk=0 start=0 layer=29 kind=gdn phase=gdn_gated gpu_ms=0.10
[prefill-layer-phase] chunk=0 start=0 layer=29 kind=gdn phase=gdn_back gpu_ms=1.30
[prefill-layer-phase] chunk=0 start=0 layer=29 kind=gdn phase=mixer_resid gpu_ms=0.03
[prefill-layer-phase] chunk=0 start=0 layer=29 kind=moe phase=post_norm gpu_ms=0.02
[prefill-layer-phase] chunk=0 start=0 layer=29 kind=moe phase=route_fused gpu_ms=0.31
[prefill-layer-phase] chunk=0 start=0 layer=29 kind=moe phase=routed_swiglu gpu_ms=3.97
[prefill-layer-phase] chunk=0 start=0 layer=29 kind=moe phase=routed_down gpu_ms=2.33
[prefill-layer-phase] chunk=0 start=0 layer=29 kind=moe phase=routed_reduce gpu_ms=0.14
[prefill-layer-phase] chunk=0 start=0 layer=29 kind=moe phase=shared_packed gpu_ms=0.64
[prefill-layer-phase] chunk=0 start=0 layer=30 kind=gdn phase=pre_norm gpu_ms=0.02
[prefill-layer-phase] chunk=0 start=0 layer=30 kind=gdn phase=gdn_qkv gpu_ms=2.53
[prefill-layer-phase] chunk=0 start=0 layer=30 kind=gdn phase=gdn_z gpu_ms=1.29
[prefill-layer-phase] chunk=0 start=0 layer=30 kind=gdn phase=gdn_beta_alpha gpu_ms=0.17
[prefill-layer-phase] chunk=0 start=0 layer=30 kind=gdn phase=gdn_alpha_beta gpu_ms=0.00
[prefill-layer-phase] chunk=0 start=0 layer=30 kind=gdn phase=gdn_prep_conv gpu_ms=0.43
[prefill-layer-phase] chunk=0 start=0 layer=30 kind=gdn phase=gdn_prep_l2 gpu_ms=0.03
[prefill-layer-phase] chunk=0 start=0 layer=30 kind=gdn phase=gdn_step gpu_ms=1.56
[prefill-layer-phase] chunk=0 start=0 layer=30 kind=gdn phase=gdn_gated gpu_ms=0.10
[prefill-layer-phase] chunk=0 start=0 layer=30 kind=gdn phase=gdn_back gpu_ms=1.30
[prefill-layer-phase] chunk=0 start=0 layer=30 kind=gdn phase=mixer_resid gpu_ms=0.03
[prefill-layer-phase] chunk=0 start=0 layer=30 kind=moe phase=post_norm gpu_ms=0.02
[prefill-layer-phase] chunk=0 start=0 layer=30 kind=moe phase=route_fused gpu_ms=0.31
[prefill-layer-phase] chunk=0 start=0 layer=30 kind=moe phase=routed_swiglu gpu_ms=3.91
[prefill-layer-phase] chunk=0 start=0 layer=30 kind=moe phase=routed_down gpu_ms=2.40
[prefill-layer-phase] chunk=0 start=0 layer=30 kind=moe phase=routed_reduce gpu_ms=0.14
[prefill-layer-phase] chunk=0 start=0 layer=30 kind=moe phase=shared_packed gpu_ms=0.64
[prefill-layer-phase] chunk=0 start=0 layer=31 kind=attn phase=pre_norm gpu_ms=0.02
[prefill-attn-phase] chunk=0 start=0 layer=31 phase=proj gpu_ms=2.92
[prefill-attn-phase] chunk=0 start=0 layer=31 phase=norm gpu_ms=0.29
[prefill-attn-phase] chunk=0 start=0 layer=31 phase=rope_scatter gpu_ms=0.05
[prefill-attn-packed-shape] layer=31 chunk_start=0 chunk_p=1024 group=8 packed_rows=4 qt=2 row_groups=256 dispatches=512 nwg=64 partial_rw_mib=2064.00
[prefill-attn-matrix-g8-shape] layer=31 chunk_start=0 chunk_p=1024 query_rows=1024 query_tiles=1 n_pos=1024 score_tile_scratch_mib=34.00 vt_stride=4096 vt_layer_mib=4.00 vt_update_base=0 vt_update_rows=1024 vt_update_mib=1.00
[prefill-attn-phase] chunk=0 start=0 layer=31 phase=body_matrix_kq gpu_ms=0.35
[prefill-attn-phase] chunk=0 start=0 layer=31 phase=body_matrix_kqv gpu_ms=0.35
[prefill-layer-phase] chunk=0 start=0 layer=31 kind=attn phase=attn_back gpu_ms=1.40
[prefill-layer-phase] chunk=0 start=0 layer=31 kind=attn phase=mixer_resid gpu_ms=0.03
[prefill-layer-phase] chunk=0 start=0 layer=31 kind=moe phase=post_norm gpu_ms=0.02
[prefill-layer-phase] chunk=0 start=0 layer=31 kind=moe phase=route_fused gpu_ms=0.31
[prefill-layer-phase] chunk=0 start=0 layer=31 kind=moe phase=routed_swiglu gpu_ms=3.98
[prefill-layer-phase] chunk=0 start=0 layer=31 kind=moe phase=routed_down gpu_ms=2.30
[prefill-layer-phase] chunk=0 start=0 layer=31 kind=moe phase=routed_reduce gpu_ms=0.14
[prefill-layer-phase] chunk=0 start=0 layer=31 kind=moe phase=shared_packed gpu_ms=0.64
[prefill-layer-phase] chunk=0 start=0 layer=32 kind=gdn phase=pre_norm gpu_ms=0.02
[prefill-layer-phase] chunk=0 start=0 layer=32 kind=gdn phase=gdn_qkv gpu_ms=2.53
[prefill-layer-phase] chunk=0 start=0 layer=32 kind=gdn phase=gdn_z gpu_ms=1.29
[prefill-layer-phase] chunk=0 start=0 layer=32 kind=gdn phase=gdn_beta_alpha gpu_ms=0.17
[prefill-layer-phase] chunk=0 start=0 layer=32 kind=gdn phase=gdn_alpha_beta gpu_ms=0.00
[prefill-layer-phase] chunk=0 start=0 layer=32 kind=gdn phase=gdn_prep_conv gpu_ms=0.43
[prefill-layer-phase] chunk=0 start=0 layer=32 kind=gdn phase=gdn_prep_l2 gpu_ms=0.03
[prefill-layer-phase] chunk=0 start=0 layer=32 kind=gdn phase=gdn_step gpu_ms=1.54
[prefill-layer-phase] chunk=0 start=0 layer=32 kind=gdn phase=gdn_gated gpu_ms=0.10
[prefill-layer-phase] chunk=0 start=0 layer=32 kind=gdn phase=gdn_back gpu_ms=1.30
[prefill-layer-phase] chunk=0 start=0 layer=32 kind=gdn phase=mixer_resid gpu_ms=0.03
[prefill-layer-phase] chunk=0 start=0 layer=32 kind=moe phase=post_norm gpu_ms=0.02
[prefill-layer-phase] chunk=0 start=0 layer=32 kind=moe phase=route_fused gpu_ms=0.31
[prefill-layer-phase] chunk=0 start=0 layer=32 kind=moe phase=routed_swiglu gpu_ms=3.91
[prefill-layer-phase] chunk=0 start=0 layer=32 kind=moe phase=routed_down gpu_ms=2.27
[prefill-layer-phase] chunk=0 start=0 layer=32 kind=moe phase=routed_reduce gpu_ms=0.14
[prefill-layer-phase] chunk=0 start=0 layer=32 kind=moe phase=shared_packed gpu_ms=0.64
[prefill-layer-phase] chunk=0 start=0 layer=33 kind=gdn phase=pre_norm gpu_ms=0.02
[prefill-layer-phase] chunk=0 start=0 layer=33 kind=gdn phase=gdn_qkv gpu_ms=2.53
[prefill-layer-phase] chunk=0 start=0 layer=33 kind=gdn phase=gdn_z gpu_ms=1.29
[prefill-layer-phase] chunk=0 start=0 layer=33 kind=gdn phase=gdn_beta_alpha gpu_ms=0.17
[prefill-layer-phase] chunk=0 start=0 layer=33 kind=gdn phase=gdn_alpha_beta gpu_ms=0.00
[prefill-layer-phase] chunk=0 start=0 layer=33 kind=gdn phase=gdn_prep_conv gpu_ms=0.43
[prefill-layer-phase] chunk=0 start=0 layer=33 kind=gdn phase=gdn_prep_l2 gpu_ms=0.03
[prefill-layer-phase] chunk=0 start=0 layer=33 kind=gdn phase=gdn_step gpu_ms=1.56
[prefill-layer-phase] chunk=0 start=0 layer=33 kind=gdn phase=gdn_gated gpu_ms=0.11
[prefill-layer-phase] chunk=0 start=0 layer=33 kind=gdn phase=gdn_back gpu_ms=1.30
[prefill-layer-phase] chunk=0 start=0 layer=33 kind=gdn phase=mixer_resid gpu_ms=0.03
[prefill-layer-phase] chunk=0 start=0 layer=33 kind=moe phase=post_norm gpu_ms=0.02
[prefill-layer-phase] chunk=0 start=0 layer=33 kind=moe phase=route_fused gpu_ms=0.31
[prefill-layer-phase] chunk=0 start=0 layer=33 kind=moe phase=routed_swiglu gpu_ms=4.12
[prefill-layer-phase] chunk=0 start=0 layer=33 kind=moe phase=routed_down gpu_ms=2.47
[prefill-layer-phase] chunk=0 start=0 layer=33 kind=moe phase=routed_reduce gpu_ms=0.14
[prefill-layer-phase] chunk=0 start=0 layer=33 kind=moe phase=shared_packed gpu_ms=0.64
[prefill-layer-phase] chunk=0 start=0 layer=34 kind=gdn phase=pre_norm gpu_ms=0.02
[prefill-layer-phase] chunk=0 start=0 layer=34 kind=gdn phase=gdn_qkv gpu_ms=2.53
[prefill-layer-phase] chunk=0 start=0 layer=34 kind=gdn phase=gdn_z gpu_ms=1.29
[prefill-layer-phase] chunk=0 start=0 layer=34 kind=gdn phase=gdn_beta_alpha gpu_ms=0.17
[prefill-layer-phase] chunk=0 start=0 layer=34 kind=gdn phase=gdn_alpha_beta gpu_ms=0.01
[prefill-layer-phase] chunk=0 start=0 layer=34 kind=gdn phase=gdn_prep_conv gpu_ms=0.43
[prefill-layer-phase] chunk=0 start=0 layer=34 kind=gdn phase=gdn_prep_l2 gpu_ms=0.03
[prefill-layer-phase] chunk=0 start=0 layer=34 kind=gdn phase=gdn_step gpu_ms=1.58
[prefill-layer-phase] chunk=0 start=0 layer=34 kind=gdn phase=gdn_gated gpu_ms=0.11
[prefill-layer-phase] chunk=0 start=0 layer=34 kind=gdn phase=gdn_back gpu_ms=1.30
[prefill-layer-phase] chunk=0 start=0 layer=34 kind=gdn phase=mixer_resid gpu_ms=0.03
[prefill-layer-phase] chunk=0 start=0 layer=34 kind=moe phase=post_norm gpu_ms=0.02
[prefill-layer-phase] chunk=0 start=0 layer=34 kind=moe phase=route_fused gpu_ms=0.31
[prefill-layer-phase] chunk=0 start=0 layer=34 kind=moe phase=routed_swiglu gpu_ms=3.94
[prefill-layer-phase] chunk=0 start=0 layer=34 kind=moe phase=routed_down gpu_ms=2.16
[prefill-layer-phase] chunk=0 start=0 layer=34 kind=moe phase=routed_reduce gpu_ms=0.14
[prefill-layer-phase] chunk=0 start=0 layer=34 kind=moe phase=shared_packed gpu_ms=0.64
[prefill-layer-phase] chunk=0 start=0 layer=35 kind=attn phase=pre_norm gpu_ms=0.02
[prefill-attn-phase] chunk=0 start=0 layer=35 phase=proj gpu_ms=2.92
[prefill-attn-phase] chunk=0 start=0 layer=35 phase=norm gpu_ms=0.29
[prefill-attn-phase] chunk=0 start=0 layer=35 phase=rope_scatter gpu_ms=0.05
[prefill-attn-packed-shape] layer=35 chunk_start=0 chunk_p=1024 group=8 packed_rows=4 qt=2 row_groups=256 dispatches=512 nwg=64 partial_rw_mib=2064.00
[prefill-attn-matrix-g8-shape] layer=35 chunk_start=0 chunk_p=1024 query_rows=1024 query_tiles=1 n_pos=1024 score_tile_scratch_mib=34.00 vt_stride=4096 vt_layer_mib=4.00 vt_update_base=0 vt_update_rows=1024 vt_update_mib=1.00
[prefill-attn-phase] chunk=0 start=0 layer=35 phase=body_matrix_kq gpu_ms=0.35
[prefill-attn-phase] chunk=0 start=0 layer=35 phase=body_matrix_kqv gpu_ms=0.35
[prefill-layer-phase] chunk=0 start=0 layer=35 kind=attn phase=attn_back gpu_ms=1.40
[prefill-layer-phase] chunk=0 start=0 layer=35 kind=attn phase=mixer_resid gpu_ms=0.03
[prefill-layer-phase] chunk=0 start=0 layer=35 kind=moe phase=post_norm gpu_ms=0.02
[prefill-layer-phase] chunk=0 start=0 layer=35 kind=moe phase=route_fused gpu_ms=0.31
[prefill-layer-phase] chunk=0 start=0 layer=35 kind=moe phase=routed_swiglu gpu_ms=4.07
[prefill-layer-phase] chunk=0 start=0 layer=35 kind=moe phase=routed_down gpu_ms=2.46
[prefill-layer-phase] chunk=0 start=0 layer=35 kind=moe phase=routed_reduce gpu_ms=0.14
[prefill-layer-phase] chunk=0 start=0 layer=35 kind=moe phase=shared_packed gpu_ms=0.64
[prefill-layer-phase] chunk=0 start=0 layer=36 kind=gdn phase=pre_norm gpu_ms=0.02
[prefill-layer-phase] chunk=0 start=0 layer=36 kind=gdn phase=gdn_qkv gpu_ms=2.53
[prefill-layer-phase] chunk=0 start=0 layer=36 kind=gdn phase=gdn_z gpu_ms=1.29
[prefill-layer-phase] chunk=0 start=0 layer=36 kind=gdn phase=gdn_beta_alpha gpu_ms=0.17
[prefill-layer-phase] chunk=0 start=0 layer=36 kind=gdn phase=gdn_alpha_beta gpu_ms=0.00
[prefill-layer-phase] chunk=0 start=0 layer=36 kind=gdn phase=gdn_prep_conv gpu_ms=0.43
[prefill-layer-phase] chunk=0 start=0 layer=36 kind=gdn phase=gdn_prep_l2 gpu_ms=0.03
[prefill-layer-phase] chunk=0 start=0 layer=36 kind=gdn phase=gdn_step gpu_ms=1.56
[prefill-layer-phase] chunk=0 start=0 layer=36 kind=gdn phase=gdn_gated gpu_ms=0.11
[prefill-layer-phase] chunk=0 start=0 layer=36 kind=gdn phase=gdn_back gpu_ms=1.30
[prefill-layer-phase] chunk=0 start=0 layer=36 kind=gdn phase=mixer_resid gpu_ms=0.03
[prefill-layer-phase] chunk=0 start=0 layer=36 kind=moe phase=post_norm gpu_ms=0.02
[prefill-layer-phase] chunk=0 start=0 layer=36 kind=moe phase=route_fused gpu_ms=0.31
[prefill-layer-phase] chunk=0 start=0 layer=36 kind=moe phase=routed_swiglu gpu_ms=4.00
[prefill-layer-phase] chunk=0 start=0 layer=36 kind=moe phase=routed_down gpu_ms=2.31
[prefill-layer-phase] chunk=0 start=0 layer=36 kind=moe phase=routed_reduce gpu_ms=0.14
[prefill-layer-phase] chunk=0 start=0 layer=36 kind=moe phase=shared_packed gpu_ms=0.64
[prefill-layer-phase] chunk=0 start=0 layer=37 kind=gdn phase=pre_norm gpu_ms=0.02
[prefill-layer-phase] chunk=0 start=0 layer=37 kind=gdn phase=gdn_qkv gpu_ms=2.53
[prefill-layer-phase] chunk=0 start=0 layer=37 kind=gdn phase=gdn_z gpu_ms=1.29
[prefill-layer-phase] chunk=0 start=0 layer=37 kind=gdn phase=gdn_beta_alpha gpu_ms=0.17
[prefill-layer-phase] chunk=0 start=0 layer=37 kind=gdn phase=gdn_alpha_beta gpu_ms=0.00
[prefill-layer-phase] chunk=0 start=0 layer=37 kind=gdn phase=gdn_prep_conv gpu_ms=0.43
[prefill-layer-phase] chunk=0 start=0 layer=37 kind=gdn phase=gdn_prep_l2 gpu_ms=0.03
[prefill-layer-phase] chunk=0 start=0 layer=37 kind=gdn phase=gdn_step gpu_ms=1.58
[prefill-layer-phase] chunk=0 start=0 layer=37 kind=gdn phase=gdn_gated gpu_ms=0.11
[prefill-layer-phase] chunk=0 start=0 layer=37 kind=gdn phase=gdn_back gpu_ms=1.30
[prefill-layer-phase] chunk=0 start=0 layer=37 kind=gdn phase=mixer_resid gpu_ms=0.03
[prefill-layer-phase] chunk=0 start=0 layer=37 kind=moe phase=post_norm gpu_ms=0.02
[prefill-layer-phase] chunk=0 start=0 layer=37 kind=moe phase=route_fused gpu_ms=0.31
[prefill-layer-phase] chunk=0 start=0 layer=37 kind=moe phase=routed_swiglu gpu_ms=3.76
[prefill-layer-phase] chunk=0 start=0 layer=37 kind=moe phase=routed_down gpu_ms=2.22
[prefill-layer-phase] chunk=0 start=0 layer=37 kind=moe phase=routed_reduce gpu_ms=0.14
[prefill-layer-phase] chunk=0 start=0 layer=37 kind=moe phase=shared_packed gpu_ms=0.64
[prefill-layer-phase] chunk=0 start=0 layer=38 kind=gdn phase=pre_norm gpu_ms=0.02
[prefill-layer-phase] chunk=0 start=0 layer=38 kind=gdn phase=gdn_qkv gpu_ms=2.53
[prefill-layer-phase] chunk=0 start=0 layer=38 kind=gdn phase=gdn_z gpu_ms=1.29
[prefill-layer-phase] chunk=0 start=0 layer=38 kind=gdn phase=gdn_beta_alpha gpu_ms=0.17
[prefill-layer-phase] chunk=0 start=0 layer=38 kind=gdn phase=gdn_alpha_beta gpu_ms=0.01
[prefill-layer-phase] chunk=0 start=0 layer=38 kind=gdn phase=gdn_prep_conv gpu_ms=0.43
[prefill-layer-phase] chunk=0 start=0 layer=38 kind=gdn phase=gdn_prep_l2 gpu_ms=0.03
[prefill-layer-phase] chunk=0 start=0 layer=38 kind=gdn phase=gdn_step gpu_ms=1.56
[prefill-layer-phase] chunk=0 start=0 layer=38 kind=gdn phase=gdn_gated gpu_ms=0.10
[prefill-layer-phase] chunk=0 start=0 layer=38 kind=gdn phase=gdn_back gpu_ms=1.30
[prefill-layer-phase] chunk=0 start=0 layer=38 kind=gdn phase=mixer_resid gpu_ms=0.03
[prefill-layer-phase] chunk=0 start=0 layer=38 kind=moe phase=post_norm gpu_ms=0.02
[prefill-layer-phase] chunk=0 start=0 layer=38 kind=moe phase=route_fused gpu_ms=0.31
[prefill-layer-phase] chunk=0 start=0 layer=38 kind=moe phase=routed_swiglu gpu_ms=4.06
[prefill-layer-phase] chunk=0 start=0 layer=38 kind=moe phase=routed_down gpu_ms=2.11
[prefill-layer-phase] chunk=0 start=0 layer=38 kind=moe phase=routed_reduce gpu_ms=0.14
[prefill-layer-phase] chunk=0 start=0 layer=38 kind=moe phase=shared_packed gpu_ms=0.64
[prefill-layer-phase] chunk=0 start=0 layer=39 kind=attn phase=pre_norm gpu_ms=0.02
[prefill-attn-phase] chunk=0 start=0 layer=39 phase=proj gpu_ms=2.92
[prefill-attn-phase] chunk=0 start=0 layer=39 phase=norm gpu_ms=0.29
[prefill-attn-phase] chunk=0 start=0 layer=39 phase=rope_scatter gpu_ms=0.05
[prefill-attn-packed-shape] layer=39 chunk_start=0 chunk_p=1024 group=8 packed_rows=4 qt=2 row_groups=256 dispatches=512 nwg=64 partial_rw_mib=2064.00
[prefill-attn-matrix-g8-shape] layer=39 chunk_start=0 chunk_p=1024 query_rows=1024 query_tiles=1 n_pos=1024 score_tile_scratch_mib=34.00 vt_stride=4096 vt_layer_mib=4.00 vt_update_base=0 vt_update_rows=1024 vt_update_mib=1.00
[prefill-attn-phase] chunk=0 start=0 layer=39 phase=body_matrix_kq gpu_ms=0.35
[prefill-attn-phase] chunk=0 start=0 layer=39 phase=body_matrix_kqv gpu_ms=0.35
[prefill-layer-phase] chunk=0 start=0 layer=39 kind=attn phase=attn_back gpu_ms=1.40
[prefill-layer-phase] chunk=0 start=0 layer=39 kind=attn phase=mixer_resid gpu_ms=0.03
[prefill-layer-phase] chunk=0 start=0 layer=39 kind=moe phase=post_norm gpu_ms=0.02
[prefill-layer-phase] chunk=0 start=0 layer=39 kind=moe phase=route_fused gpu_ms=0.31
[prefill-layer-phase] chunk=0 start=0 layer=39 kind=moe phase=routed_swiglu gpu_ms=3.92
[prefill-layer-phase] chunk=0 start=0 layer=39 kind=moe phase=routed_down gpu_ms=2.08
[prefill-layer-phase] chunk=0 start=0 layer=39 kind=moe phase=routed_reduce gpu_ms=0.14
[prefill-layer-phase] chunk=0 start=0 layer=39 kind=moe phase=shared_packed gpu_ms=0.63
[prefill-layer-phase] chunk=1 start=1024 layer=0 kind=gdn phase=pre_norm gpu_ms=0.15
[prefill-layer-phase] chunk=1 start=1024 layer=0 kind=gdn phase=gdn_qkv gpu_ms=2.53
[prefill-layer-phase] chunk=1 start=1024 layer=0 kind=gdn phase=gdn_z gpu_ms=1.29
[prefill-layer-phase] chunk=1 start=1024 layer=0 kind=gdn phase=gdn_beta_alpha gpu_ms=0.17
[prefill-layer-phase] chunk=1 start=1024 layer=0 kind=gdn phase=gdn_alpha_beta gpu_ms=0.01
[prefill-layer-phase] chunk=1 start=1024 layer=0 kind=gdn phase=gdn_prep_conv gpu_ms=0.42
[prefill-layer-phase] chunk=1 start=1024 layer=0 kind=gdn phase=gdn_prep_l2 gpu_ms=0.03
[prefill-layer-phase] chunk=1 start=1024 layer=0 kind=gdn phase=gdn_step gpu_ms=1.59
[prefill-layer-phase] chunk=1 start=1024 layer=0 kind=gdn phase=gdn_gated gpu_ms=0.10
[prefill-layer-phase] chunk=1 start=1024 layer=0 kind=gdn phase=gdn_back gpu_ms=1.30
[prefill-layer-phase] chunk=1 start=1024 layer=0 kind=gdn phase=mixer_resid gpu_ms=0.03
[prefill-layer-phase] chunk=1 start=1024 layer=0 kind=moe phase=post_norm gpu_ms=0.02
[prefill-layer-phase] chunk=1 start=1024 layer=0 kind=moe phase=route_fused gpu_ms=0.30
[prefill-layer-phase] chunk=1 start=1024 layer=0 kind=moe phase=routed_swiglu gpu_ms=4.43
[prefill-layer-phase] chunk=1 start=1024 layer=0 kind=moe phase=routed_down gpu_ms=2.73
[prefill-layer-phase] chunk=1 start=1024 layer=0 kind=moe phase=routed_reduce gpu_ms=0.14
[prefill-layer-phase] chunk=1 start=1024 layer=0 kind=moe phase=shared_packed gpu_ms=0.64
[prefill-layer-phase] chunk=1 start=1024 layer=1 kind=gdn phase=pre_norm gpu_ms=0.02
[prefill-layer-phase] chunk=1 start=1024 layer=1 kind=gdn phase=gdn_qkv gpu_ms=2.53
[prefill-layer-phase] chunk=1 start=1024 layer=1 kind=gdn phase=gdn_z gpu_ms=1.29
[prefill-layer-phase] chunk=1 start=1024 layer=1 kind=gdn phase=gdn_beta_alpha gpu_ms=0.17
[prefill-layer-phase] chunk=1 start=1024 layer=1 kind=gdn phase=gdn_alpha_beta gpu_ms=0.01
[prefill-layer-phase] chunk=1 start=1024 layer=1 kind=gdn phase=gdn_prep_conv gpu_ms=0.43
[prefill-layer-phase] chunk=1 start=1024 layer=1 kind=gdn phase=gdn_prep_l2 gpu_ms=0.03
[prefill-layer-phase] chunk=1 start=1024 layer=1 kind=gdn phase=gdn_step gpu_ms=1.56
[prefill-layer-phase] chunk=1 start=1024 layer=1 kind=gdn phase=gdn_gated gpu_ms=0.11
[prefill-layer-phase] chunk=1 start=1024 layer=1 kind=gdn phase=gdn_back gpu_ms=1.30
[prefill-layer-phase] chunk=1 start=1024 layer=1 kind=gdn phase=mixer_resid gpu_ms=0.03
[prefill-layer-phase] chunk=1 start=1024 layer=1 kind=moe phase=post_norm gpu_ms=0.02
[prefill-layer-phase] chunk=1 start=1024 layer=1 kind=moe phase=route_fused gpu_ms=0.31
[prefill-layer-phase] chunk=1 start=1024 layer=1 kind=moe phase=routed_swiglu gpu_ms=4.45
[prefill-layer-phase] chunk=1 start=1024 layer=1 kind=moe phase=routed_down gpu_ms=2.57
[prefill-layer-phase] chunk=1 start=1024 layer=1 kind=moe phase=routed_reduce gpu_ms=0.14
[prefill-layer-phase] chunk=1 start=1024 layer=1 kind=moe phase=shared_packed gpu_ms=0.64
[prefill-layer-phase] chunk=1 start=1024 layer=2 kind=gdn phase=pre_norm gpu_ms=0.02
[prefill-layer-phase] chunk=1 start=1024 layer=2 kind=gdn phase=gdn_qkv gpu_ms=2.53
[prefill-layer-phase] chunk=1 start=1024 layer=2 kind=gdn phase=gdn_z gpu_ms=1.29
[prefill-layer-phase] chunk=1 start=1024 layer=2 kind=gdn phase=gdn_beta_alpha gpu_ms=0.17
[prefill-layer-phase] chunk=1 start=1024 layer=2 kind=gdn phase=gdn_alpha_beta gpu_ms=0.00
[prefill-layer-phase] chunk=1 start=1024 layer=2 kind=gdn phase=gdn_prep_conv gpu_ms=0.43
[prefill-layer-phase] chunk=1 start=1024 layer=2 kind=gdn phase=gdn_prep_l2 gpu_ms=0.03
[prefill-layer-phase] chunk=1 start=1024 layer=2 kind=gdn phase=gdn_step gpu_ms=1.57
[prefill-layer-phase] chunk=1 start=1024 layer=2 kind=gdn phase=gdn_gated gpu_ms=0.11
[prefill-layer-phase] chunk=1 start=1024 layer=2 kind=gdn phase=gdn_back gpu_ms=1.30
[prefill-layer-phase] chunk=1 start=1024 layer=2 kind=gdn phase=mixer_resid gpu_ms=0.03
[prefill-layer-phase] chunk=1 start=1024 layer=2 kind=moe phase=post_norm gpu_ms=0.02
[prefill-layer-phase] chunk=1 start=1024 layer=2 kind=moe phase=route_fused gpu_ms=0.31
[prefill-layer-phase] chunk=1 start=1024 layer=2 kind=moe phase=routed_swiglu gpu_ms=4.28
[prefill-layer-phase] chunk=1 start=1024 layer=2 kind=moe phase=routed_down gpu_ms=2.64
[prefill-layer-phase] chunk=1 start=1024 layer=2 kind=moe phase=routed_reduce gpu_ms=0.14
[prefill-layer-phase] chunk=1 start=1024 layer=2 kind=moe phase=shared_packed gpu_ms=0.63
[prefill-layer-phase] chunk=1 start=1024 layer=3 kind=attn phase=pre_norm gpu_ms=0.02
[prefill-attn-phase] chunk=1 start=1024 layer=3 phase=proj gpu_ms=2.91
[prefill-attn-phase] chunk=1 start=1024 layer=3 phase=norm gpu_ms=0.29
[prefill-attn-phase] chunk=1 start=1024 layer=3 phase=rope_scatter gpu_ms=0.05
[prefill-attn-packed-shape] layer=3 chunk_start=1024 chunk_p=1024 group=8 packed_rows=4 qt=2 row_groups=256 dispatches=512 nwg=64 partial_rw_mib=2064.00
[prefill-attn-matrix-g8-shape] layer=3 chunk_start=1024 chunk_p=1024 query_rows=1024 query_tiles=1 n_pos=2048 score_tile_scratch_mib=68.00 vt_stride=4096 vt_layer_mib=4.00 vt_update_base=1024 vt_update_rows=1024 vt_update_mib=1.00
[prefill-attn-phase] chunk=1 start=1024 layer=3 phase=body_matrix_kq gpu_ms=0.99
[prefill-attn-phase] chunk=1 start=1024 layer=3 phase=body_matrix_kqv gpu_ms=0.98
[prefill-layer-phase] chunk=1 start=1024 layer=3 kind=attn phase=attn_back gpu_ms=1.39
[prefill-layer-phase] chunk=1 start=1024 layer=3 kind=attn phase=mixer_resid gpu_ms=0.03
[prefill-layer-phase] chunk=1 start=1024 layer=3 kind=moe phase=post_norm gpu_ms=0.02
[prefill-layer-phase] chunk=1 start=1024 layer=3 kind=moe phase=route_fused gpu_ms=0.31
[prefill-layer-phase] chunk=1 start=1024 layer=3 kind=moe phase=routed_swiglu gpu_ms=4.37
[prefill-layer-phase] chunk=1 start=1024 layer=3 kind=moe phase=routed_down gpu_ms=2.76
[prefill-layer-phase] chunk=1 start=1024 layer=3 kind=moe phase=routed_reduce gpu_ms=0.14
[prefill-layer-phase] chunk=1 start=1024 layer=3 kind=moe phase=shared_packed gpu_ms=0.64
[prefill-layer-phase] chunk=1 start=1024 layer=4 kind=gdn phase=pre_norm gpu_ms=0.02
[prefill-layer-phase] chunk=1 start=1024 layer=4 kind=gdn phase=gdn_qkv gpu_ms=2.53
[prefill-layer-phase] chunk=1 start=1024 layer=4 kind=gdn phase=gdn_z gpu_ms=1.29
[prefill-layer-phase] chunk=1 start=1024 layer=4 kind=gdn phase=gdn_beta_alpha gpu_ms=0.17
[prefill-layer-phase] chunk=1 start=1024 layer=4 kind=gdn phase=gdn_alpha_beta gpu_ms=0.01
[prefill-layer-phase] chunk=1 start=1024 layer=4 kind=gdn phase=gdn_prep_conv gpu_ms=0.43
[prefill-layer-phase] chunk=1 start=1024 layer=4 kind=gdn phase=gdn_prep_l2 gpu_ms=0.03
[prefill-layer-phase] chunk=1 start=1024 layer=4 kind=gdn phase=gdn_step gpu_ms=1.56
[prefill-layer-phase] chunk=1 start=1024 layer=4 kind=gdn phase=gdn_gated gpu_ms=0.10
[prefill-layer-phase] chunk=1 start=1024 layer=4 kind=gdn phase=gdn_back gpu_ms=1.30
[prefill-layer-phase] chunk=1 start=1024 layer=4 kind=gdn phase=mixer_resid gpu_ms=0.03
[prefill-layer-phase] chunk=1 start=1024 layer=4 kind=moe phase=post_norm gpu_ms=0.02
[prefill-layer-phase] chunk=1 start=1024 layer=4 kind=moe phase=route_fused gpu_ms=0.31
[prefill-layer-phase] chunk=1 start=1024 layer=4 kind=moe phase=routed_swiglu gpu_ms=4.23
[prefill-layer-phase] chunk=1 start=1024 layer=4 kind=moe phase=routed_down gpu_ms=2.61
[prefill-layer-phase] chunk=1 start=1024 layer=4 kind=moe phase=routed_reduce gpu_ms=0.14
[prefill-layer-phase] chunk=1 start=1024 layer=4 kind=moe phase=shared_packed gpu_ms=0.64
[prefill-layer-phase] chunk=1 start=1024 layer=5 kind=gdn phase=pre_norm gpu_ms=0.02
[prefill-layer-phase] chunk=1 start=1024 layer=5 kind=gdn phase=gdn_qkv gpu_ms=2.53
[prefill-layer-phase] chunk=1 start=1024 layer=5 kind=gdn phase=gdn_z gpu_ms=1.29
[prefill-layer-phase] chunk=1 start=1024 layer=5 kind=gdn phase=gdn_beta_alpha gpu_ms=0.17
[prefill-layer-phase] chunk=1 start=1024 layer=5 kind=gdn phase=gdn_alpha_beta gpu_ms=0.01
[prefill-layer-phase] chunk=1 start=1024 layer=5 kind=gdn phase=gdn_prep_conv gpu_ms=0.43
[prefill-layer-phase] chunk=1 start=1024 layer=5 kind=gdn phase=gdn_prep_l2 gpu_ms=0.03
[prefill-layer-phase] chunk=1 start=1024 layer=5 kind=gdn phase=gdn_step gpu_ms=1.58
[prefill-layer-phase] chunk=1 start=1024 layer=5 kind=gdn phase=gdn_gated gpu_ms=0.11
[prefill-layer-phase] chunk=1 start=1024 layer=5 kind=gdn phase=gdn_back gpu_ms=1.30
[prefill-layer-phase] chunk=1 start=1024 layer=5 kind=gdn phase=mixer_resid gpu_ms=0.03
[prefill-layer-phase] chunk=1 start=1024 layer=5 kind=moe phase=post_norm gpu_ms=0.02
[prefill-layer-phase] chunk=1 start=1024 layer=5 kind=moe phase=route_fused gpu_ms=0.31
[prefill-layer-phase] chunk=1 start=1024 layer=5 kind=moe phase=routed_swiglu gpu_ms=4.18
[prefill-layer-phase] chunk=1 start=1024 layer=5 kind=moe phase=routed_down gpu_ms=2.56
[prefill-layer-phase] chunk=1 start=1024 layer=5 kind=moe phase=routed_reduce gpu_ms=0.14
[prefill-layer-phase] chunk=1 start=1024 layer=5 kind=moe phase=shared_packed gpu_ms=0.64
[prefill-layer-phase] chunk=1 start=1024 layer=6 kind=gdn phase=pre_norm gpu_ms=0.02
[prefill-layer-phase] chunk=1 start=1024 layer=6 kind=gdn phase=gdn_qkv gpu_ms=2.53
[prefill-layer-phase] chunk=1 start=1024 layer=6 kind=gdn phase=gdn_z gpu_ms=1.29
[prefill-layer-phase] chunk=1 start=1024 layer=6 kind=gdn phase=gdn_beta_alpha gpu_ms=0.17
[prefill-layer-phase] chunk=1 start=1024 layer=6 kind=gdn phase=gdn_alpha_beta gpu_ms=0.01
[prefill-layer-phase] chunk=1 start=1024 layer=6 kind=gdn phase=gdn_prep_conv gpu_ms=0.43
[prefill-layer-phase] chunk=1 start=1024 layer=6 kind=gdn phase=gdn_prep_l2 gpu_ms=0.03
[prefill-layer-phase] chunk=1 start=1024 layer=6 kind=gdn phase=gdn_step gpu_ms=1.57
[prefill-layer-phase] chunk=1 start=1024 layer=6 kind=gdn phase=gdn_gated gpu_ms=0.11
[prefill-layer-phase] chunk=1 start=1024 layer=6 kind=gdn phase=gdn_back gpu_ms=1.30
[prefill-layer-phase] chunk=1 start=1024 layer=6 kind=gdn phase=mixer_resid gpu_ms=0.03
[prefill-layer-phase] chunk=1 start=1024 layer=6 kind=moe phase=post_norm gpu_ms=0.02
[prefill-layer-phase] chunk=1 start=1024 layer=6 kind=moe phase=route_fused gpu_ms=0.31
[prefill-layer-phase] chunk=1 start=1024 layer=6 kind=moe phase=routed_swiglu gpu_ms=4.11
[prefill-layer-phase] chunk=1 start=1024 layer=6 kind=moe phase=routed_down gpu_ms=2.50
[prefill-layer-phase] chunk=1 start=1024 layer=6 kind=moe phase=routed_reduce gpu_ms=0.14
[prefill-layer-phase] chunk=1 start=1024 layer=6 kind=moe phase=shared_packed gpu_ms=0.64
[prefill-layer-phase] chunk=1 start=1024 layer=7 kind=attn phase=pre_norm gpu_ms=0.02
[prefill-attn-phase] chunk=1 start=1024 layer=7 phase=proj gpu_ms=2.91
[prefill-attn-phase] chunk=1 start=1024 layer=7 phase=norm gpu_ms=0.29
[prefill-attn-phase] chunk=1 start=1024 layer=7 phase=rope_scatter gpu_ms=0.05
[prefill-attn-packed-shape] layer=7 chunk_start=1024 chunk_p=1024 group=8 packed_rows=4 qt=2 row_groups=256 dispatches=512 nwg=64 partial_rw_mib=2064.00
[prefill-attn-matrix-g8-shape] layer=7 chunk_start=1024 chunk_p=1024 query_rows=1024 query_tiles=1 n_pos=2048 score_tile_scratch_mib=68.00 vt_stride=4096 vt_layer_mib=4.00 vt_update_base=1024 vt_update_rows=1024 vt_update_mib=1.00
[prefill-attn-phase] chunk=1 start=1024 layer=7 phase=body_matrix_kq gpu_ms=0.99
[prefill-attn-phase] chunk=1 start=1024 layer=7 phase=body_matrix_kqv gpu_ms=0.98
[prefill-layer-phase] chunk=1 start=1024 layer=7 kind=attn phase=attn_back gpu_ms=1.39
[prefill-layer-phase] chunk=1 start=1024 layer=7 kind=attn phase=mixer_resid gpu_ms=0.03
[prefill-layer-phase] chunk=1 start=1024 layer=7 kind=moe phase=post_norm gpu_ms=0.02
[prefill-layer-phase] chunk=1 start=1024 layer=7 kind=moe phase=route_fused gpu_ms=0.30
[prefill-layer-phase] chunk=1 start=1024 layer=7 kind=moe phase=routed_swiglu gpu_ms=4.26
[prefill-layer-phase] chunk=1 start=1024 layer=7 kind=moe phase=routed_down gpu_ms=2.57
[prefill-layer-phase] chunk=1 start=1024 layer=7 kind=moe phase=routed_reduce gpu_ms=0.14
[prefill-layer-phase] chunk=1 start=1024 layer=7 kind=moe phase=shared_packed gpu_ms=0.64
[prefill-layer-phase] chunk=1 start=1024 layer=8 kind=gdn phase=pre_norm gpu_ms=0.02
[prefill-layer-phase] chunk=1 start=1024 layer=8 kind=gdn phase=gdn_qkv gpu_ms=2.53
[prefill-layer-phase] chunk=1 start=1024 layer=8 kind=gdn phase=gdn_z gpu_ms=1.29
[prefill-layer-phase] chunk=1 start=1024 layer=8 kind=gdn phase=gdn_beta_alpha gpu_ms=0.17
[prefill-layer-phase] chunk=1 start=1024 layer=8 kind=gdn phase=gdn_alpha_beta gpu_ms=0.01
[prefill-layer-phase] chunk=1 start=1024 layer=8 kind=gdn phase=gdn_prep_conv gpu_ms=0.43
[prefill-layer-phase] chunk=1 start=1024 layer=8 kind=gdn phase=gdn_prep_l2 gpu_ms=0.03
[prefill-layer-phase] chunk=1 start=1024 layer=8 kind=gdn phase=gdn_step gpu_ms=1.57
[prefill-layer-phase] chunk=1 start=1024 layer=8 kind=gdn phase=gdn_gated gpu_ms=0.11
[prefill-layer-phase] chunk=1 start=1024 layer=8 kind=gdn phase=gdn_back gpu_ms=1.30
[prefill-layer-phase] chunk=1 start=1024 layer=8 kind=gdn phase=mixer_resid gpu_ms=0.03
[prefill-layer-phase] chunk=1 start=1024 layer=8 kind=moe phase=post_norm gpu_ms=0.02
[prefill-layer-phase] chunk=1 start=1024 layer=8 kind=moe phase=route_fused gpu_ms=0.31
[prefill-layer-phase] chunk=1 start=1024 layer=8 kind=moe phase=routed_swiglu gpu_ms=4.28
[prefill-layer-phase] chunk=1 start=1024 layer=8 kind=moe phase=routed_down gpu_ms=2.63
[prefill-layer-phase] chunk=1 start=1024 layer=8 kind=moe phase=routed_reduce gpu_ms=0.14
[prefill-layer-phase] chunk=1 start=1024 layer=8 kind=moe phase=shared_packed gpu_ms=0.64
[prefill-layer-phase] chunk=1 start=1024 layer=9 kind=gdn phase=pre_norm gpu_ms=0.02
[prefill-layer-phase] chunk=1 start=1024 layer=9 kind=gdn phase=gdn_qkv gpu_ms=2.53
[prefill-layer-phase] chunk=1 start=1024 layer=9 kind=gdn phase=gdn_z gpu_ms=1.29
[prefill-layer-phase] chunk=1 start=1024 layer=9 kind=gdn phase=gdn_beta_alpha gpu_ms=0.17
[prefill-layer-phase] chunk=1 start=1024 layer=9 kind=gdn phase=gdn_alpha_beta gpu_ms=0.01
[prefill-layer-phase] chunk=1 start=1024 layer=9 kind=gdn phase=gdn_prep_conv gpu_ms=0.43
[prefill-layer-phase] chunk=1 start=1024 layer=9 kind=gdn phase=gdn_prep_l2 gpu_ms=0.03
[prefill-layer-phase] chunk=1 start=1024 layer=9 kind=gdn phase=gdn_step gpu_ms=1.56
[prefill-layer-phase] chunk=1 start=1024 layer=9 kind=gdn phase=gdn_gated gpu_ms=0.11
[prefill-layer-phase] chunk=1 start=1024 layer=9 kind=gdn phase=gdn_back gpu_ms=1.30
[prefill-layer-phase] chunk=1 start=1024 layer=9 kind=gdn phase=mixer_resid gpu_ms=0.03
[prefill-layer-phase] chunk=1 start=1024 layer=9 kind=moe phase=post_norm gpu_ms=0.02
[prefill-layer-phase] chunk=1 start=1024 layer=9 kind=moe phase=route_fused gpu_ms=0.31
[prefill-layer-phase] chunk=1 start=1024 layer=9 kind=moe phase=routed_swiglu gpu_ms=4.16
[prefill-layer-phase] chunk=1 start=1024 layer=9 kind=moe phase=routed_down gpu_ms=2.54
[prefill-layer-phase] chunk=1 start=1024 layer=9 kind=moe phase=routed_reduce gpu_ms=0.13
[prefill-layer-phase] chunk=1 start=1024 layer=9 kind=moe phase=shared_packed gpu_ms=0.63
[prefill-layer-phase] chunk=1 start=1024 layer=10 kind=gdn phase=pre_norm gpu_ms=0.02
[prefill-layer-phase] chunk=1 start=1024 layer=10 kind=gdn phase=gdn_qkv gpu_ms=2.53
[prefill-layer-phase] chunk=1 start=1024 layer=10 kind=gdn phase=gdn_z gpu_ms=1.29
[prefill-layer-phase] chunk=1 start=1024 layer=10 kind=gdn phase=gdn_beta_alpha gpu_ms=0.17
[prefill-layer-phase] chunk=1 start=1024 layer=10 kind=gdn phase=gdn_alpha_beta gpu_ms=0.01
[prefill-layer-phase] chunk=1 start=1024 layer=10 kind=gdn phase=gdn_prep_conv gpu_ms=0.43
[prefill-layer-phase] chunk=1 start=1024 layer=10 kind=gdn phase=gdn_prep_l2 gpu_ms=0.03
[prefill-layer-phase] chunk=1 start=1024 layer=10 kind=gdn phase=gdn_step gpu_ms=1.59
[prefill-layer-phase] chunk=1 start=1024 layer=10 kind=gdn phase=gdn_gated gpu_ms=0.11
[prefill-layer-phase] chunk=1 start=1024 layer=10 kind=gdn phase=gdn_back gpu_ms=1.30
[prefill-layer-phase] chunk=1 start=1024 layer=10 kind=gdn phase=mixer_resid gpu_ms=0.03
[prefill-layer-phase] chunk=1 start=1024 layer=10 kind=moe phase=post_norm gpu_ms=0.02
[prefill-layer-phase] chunk=1 start=1024 layer=10 kind=moe phase=route_fused gpu_ms=0.31
[prefill-layer-phase] chunk=1 start=1024 layer=10 kind=moe phase=routed_swiglu gpu_ms=4.12
[prefill-layer-phase] chunk=1 start=1024 layer=10 kind=moe phase=routed_down gpu_ms=2.44
[prefill-layer-phase] chunk=1 start=1024 layer=10 kind=moe phase=routed_reduce gpu_ms=0.14
[prefill-layer-phase] chunk=1 start=1024 layer=10 kind=moe phase=shared_packed gpu_ms=0.64
[prefill-layer-phase] chunk=1 start=1024 layer=11 kind=attn phase=pre_norm gpu_ms=0.02
[prefill-attn-phase] chunk=1 start=1024 layer=11 phase=proj gpu_ms=2.91
[prefill-attn-phase] chunk=1 start=1024 layer=11 phase=norm gpu_ms=0.29
[prefill-attn-phase] chunk=1 start=1024 layer=11 phase=rope_scatter gpu_ms=0.05
[prefill-attn-packed-shape] layer=11 chunk_start=1024 chunk_p=1024 group=8 packed_rows=4 qt=2 row_groups=256 dispatches=512 nwg=64 partial_rw_mib=2064.00
[prefill-attn-matrix-g8-shape] layer=11 chunk_start=1024 chunk_p=1024 query_rows=1024 query_tiles=1 n_pos=2048 score_tile_scratch_mib=68.00 vt_stride=4096 vt_layer_mib=4.00 vt_update_base=1024 vt_update_rows=1024 vt_update_mib=1.00
[prefill-attn-phase] chunk=1 start=1024 layer=11 phase=body_matrix_kq gpu_ms=0.99
[prefill-attn-phase] chunk=1 start=1024 layer=11 phase=body_matrix_kqv gpu_ms=0.98
[prefill-layer-phase] chunk=1 start=1024 layer=11 kind=attn phase=attn_back gpu_ms=1.39
[prefill-layer-phase] chunk=1 start=1024 layer=11 kind=attn phase=mixer_resid gpu_ms=0.03
[prefill-layer-phase] chunk=1 start=1024 layer=11 kind=moe phase=post_norm gpu_ms=0.02
[prefill-layer-phase] chunk=1 start=1024 layer=11 kind=moe phase=route_fused gpu_ms=0.31
[prefill-layer-phase] chunk=1 start=1024 layer=11 kind=moe phase=routed_swiglu gpu_ms=4.15
[prefill-layer-phase] chunk=1 start=1024 layer=11 kind=moe phase=routed_down gpu_ms=2.53
[prefill-layer-phase] chunk=1 start=1024 layer=11 kind=moe phase=routed_reduce gpu_ms=0.14
[prefill-layer-phase] chunk=1 start=1024 layer=11 kind=moe phase=shared_packed gpu_ms=0.64
[prefill-layer-phase] chunk=1 start=1024 layer=12 kind=gdn phase=pre_norm gpu_ms=0.02
[prefill-layer-phase] chunk=1 start=1024 layer=12 kind=gdn phase=gdn_qkv gpu_ms=2.53
[prefill-layer-phase] chunk=1 start=1024 layer=12 kind=gdn phase=gdn_z gpu_ms=1.29
[prefill-layer-phase] chunk=1 start=1024 layer=12 kind=gdn phase=gdn_beta_alpha gpu_ms=0.17
[prefill-layer-phase] chunk=1 start=1024 layer=12 kind=gdn phase=gdn_alpha_beta gpu_ms=0.01
[prefill-layer-phase] chunk=1 start=1024 layer=12 kind=gdn phase=gdn_prep_conv gpu_ms=0.43
[prefill-layer-phase] chunk=1 start=1024 layer=12 kind=gdn phase=gdn_prep_l2 gpu_ms=0.03
[prefill-layer-phase] chunk=1 start=1024 layer=12 kind=gdn phase=gdn_step gpu_ms=1.59
[prefill-layer-phase] chunk=1 start=1024 layer=12 kind=gdn phase=gdn_gated gpu_ms=0.11
[prefill-layer-phase] chunk=1 start=1024 layer=12 kind=gdn phase=gdn_back gpu_ms=1.30
[prefill-layer-phase] chunk=1 start=1024 layer=12 kind=gdn phase=mixer_resid gpu_ms=0.03
[prefill-layer-phase] chunk=1 start=1024 layer=12 kind=moe phase=post_norm gpu_ms=0.02
[prefill-layer-phase] chunk=1 start=1024 layer=12 kind=moe phase=route_fused gpu_ms=0.31
[prefill-layer-phase] chunk=1 start=1024 layer=12 kind=moe phase=routed_swiglu gpu_ms=4.09
[prefill-layer-phase] chunk=1 start=1024 layer=12 kind=moe phase=routed_down gpu_ms=2.50
[prefill-layer-phase] chunk=1 start=1024 layer=12 kind=moe phase=routed_reduce gpu_ms=0.14
[prefill-layer-phase] chunk=1 start=1024 layer=12 kind=moe phase=shared_packed gpu_ms=0.64
[prefill-layer-phase] chunk=1 start=1024 layer=13 kind=gdn phase=pre_norm gpu_ms=0.02
[prefill-layer-phase] chunk=1 start=1024 layer=13 kind=gdn phase=gdn_qkv gpu_ms=2.53
[prefill-layer-phase] chunk=1 start=1024 layer=13 kind=gdn phase=gdn_z gpu_ms=1.29
[prefill-layer-phase] chunk=1 start=1024 layer=13 kind=gdn phase=gdn_beta_alpha gpu_ms=0.17
[prefill-layer-phase] chunk=1 start=1024 layer=13 kind=gdn phase=gdn_alpha_beta gpu_ms=0.00
[prefill-layer-phase] chunk=1 start=1024 layer=13 kind=gdn phase=gdn_prep_conv gpu_ms=0.43
[prefill-layer-phase] chunk=1 start=1024 layer=13 kind=gdn phase=gdn_prep_l2 gpu_ms=0.03
[prefill-layer-phase] chunk=1 start=1024 layer=13 kind=gdn phase=gdn_step gpu_ms=1.57
[prefill-layer-phase] chunk=1 start=1024 layer=13 kind=gdn phase=gdn_gated gpu_ms=0.10
[prefill-layer-phase] chunk=1 start=1024 layer=13 kind=gdn phase=gdn_back gpu_ms=1.30
[prefill-layer-phase] chunk=1 start=1024 layer=13 kind=gdn phase=mixer_resid gpu_ms=0.03
[prefill-layer-phase] chunk=1 start=1024 layer=13 kind=moe phase=post_norm gpu_ms=0.02
[prefill-layer-phase] chunk=1 start=1024 layer=13 kind=moe phase=route_fused gpu_ms=0.31
[prefill-layer-phase] chunk=1 start=1024 layer=13 kind=moe phase=routed_swiglu gpu_ms=4.18
[prefill-layer-phase] chunk=1 start=1024 layer=13 kind=moe phase=routed_down gpu_ms=2.36
[prefill-layer-phase] chunk=1 start=1024 layer=13 kind=moe phase=routed_reduce gpu_ms=0.14
[prefill-layer-phase] chunk=1 start=1024 layer=13 kind=moe phase=shared_packed gpu_ms=0.63
[prefill-layer-phase] chunk=1 start=1024 layer=14 kind=gdn phase=pre_norm gpu_ms=0.02
[prefill-layer-phase] chunk=1 start=1024 layer=14 kind=gdn phase=gdn_qkv gpu_ms=2.53
[prefill-layer-phase] chunk=1 start=1024 layer=14 kind=gdn phase=gdn_z gpu_ms=1.29
[prefill-layer-phase] chunk=1 start=1024 layer=14 kind=gdn phase=gdn_beta_alpha gpu_ms=0.17
[prefill-layer-phase] chunk=1 start=1024 layer=14 kind=gdn phase=gdn_alpha_beta gpu_ms=0.01
[prefill-layer-phase] chunk=1 start=1024 layer=14 kind=gdn phase=gdn_prep_conv gpu_ms=0.43
[prefill-layer-phase] chunk=1 start=1024 layer=14 kind=gdn phase=gdn_prep_l2 gpu_ms=0.03
[prefill-layer-phase] chunk=1 start=1024 layer=14 kind=gdn phase=gdn_step gpu_ms=1.57
[prefill-layer-phase] chunk=1 start=1024 layer=14 kind=gdn phase=gdn_gated gpu_ms=0.11
[prefill-layer-phase] chunk=1 start=1024 layer=14 kind=gdn phase=gdn_back gpu_ms=1.30
[prefill-layer-phase] chunk=1 start=1024 layer=14 kind=gdn phase=mixer_resid gpu_ms=0.03
[prefill-layer-phase] chunk=1 start=1024 layer=14 kind=moe phase=post_norm gpu_ms=0.02
[prefill-layer-phase] chunk=1 start=1024 layer=14 kind=moe phase=route_fused gpu_ms=0.31
[prefill-layer-phase] chunk=1 start=1024 layer=14 kind=moe phase=routed_swiglu gpu_ms=4.16
[prefill-layer-phase] chunk=1 start=1024 layer=14 kind=moe phase=routed_down gpu_ms=2.41
[prefill-layer-phase] chunk=1 start=1024 layer=14 kind=moe phase=routed_reduce gpu_ms=0.14
[prefill-layer-phase] chunk=1 start=1024 layer=14 kind=moe phase=shared_packed gpu_ms=0.64
[prefill-layer-phase] chunk=1 start=1024 layer=15 kind=attn phase=pre_norm gpu_ms=0.02
[prefill-attn-phase] chunk=1 start=1024 layer=15 phase=proj gpu_ms=2.92
[prefill-attn-phase] chunk=1 start=1024 layer=15 phase=norm gpu_ms=0.29
[prefill-attn-phase] chunk=1 start=1024 layer=15 phase=rope_scatter gpu_ms=0.06
[prefill-attn-packed-shape] layer=15 chunk_start=1024 chunk_p=1024 group=8 packed_rows=4 qt=2 row_groups=256 dispatches=512 nwg=64 partial_rw_mib=2064.00
[prefill-attn-matrix-g8-shape] layer=15 chunk_start=1024 chunk_p=1024 query_rows=1024 query_tiles=1 n_pos=2048 score_tile_scratch_mib=68.00 vt_stride=4096 vt_layer_mib=4.00 vt_update_base=1024 vt_update_rows=1024 vt_update_mib=1.00
[prefill-attn-phase] chunk=1 start=1024 layer=15 phase=body_matrix_kq gpu_ms=0.99
[prefill-attn-phase] chunk=1 start=1024 layer=15 phase=body_matrix_kqv gpu_ms=0.98
[prefill-layer-phase] chunk=1 start=1024 layer=15 kind=attn phase=attn_back gpu_ms=1.39
[prefill-layer-phase] chunk=1 start=1024 layer=15 kind=attn phase=mixer_resid gpu_ms=0.03
[prefill-layer-phase] chunk=1 start=1024 layer=15 kind=moe phase=post_norm gpu_ms=0.02
[prefill-layer-phase] chunk=1 start=1024 layer=15 kind=moe phase=route_fused gpu_ms=0.31
[prefill-layer-phase] chunk=1 start=1024 layer=15 kind=moe phase=routed_swiglu gpu_ms=4.17
[prefill-layer-phase] chunk=1 start=1024 layer=15 kind=moe phase=routed_down gpu_ms=2.47
[prefill-layer-phase] chunk=1 start=1024 layer=15 kind=moe phase=routed_reduce gpu_ms=0.14
[prefill-layer-phase] chunk=1 start=1024 layer=15 kind=moe phase=shared_packed gpu_ms=0.64
[prefill-layer-phase] chunk=1 start=1024 layer=16 kind=gdn phase=pre_norm gpu_ms=0.02
[prefill-layer-phase] chunk=1 start=1024 layer=16 kind=gdn phase=gdn_qkv gpu_ms=2.53
[prefill-layer-phase] chunk=1 start=1024 layer=16 kind=gdn phase=gdn_z gpu_ms=1.29
[prefill-layer-phase] chunk=1 start=1024 layer=16 kind=gdn phase=gdn_beta_alpha gpu_ms=0.17
[prefill-layer-phase] chunk=1 start=1024 layer=16 kind=gdn phase=gdn_alpha_beta gpu_ms=0.00
[prefill-layer-phase] chunk=1 start=1024 layer=16 kind=gdn phase=gdn_prep_conv gpu_ms=0.43
[prefill-layer-phase] chunk=1 start=1024 layer=16 kind=gdn phase=gdn_prep_l2 gpu_ms=0.03
[prefill-layer-phase] chunk=1 start=1024 layer=16 kind=gdn phase=gdn_step gpu_ms=1.58
[prefill-layer-phase] chunk=1 start=1024 layer=16 kind=gdn phase=gdn_gated gpu_ms=0.11
[prefill-layer-phase] chunk=1 start=1024 layer=16 kind=gdn phase=gdn_back gpu_ms=1.30
[prefill-layer-phase] chunk=1 start=1024 layer=16 kind=gdn phase=mixer_resid gpu_ms=0.03
[prefill-layer-phase] chunk=1 start=1024 layer=16 kind=moe phase=post_norm gpu_ms=0.02
[prefill-layer-phase] chunk=1 start=1024 layer=16 kind=moe phase=route_fused gpu_ms=0.31
[prefill-layer-phase] chunk=1 start=1024 layer=16 kind=moe phase=routed_swiglu gpu_ms=3.87
[prefill-layer-phase] chunk=1 start=1024 layer=16 kind=moe phase=routed_down gpu_ms=2.21
[prefill-layer-phase] chunk=1 start=1024 layer=16 kind=moe phase=routed_reduce gpu_ms=0.14
[prefill-layer-phase] chunk=1 start=1024 layer=16 kind=moe phase=shared_packed gpu_ms=0.64
[prefill-layer-phase] chunk=1 start=1024 layer=17 kind=gdn phase=pre_norm gpu_ms=0.02
[prefill-layer-phase] chunk=1 start=1024 layer=17 kind=gdn phase=gdn_qkv gpu_ms=2.53
[prefill-layer-phase] chunk=1 start=1024 layer=17 kind=gdn phase=gdn_z gpu_ms=1.29
[prefill-layer-phase] chunk=1 start=1024 layer=17 kind=gdn phase=gdn_beta_alpha gpu_ms=0.17
[prefill-layer-phase] chunk=1 start=1024 layer=17 kind=gdn phase=gdn_alpha_beta gpu_ms=0.01
[prefill-layer-phase] chunk=1 start=1024 layer=17 kind=gdn phase=gdn_prep_conv gpu_ms=0.43
[prefill-layer-phase] chunk=1 start=1024 layer=17 kind=gdn phase=gdn_prep_l2 gpu_ms=0.03
[prefill-layer-phase] chunk=1 start=1024 layer=17 kind=gdn phase=gdn_step gpu_ms=1.58
[prefill-layer-phase] chunk=1 start=1024 layer=17 kind=gdn phase=gdn_gated gpu_ms=0.11
[prefill-layer-phase] chunk=1 start=1024 layer=17 kind=gdn phase=gdn_back gpu_ms=1.30
[prefill-layer-phase] chunk=1 start=1024 layer=17 kind=gdn phase=mixer_resid gpu_ms=0.03
[prefill-layer-phase] chunk=1 start=1024 layer=17 kind=moe phase=post_norm gpu_ms=0.02
[prefill-layer-phase] chunk=1 start=1024 layer=17 kind=moe phase=route_fused gpu_ms=0.31
[prefill-layer-phase] chunk=1 start=1024 layer=17 kind=moe phase=routed_swiglu gpu_ms=3.90
[prefill-layer-phase] chunk=1 start=1024 layer=17 kind=moe phase=routed_down gpu_ms=2.30
[prefill-layer-phase] chunk=1 start=1024 layer=17 kind=moe phase=routed_reduce gpu_ms=0.14
[prefill-layer-phase] chunk=1 start=1024 layer=17 kind=moe phase=shared_packed gpu_ms=0.64
[prefill-layer-phase] chunk=1 start=1024 layer=18 kind=gdn phase=pre_norm gpu_ms=0.02
[prefill-layer-phase] chunk=1 start=1024 layer=18 kind=gdn phase=gdn_qkv gpu_ms=2.53
[prefill-layer-phase] chunk=1 start=1024 layer=18 kind=gdn phase=gdn_z gpu_ms=1.29
[prefill-layer-phase] chunk=1 start=1024 layer=18 kind=gdn phase=gdn_beta_alpha gpu_ms=0.17
[prefill-layer-phase] chunk=1 start=1024 layer=18 kind=gdn phase=gdn_alpha_beta gpu_ms=0.01
[prefill-layer-phase] chunk=1 start=1024 layer=18 kind=gdn phase=gdn_prep_conv gpu_ms=0.43
[prefill-layer-phase] chunk=1 start=1024 layer=18 kind=gdn phase=gdn_prep_l2 gpu_ms=0.03
[prefill-layer-phase] chunk=1 start=1024 layer=18 kind=gdn phase=gdn_step gpu_ms=1.55
[prefill-layer-phase] chunk=1 start=1024 layer=18 kind=gdn phase=gdn_gated gpu_ms=0.11
[prefill-layer-phase] chunk=1 start=1024 layer=18 kind=gdn phase=gdn_back gpu_ms=1.30
[prefill-layer-phase] chunk=1 start=1024 layer=18 kind=gdn phase=mixer_resid gpu_ms=0.03
[prefill-layer-phase] chunk=1 start=1024 layer=18 kind=moe phase=post_norm gpu_ms=0.02
[prefill-layer-phase] chunk=1 start=1024 layer=18 kind=moe phase=route_fused gpu_ms=0.31
[prefill-layer-phase] chunk=1 start=1024 layer=18 kind=moe phase=routed_swiglu gpu_ms=4.08
[prefill-layer-phase] chunk=1 start=1024 layer=18 kind=moe phase=routed_down gpu_ms=2.45
[prefill-layer-phase] chunk=1 start=1024 layer=18 kind=moe phase=routed_reduce gpu_ms=0.14
[prefill-layer-phase] chunk=1 start=1024 layer=18 kind=moe phase=shared_packed gpu_ms=0.64
[prefill-layer-phase] chunk=1 start=1024 layer=19 kind=attn phase=pre_norm gpu_ms=0.02
[prefill-attn-phase] chunk=1 start=1024 layer=19 phase=proj gpu_ms=2.91
[prefill-attn-phase] chunk=1 start=1024 layer=19 phase=norm gpu_ms=0.29
[prefill-attn-phase] chunk=1 start=1024 layer=19 phase=rope_scatter gpu_ms=0.05
[prefill-attn-packed-shape] layer=19 chunk_start=1024 chunk_p=1024 group=8 packed_rows=4 qt=2 row_groups=256 dispatches=512 nwg=64 partial_rw_mib=2064.00
[prefill-attn-matrix-g8-shape] layer=19 chunk_start=1024 chunk_p=1024 query_rows=1024 query_tiles=1 n_pos=2048 score_tile_scratch_mib=68.00 vt_stride=4096 vt_layer_mib=4.00 vt_update_base=1024 vt_update_rows=1024 vt_update_mib=1.00
[prefill-attn-phase] chunk=1 start=1024 layer=19 phase=body_matrix_kq gpu_ms=0.99
[prefill-attn-phase] chunk=1 start=1024 layer=19 phase=body_matrix_kqv gpu_ms=0.98
[prefill-layer-phase] chunk=1 start=1024 layer=19 kind=attn phase=attn_back gpu_ms=1.39
[prefill-layer-phase] chunk=1 start=1024 layer=19 kind=attn phase=mixer_resid gpu_ms=0.03
[prefill-layer-phase] chunk=1 start=1024 layer=19 kind=moe phase=post_norm gpu_ms=0.02
[prefill-layer-phase] chunk=1 start=1024 layer=19 kind=moe phase=route_fused gpu_ms=0.31
[prefill-layer-phase] chunk=1 start=1024 layer=19 kind=moe phase=routed_swiglu gpu_ms=4.16
[prefill-layer-phase] chunk=1 start=1024 layer=19 kind=moe phase=routed_down gpu_ms=2.36
[prefill-layer-phase] chunk=1 start=1024 layer=19 kind=moe phase=routed_reduce gpu_ms=0.14
[prefill-layer-phase] chunk=1 start=1024 layer=19 kind=moe phase=shared_packed gpu_ms=0.64
[prefill-layer-phase] chunk=1 start=1024 layer=20 kind=gdn phase=pre_norm gpu_ms=0.02
[prefill-layer-phase] chunk=1 start=1024 layer=20 kind=gdn phase=gdn_qkv gpu_ms=2.53
[prefill-layer-phase] chunk=1 start=1024 layer=20 kind=gdn phase=gdn_z gpu_ms=1.29
[prefill-layer-phase] chunk=1 start=1024 layer=20 kind=gdn phase=gdn_beta_alpha gpu_ms=0.17
[prefill-layer-phase] chunk=1 start=1024 layer=20 kind=gdn phase=gdn_alpha_beta gpu_ms=0.00
[prefill-layer-phase] chunk=1 start=1024 layer=20 kind=gdn phase=gdn_prep_conv gpu_ms=0.42
[prefill-layer-phase] chunk=1 start=1024 layer=20 kind=gdn phase=gdn_prep_l2 gpu_ms=0.03
[prefill-layer-phase] chunk=1 start=1024 layer=20 kind=gdn phase=gdn_step gpu_ms=1.56
[prefill-layer-phase] chunk=1 start=1024 layer=20 kind=gdn phase=gdn_gated gpu_ms=0.11
[prefill-layer-phase] chunk=1 start=1024 layer=20 kind=gdn phase=gdn_back gpu_ms=1.30
[prefill-layer-phase] chunk=1 start=1024 layer=20 kind=gdn phase=mixer_resid gpu_ms=0.03
[prefill-layer-phase] chunk=1 start=1024 layer=20 kind=moe phase=post_norm gpu_ms=0.02
[prefill-layer-phase] chunk=1 start=1024 layer=20 kind=moe phase=route_fused gpu_ms=0.31
[prefill-layer-phase] chunk=1 start=1024 layer=20 kind=moe phase=routed_swiglu gpu_ms=4.32
[prefill-layer-phase] chunk=1 start=1024 layer=20 kind=moe phase=routed_down gpu_ms=2.63
[prefill-layer-phase] chunk=1 start=1024 layer=20 kind=moe phase=routed_reduce gpu_ms=0.14
[prefill-layer-phase] chunk=1 start=1024 layer=20 kind=moe phase=shared_packed gpu_ms=0.64
[prefill-layer-phase] chunk=1 start=1024 layer=21 kind=gdn phase=pre_norm gpu_ms=0.02
[prefill-layer-phase] chunk=1 start=1024 layer=21 kind=gdn phase=gdn_qkv gpu_ms=2.53
[prefill-layer-phase] chunk=1 start=1024 layer=21 kind=gdn phase=gdn_z gpu_ms=1.29
[prefill-layer-phase] chunk=1 start=1024 layer=21 kind=gdn phase=gdn_beta_alpha gpu_ms=0.17
[prefill-layer-phase] chunk=1 start=1024 layer=21 kind=gdn phase=gdn_alpha_beta gpu_ms=0.01
[prefill-layer-phase] chunk=1 start=1024 layer=21 kind=gdn phase=gdn_prep_conv gpu_ms=0.43
[prefill-layer-phase] chunk=1 start=1024 layer=21 kind=gdn phase=gdn_prep_l2 gpu_ms=0.03
[prefill-layer-phase] chunk=1 start=1024 layer=21 kind=gdn phase=gdn_step gpu_ms=1.57
[prefill-layer-phase] chunk=1 start=1024 layer=21 kind=gdn phase=gdn_gated gpu_ms=0.11
[prefill-layer-phase] chunk=1 start=1024 layer=21 kind=gdn phase=gdn_back gpu_ms=1.30
[prefill-layer-phase] chunk=1 start=1024 layer=21 kind=gdn phase=mixer_resid gpu_ms=0.03
[prefill-layer-phase] chunk=1 start=1024 layer=21 kind=moe phase=post_norm gpu_ms=0.02
[prefill-layer-phase] chunk=1 start=1024 layer=21 kind=moe phase=route_fused gpu_ms=0.31
[prefill-layer-phase] chunk=1 start=1024 layer=21 kind=moe phase=routed_swiglu gpu_ms=4.29
[prefill-layer-phase] chunk=1 start=1024 layer=21 kind=moe phase=routed_down gpu_ms=2.50
[prefill-layer-phase] chunk=1 start=1024 layer=21 kind=moe phase=routed_reduce gpu_ms=0.14
[prefill-layer-phase] chunk=1 start=1024 layer=21 kind=moe phase=shared_packed gpu_ms=0.64
[prefill-layer-phase] chunk=1 start=1024 layer=22 kind=gdn phase=pre_norm gpu_ms=0.02
[prefill-layer-phase] chunk=1 start=1024 layer=22 kind=gdn phase=gdn_qkv gpu_ms=2.53
[prefill-layer-phase] chunk=1 start=1024 layer=22 kind=gdn phase=gdn_z gpu_ms=1.29
[prefill-layer-phase] chunk=1 start=1024 layer=22 kind=gdn phase=gdn_beta_alpha gpu_ms=0.17
[prefill-layer-phase] chunk=1 start=1024 layer=22 kind=gdn phase=gdn_alpha_beta gpu_ms=0.01
[prefill-layer-phase] chunk=1 start=1024 layer=22 kind=gdn phase=gdn_prep_conv gpu_ms=0.43
[prefill-layer-phase] chunk=1 start=1024 layer=22 kind=gdn phase=gdn_prep_l2 gpu_ms=0.03
[prefill-layer-phase] chunk=1 start=1024 layer=22 kind=gdn phase=gdn_step gpu_ms=1.56
[prefill-layer-phase] chunk=1 start=1024 layer=22 kind=gdn phase=gdn_gated gpu_ms=0.11
[prefill-layer-phase] chunk=1 start=1024 layer=22 kind=gdn phase=gdn_back gpu_ms=1.30
[prefill-layer-phase] chunk=1 start=1024 layer=22 kind=gdn phase=mixer_resid gpu_ms=0.03
[prefill-layer-phase] chunk=1 start=1024 layer=22 kind=moe phase=post_norm gpu_ms=0.02
[prefill-layer-phase] chunk=1 start=1024 layer=22 kind=moe phase=route_fused gpu_ms=0.30
[prefill-layer-phase] chunk=1 start=1024 layer=22 kind=moe phase=routed_swiglu gpu_ms=4.11
[prefill-layer-phase] chunk=1 start=1024 layer=22 kind=moe phase=routed_down gpu_ms=2.43
[prefill-layer-phase] chunk=1 start=1024 layer=22 kind=moe phase=routed_reduce gpu_ms=0.14
[prefill-layer-phase] chunk=1 start=1024 layer=22 kind=moe phase=shared_packed gpu_ms=0.63
[prefill-layer-phase] chunk=1 start=1024 layer=23 kind=attn phase=pre_norm gpu_ms=0.02
[prefill-attn-phase] chunk=1 start=1024 layer=23 phase=proj gpu_ms=2.91
[prefill-attn-phase] chunk=1 start=1024 layer=23 phase=norm gpu_ms=0.29
[prefill-attn-phase] chunk=1 start=1024 layer=23 phase=rope_scatter gpu_ms=0.05
[prefill-attn-packed-shape] layer=23 chunk_start=1024 chunk_p=1024 group=8 packed_rows=4 qt=2 row_groups=256 dispatches=512 nwg=64 partial_rw_mib=2064.00
[prefill-attn-matrix-g8-shape] layer=23 chunk_start=1024 chunk_p=1024 query_rows=1024 query_tiles=1 n_pos=2048 score_tile_scratch_mib=68.00 vt_stride=4096 vt_layer_mib=4.00 vt_update_base=1024 vt_update_rows=1024 vt_update_mib=1.00
[prefill-attn-phase] chunk=1 start=1024 layer=23 phase=body_matrix_kq gpu_ms=0.99
[prefill-attn-phase] chunk=1 start=1024 layer=23 phase=body_matrix_kqv gpu_ms=0.98
[prefill-layer-phase] chunk=1 start=1024 layer=23 kind=attn phase=attn_back gpu_ms=1.39
[prefill-layer-phase] chunk=1 start=1024 layer=23 kind=attn phase=mixer_resid gpu_ms=0.03
[prefill-layer-phase] chunk=1 start=1024 layer=23 kind=moe phase=post_norm gpu_ms=0.02
[prefill-layer-phase] chunk=1 start=1024 layer=23 kind=moe phase=route_fused gpu_ms=0.31
[prefill-layer-phase] chunk=1 start=1024 layer=23 kind=moe phase=routed_swiglu gpu_ms=4.16
[prefill-layer-phase] chunk=1 start=1024 layer=23 kind=moe phase=routed_down gpu_ms=2.40
[prefill-layer-phase] chunk=1 start=1024 layer=23 kind=moe phase=routed_reduce gpu_ms=0.14
[prefill-layer-phase] chunk=1 start=1024 layer=23 kind=moe phase=shared_packed gpu_ms=0.64
[prefill-layer-phase] chunk=1 start=1024 layer=24 kind=gdn phase=pre_norm gpu_ms=0.02
[prefill-layer-phase] chunk=1 start=1024 layer=24 kind=gdn phase=gdn_qkv gpu_ms=2.53
[prefill-layer-phase] chunk=1 start=1024 layer=24 kind=gdn phase=gdn_z gpu_ms=1.29
[prefill-layer-phase] chunk=1 start=1024 layer=24 kind=gdn phase=gdn_beta_alpha gpu_ms=0.17
[prefill-layer-phase] chunk=1 start=1024 layer=24 kind=gdn phase=gdn_alpha_beta gpu_ms=0.01
[prefill-layer-phase] chunk=1 start=1024 layer=24 kind=gdn phase=gdn_prep_conv gpu_ms=0.43
[prefill-layer-phase] chunk=1 start=1024 layer=24 kind=gdn phase=gdn_prep_l2 gpu_ms=0.03
[prefill-layer-phase] chunk=1 start=1024 layer=24 kind=gdn phase=gdn_step gpu_ms=1.61
[prefill-layer-phase] chunk=1 start=1024 layer=24 kind=gdn phase=gdn_gated gpu_ms=0.11
[prefill-layer-phase] chunk=1 start=1024 layer=24 kind=gdn phase=gdn_back gpu_ms=1.30
[prefill-layer-phase] chunk=1 start=1024 layer=24 kind=gdn phase=mixer_resid gpu_ms=0.03
[prefill-layer-phase] chunk=1 start=1024 layer=24 kind=moe phase=post_norm gpu_ms=0.02
[prefill-layer-phase] chunk=1 start=1024 layer=24 kind=moe phase=route_fused gpu_ms=0.31
[prefill-layer-phase] chunk=1 start=1024 layer=24 kind=moe phase=routed_swiglu gpu_ms=4.05
[prefill-layer-phase] chunk=1 start=1024 layer=24 kind=moe phase=routed_down gpu_ms=2.37
[prefill-layer-phase] chunk=1 start=1024 layer=24 kind=moe phase=routed_reduce gpu_ms=0.14
[prefill-layer-phase] chunk=1 start=1024 layer=24 kind=moe phase=shared_packed gpu_ms=0.64
[prefill-layer-phase] chunk=1 start=1024 layer=25 kind=gdn phase=pre_norm gpu_ms=0.02
[prefill-layer-phase] chunk=1 start=1024 layer=25 kind=gdn phase=gdn_qkv gpu_ms=2.53
[prefill-layer-phase] chunk=1 start=1024 layer=25 kind=gdn phase=gdn_z gpu_ms=1.29
[prefill-layer-phase] chunk=1 start=1024 layer=25 kind=gdn phase=gdn_beta_alpha gpu_ms=0.18
[prefill-layer-phase] chunk=1 start=1024 layer=25 kind=gdn phase=gdn_alpha_beta gpu_ms=0.00
[prefill-layer-phase] chunk=1 start=1024 layer=25 kind=gdn phase=gdn_prep_conv gpu_ms=0.43
[prefill-layer-phase] chunk=1 start=1024 layer=25 kind=gdn phase=gdn_prep_l2 gpu_ms=0.03
[prefill-layer-phase] chunk=1 start=1024 layer=25 kind=gdn phase=gdn_step gpu_ms=1.57
[prefill-layer-phase] chunk=1 start=1024 layer=25 kind=gdn phase=gdn_gated gpu_ms=0.10
[prefill-layer-phase] chunk=1 start=1024 layer=25 kind=gdn phase=gdn_back gpu_ms=1.30
[prefill-layer-phase] chunk=1 start=1024 layer=25 kind=gdn phase=mixer_resid gpu_ms=0.03
[prefill-layer-phase] chunk=1 start=1024 layer=25 kind=moe phase=post_norm gpu_ms=0.02
[prefill-layer-phase] chunk=1 start=1024 layer=25 kind=moe phase=route_fused gpu_ms=0.31
[prefill-layer-phase] chunk=1 start=1024 layer=25 kind=moe phase=routed_swiglu gpu_ms=4.03
[prefill-layer-phase] chunk=1 start=1024 layer=25 kind=moe phase=routed_down gpu_ms=2.35
[prefill-layer-phase] chunk=1 start=1024 layer=25 kind=moe phase=routed_reduce gpu_ms=0.14
[prefill-layer-phase] chunk=1 start=1024 layer=25 kind=moe phase=shared_packed gpu_ms=0.64
[prefill-layer-phase] chunk=1 start=1024 layer=26 kind=gdn phase=pre_norm gpu_ms=0.02
[prefill-layer-phase] chunk=1 start=1024 layer=26 kind=gdn phase=gdn_qkv gpu_ms=2.53
[prefill-layer-phase] chunk=1 start=1024 layer=26 kind=gdn phase=gdn_z gpu_ms=1.29
[prefill-layer-phase] chunk=1 start=1024 layer=26 kind=gdn phase=gdn_beta_alpha gpu_ms=0.17
[prefill-layer-phase] chunk=1 start=1024 layer=26 kind=gdn phase=gdn_alpha_beta gpu_ms=0.00
[prefill-layer-phase] chunk=1 start=1024 layer=26 kind=gdn phase=gdn_prep_conv gpu_ms=0.43
[prefill-layer-phase] chunk=1 start=1024 layer=26 kind=gdn phase=gdn_prep_l2 gpu_ms=0.03
[prefill-layer-phase] chunk=1 start=1024 layer=26 kind=gdn phase=gdn_step gpu_ms=1.57
[prefill-layer-phase] chunk=1 start=1024 layer=26 kind=gdn phase=gdn_gated gpu_ms=0.11
[prefill-layer-phase] chunk=1 start=1024 layer=26 kind=gdn phase=gdn_back gpu_ms=1.30
[prefill-layer-phase] chunk=1 start=1024 layer=26 kind=gdn phase=mixer_resid gpu_ms=0.03
[prefill-layer-phase] chunk=1 start=1024 layer=26 kind=moe phase=post_norm gpu_ms=0.02
[prefill-layer-phase] chunk=1 start=1024 layer=26 kind=moe phase=route_fused gpu_ms=0.31
[prefill-layer-phase] chunk=1 start=1024 layer=26 kind=moe phase=routed_swiglu gpu_ms=4.05
[prefill-layer-phase] chunk=1 start=1024 layer=26 kind=moe phase=routed_down gpu_ms=2.44
[prefill-layer-phase] chunk=1 start=1024 layer=26 kind=moe phase=routed_reduce gpu_ms=0.14
[prefill-layer-phase] chunk=1 start=1024 layer=26 kind=moe phase=shared_packed gpu_ms=0.63
[prefill-layer-phase] chunk=1 start=1024 layer=27 kind=attn phase=pre_norm gpu_ms=0.02
[prefill-attn-phase] chunk=1 start=1024 layer=27 phase=proj gpu_ms=2.91
[prefill-attn-phase] chunk=1 start=1024 layer=27 phase=norm gpu_ms=0.29
[prefill-attn-phase] chunk=1 start=1024 layer=27 phase=rope_scatter gpu_ms=0.05
[prefill-attn-packed-shape] layer=27 chunk_start=1024 chunk_p=1024 group=8 packed_rows=4 qt=2 row_groups=256 dispatches=512 nwg=64 partial_rw_mib=2064.00
[prefill-attn-matrix-g8-shape] layer=27 chunk_start=1024 chunk_p=1024 query_rows=1024 query_tiles=1 n_pos=2048 score_tile_scratch_mib=68.00 vt_stride=4096 vt_layer_mib=4.00 vt_update_base=1024 vt_update_rows=1024 vt_update_mib=1.00
[prefill-attn-phase] chunk=1 start=1024 layer=27 phase=body_matrix_kq gpu_ms=0.99
[prefill-attn-phase] chunk=1 start=1024 layer=27 phase=body_matrix_kqv gpu_ms=0.98
[prefill-layer-phase] chunk=1 start=1024 layer=27 kind=attn phase=attn_back gpu_ms=1.39
[prefill-layer-phase] chunk=1 start=1024 layer=27 kind=attn phase=mixer_resid gpu_ms=0.03
[prefill-layer-phase] chunk=1 start=1024 layer=27 kind=moe phase=post_norm gpu_ms=0.02
[prefill-layer-phase] chunk=1 start=1024 layer=27 kind=moe phase=route_fused gpu_ms=0.31
[prefill-layer-phase] chunk=1 start=1024 layer=27 kind=moe phase=routed_swiglu gpu_ms=4.18
[prefill-layer-phase] chunk=1 start=1024 layer=27 kind=moe phase=routed_down gpu_ms=2.41
[prefill-layer-phase] chunk=1 start=1024 layer=27 kind=moe phase=routed_reduce gpu_ms=0.14
[prefill-layer-phase] chunk=1 start=1024 layer=27 kind=moe phase=shared_packed gpu_ms=0.64
[prefill-layer-phase] chunk=1 start=1024 layer=28 kind=gdn phase=pre_norm gpu_ms=0.02
[prefill-layer-phase] chunk=1 start=1024 layer=28 kind=gdn phase=gdn_qkv gpu_ms=2.53
[prefill-layer-phase] chunk=1 start=1024 layer=28 kind=gdn phase=gdn_z gpu_ms=1.29
[prefill-layer-phase] chunk=1 start=1024 layer=28 kind=gdn phase=gdn_beta_alpha gpu_ms=0.17
[prefill-layer-phase] chunk=1 start=1024 layer=28 kind=gdn phase=gdn_alpha_beta gpu_ms=0.00
[prefill-layer-phase] chunk=1 start=1024 layer=28 kind=gdn phase=gdn_prep_conv gpu_ms=0.43
[prefill-layer-phase] chunk=1 start=1024 layer=28 kind=gdn phase=gdn_prep_l2 gpu_ms=0.03
[prefill-layer-phase] chunk=1 start=1024 layer=28 kind=gdn phase=gdn_step gpu_ms=1.56
[prefill-layer-phase] chunk=1 start=1024 layer=28 kind=gdn phase=gdn_gated gpu_ms=0.11
[prefill-layer-phase] chunk=1 start=1024 layer=28 kind=gdn phase=gdn_back gpu_ms=1.30
[prefill-layer-phase] chunk=1 start=1024 layer=28 kind=gdn phase=mixer_resid gpu_ms=0.03
[prefill-layer-phase] chunk=1 start=1024 layer=28 kind=moe phase=post_norm gpu_ms=0.02
[prefill-layer-phase] chunk=1 start=1024 layer=28 kind=moe phase=route_fused gpu_ms=0.31
[prefill-layer-phase] chunk=1 start=1024 layer=28 kind=moe phase=routed_swiglu gpu_ms=4.06
[prefill-layer-phase] chunk=1 start=1024 layer=28 kind=moe phase=routed_down gpu_ms=2.28
[prefill-layer-phase] chunk=1 start=1024 layer=28 kind=moe phase=routed_reduce gpu_ms=0.15
[prefill-layer-phase] chunk=1 start=1024 layer=28 kind=moe phase=shared_packed gpu_ms=0.64
[prefill-layer-phase] chunk=1 start=1024 layer=29 kind=gdn phase=pre_norm gpu_ms=0.02
[prefill-layer-phase] chunk=1 start=1024 layer=29 kind=gdn phase=gdn_qkv gpu_ms=2.53
[prefill-layer-phase] chunk=1 start=1024 layer=29 kind=gdn phase=gdn_z gpu_ms=1.29
[prefill-layer-phase] chunk=1 start=1024 layer=29 kind=gdn phase=gdn_beta_alpha gpu_ms=0.17
[prefill-layer-phase] chunk=1 start=1024 layer=29 kind=gdn phase=gdn_alpha_beta gpu_ms=0.01
[prefill-layer-phase] chunk=1 start=1024 layer=29 kind=gdn phase=gdn_prep_conv gpu_ms=0.43
[prefill-layer-phase] chunk=1 start=1024 layer=29 kind=gdn phase=gdn_prep_l2 gpu_ms=0.03
[prefill-layer-phase] chunk=1 start=1024 layer=29 kind=gdn phase=gdn_step gpu_ms=1.61
[prefill-layer-phase] chunk=1 start=1024 layer=29 kind=gdn phase=gdn_gated gpu_ms=0.11
[prefill-layer-phase] chunk=1 start=1024 layer=29 kind=gdn phase=gdn_back gpu_ms=1.30
[prefill-layer-phase] chunk=1 start=1024 layer=29 kind=gdn phase=mixer_resid gpu_ms=0.03
[prefill-layer-phase] chunk=1 start=1024 layer=29 kind=moe phase=post_norm gpu_ms=0.02
[prefill-layer-phase] chunk=1 start=1024 layer=29 kind=moe phase=route_fused gpu_ms=0.31
[prefill-layer-phase] chunk=1 start=1024 layer=29 kind=moe phase=routed_swiglu gpu_ms=3.96
[prefill-layer-phase] chunk=1 start=1024 layer=29 kind=moe phase=routed_down gpu_ms=2.36
[prefill-layer-phase] chunk=1 start=1024 layer=29 kind=moe phase=routed_reduce gpu_ms=0.14
[prefill-layer-phase] chunk=1 start=1024 layer=29 kind=moe phase=shared_packed gpu_ms=0.64
[prefill-layer-phase] chunk=1 start=1024 layer=30 kind=gdn phase=pre_norm gpu_ms=0.02
[prefill-layer-phase] chunk=1 start=1024 layer=30 kind=gdn phase=gdn_qkv gpu_ms=2.53
[prefill-layer-phase] chunk=1 start=1024 layer=30 kind=gdn phase=gdn_z gpu_ms=1.29
[prefill-layer-phase] chunk=1 start=1024 layer=30 kind=gdn phase=gdn_beta_alpha gpu_ms=0.17
[prefill-layer-phase] chunk=1 start=1024 layer=30 kind=gdn phase=gdn_alpha_beta gpu_ms=0.00
[prefill-layer-phase] chunk=1 start=1024 layer=30 kind=gdn phase=gdn_prep_conv gpu_ms=0.43
[prefill-layer-phase] chunk=1 start=1024 layer=30 kind=gdn phase=gdn_prep_l2 gpu_ms=0.03
[prefill-layer-phase] chunk=1 start=1024 layer=30 kind=gdn phase=gdn_step gpu_ms=1.56
[prefill-layer-phase] chunk=1 start=1024 layer=30 kind=gdn phase=gdn_gated gpu_ms=0.10
[prefill-layer-phase] chunk=1 start=1024 layer=30 kind=gdn phase=gdn_back gpu_ms=1.30
[prefill-layer-phase] chunk=1 start=1024 layer=30 kind=gdn phase=mixer_resid gpu_ms=0.03
[prefill-layer-phase] chunk=1 start=1024 layer=30 kind=moe phase=post_norm gpu_ms=0.02
[prefill-layer-phase] chunk=1 start=1024 layer=30 kind=moe phase=route_fused gpu_ms=0.31
[prefill-layer-phase] chunk=1 start=1024 layer=30 kind=moe phase=routed_swiglu gpu_ms=4.08
[prefill-layer-phase] chunk=1 start=1024 layer=30 kind=moe phase=routed_down gpu_ms=2.46
[prefill-layer-phase] chunk=1 start=1024 layer=30 kind=moe phase=routed_reduce gpu_ms=0.15
[prefill-layer-phase] chunk=1 start=1024 layer=30 kind=moe phase=shared_packed gpu_ms=0.64
[prefill-layer-phase] chunk=1 start=1024 layer=31 kind=attn phase=pre_norm gpu_ms=0.02
[prefill-attn-phase] chunk=1 start=1024 layer=31 phase=proj gpu_ms=2.91
[prefill-attn-phase] chunk=1 start=1024 layer=31 phase=norm gpu_ms=0.28
[prefill-attn-phase] chunk=1 start=1024 layer=31 phase=rope_scatter gpu_ms=0.05
[prefill-attn-packed-shape] layer=31 chunk_start=1024 chunk_p=1024 group=8 packed_rows=4 qt=2 row_groups=256 dispatches=512 nwg=64 partial_rw_mib=2064.00
[prefill-attn-matrix-g8-shape] layer=31 chunk_start=1024 chunk_p=1024 query_rows=1024 query_tiles=1 n_pos=2048 score_tile_scratch_mib=68.00 vt_stride=4096 vt_layer_mib=4.00 vt_update_base=1024 vt_update_rows=1024 vt_update_mib=1.00
[prefill-attn-phase] chunk=1 start=1024 layer=31 phase=body_matrix_kq gpu_ms=0.99
[prefill-attn-phase] chunk=1 start=1024 layer=31 phase=body_matrix_kqv gpu_ms=0.98
[prefill-layer-phase] chunk=1 start=1024 layer=31 kind=attn phase=attn_back gpu_ms=1.39
[prefill-layer-phase] chunk=1 start=1024 layer=31 kind=attn phase=mixer_resid gpu_ms=0.03
[prefill-layer-phase] chunk=1 start=1024 layer=31 kind=moe phase=post_norm gpu_ms=0.02
[prefill-layer-phase] chunk=1 start=1024 layer=31 kind=moe phase=route_fused gpu_ms=0.31
[prefill-layer-phase] chunk=1 start=1024 layer=31 kind=moe phase=routed_swiglu gpu_ms=4.06
[prefill-layer-phase] chunk=1 start=1024 layer=31 kind=moe phase=routed_down gpu_ms=2.26
[prefill-layer-phase] chunk=1 start=1024 layer=31 kind=moe phase=routed_reduce gpu_ms=0.14
[prefill-layer-phase] chunk=1 start=1024 layer=31 kind=moe phase=shared_packed gpu_ms=0.64
[prefill-layer-phase] chunk=1 start=1024 layer=32 kind=gdn phase=pre_norm gpu_ms=0.02
[prefill-layer-phase] chunk=1 start=1024 layer=32 kind=gdn phase=gdn_qkv gpu_ms=2.53
[prefill-layer-phase] chunk=1 start=1024 layer=32 kind=gdn phase=gdn_z gpu_ms=1.29
[prefill-layer-phase] chunk=1 start=1024 layer=32 kind=gdn phase=gdn_beta_alpha gpu_ms=0.17
[prefill-layer-phase] chunk=1 start=1024 layer=32 kind=gdn phase=gdn_alpha_beta gpu_ms=0.00
[prefill-layer-phase] chunk=1 start=1024 layer=32 kind=gdn phase=gdn_prep_conv gpu_ms=0.43
[prefill-layer-phase] chunk=1 start=1024 layer=32 kind=gdn phase=gdn_prep_l2 gpu_ms=0.03
[prefill-layer-phase] chunk=1 start=1024 layer=32 kind=gdn phase=gdn_step gpu_ms=1.58
[prefill-layer-phase] chunk=1 start=1024 layer=32 kind=gdn phase=gdn_gated gpu_ms=0.11
[prefill-layer-phase] chunk=1 start=1024 layer=32 kind=gdn phase=gdn_back gpu_ms=1.30
[prefill-layer-phase] chunk=1 start=1024 layer=32 kind=gdn phase=mixer_resid gpu_ms=0.03
[prefill-layer-phase] chunk=1 start=1024 layer=32 kind=moe phase=post_norm gpu_ms=0.02
[prefill-layer-phase] chunk=1 start=1024 layer=32 kind=moe phase=route_fused gpu_ms=0.31
[prefill-layer-phase] chunk=1 start=1024 layer=32 kind=moe phase=routed_swiglu gpu_ms=3.95
[prefill-layer-phase] chunk=1 start=1024 layer=32 kind=moe phase=routed_down gpu_ms=2.33
[prefill-layer-phase] chunk=1 start=1024 layer=32 kind=moe phase=routed_reduce gpu_ms=0.14
[prefill-layer-phase] chunk=1 start=1024 layer=32 kind=moe phase=shared_packed gpu_ms=0.64
[prefill-layer-phase] chunk=1 start=1024 layer=33 kind=gdn phase=pre_norm gpu_ms=0.02
[prefill-layer-phase] chunk=1 start=1024 layer=33 kind=gdn phase=gdn_qkv gpu_ms=2.53
[prefill-layer-phase] chunk=1 start=1024 layer=33 kind=gdn phase=gdn_z gpu_ms=1.29
[prefill-layer-phase] chunk=1 start=1024 layer=33 kind=gdn phase=gdn_beta_alpha gpu_ms=0.17
[prefill-layer-phase] chunk=1 start=1024 layer=33 kind=gdn phase=gdn_alpha_beta gpu_ms=0.00
[prefill-layer-phase] chunk=1 start=1024 layer=33 kind=gdn phase=gdn_prep_conv gpu_ms=0.43
[prefill-layer-phase] chunk=1 start=1024 layer=33 kind=gdn phase=gdn_prep_l2 gpu_ms=0.03
[prefill-layer-phase] chunk=1 start=1024 layer=33 kind=gdn phase=gdn_step gpu_ms=1.54
[prefill-layer-phase] chunk=1 start=1024 layer=33 kind=gdn phase=gdn_gated gpu_ms=0.11
[prefill-layer-phase] chunk=1 start=1024 layer=33 kind=gdn phase=gdn_back gpu_ms=1.30
[prefill-layer-phase] chunk=1 start=1024 layer=33 kind=gdn phase=mixer_resid gpu_ms=0.03
[prefill-layer-phase] chunk=1 start=1024 layer=33 kind=moe phase=post_norm gpu_ms=0.02
[prefill-layer-phase] chunk=1 start=1024 layer=33 kind=moe phase=route_fused gpu_ms=0.31
[prefill-layer-phase] chunk=1 start=1024 layer=33 kind=moe phase=routed_swiglu gpu_ms=4.06
[prefill-layer-phase] chunk=1 start=1024 layer=33 kind=moe phase=routed_down gpu_ms=2.50
[prefill-layer-phase] chunk=1 start=1024 layer=33 kind=moe phase=routed_reduce gpu_ms=0.14
[prefill-layer-phase] chunk=1 start=1024 layer=33 kind=moe phase=shared_packed gpu_ms=0.64
[prefill-layer-phase] chunk=1 start=1024 layer=34 kind=gdn phase=pre_norm gpu_ms=0.02
[prefill-layer-phase] chunk=1 start=1024 layer=34 kind=gdn phase=gdn_qkv gpu_ms=2.53
[prefill-layer-phase] chunk=1 start=1024 layer=34 kind=gdn phase=gdn_z gpu_ms=1.29
[prefill-layer-phase] chunk=1 start=1024 layer=34 kind=gdn phase=gdn_beta_alpha gpu_ms=0.17
[prefill-layer-phase] chunk=1 start=1024 layer=34 kind=gdn phase=gdn_alpha_beta gpu_ms=0.00
[prefill-layer-phase] chunk=1 start=1024 layer=34 kind=gdn phase=gdn_prep_conv gpu_ms=0.43
[prefill-layer-phase] chunk=1 start=1024 layer=34 kind=gdn phase=gdn_prep_l2 gpu_ms=0.03
[prefill-layer-phase] chunk=1 start=1024 layer=34 kind=gdn phase=gdn_step gpu_ms=1.58
[prefill-layer-phase] chunk=1 start=1024 layer=34 kind=gdn phase=gdn_gated gpu_ms=0.10
[prefill-layer-phase] chunk=1 start=1024 layer=34 kind=gdn phase=gdn_back gpu_ms=1.30
[prefill-layer-phase] chunk=1 start=1024 layer=34 kind=gdn phase=mixer_resid gpu_ms=0.03
[prefill-layer-phase] chunk=1 start=1024 layer=34 kind=moe phase=post_norm gpu_ms=0.02
[prefill-layer-phase] chunk=1 start=1024 layer=34 kind=moe phase=route_fused gpu_ms=0.31
[prefill-layer-phase] chunk=1 start=1024 layer=34 kind=moe phase=routed_swiglu gpu_ms=3.99
[prefill-layer-phase] chunk=1 start=1024 layer=34 kind=moe phase=routed_down gpu_ms=2.20
[prefill-layer-phase] chunk=1 start=1024 layer=34 kind=moe phase=routed_reduce gpu_ms=0.14
[prefill-layer-phase] chunk=1 start=1024 layer=34 kind=moe phase=shared_packed gpu_ms=0.64
[prefill-layer-phase] chunk=1 start=1024 layer=35 kind=attn phase=pre_norm gpu_ms=0.02
[prefill-attn-phase] chunk=1 start=1024 layer=35 phase=proj gpu_ms=2.91
[prefill-attn-phase] chunk=1 start=1024 layer=35 phase=norm gpu_ms=0.29
[prefill-attn-phase] chunk=1 start=1024 layer=35 phase=rope_scatter gpu_ms=0.05
[prefill-attn-packed-shape] layer=35 chunk_start=1024 chunk_p=1024 group=8 packed_rows=4 qt=2 row_groups=256 dispatches=512 nwg=64 partial_rw_mib=2064.00
[prefill-attn-matrix-g8-shape] layer=35 chunk_start=1024 chunk_p=1024 query_rows=1024 query_tiles=1 n_pos=2048 score_tile_scratch_mib=68.00 vt_stride=4096 vt_layer_mib=4.00 vt_update_base=1024 vt_update_rows=1024 vt_update_mib=1.00
[prefill-attn-phase] chunk=1 start=1024 layer=35 phase=body_matrix_kq gpu_ms=0.99
[prefill-attn-phase] chunk=1 start=1024 layer=35 phase=body_matrix_kqv gpu_ms=0.98
[prefill-layer-phase] chunk=1 start=1024 layer=35 kind=attn phase=attn_back gpu_ms=1.39
[prefill-layer-phase] chunk=1 start=1024 layer=35 kind=attn phase=mixer_resid gpu_ms=0.03
[prefill-layer-phase] chunk=1 start=1024 layer=35 kind=moe phase=post_norm gpu_ms=0.02
[prefill-layer-phase] chunk=1 start=1024 layer=35 kind=moe phase=route_fused gpu_ms=0.31
[prefill-layer-phase] chunk=1 start=1024 layer=35 kind=moe phase=routed_swiglu gpu_ms=4.08
[prefill-layer-phase] chunk=1 start=1024 layer=35 kind=moe phase=routed_down gpu_ms=2.50
[prefill-layer-phase] chunk=1 start=1024 layer=35 kind=moe phase=routed_reduce gpu_ms=0.14
[prefill-layer-phase] chunk=1 start=1024 layer=35 kind=moe phase=shared_packed gpu_ms=0.64
[prefill-layer-phase] chunk=1 start=1024 layer=36 kind=gdn phase=pre_norm gpu_ms=0.02
[prefill-layer-phase] chunk=1 start=1024 layer=36 kind=gdn phase=gdn_qkv gpu_ms=2.53
[prefill-layer-phase] chunk=1 start=1024 layer=36 kind=gdn phase=gdn_z gpu_ms=1.29
[prefill-layer-phase] chunk=1 start=1024 layer=36 kind=gdn phase=gdn_beta_alpha gpu_ms=0.17
[prefill-layer-phase] chunk=1 start=1024 layer=36 kind=gdn phase=gdn_alpha_beta gpu_ms=0.01
[prefill-layer-phase] chunk=1 start=1024 layer=36 kind=gdn phase=gdn_prep_conv gpu_ms=0.42
[prefill-layer-phase] chunk=1 start=1024 layer=36 kind=gdn phase=gdn_prep_l2 gpu_ms=0.03
[prefill-layer-phase] chunk=1 start=1024 layer=36 kind=gdn phase=gdn_step gpu_ms=1.58
[prefill-layer-phase] chunk=1 start=1024 layer=36 kind=gdn phase=gdn_gated gpu_ms=0.11
[prefill-layer-phase] chunk=1 start=1024 layer=36 kind=gdn phase=gdn_back gpu_ms=1.30
[prefill-layer-phase] chunk=1 start=1024 layer=36 kind=gdn phase=mixer_resid gpu_ms=0.03
[prefill-layer-phase] chunk=1 start=1024 layer=36 kind=moe phase=post_norm gpu_ms=0.02
[prefill-layer-phase] chunk=1 start=1024 layer=36 kind=moe phase=route_fused gpu_ms=0.31
[prefill-layer-phase] chunk=1 start=1024 layer=36 kind=moe phase=routed_swiglu gpu_ms=4.13
[prefill-layer-phase] chunk=1 start=1024 layer=36 kind=moe phase=routed_down gpu_ms=2.38
[prefill-layer-phase] chunk=1 start=1024 layer=36 kind=moe phase=routed_reduce gpu_ms=0.14
[prefill-layer-phase] chunk=1 start=1024 layer=36 kind=moe phase=shared_packed gpu_ms=0.64
[prefill-layer-phase] chunk=1 start=1024 layer=37 kind=gdn phase=pre_norm gpu_ms=0.02
[prefill-layer-phase] chunk=1 start=1024 layer=37 kind=gdn phase=gdn_qkv gpu_ms=2.53
[prefill-layer-phase] chunk=1 start=1024 layer=37 kind=gdn phase=gdn_z gpu_ms=1.29
[prefill-layer-phase] chunk=1 start=1024 layer=37 kind=gdn phase=gdn_beta_alpha gpu_ms=0.17
[prefill-layer-phase] chunk=1 start=1024 layer=37 kind=gdn phase=gdn_alpha_beta gpu_ms=0.00
[prefill-layer-phase] chunk=1 start=1024 layer=37 kind=gdn phase=gdn_prep_conv gpu_ms=0.43
[prefill-layer-phase] chunk=1 start=1024 layer=37 kind=gdn phase=gdn_prep_l2 gpu_ms=0.03
[prefill-layer-phase] chunk=1 start=1024 layer=37 kind=gdn phase=gdn_step gpu_ms=1.58
[prefill-layer-phase] chunk=1 start=1024 layer=37 kind=gdn phase=gdn_gated gpu_ms=0.11
[prefill-layer-phase] chunk=1 start=1024 layer=37 kind=gdn phase=gdn_back gpu_ms=1.30
[prefill-layer-phase] chunk=1 start=1024 layer=37 kind=gdn phase=mixer_resid gpu_ms=0.03
[prefill-layer-phase] chunk=1 start=1024 layer=37 kind=moe phase=post_norm gpu_ms=0.02
[prefill-layer-phase] chunk=1 start=1024 layer=37 kind=moe phase=route_fused gpu_ms=0.31
[prefill-layer-phase] chunk=1 start=1024 layer=37 kind=moe phase=routed_swiglu gpu_ms=3.72
[prefill-layer-phase] chunk=1 start=1024 layer=37 kind=moe phase=routed_down gpu_ms=2.15
[prefill-layer-phase] chunk=1 start=1024 layer=37 kind=moe phase=routed_reduce gpu_ms=0.15
[prefill-layer-phase] chunk=1 start=1024 layer=37 kind=moe phase=shared_packed gpu_ms=0.64
[prefill-layer-phase] chunk=1 start=1024 layer=38 kind=gdn phase=pre_norm gpu_ms=0.02
[prefill-layer-phase] chunk=1 start=1024 layer=38 kind=gdn phase=gdn_qkv gpu_ms=2.53
[prefill-layer-phase] chunk=1 start=1024 layer=38 kind=gdn phase=gdn_z gpu_ms=1.29
[prefill-layer-phase] chunk=1 start=1024 layer=38 kind=gdn phase=gdn_beta_alpha gpu_ms=0.17
[prefill-layer-phase] chunk=1 start=1024 layer=38 kind=gdn phase=gdn_alpha_beta gpu_ms=0.00
[prefill-layer-phase] chunk=1 start=1024 layer=38 kind=gdn phase=gdn_prep_conv gpu_ms=0.43
[prefill-layer-phase] chunk=1 start=1024 layer=38 kind=gdn phase=gdn_prep_l2 gpu_ms=0.03
[prefill-layer-phase] chunk=1 start=1024 layer=38 kind=gdn phase=gdn_step gpu_ms=1.56
[prefill-layer-phase] chunk=1 start=1024 layer=38 kind=gdn phase=gdn_gated gpu_ms=0.10
[prefill-layer-phase] chunk=1 start=1024 layer=38 kind=gdn phase=gdn_back gpu_ms=1.30
[prefill-layer-phase] chunk=1 start=1024 layer=38 kind=gdn phase=mixer_resid gpu_ms=0.03
[prefill-layer-phase] chunk=1 start=1024 layer=38 kind=moe phase=post_norm gpu_ms=0.02
[prefill-layer-phase] chunk=1 start=1024 layer=38 kind=moe phase=route_fused gpu_ms=0.31
[prefill-layer-phase] chunk=1 start=1024 layer=38 kind=moe phase=routed_swiglu gpu_ms=4.12
[prefill-layer-phase] chunk=1 start=1024 layer=38 kind=moe phase=routed_down gpu_ms=2.13
[prefill-layer-phase] chunk=1 start=1024 layer=38 kind=moe phase=routed_reduce gpu_ms=0.14
[prefill-layer-phase] chunk=1 start=1024 layer=38 kind=moe phase=shared_packed gpu_ms=0.64
[prefill-layer-phase] chunk=1 start=1024 layer=39 kind=attn phase=pre_norm gpu_ms=0.02
[prefill-attn-phase] chunk=1 start=1024 layer=39 phase=proj gpu_ms=2.92
[prefill-attn-phase] chunk=1 start=1024 layer=39 phase=norm gpu_ms=0.29
[prefill-attn-phase] chunk=1 start=1024 layer=39 phase=rope_scatter gpu_ms=0.06
[prefill-attn-packed-shape] layer=39 chunk_start=1024 chunk_p=1024 group=8 packed_rows=4 qt=2 row_groups=256 dispatches=512 nwg=64 partial_rw_mib=2064.00
[prefill-attn-matrix-g8-shape] layer=39 chunk_start=1024 chunk_p=1024 query_rows=1024 query_tiles=1 n_pos=2048 score_tile_scratch_mib=68.00 vt_stride=4096 vt_layer_mib=4.00 vt_update_base=1024 vt_update_rows=1024 vt_update_mib=1.00
[prefill-attn-phase] chunk=1 start=1024 layer=39 phase=body_matrix_kq gpu_ms=0.99
[prefill-attn-phase] chunk=1 start=1024 layer=39 phase=body_matrix_kqv gpu_ms=0.98
[prefill-layer-phase] chunk=1 start=1024 layer=39 kind=attn phase=attn_back gpu_ms=1.39
[prefill-layer-phase] chunk=1 start=1024 layer=39 kind=attn phase=mixer_resid gpu_ms=0.03
[prefill-layer-phase] chunk=1 start=1024 layer=39 kind=moe phase=post_norm gpu_ms=0.02
[prefill-layer-phase] chunk=1 start=1024 layer=39 kind=moe phase=route_fused gpu_ms=0.31
[prefill-layer-phase] chunk=1 start=1024 layer=39 kind=moe phase=routed_swiglu gpu_ms=3.82
[prefill-layer-phase] chunk=1 start=1024 layer=39 kind=moe phase=routed_down gpu_ms=2.07
[prefill-layer-phase] chunk=1 start=1024 layer=39 kind=moe phase=routed_reduce gpu_ms=0.14
[prefill-layer-phase] chunk=1 start=1024 layer=39 kind=moe phase=shared_packed gpu_ms=0.64
[prefill-layer-phase] chunk=2 start=2048 layer=0 kind=gdn phase=pre_norm gpu_ms=0.15
[prefill-layer-phase] chunk=2 start=2048 layer=0 kind=gdn phase=gdn_qkv gpu_ms=2.53
[prefill-layer-phase] chunk=2 start=2048 layer=0 kind=gdn phase=gdn_z gpu_ms=1.29
[prefill-layer-phase] chunk=2 start=2048 layer=0 kind=gdn phase=gdn_beta_alpha gpu_ms=0.17
[prefill-layer-phase] chunk=2 start=2048 layer=0 kind=gdn phase=gdn_alpha_beta gpu_ms=0.01
[prefill-layer-phase] chunk=2 start=2048 layer=0 kind=gdn phase=gdn_prep_conv gpu_ms=0.43
[prefill-layer-phase] chunk=2 start=2048 layer=0 kind=gdn phase=gdn_prep_l2 gpu_ms=0.03
[prefill-layer-phase] chunk=2 start=2048 layer=0 kind=gdn phase=gdn_step gpu_ms=1.57
[prefill-layer-phase] chunk=2 start=2048 layer=0 kind=gdn phase=gdn_gated gpu_ms=0.10
[prefill-layer-phase] chunk=2 start=2048 layer=0 kind=gdn phase=gdn_back gpu_ms=1.30
[prefill-layer-phase] chunk=2 start=2048 layer=0 kind=gdn phase=mixer_resid gpu_ms=0.03
[prefill-layer-phase] chunk=2 start=2048 layer=0 kind=moe phase=post_norm gpu_ms=0.02
[prefill-layer-phase] chunk=2 start=2048 layer=0 kind=moe phase=route_fused gpu_ms=0.31
[prefill-layer-phase] chunk=2 start=2048 layer=0 kind=moe phase=routed_swiglu gpu_ms=4.34
[prefill-layer-phase] chunk=2 start=2048 layer=0 kind=moe phase=routed_down gpu_ms=2.65
[prefill-layer-phase] chunk=2 start=2048 layer=0 kind=moe phase=routed_reduce gpu_ms=0.14
[prefill-layer-phase] chunk=2 start=2048 layer=0 kind=moe phase=shared_packed gpu_ms=0.64
[prefill-layer-phase] chunk=2 start=2048 layer=1 kind=gdn phase=pre_norm gpu_ms=0.02
[prefill-layer-phase] chunk=2 start=2048 layer=1 kind=gdn phase=gdn_qkv gpu_ms=2.53
[prefill-layer-phase] chunk=2 start=2048 layer=1 kind=gdn phase=gdn_z gpu_ms=1.29
[prefill-layer-phase] chunk=2 start=2048 layer=1 kind=gdn phase=gdn_beta_alpha gpu_ms=0.17
[prefill-layer-phase] chunk=2 start=2048 layer=1 kind=gdn phase=gdn_alpha_beta gpu_ms=0.00
[prefill-layer-phase] chunk=2 start=2048 layer=1 kind=gdn phase=gdn_prep_conv gpu_ms=0.43
[prefill-layer-phase] chunk=2 start=2048 layer=1 kind=gdn phase=gdn_prep_l2 gpu_ms=0.03
[prefill-layer-phase] chunk=2 start=2048 layer=1 kind=gdn phase=gdn_step gpu_ms=1.62
[prefill-layer-phase] chunk=2 start=2048 layer=1 kind=gdn phase=gdn_gated gpu_ms=0.11
[prefill-layer-phase] chunk=2 start=2048 layer=1 kind=gdn phase=gdn_back gpu_ms=1.30
[prefill-layer-phase] chunk=2 start=2048 layer=1 kind=gdn phase=mixer_resid gpu_ms=0.03
[prefill-layer-phase] chunk=2 start=2048 layer=1 kind=moe phase=post_norm gpu_ms=0.02
[prefill-layer-phase] chunk=2 start=2048 layer=1 kind=moe phase=route_fused gpu_ms=0.31
[prefill-layer-phase] chunk=2 start=2048 layer=1 kind=moe phase=routed_swiglu gpu_ms=4.28
[prefill-layer-phase] chunk=2 start=2048 layer=1 kind=moe phase=routed_down gpu_ms=2.52
[prefill-layer-phase] chunk=2 start=2048 layer=1 kind=moe phase=routed_reduce gpu_ms=0.14
[prefill-layer-phase] chunk=2 start=2048 layer=1 kind=moe phase=shared_packed gpu_ms=0.63
[prefill-layer-phase] chunk=2 start=2048 layer=2 kind=gdn phase=pre_norm gpu_ms=0.02
[prefill-layer-phase] chunk=2 start=2048 layer=2 kind=gdn phase=gdn_qkv gpu_ms=2.53
[prefill-layer-phase] chunk=2 start=2048 layer=2 kind=gdn phase=gdn_z gpu_ms=1.29
[prefill-layer-phase] chunk=2 start=2048 layer=2 kind=gdn phase=gdn_beta_alpha gpu_ms=0.17
[prefill-layer-phase] chunk=2 start=2048 layer=2 kind=gdn phase=gdn_alpha_beta gpu_ms=0.01
[prefill-layer-phase] chunk=2 start=2048 layer=2 kind=gdn phase=gdn_prep_conv gpu_ms=0.43
[prefill-layer-phase] chunk=2 start=2048 layer=2 kind=gdn phase=gdn_prep_l2 gpu_ms=0.03
[prefill-layer-phase] chunk=2 start=2048 layer=2 kind=gdn phase=gdn_step gpu_ms=1.57
[prefill-layer-phase] chunk=2 start=2048 layer=2 kind=gdn phase=gdn_gated gpu_ms=0.11
[prefill-layer-phase] chunk=2 start=2048 layer=2 kind=gdn phase=gdn_back gpu_ms=1.30
[prefill-layer-phase] chunk=2 start=2048 layer=2 kind=gdn phase=mixer_resid gpu_ms=0.03
[prefill-layer-phase] chunk=2 start=2048 layer=2 kind=moe phase=post_norm gpu_ms=0.02
[prefill-layer-phase] chunk=2 start=2048 layer=2 kind=moe phase=route_fused gpu_ms=0.31
[prefill-layer-phase] chunk=2 start=2048 layer=2 kind=moe phase=routed_swiglu gpu_ms=4.38
[prefill-layer-phase] chunk=2 start=2048 layer=2 kind=moe phase=routed_down gpu_ms=2.63
[prefill-layer-phase] chunk=2 start=2048 layer=2 kind=moe phase=routed_reduce gpu_ms=0.14
[prefill-layer-phase] chunk=2 start=2048 layer=2 kind=moe phase=shared_packed gpu_ms=0.64
[prefill-layer-phase] chunk=2 start=2048 layer=3 kind=attn phase=pre_norm gpu_ms=0.02
[prefill-attn-phase] chunk=2 start=2048 layer=3 phase=proj gpu_ms=2.91
[prefill-attn-phase] chunk=2 start=2048 layer=3 phase=norm gpu_ms=0.29
[prefill-attn-phase] chunk=2 start=2048 layer=3 phase=rope_scatter gpu_ms=0.05
[prefill-attn-packed-shape] layer=3 chunk_start=2048 chunk_p=1024 group=8 packed_rows=4 qt=2 row_groups=256 dispatches=512 nwg=64 partial_rw_mib=2064.00
[prefill-attn-matrix-g8-shape] layer=3 chunk_start=2048 chunk_p=1024 query_rows=1024 query_tiles=1 n_pos=3072 score_tile_scratch_mib=102.00 vt_stride=4096 vt_layer_mib=4.00 vt_update_base=2048 vt_update_rows=1024 vt_update_mib=1.00
[prefill-attn-phase] chunk=2 start=2048 layer=3 phase=body_matrix_kq gpu_ms=1.62
[prefill-attn-phase] chunk=2 start=2048 layer=3 phase=body_matrix_kqv gpu_ms=1.62
[prefill-layer-phase] chunk=2 start=2048 layer=3 kind=attn phase=attn_back gpu_ms=1.39
[prefill-layer-phase] chunk=2 start=2048 layer=3 kind=attn phase=mixer_resid gpu_ms=0.03
[prefill-layer-phase] chunk=2 start=2048 layer=3 kind=moe phase=post_norm gpu_ms=0.02
[prefill-layer-phase] chunk=2 start=2048 layer=3 kind=moe phase=route_fused gpu_ms=0.31
[prefill-layer-phase] chunk=2 start=2048 layer=3 kind=moe phase=routed_swiglu gpu_ms=4.27
[prefill-layer-phase] chunk=2 start=2048 layer=3 kind=moe phase=routed_down gpu_ms=2.72
[prefill-layer-phase] chunk=2 start=2048 layer=3 kind=moe phase=routed_reduce gpu_ms=0.14
[prefill-layer-phase] chunk=2 start=2048 layer=3 kind=moe phase=shared_packed gpu_ms=0.64
[prefill-layer-phase] chunk=2 start=2048 layer=4 kind=gdn phase=pre_norm gpu_ms=0.02
[prefill-layer-phase] chunk=2 start=2048 layer=4 kind=gdn phase=gdn_qkv gpu_ms=2.53
[prefill-layer-phase] chunk=2 start=2048 layer=4 kind=gdn phase=gdn_z gpu_ms=1.29
[prefill-layer-phase] chunk=2 start=2048 layer=4 kind=gdn phase=gdn_beta_alpha gpu_ms=0.17
[prefill-layer-phase] chunk=2 start=2048 layer=4 kind=gdn phase=gdn_alpha_beta gpu_ms=0.01
[prefill-layer-phase] chunk=2 start=2048 layer=4 kind=gdn phase=gdn_prep_conv gpu_ms=0.43
[prefill-layer-phase] chunk=2 start=2048 layer=4 kind=gdn phase=gdn_prep_l2 gpu_ms=0.03
[prefill-layer-phase] chunk=2 start=2048 layer=4 kind=gdn phase=gdn_step gpu_ms=1.56
[prefill-layer-phase] chunk=2 start=2048 layer=4 kind=gdn phase=gdn_gated gpu_ms=0.11
[prefill-layer-phase] chunk=2 start=2048 layer=4 kind=gdn phase=gdn_back gpu_ms=1.30
[prefill-layer-phase] chunk=2 start=2048 layer=4 kind=gdn phase=mixer_resid gpu_ms=0.03
[prefill-layer-phase] chunk=2 start=2048 layer=4 kind=moe phase=post_norm gpu_ms=0.02
[prefill-layer-phase] chunk=2 start=2048 layer=4 kind=moe phase=route_fused gpu_ms=0.31
[prefill-layer-phase] chunk=2 start=2048 layer=4 kind=moe phase=routed_swiglu gpu_ms=4.28
[prefill-layer-phase] chunk=2 start=2048 layer=4 kind=moe phase=routed_down gpu_ms=2.63
[prefill-layer-phase] chunk=2 start=2048 layer=4 kind=moe phase=routed_reduce gpu_ms=0.14
[prefill-layer-phase] chunk=2 start=2048 layer=4 kind=moe phase=shared_packed gpu_ms=0.63
[prefill-layer-phase] chunk=2 start=2048 layer=5 kind=gdn phase=pre_norm gpu_ms=0.02
[prefill-layer-phase] chunk=2 start=2048 layer=5 kind=gdn phase=gdn_qkv gpu_ms=2.53
[prefill-layer-phase] chunk=2 start=2048 layer=5 kind=gdn phase=gdn_z gpu_ms=1.29
[prefill-layer-phase] chunk=2 start=2048 layer=5 kind=gdn phase=gdn_beta_alpha gpu_ms=0.17
[prefill-layer-phase] chunk=2 start=2048 layer=5 kind=gdn phase=gdn_alpha_beta gpu_ms=0.01
[prefill-layer-phase] chunk=2 start=2048 layer=5 kind=gdn phase=gdn_prep_conv gpu_ms=0.42
[prefill-layer-phase] chunk=2 start=2048 layer=5 kind=gdn phase=gdn_prep_l2 gpu_ms=0.03
[prefill-layer-phase] chunk=2 start=2048 layer=5 kind=gdn phase=gdn_step gpu_ms=1.59
[prefill-layer-phase] chunk=2 start=2048 layer=5 kind=gdn phase=gdn_gated gpu_ms=0.11
[prefill-layer-phase] chunk=2 start=2048 layer=5 kind=gdn phase=gdn_back gpu_ms=1.30
[prefill-layer-phase] chunk=2 start=2048 layer=5 kind=gdn phase=mixer_resid gpu_ms=0.03
[prefill-layer-phase] chunk=2 start=2048 layer=5 kind=moe phase=post_norm gpu_ms=0.02
[prefill-layer-phase] chunk=2 start=2048 layer=5 kind=moe phase=route_fused gpu_ms=0.31
[prefill-layer-phase] chunk=2 start=2048 layer=5 kind=moe phase=routed_swiglu gpu_ms=4.15
[prefill-layer-phase] chunk=2 start=2048 layer=5 kind=moe phase=routed_down gpu_ms=2.59
[prefill-layer-phase] chunk=2 start=2048 layer=5 kind=moe phase=routed_reduce gpu_ms=0.14
[prefill-layer-phase] chunk=2 start=2048 layer=5 kind=moe phase=shared_packed gpu_ms=0.64
[prefill-layer-phase] chunk=2 start=2048 layer=6 kind=gdn phase=pre_norm gpu_ms=0.02
[prefill-layer-phase] chunk=2 start=2048 layer=6 kind=gdn phase=gdn_qkv gpu_ms=2.53
[prefill-layer-phase] chunk=2 start=2048 layer=6 kind=gdn phase=gdn_z gpu_ms=1.29
[prefill-layer-phase] chunk=2 start=2048 layer=6 kind=gdn phase=gdn_beta_alpha gpu_ms=0.17
[prefill-layer-phase] chunk=2 start=2048 layer=6 kind=gdn phase=gdn_alpha_beta gpu_ms=0.01
[prefill-layer-phase] chunk=2 start=2048 layer=6 kind=gdn phase=gdn_prep_conv gpu_ms=0.43
[prefill-layer-phase] chunk=2 start=2048 layer=6 kind=gdn phase=gdn_prep_l2 gpu_ms=0.03
[prefill-layer-phase] chunk=2 start=2048 layer=6 kind=gdn phase=gdn_step gpu_ms=1.57
[prefill-layer-phase] chunk=2 start=2048 layer=6 kind=gdn phase=gdn_gated gpu_ms=0.11
[prefill-layer-phase] chunk=2 start=2048 layer=6 kind=gdn phase=gdn_back gpu_ms=1.30
[prefill-layer-phase] chunk=2 start=2048 layer=6 kind=gdn phase=mixer_resid gpu_ms=0.03
[prefill-layer-phase] chunk=2 start=2048 layer=6 kind=moe phase=post_norm gpu_ms=0.02
[prefill-layer-phase] chunk=2 start=2048 layer=6 kind=moe phase=route_fused gpu_ms=0.31
[prefill-layer-phase] chunk=2 start=2048 layer=6 kind=moe phase=routed_swiglu gpu_ms=4.14
[prefill-layer-phase] chunk=2 start=2048 layer=6 kind=moe phase=routed_down gpu_ms=2.49
[prefill-layer-phase] chunk=2 start=2048 layer=6 kind=moe phase=routed_reduce gpu_ms=0.14
[prefill-layer-phase] chunk=2 start=2048 layer=6 kind=moe phase=shared_packed gpu_ms=0.64
[prefill-layer-phase] chunk=2 start=2048 layer=7 kind=attn phase=pre_norm gpu_ms=0.02
[prefill-attn-phase] chunk=2 start=2048 layer=7 phase=proj gpu_ms=2.91
[prefill-attn-phase] chunk=2 start=2048 layer=7 phase=norm gpu_ms=0.29
[prefill-attn-phase] chunk=2 start=2048 layer=7 phase=rope_scatter gpu_ms=0.05
[prefill-attn-packed-shape] layer=7 chunk_start=2048 chunk_p=1024 group=8 packed_rows=4 qt=2 row_groups=256 dispatches=512 nwg=64 partial_rw_mib=2064.00
[prefill-attn-matrix-g8-shape] layer=7 chunk_start=2048 chunk_p=1024 query_rows=1024 query_tiles=1 n_pos=3072 score_tile_scratch_mib=102.00 vt_stride=4096 vt_layer_mib=4.00 vt_update_base=2048 vt_update_rows=1024 vt_update_mib=1.00
[prefill-attn-phase] chunk=2 start=2048 layer=7 phase=body_matrix_kq gpu_ms=1.62
[prefill-attn-phase] chunk=2 start=2048 layer=7 phase=body_matrix_kqv gpu_ms=1.62
[prefill-layer-phase] chunk=2 start=2048 layer=7 kind=attn phase=attn_back gpu_ms=1.39
[prefill-layer-phase] chunk=2 start=2048 layer=7 kind=attn phase=mixer_resid gpu_ms=0.03
[prefill-layer-phase] chunk=2 start=2048 layer=7 kind=moe phase=post_norm gpu_ms=0.02
[prefill-layer-phase] chunk=2 start=2048 layer=7 kind=moe phase=route_fused gpu_ms=0.31
[prefill-layer-phase] chunk=2 start=2048 layer=7 kind=moe phase=routed_swiglu gpu_ms=4.14
[prefill-layer-phase] chunk=2 start=2048 layer=7 kind=moe phase=routed_down gpu_ms=2.56
[prefill-layer-phase] chunk=2 start=2048 layer=7 kind=moe phase=routed_reduce gpu_ms=0.14
[prefill-layer-phase] chunk=2 start=2048 layer=7 kind=moe phase=shared_packed gpu_ms=0.64
[prefill-layer-phase] chunk=2 start=2048 layer=8 kind=gdn phase=pre_norm gpu_ms=0.03
[prefill-layer-phase] chunk=2 start=2048 layer=8 kind=gdn phase=gdn_qkv gpu_ms=2.53
[prefill-layer-phase] chunk=2 start=2048 layer=8 kind=gdn phase=gdn_z gpu_ms=1.29
[prefill-layer-phase] chunk=2 start=2048 layer=8 kind=gdn phase=gdn_beta_alpha gpu_ms=0.17
[prefill-layer-phase] chunk=2 start=2048 layer=8 kind=gdn phase=gdn_alpha_beta gpu_ms=0.01
[prefill-layer-phase] chunk=2 start=2048 layer=8 kind=gdn phase=gdn_prep_conv gpu_ms=0.43
[prefill-layer-phase] chunk=2 start=2048 layer=8 kind=gdn phase=gdn_prep_l2 gpu_ms=0.03
[prefill-layer-phase] chunk=2 start=2048 layer=8 kind=gdn phase=gdn_step gpu_ms=1.58
[prefill-layer-phase] chunk=2 start=2048 layer=8 kind=gdn phase=gdn_gated gpu_ms=0.11
[prefill-layer-phase] chunk=2 start=2048 layer=8 kind=gdn phase=gdn_back gpu_ms=1.30
[prefill-layer-phase] chunk=2 start=2048 layer=8 kind=gdn phase=mixer_resid gpu_ms=0.03
[prefill-layer-phase] chunk=2 start=2048 layer=8 kind=moe phase=post_norm gpu_ms=0.02
[prefill-layer-phase] chunk=2 start=2048 layer=8 kind=moe phase=route_fused gpu_ms=0.31
[prefill-layer-phase] chunk=2 start=2048 layer=8 kind=moe phase=routed_swiglu gpu_ms=4.15
[prefill-layer-phase] chunk=2 start=2048 layer=8 kind=moe phase=routed_down gpu_ms=2.58
[prefill-layer-phase] chunk=2 start=2048 layer=8 kind=moe phase=routed_reduce gpu_ms=0.14
[prefill-layer-phase] chunk=2 start=2048 layer=8 kind=moe phase=shared_packed gpu_ms=0.64
[prefill-layer-phase] chunk=2 start=2048 layer=9 kind=gdn phase=pre_norm gpu_ms=0.02
[prefill-layer-phase] chunk=2 start=2048 layer=9 kind=gdn phase=gdn_qkv gpu_ms=2.53
[prefill-layer-phase] chunk=2 start=2048 layer=9 kind=gdn phase=gdn_z gpu_ms=1.29
[prefill-layer-phase] chunk=2 start=2048 layer=9 kind=gdn phase=gdn_beta_alpha gpu_ms=0.17
[prefill-layer-phase] chunk=2 start=2048 layer=9 kind=gdn phase=gdn_alpha_beta gpu_ms=0.01
[prefill-layer-phase] chunk=2 start=2048 layer=9 kind=gdn phase=gdn_prep_conv gpu_ms=0.43
[prefill-layer-phase] chunk=2 start=2048 layer=9 kind=gdn phase=gdn_prep_l2 gpu_ms=0.03
[prefill-layer-phase] chunk=2 start=2048 layer=9 kind=gdn phase=gdn_step gpu_ms=1.57
[prefill-layer-phase] chunk=2 start=2048 layer=9 kind=gdn phase=gdn_gated gpu_ms=0.11
[prefill-layer-phase] chunk=2 start=2048 layer=9 kind=gdn phase=gdn_back gpu_ms=1.30
[prefill-layer-phase] chunk=2 start=2048 layer=9 kind=gdn phase=mixer_resid gpu_ms=0.03
[prefill-layer-phase] chunk=2 start=2048 layer=9 kind=moe phase=post_norm gpu_ms=0.02
[prefill-layer-phase] chunk=2 start=2048 layer=9 kind=moe phase=route_fused gpu_ms=0.31
[prefill-layer-phase] chunk=2 start=2048 layer=9 kind=moe phase=routed_swiglu gpu_ms=4.17
[prefill-layer-phase] chunk=2 start=2048 layer=9 kind=moe phase=routed_down gpu_ms=2.53
[prefill-layer-phase] chunk=2 start=2048 layer=9 kind=moe phase=routed_reduce gpu_ms=0.14
[prefill-layer-phase] chunk=2 start=2048 layer=9 kind=moe phase=shared_packed gpu_ms=0.64
[prefill-layer-phase] chunk=2 start=2048 layer=10 kind=gdn phase=pre_norm gpu_ms=0.02
[prefill-layer-phase] chunk=2 start=2048 layer=10 kind=gdn phase=gdn_qkv gpu_ms=2.53
[prefill-layer-phase] chunk=2 start=2048 layer=10 kind=gdn phase=gdn_z gpu_ms=1.29
[prefill-layer-phase] chunk=2 start=2048 layer=10 kind=gdn phase=gdn_beta_alpha gpu_ms=0.17
[prefill-layer-phase] chunk=2 start=2048 layer=10 kind=gdn phase=gdn_alpha_beta gpu_ms=0.01
[prefill-layer-phase] chunk=2 start=2048 layer=10 kind=gdn phase=gdn_prep_conv gpu_ms=0.43
[prefill-layer-phase] chunk=2 start=2048 layer=10 kind=gdn phase=gdn_prep_l2 gpu_ms=0.03
[prefill-layer-phase] chunk=2 start=2048 layer=10 kind=gdn phase=gdn_step gpu_ms=1.61
[prefill-layer-phase] chunk=2 start=2048 layer=10 kind=gdn phase=gdn_gated gpu_ms=0.11
[prefill-layer-phase] chunk=2 start=2048 layer=10 kind=gdn phase=gdn_back gpu_ms=1.30
[prefill-layer-phase] chunk=2 start=2048 layer=10 kind=gdn phase=mixer_resid gpu_ms=0.03
[prefill-layer-phase] chunk=2 start=2048 layer=10 kind=moe phase=post_norm gpu_ms=0.02
[prefill-layer-phase] chunk=2 start=2048 layer=10 kind=moe phase=route_fused gpu_ms=0.31
[prefill-layer-phase] chunk=2 start=2048 layer=10 kind=moe phase=routed_swiglu gpu_ms=4.17
[prefill-layer-phase] chunk=2 start=2048 layer=10 kind=moe phase=routed_down gpu_ms=2.44
[prefill-layer-phase] chunk=2 start=2048 layer=10 kind=moe phase=routed_reduce gpu_ms=0.14
[prefill-layer-phase] chunk=2 start=2048 layer=10 kind=moe phase=shared_packed gpu_ms=0.64
[prefill-layer-phase] chunk=2 start=2048 layer=11 kind=attn phase=pre_norm gpu_ms=0.02
[prefill-attn-phase] chunk=2 start=2048 layer=11 phase=proj gpu_ms=2.92
[prefill-attn-phase] chunk=2 start=2048 layer=11 phase=norm gpu_ms=0.29
[prefill-attn-phase] chunk=2 start=2048 layer=11 phase=rope_scatter gpu_ms=0.05
[prefill-attn-packed-shape] layer=11 chunk_start=2048 chunk_p=1024 group=8 packed_rows=4 qt=2 row_groups=256 dispatches=512 nwg=64 partial_rw_mib=2064.00
[prefill-attn-matrix-g8-shape] layer=11 chunk_start=2048 chunk_p=1024 query_rows=1024 query_tiles=1 n_pos=3072 score_tile_scratch_mib=102.00 vt_stride=4096 vt_layer_mib=4.00 vt_update_base=2048 vt_update_rows=1024 vt_update_mib=1.00
[prefill-attn-phase] chunk=2 start=2048 layer=11 phase=body_matrix_kq gpu_ms=1.62
[prefill-attn-phase] chunk=2 start=2048 layer=11 phase=body_matrix_kqv gpu_ms=1.62
[prefill-layer-phase] chunk=2 start=2048 layer=11 kind=attn phase=attn_back gpu_ms=1.39
[prefill-layer-phase] chunk=2 start=2048 layer=11 kind=attn phase=mixer_resid gpu_ms=0.03
[prefill-layer-phase] chunk=2 start=2048 layer=11 kind=moe phase=post_norm gpu_ms=0.02
[prefill-layer-phase] chunk=2 start=2048 layer=11 kind=moe phase=route_fused gpu_ms=0.31
[prefill-layer-phase] chunk=2 start=2048 layer=11 kind=moe phase=routed_swiglu gpu_ms=4.14
[prefill-layer-phase] chunk=2 start=2048 layer=11 kind=moe phase=routed_down gpu_ms=2.51
[prefill-layer-phase] chunk=2 start=2048 layer=11 kind=moe phase=routed_reduce gpu_ms=0.14
[prefill-layer-phase] chunk=2 start=2048 layer=11 kind=moe phase=shared_packed gpu_ms=0.63
[prefill-layer-phase] chunk=2 start=2048 layer=12 kind=gdn phase=pre_norm gpu_ms=0.02
[prefill-layer-phase] chunk=2 start=2048 layer=12 kind=gdn phase=gdn_qkv gpu_ms=2.53
[prefill-layer-phase] chunk=2 start=2048 layer=12 kind=gdn phase=gdn_z gpu_ms=1.29
[prefill-layer-phase] chunk=2 start=2048 layer=12 kind=gdn phase=gdn_beta_alpha gpu_ms=0.17
[prefill-layer-phase] chunk=2 start=2048 layer=12 kind=gdn phase=gdn_alpha_beta gpu_ms=0.01
[prefill-layer-phase] chunk=2 start=2048 layer=12 kind=gdn phase=gdn_prep_conv gpu_ms=0.43
[prefill-layer-phase] chunk=2 start=2048 layer=12 kind=gdn phase=gdn_prep_l2 gpu_ms=0.03
[prefill-layer-phase] chunk=2 start=2048 layer=12 kind=gdn phase=gdn_step gpu_ms=1.56
[prefill-layer-phase] chunk=2 start=2048 layer=12 kind=gdn phase=gdn_gated gpu_ms=0.11
[prefill-layer-phase] chunk=2 start=2048 layer=12 kind=gdn phase=gdn_back gpu_ms=1.30
[prefill-layer-phase] chunk=2 start=2048 layer=12 kind=gdn phase=mixer_resid gpu_ms=0.03
[prefill-layer-phase] chunk=2 start=2048 layer=12 kind=moe phase=post_norm gpu_ms=0.02
[prefill-layer-phase] chunk=2 start=2048 layer=12 kind=moe phase=route_fused gpu_ms=0.31
[prefill-layer-phase] chunk=2 start=2048 layer=12 kind=moe phase=routed_swiglu gpu_ms=4.05
[prefill-layer-phase] chunk=2 start=2048 layer=12 kind=moe phase=routed_down gpu_ms=2.46
[prefill-layer-phase] chunk=2 start=2048 layer=12 kind=moe phase=routed_reduce gpu_ms=0.14
[prefill-layer-phase] chunk=2 start=2048 layer=12 kind=moe phase=shared_packed gpu_ms=0.64
[prefill-layer-phase] chunk=2 start=2048 layer=13 kind=gdn phase=pre_norm gpu_ms=0.02
[prefill-layer-phase] chunk=2 start=2048 layer=13 kind=gdn phase=gdn_qkv gpu_ms=2.53
[prefill-layer-phase] chunk=2 start=2048 layer=13 kind=gdn phase=gdn_z gpu_ms=1.29
[prefill-layer-phase] chunk=2 start=2048 layer=13 kind=gdn phase=gdn_beta_alpha gpu_ms=0.17
[prefill-layer-phase] chunk=2 start=2048 layer=13 kind=gdn phase=gdn_alpha_beta gpu_ms=0.00
[prefill-layer-phase] chunk=2 start=2048 layer=13 kind=gdn phase=gdn_prep_conv gpu_ms=0.43
[prefill-layer-phase] chunk=2 start=2048 layer=13 kind=gdn phase=gdn_prep_l2 gpu_ms=0.03
[prefill-layer-phase] chunk=2 start=2048 layer=13 kind=gdn phase=gdn_step gpu_ms=1.58
[prefill-layer-phase] chunk=2 start=2048 layer=13 kind=gdn phase=gdn_gated gpu_ms=0.11
[prefill-layer-phase] chunk=2 start=2048 layer=13 kind=gdn phase=gdn_back gpu_ms=1.30
[prefill-layer-phase] chunk=2 start=2048 layer=13 kind=gdn phase=mixer_resid gpu_ms=0.03
[prefill-layer-phase] chunk=2 start=2048 layer=13 kind=moe phase=post_norm gpu_ms=0.02
[prefill-layer-phase] chunk=2 start=2048 layer=13 kind=moe phase=route_fused gpu_ms=0.31
[prefill-layer-phase] chunk=2 start=2048 layer=13 kind=moe phase=routed_swiglu gpu_ms=4.05
[prefill-layer-phase] chunk=2 start=2048 layer=13 kind=moe phase=routed_down gpu_ms=2.32
[prefill-layer-phase] chunk=2 start=2048 layer=13 kind=moe phase=routed_reduce gpu_ms=0.14
[prefill-layer-phase] chunk=2 start=2048 layer=13 kind=moe phase=shared_packed gpu_ms=0.64
[prefill-layer-phase] chunk=2 start=2048 layer=14 kind=gdn phase=pre_norm gpu_ms=0.02
[prefill-layer-phase] chunk=2 start=2048 layer=14 kind=gdn phase=gdn_qkv gpu_ms=2.53
[prefill-layer-phase] chunk=2 start=2048 layer=14 kind=gdn phase=gdn_z gpu_ms=1.29
[prefill-layer-phase] chunk=2 start=2048 layer=14 kind=gdn phase=gdn_beta_alpha gpu_ms=0.17
[prefill-layer-phase] chunk=2 start=2048 layer=14 kind=gdn phase=gdn_alpha_beta gpu_ms=0.00
[prefill-layer-phase] chunk=2 start=2048 layer=14 kind=gdn phase=gdn_prep_conv gpu_ms=0.43
[prefill-layer-phase] chunk=2 start=2048 layer=14 kind=gdn phase=gdn_prep_l2 gpu_ms=0.03
[prefill-layer-phase] chunk=2 start=2048 layer=14 kind=gdn phase=gdn_step gpu_ms=1.58
[prefill-layer-phase] chunk=2 start=2048 layer=14 kind=gdn phase=gdn_gated gpu_ms=0.11
[prefill-layer-phase] chunk=2 start=2048 layer=14 kind=gdn phase=gdn_back gpu_ms=1.30
[prefill-layer-phase] chunk=2 start=2048 layer=14 kind=gdn phase=mixer_resid gpu_ms=0.03
[prefill-layer-phase] chunk=2 start=2048 layer=14 kind=moe phase=post_norm gpu_ms=0.02
[prefill-layer-phase] chunk=2 start=2048 layer=14 kind=moe phase=route_fused gpu_ms=0.31
[prefill-layer-phase] chunk=2 start=2048 layer=14 kind=moe phase=routed_swiglu gpu_ms=4.01
[prefill-layer-phase] chunk=2 start=2048 layer=14 kind=moe phase=routed_down gpu_ms=2.40
[prefill-layer-phase] chunk=2 start=2048 layer=14 kind=moe phase=routed_reduce gpu_ms=0.14
[prefill-layer-phase] chunk=2 start=2048 layer=14 kind=moe phase=shared_packed gpu_ms=0.64
[prefill-layer-phase] chunk=2 start=2048 layer=15 kind=attn phase=pre_norm gpu_ms=0.02
[prefill-attn-phase] chunk=2 start=2048 layer=15 phase=proj gpu_ms=2.92
[prefill-attn-phase] chunk=2 start=2048 layer=15 phase=norm gpu_ms=0.29
[prefill-attn-phase] chunk=2 start=2048 layer=15 phase=rope_scatter gpu_ms=0.05
[prefill-attn-packed-shape] layer=15 chunk_start=2048 chunk_p=1024 group=8 packed_rows=4 qt=2 row_groups=256 dispatches=512 nwg=64 partial_rw_mib=2064.00
[prefill-attn-matrix-g8-shape] layer=15 chunk_start=2048 chunk_p=1024 query_rows=1024 query_tiles=1 n_pos=3072 score_tile_scratch_mib=102.00 vt_stride=4096 vt_layer_mib=4.00 vt_update_base=2048 vt_update_rows=1024 vt_update_mib=1.00
[prefill-attn-phase] chunk=2 start=2048 layer=15 phase=body_matrix_kq gpu_ms=1.62
[prefill-attn-phase] chunk=2 start=2048 layer=15 phase=body_matrix_kqv gpu_ms=1.62
[prefill-layer-phase] chunk=2 start=2048 layer=15 kind=attn phase=attn_back gpu_ms=1.39
[prefill-layer-phase] chunk=2 start=2048 layer=15 kind=attn phase=mixer_resid gpu_ms=0.03
[prefill-layer-phase] chunk=2 start=2048 layer=15 kind=moe phase=post_norm gpu_ms=0.02
[prefill-layer-phase] chunk=2 start=2048 layer=15 kind=moe phase=route_fused gpu_ms=0.31
[prefill-layer-phase] chunk=2 start=2048 layer=15 kind=moe phase=routed_swiglu gpu_ms=4.19
[prefill-layer-phase] chunk=2 start=2048 layer=15 kind=moe phase=routed_down gpu_ms=2.47
[prefill-layer-phase] chunk=2 start=2048 layer=15 kind=moe phase=routed_reduce gpu_ms=0.14
[prefill-layer-phase] chunk=2 start=2048 layer=15 kind=moe phase=shared_packed gpu_ms=0.64
[prefill-layer-phase] chunk=2 start=2048 layer=16 kind=gdn phase=pre_norm gpu_ms=0.02
[prefill-layer-phase] chunk=2 start=2048 layer=16 kind=gdn phase=gdn_qkv gpu_ms=2.53
[prefill-layer-phase] chunk=2 start=2048 layer=16 kind=gdn phase=gdn_z gpu_ms=1.29
[prefill-layer-phase] chunk=2 start=2048 layer=16 kind=gdn phase=gdn_beta_alpha gpu_ms=0.17
[prefill-layer-phase] chunk=2 start=2048 layer=16 kind=gdn phase=gdn_alpha_beta gpu_ms=0.01
[prefill-layer-phase] chunk=2 start=2048 layer=16 kind=gdn phase=gdn_prep_conv gpu_ms=0.43
[prefill-layer-phase] chunk=2 start=2048 layer=16 kind=gdn phase=gdn_prep_l2 gpu_ms=0.03
[prefill-layer-phase] chunk=2 start=2048 layer=16 kind=gdn phase=gdn_step gpu_ms=1.56
[prefill-layer-phase] chunk=2 start=2048 layer=16 kind=gdn phase=gdn_gated gpu_ms=0.11
[prefill-layer-phase] chunk=2 start=2048 layer=16 kind=gdn phase=gdn_back gpu_ms=1.30
[prefill-layer-phase] chunk=2 start=2048 layer=16 kind=gdn phase=mixer_resid gpu_ms=0.03
[prefill-layer-phase] chunk=2 start=2048 layer=16 kind=moe phase=post_norm gpu_ms=0.02
[prefill-layer-phase] chunk=2 start=2048 layer=16 kind=moe phase=route_fused gpu_ms=0.31
[prefill-layer-phase] chunk=2 start=2048 layer=16 kind=moe phase=routed_swiglu gpu_ms=3.79
[prefill-layer-phase] chunk=2 start=2048 layer=16 kind=moe phase=routed_down gpu_ms=2.21
[prefill-layer-phase] chunk=2 start=2048 layer=16 kind=moe phase=routed_reduce gpu_ms=0.14
[prefill-layer-phase] chunk=2 start=2048 layer=16 kind=moe phase=shared_packed gpu_ms=0.64
[prefill-layer-phase] chunk=2 start=2048 layer=17 kind=gdn phase=pre_norm gpu_ms=0.02
[prefill-layer-phase] chunk=2 start=2048 layer=17 kind=gdn phase=gdn_qkv gpu_ms=2.53
[prefill-layer-phase] chunk=2 start=2048 layer=17 kind=gdn phase=gdn_z gpu_ms=1.29
[prefill-layer-phase] chunk=2 start=2048 layer=17 kind=gdn phase=gdn_beta_alpha gpu_ms=0.17
[prefill-layer-phase] chunk=2 start=2048 layer=17 kind=gdn phase=gdn_alpha_beta gpu_ms=0.00
[prefill-layer-phase] chunk=2 start=2048 layer=17 kind=gdn phase=gdn_prep_conv gpu_ms=0.43
[prefill-layer-phase] chunk=2 start=2048 layer=17 kind=gdn phase=gdn_prep_l2 gpu_ms=0.03
[prefill-layer-phase] chunk=2 start=2048 layer=17 kind=gdn phase=gdn_step gpu_ms=1.58
[prefill-layer-phase] chunk=2 start=2048 layer=17 kind=gdn phase=gdn_gated gpu_ms=0.11
[prefill-layer-phase] chunk=2 start=2048 layer=17 kind=gdn phase=gdn_back gpu_ms=1.30
[prefill-layer-phase] chunk=2 start=2048 layer=17 kind=gdn phase=mixer_resid gpu_ms=0.03
[prefill-layer-phase] chunk=2 start=2048 layer=17 kind=moe phase=post_norm gpu_ms=0.02
[prefill-layer-phase] chunk=2 start=2048 layer=17 kind=moe phase=route_fused gpu_ms=0.31
[prefill-layer-phase] chunk=2 start=2048 layer=17 kind=moe phase=routed_swiglu gpu_ms=3.91
[prefill-layer-phase] chunk=2 start=2048 layer=17 kind=moe phase=routed_down gpu_ms=2.27
[prefill-layer-phase] chunk=2 start=2048 layer=17 kind=moe phase=routed_reduce gpu_ms=0.14
[prefill-layer-phase] chunk=2 start=2048 layer=17 kind=moe phase=shared_packed gpu_ms=0.64
[prefill-layer-phase] chunk=2 start=2048 layer=18 kind=gdn phase=pre_norm gpu_ms=0.02
[prefill-layer-phase] chunk=2 start=2048 layer=18 kind=gdn phase=gdn_qkv gpu_ms=2.53
[prefill-layer-phase] chunk=2 start=2048 layer=18 kind=gdn phase=gdn_z gpu_ms=1.29
[prefill-layer-phase] chunk=2 start=2048 layer=18 kind=gdn phase=gdn_beta_alpha gpu_ms=0.17
[prefill-layer-phase] chunk=2 start=2048 layer=18 kind=gdn phase=gdn_alpha_beta gpu_ms=0.00
[prefill-layer-phase] chunk=2 start=2048 layer=18 kind=gdn phase=gdn_prep_conv gpu_ms=0.43
[prefill-layer-phase] chunk=2 start=2048 layer=18 kind=gdn phase=gdn_prep_l2 gpu_ms=0.03
[prefill-layer-phase] chunk=2 start=2048 layer=18 kind=gdn phase=gdn_step gpu_ms=1.57
[prefill-layer-phase] chunk=2 start=2048 layer=18 kind=gdn phase=gdn_gated gpu_ms=0.10
[prefill-layer-phase] chunk=2 start=2048 layer=18 kind=gdn phase=gdn_back gpu_ms=1.30
[prefill-layer-phase] chunk=2 start=2048 layer=18 kind=gdn phase=mixer_resid gpu_ms=0.03
[prefill-layer-phase] chunk=2 start=2048 layer=18 kind=moe phase=post_norm gpu_ms=0.03
[prefill-layer-phase] chunk=2 start=2048 layer=18 kind=moe phase=route_fused gpu_ms=0.31
[prefill-layer-phase] chunk=2 start=2048 layer=18 kind=moe phase=routed_swiglu gpu_ms=4.01
[prefill-layer-phase] chunk=2 start=2048 layer=18 kind=moe phase=routed_down gpu_ms=2.44
[prefill-layer-phase] chunk=2 start=2048 layer=18 kind=moe phase=routed_reduce gpu_ms=0.14
[prefill-layer-phase] chunk=2 start=2048 layer=18 kind=moe phase=shared_packed gpu_ms=0.64
[prefill-layer-phase] chunk=2 start=2048 layer=19 kind=attn phase=pre_norm gpu_ms=0.02
[prefill-attn-phase] chunk=2 start=2048 layer=19 phase=proj gpu_ms=2.92
[prefill-attn-phase] chunk=2 start=2048 layer=19 phase=norm gpu_ms=0.29
[prefill-attn-phase] chunk=2 start=2048 layer=19 phase=rope_scatter gpu_ms=0.05
[prefill-attn-packed-shape] layer=19 chunk_start=2048 chunk_p=1024 group=8 packed_rows=4 qt=2 row_groups=256 dispatches=512 nwg=64 partial_rw_mib=2064.00
[prefill-attn-matrix-g8-shape] layer=19 chunk_start=2048 chunk_p=1024 query_rows=1024 query_tiles=1 n_pos=3072 score_tile_scratch_mib=102.00 vt_stride=4096 vt_layer_mib=4.00 vt_update_base=2048 vt_update_rows=1024 vt_update_mib=1.00
[prefill-attn-phase] chunk=2 start=2048 layer=19 phase=body_matrix_kq gpu_ms=1.62
[prefill-attn-phase] chunk=2 start=2048 layer=19 phase=body_matrix_kqv gpu_ms=1.62
[prefill-layer-phase] chunk=2 start=2048 layer=19 kind=attn phase=attn_back gpu_ms=1.39
[prefill-layer-phase] chunk=2 start=2048 layer=19 kind=attn phase=mixer_resid gpu_ms=0.03
[prefill-layer-phase] chunk=2 start=2048 layer=19 kind=moe phase=post_norm gpu_ms=0.02
[prefill-layer-phase] chunk=2 start=2048 layer=19 kind=moe phase=route_fused gpu_ms=0.30
[prefill-layer-phase] chunk=2 start=2048 layer=19 kind=moe phase=routed_swiglu gpu_ms=3.99
[prefill-layer-phase] chunk=2 start=2048 layer=19 kind=moe phase=routed_down gpu_ms=2.33
[prefill-layer-phase] chunk=2 start=2048 layer=19 kind=moe phase=routed_reduce gpu_ms=0.14
[prefill-layer-phase] chunk=2 start=2048 layer=19 kind=moe phase=shared_packed gpu_ms=0.64
[prefill-layer-phase] chunk=2 start=2048 layer=20 kind=gdn phase=pre_norm gpu_ms=0.02
[prefill-layer-phase] chunk=2 start=2048 layer=20 kind=gdn phase=gdn_qkv gpu_ms=2.53
[prefill-layer-phase] chunk=2 start=2048 layer=20 kind=gdn phase=gdn_z gpu_ms=1.29
[prefill-layer-phase] chunk=2 start=2048 layer=20 kind=gdn phase=gdn_beta_alpha gpu_ms=0.17
[prefill-layer-phase] chunk=2 start=2048 layer=20 kind=gdn phase=gdn_alpha_beta gpu_ms=0.01
[prefill-layer-phase] chunk=2 start=2048 layer=20 kind=gdn phase=gdn_prep_conv gpu_ms=0.43
[prefill-layer-phase] chunk=2 start=2048 layer=20 kind=gdn phase=gdn_prep_l2 gpu_ms=0.03
[prefill-layer-phase] chunk=2 start=2048 layer=20 kind=gdn phase=gdn_step gpu_ms=1.57
[prefill-layer-phase] chunk=2 start=2048 layer=20 kind=gdn phase=gdn_gated gpu_ms=0.11
[prefill-layer-phase] chunk=2 start=2048 layer=20 kind=gdn phase=gdn_back gpu_ms=1.30
[prefill-layer-phase] chunk=2 start=2048 layer=20 kind=gdn phase=mixer_resid gpu_ms=0.03
[prefill-layer-phase] chunk=2 start=2048 layer=20 kind=moe phase=post_norm gpu_ms=0.02
[prefill-layer-phase] chunk=2 start=2048 layer=20 kind=moe phase=route_fused gpu_ms=0.31
[prefill-layer-phase] chunk=2 start=2048 layer=20 kind=moe phase=routed_swiglu gpu_ms=4.49
[prefill-layer-phase] chunk=2 start=2048 layer=20 kind=moe phase=routed_down gpu_ms=2.64
[prefill-layer-phase] chunk=2 start=2048 layer=20 kind=moe phase=routed_reduce gpu_ms=0.14
[prefill-layer-phase] chunk=2 start=2048 layer=20 kind=moe phase=shared_packed gpu_ms=0.64
[prefill-layer-phase] chunk=2 start=2048 layer=21 kind=gdn phase=pre_norm gpu_ms=0.03
[prefill-layer-phase] chunk=2 start=2048 layer=21 kind=gdn phase=gdn_qkv gpu_ms=2.53
[prefill-layer-phase] chunk=2 start=2048 layer=21 kind=gdn phase=gdn_z gpu_ms=1.29
[prefill-layer-phase] chunk=2 start=2048 layer=21 kind=gdn phase=gdn_beta_alpha gpu_ms=0.17
[prefill-layer-phase] chunk=2 start=2048 layer=21 kind=gdn phase=gdn_alpha_beta gpu_ms=0.01
[prefill-layer-phase] chunk=2 start=2048 layer=21 kind=gdn phase=gdn_prep_conv gpu_ms=0.43
[prefill-layer-phase] chunk=2 start=2048 layer=21 kind=gdn phase=gdn_prep_l2 gpu_ms=0.03
[prefill-layer-phase] chunk=2 start=2048 layer=21 kind=gdn phase=gdn_step gpu_ms=1.57
[prefill-layer-phase] chunk=2 start=2048 layer=21 kind=gdn phase=gdn_gated gpu_ms=0.11
[prefill-layer-phase] chunk=2 start=2048 layer=21 kind=gdn phase=gdn_back gpu_ms=1.30
[prefill-layer-phase] chunk=2 start=2048 layer=21 kind=gdn phase=mixer_resid gpu_ms=0.03
[prefill-layer-phase] chunk=2 start=2048 layer=21 kind=moe phase=post_norm gpu_ms=0.02
[prefill-layer-phase] chunk=2 start=2048 layer=21 kind=moe phase=route_fused gpu_ms=0.31
[prefill-layer-phase] chunk=2 start=2048 layer=21 kind=moe phase=routed_swiglu gpu_ms=4.13
[prefill-layer-phase] chunk=2 start=2048 layer=21 kind=moe phase=routed_down gpu_ms=2.48
[prefill-layer-phase] chunk=2 start=2048 layer=21 kind=moe phase=routed_reduce gpu_ms=0.14
[prefill-layer-phase] chunk=2 start=2048 layer=21 kind=moe phase=shared_packed gpu_ms=0.64
[prefill-layer-phase] chunk=2 start=2048 layer=22 kind=gdn phase=pre_norm gpu_ms=0.02
[prefill-layer-phase] chunk=2 start=2048 layer=22 kind=gdn phase=gdn_qkv gpu_ms=2.53
[prefill-layer-phase] chunk=2 start=2048 layer=22 kind=gdn phase=gdn_z gpu_ms=1.29
[prefill-layer-phase] chunk=2 start=2048 layer=22 kind=gdn phase=gdn_beta_alpha gpu_ms=0.17
[prefill-layer-phase] chunk=2 start=2048 layer=22 kind=gdn phase=gdn_alpha_beta gpu_ms=0.01
[prefill-layer-phase] chunk=2 start=2048 layer=22 kind=gdn phase=gdn_prep_conv gpu_ms=0.43
[prefill-layer-phase] chunk=2 start=2048 layer=22 kind=gdn phase=gdn_prep_l2 gpu_ms=0.03
[prefill-layer-phase] chunk=2 start=2048 layer=22 kind=gdn phase=gdn_step gpu_ms=1.54
[prefill-layer-phase] chunk=2 start=2048 layer=22 kind=gdn phase=gdn_gated gpu_ms=0.11
[prefill-layer-phase] chunk=2 start=2048 layer=22 kind=gdn phase=gdn_back gpu_ms=1.30
[prefill-layer-phase] chunk=2 start=2048 layer=22 kind=gdn phase=mixer_resid gpu_ms=0.03
[prefill-layer-phase] chunk=2 start=2048 layer=22 kind=moe phase=post_norm gpu_ms=0.02
[prefill-layer-phase] chunk=2 start=2048 layer=22 kind=moe phase=route_fused gpu_ms=0.31
[prefill-layer-phase] chunk=2 start=2048 layer=22 kind=moe phase=routed_swiglu gpu_ms=4.28
[prefill-layer-phase] chunk=2 start=2048 layer=22 kind=moe phase=routed_down gpu_ms=2.50
[prefill-layer-phase] chunk=2 start=2048 layer=22 kind=moe phase=routed_reduce gpu_ms=0.14
[prefill-layer-phase] chunk=2 start=2048 layer=22 kind=moe phase=shared_packed gpu_ms=0.64
[prefill-layer-phase] chunk=2 start=2048 layer=23 kind=attn phase=pre_norm gpu_ms=0.02
[prefill-attn-phase] chunk=2 start=2048 layer=23 phase=proj gpu_ms=2.91
[prefill-attn-phase] chunk=2 start=2048 layer=23 phase=norm gpu_ms=0.29
[prefill-attn-phase] chunk=2 start=2048 layer=23 phase=rope_scatter gpu_ms=0.05
[prefill-attn-packed-shape] layer=23 chunk_start=2048 chunk_p=1024 group=8 packed_rows=4 qt=2 row_groups=256 dispatches=512 nwg=64 partial_rw_mib=2064.00
[prefill-attn-matrix-g8-shape] layer=23 chunk_start=2048 chunk_p=1024 query_rows=1024 query_tiles=1 n_pos=3072 score_tile_scratch_mib=102.00 vt_stride=4096 vt_layer_mib=4.00 vt_update_base=2048 vt_update_rows=1024 vt_update_mib=1.00
[prefill-attn-phase] chunk=2 start=2048 layer=23 phase=body_matrix_kq gpu_ms=1.62
[prefill-attn-phase] chunk=2 start=2048 layer=23 phase=body_matrix_kqv gpu_ms=1.62
[prefill-layer-phase] chunk=2 start=2048 layer=23 kind=attn phase=attn_back gpu_ms=1.39
[prefill-layer-phase] chunk=2 start=2048 layer=23 kind=attn phase=mixer_resid gpu_ms=0.03
[prefill-layer-phase] chunk=2 start=2048 layer=23 kind=moe phase=post_norm gpu_ms=0.02
[prefill-layer-phase] chunk=2 start=2048 layer=23 kind=moe phase=route_fused gpu_ms=0.31
[prefill-layer-phase] chunk=2 start=2048 layer=23 kind=moe phase=routed_swiglu gpu_ms=4.03
[prefill-layer-phase] chunk=2 start=2048 layer=23 kind=moe phase=routed_down gpu_ms=2.33
[prefill-layer-phase] chunk=2 start=2048 layer=23 kind=moe phase=routed_reduce gpu_ms=0.14
[prefill-layer-phase] chunk=2 start=2048 layer=23 kind=moe phase=shared_packed gpu_ms=0.64
[prefill-layer-phase] chunk=2 start=2048 layer=24 kind=gdn phase=pre_norm gpu_ms=0.02
[prefill-layer-phase] chunk=2 start=2048 layer=24 kind=gdn phase=gdn_qkv gpu_ms=2.53
[prefill-layer-phase] chunk=2 start=2048 layer=24 kind=gdn phase=gdn_z gpu_ms=1.29
[prefill-layer-phase] chunk=2 start=2048 layer=24 kind=gdn phase=gdn_beta_alpha gpu_ms=0.17
[prefill-layer-phase] chunk=2 start=2048 layer=24 kind=gdn phase=gdn_alpha_beta gpu_ms=0.01
[prefill-layer-phase] chunk=2 start=2048 layer=24 kind=gdn phase=gdn_prep_conv gpu_ms=0.43
[prefill-layer-phase] chunk=2 start=2048 layer=24 kind=gdn phase=gdn_prep_l2 gpu_ms=0.03
[prefill-layer-phase] chunk=2 start=2048 layer=24 kind=gdn phase=gdn_step gpu_ms=1.59
[prefill-layer-phase] chunk=2 start=2048 layer=24 kind=gdn phase=gdn_gated gpu_ms=0.11
[prefill-layer-phase] chunk=2 start=2048 layer=24 kind=gdn phase=gdn_back gpu_ms=1.30
[prefill-layer-phase] chunk=2 start=2048 layer=24 kind=gdn phase=mixer_resid gpu_ms=0.03
[prefill-layer-phase] chunk=2 start=2048 layer=24 kind=moe phase=post_norm gpu_ms=0.02
[prefill-layer-phase] chunk=2 start=2048 layer=24 kind=moe phase=route_fused gpu_ms=0.31
[prefill-layer-phase] chunk=2 start=2048 layer=24 kind=moe phase=routed_swiglu gpu_ms=4.07
[prefill-layer-phase] chunk=2 start=2048 layer=24 kind=moe phase=routed_down gpu_ms=2.42
[prefill-layer-phase] chunk=2 start=2048 layer=24 kind=moe phase=routed_reduce gpu_ms=0.14
[prefill-layer-phase] chunk=2 start=2048 layer=24 kind=moe phase=shared_packed gpu_ms=0.64
[prefill-layer-phase] chunk=2 start=2048 layer=25 kind=gdn phase=pre_norm gpu_ms=0.02
[prefill-layer-phase] chunk=2 start=2048 layer=25 kind=gdn phase=gdn_qkv gpu_ms=2.53
[prefill-layer-phase] chunk=2 start=2048 layer=25 kind=gdn phase=gdn_z gpu_ms=1.29
[prefill-layer-phase] chunk=2 start=2048 layer=25 kind=gdn phase=gdn_beta_alpha gpu_ms=0.18
[prefill-layer-phase] chunk=2 start=2048 layer=25 kind=gdn phase=gdn_alpha_beta gpu_ms=0.00
[prefill-layer-phase] chunk=2 start=2048 layer=25 kind=gdn phase=gdn_prep_conv gpu_ms=0.43
[prefill-layer-phase] chunk=2 start=2048 layer=25 kind=gdn phase=gdn_prep_l2 gpu_ms=0.03
[prefill-layer-phase] chunk=2 start=2048 layer=25 kind=gdn phase=gdn_step gpu_ms=1.56
[prefill-layer-phase] chunk=2 start=2048 layer=25 kind=gdn phase=gdn_gated gpu_ms=0.10
[prefill-layer-phase] chunk=2 start=2048 layer=25 kind=gdn phase=gdn_back gpu_ms=1.30
[prefill-layer-phase] chunk=2 start=2048 layer=25 kind=gdn phase=mixer_resid gpu_ms=0.03
[prefill-layer-phase] chunk=2 start=2048 layer=25 kind=moe phase=post_norm gpu_ms=0.02
[prefill-layer-phase] chunk=2 start=2048 layer=25 kind=moe phase=route_fused gpu_ms=0.31
[prefill-layer-phase] chunk=2 start=2048 layer=25 kind=moe phase=routed_swiglu gpu_ms=4.07
[prefill-layer-phase] chunk=2 start=2048 layer=25 kind=moe phase=routed_down gpu_ms=2.36
[prefill-layer-phase] chunk=2 start=2048 layer=25 kind=moe phase=routed_reduce gpu_ms=0.14
[prefill-layer-phase] chunk=2 start=2048 layer=25 kind=moe phase=shared_packed gpu_ms=0.64
[prefill-layer-phase] chunk=2 start=2048 layer=26 kind=gdn phase=pre_norm gpu_ms=0.03
[prefill-layer-phase] chunk=2 start=2048 layer=26 kind=gdn phase=gdn_qkv gpu_ms=2.53
[prefill-layer-phase] chunk=2 start=2048 layer=26 kind=gdn phase=gdn_z gpu_ms=1.29
[prefill-layer-phase] chunk=2 start=2048 layer=26 kind=gdn phase=gdn_beta_alpha gpu_ms=0.17
[prefill-layer-phase] chunk=2 start=2048 layer=26 kind=gdn phase=gdn_alpha_beta gpu_ms=0.01
[prefill-layer-phase] chunk=2 start=2048 layer=26 kind=gdn phase=gdn_prep_conv gpu_ms=0.43
[prefill-layer-phase] chunk=2 start=2048 layer=26 kind=gdn phase=gdn_prep_l2 gpu_ms=0.03
[prefill-layer-phase] chunk=2 start=2048 layer=26 kind=gdn phase=gdn_step gpu_ms=1.58
[prefill-layer-phase] chunk=2 start=2048 layer=26 kind=gdn phase=gdn_gated gpu_ms=0.11
[prefill-layer-phase] chunk=2 start=2048 layer=26 kind=gdn phase=gdn_back gpu_ms=1.30
[prefill-layer-phase] chunk=2 start=2048 layer=26 kind=gdn phase=mixer_resid gpu_ms=0.03
[prefill-layer-phase] chunk=2 start=2048 layer=26 kind=moe phase=post_norm gpu_ms=0.02
[prefill-layer-phase] chunk=2 start=2048 layer=26 kind=moe phase=route_fused gpu_ms=0.31
[prefill-layer-phase] chunk=2 start=2048 layer=26 kind=moe phase=routed_swiglu gpu_ms=4.03
[prefill-layer-phase] chunk=2 start=2048 layer=26 kind=moe phase=routed_down gpu_ms=2.47
[prefill-layer-phase] chunk=2 start=2048 layer=26 kind=moe phase=routed_reduce gpu_ms=0.14
[prefill-layer-phase] chunk=2 start=2048 layer=26 kind=moe phase=shared_packed gpu_ms=0.63
[prefill-layer-phase] chunk=2 start=2048 layer=27 kind=attn phase=pre_norm gpu_ms=0.02
[prefill-attn-phase] chunk=2 start=2048 layer=27 phase=proj gpu_ms=2.92
[prefill-attn-phase] chunk=2 start=2048 layer=27 phase=norm gpu_ms=0.29
[prefill-attn-phase] chunk=2 start=2048 layer=27 phase=rope_scatter gpu_ms=0.05
[prefill-attn-packed-shape] layer=27 chunk_start=2048 chunk_p=1024 group=8 packed_rows=4 qt=2 row_groups=256 dispatches=512 nwg=64 partial_rw_mib=2064.00
[prefill-attn-matrix-g8-shape] layer=27 chunk_start=2048 chunk_p=1024 query_rows=1024 query_tiles=1 n_pos=3072 score_tile_scratch_mib=102.00 vt_stride=4096 vt_layer_mib=4.00 vt_update_base=2048 vt_update_rows=1024 vt_update_mib=1.00
[prefill-attn-phase] chunk=2 start=2048 layer=27 phase=body_matrix_kq gpu_ms=1.62
[prefill-attn-phase] chunk=2 start=2048 layer=27 phase=body_matrix_kqv gpu_ms=1.62
[prefill-layer-phase] chunk=2 start=2048 layer=27 kind=attn phase=attn_back gpu_ms=1.39
[prefill-layer-phase] chunk=2 start=2048 layer=27 kind=attn phase=mixer_resid gpu_ms=0.03
[prefill-layer-phase] chunk=2 start=2048 layer=27 kind=moe phase=post_norm gpu_ms=0.02
[prefill-layer-phase] chunk=2 start=2048 layer=27 kind=moe phase=route_fused gpu_ms=0.31
[prefill-layer-phase] chunk=2 start=2048 layer=27 kind=moe phase=routed_swiglu gpu_ms=4.09
[prefill-layer-phase] chunk=2 start=2048 layer=27 kind=moe phase=routed_down gpu_ms=2.40
[prefill-layer-phase] chunk=2 start=2048 layer=27 kind=moe phase=routed_reduce gpu_ms=0.14
[prefill-layer-phase] chunk=2 start=2048 layer=27 kind=moe phase=shared_packed gpu_ms=0.64
[prefill-layer-phase] chunk=2 start=2048 layer=28 kind=gdn phase=pre_norm gpu_ms=0.02
[prefill-layer-phase] chunk=2 start=2048 layer=28 kind=gdn phase=gdn_qkv gpu_ms=2.53
[prefill-layer-phase] chunk=2 start=2048 layer=28 kind=gdn phase=gdn_z gpu_ms=1.29
[prefill-layer-phase] chunk=2 start=2048 layer=28 kind=gdn phase=gdn_beta_alpha gpu_ms=0.17
[prefill-layer-phase] chunk=2 start=2048 layer=28 kind=gdn phase=gdn_alpha_beta gpu_ms=0.01
[prefill-layer-phase] chunk=2 start=2048 layer=28 kind=gdn phase=gdn_prep_conv gpu_ms=0.43
[prefill-layer-phase] chunk=2 start=2048 layer=28 kind=gdn phase=gdn_prep_l2 gpu_ms=0.03
[prefill-layer-phase] chunk=2 start=2048 layer=28 kind=gdn phase=gdn_step gpu_ms=1.57
[prefill-layer-phase] chunk=2 start=2048 layer=28 kind=gdn phase=gdn_gated gpu_ms=0.11
[prefill-layer-phase] chunk=2 start=2048 layer=28 kind=gdn phase=gdn_back gpu_ms=1.30
[prefill-layer-phase] chunk=2 start=2048 layer=28 kind=gdn phase=mixer_resid gpu_ms=0.03
[prefill-layer-phase] chunk=2 start=2048 layer=28 kind=moe phase=post_norm gpu_ms=0.02
[prefill-layer-phase] chunk=2 start=2048 layer=28 kind=moe phase=route_fused gpu_ms=0.31
[prefill-layer-phase] chunk=2 start=2048 layer=28 kind=moe phase=routed_swiglu gpu_ms=3.84
[prefill-layer-phase] chunk=2 start=2048 layer=28 kind=moe phase=routed_down gpu_ms=2.24
[prefill-layer-phase] chunk=2 start=2048 layer=28 kind=moe phase=routed_reduce gpu_ms=0.14
[prefill-layer-phase] chunk=2 start=2048 layer=28 kind=moe phase=shared_packed gpu_ms=0.64
[prefill-layer-phase] chunk=2 start=2048 layer=29 kind=gdn phase=pre_norm gpu_ms=0.02
[prefill-layer-phase] chunk=2 start=2048 layer=29 kind=gdn phase=gdn_qkv gpu_ms=2.53
[prefill-layer-phase] chunk=2 start=2048 layer=29 kind=gdn phase=gdn_z gpu_ms=1.29
[prefill-layer-phase] chunk=2 start=2048 layer=29 kind=gdn phase=gdn_beta_alpha gpu_ms=0.17
[prefill-layer-phase] chunk=2 start=2048 layer=29 kind=gdn phase=gdn_alpha_beta gpu_ms=0.01
[prefill-layer-phase] chunk=2 start=2048 layer=29 kind=gdn phase=gdn_prep_conv gpu_ms=0.43
[prefill-layer-phase] chunk=2 start=2048 layer=29 kind=gdn phase=gdn_prep_l2 gpu_ms=0.03
[prefill-layer-phase] chunk=2 start=2048 layer=29 kind=gdn phase=gdn_step gpu_ms=1.57
[prefill-layer-phase] chunk=2 start=2048 layer=29 kind=gdn phase=gdn_gated gpu_ms=0.11
[prefill-layer-phase] chunk=2 start=2048 layer=29 kind=gdn phase=gdn_back gpu_ms=1.30
[prefill-layer-phase] chunk=2 start=2048 layer=29 kind=gdn phase=mixer_resid gpu_ms=0.03
[prefill-layer-phase] chunk=2 start=2048 layer=29 kind=moe phase=post_norm gpu_ms=0.02
[prefill-layer-phase] chunk=2 start=2048 layer=29 kind=moe phase=route_fused gpu_ms=0.31
[prefill-layer-phase] chunk=2 start=2048 layer=29 kind=moe phase=routed_swiglu gpu_ms=3.97
[prefill-layer-phase] chunk=2 start=2048 layer=29 kind=moe phase=routed_down gpu_ms=2.30
[prefill-layer-phase] chunk=2 start=2048 layer=29 kind=moe phase=routed_reduce gpu_ms=0.14
[prefill-layer-phase] chunk=2 start=2048 layer=29 kind=moe phase=shared_packed gpu_ms=0.64
[prefill-layer-phase] chunk=2 start=2048 layer=30 kind=gdn phase=pre_norm gpu_ms=0.02
[prefill-layer-phase] chunk=2 start=2048 layer=30 kind=gdn phase=gdn_qkv gpu_ms=2.53
[prefill-layer-phase] chunk=2 start=2048 layer=30 kind=gdn phase=gdn_z gpu_ms=1.29
[prefill-layer-phase] chunk=2 start=2048 layer=30 kind=gdn phase=gdn_beta_alpha gpu_ms=0.17
[prefill-layer-phase] chunk=2 start=2048 layer=30 kind=gdn phase=gdn_alpha_beta gpu_ms=0.01
[prefill-layer-phase] chunk=2 start=2048 layer=30 kind=gdn phase=gdn_prep_conv gpu_ms=0.43
[prefill-layer-phase] chunk=2 start=2048 layer=30 kind=gdn phase=gdn_prep_l2 gpu_ms=0.03
[prefill-layer-phase] chunk=2 start=2048 layer=30 kind=gdn phase=gdn_step gpu_ms=1.55
[prefill-layer-phase] chunk=2 start=2048 layer=30 kind=gdn phase=gdn_gated gpu_ms=0.11
[prefill-layer-phase] chunk=2 start=2048 layer=30 kind=gdn phase=gdn_back gpu_ms=1.30
[prefill-layer-phase] chunk=2 start=2048 layer=30 kind=gdn phase=mixer_resid gpu_ms=0.03
[prefill-layer-phase] chunk=2 start=2048 layer=30 kind=moe phase=post_norm gpu_ms=0.02
[prefill-layer-phase] chunk=2 start=2048 layer=30 kind=moe phase=route_fused gpu_ms=0.31
[prefill-layer-phase] chunk=2 start=2048 layer=30 kind=moe phase=routed_swiglu gpu_ms=4.05
[prefill-layer-phase] chunk=2 start=2048 layer=30 kind=moe phase=routed_down gpu_ms=2.44
[prefill-layer-phase] chunk=2 start=2048 layer=30 kind=moe phase=routed_reduce gpu_ms=0.14
[prefill-layer-phase] chunk=2 start=2048 layer=30 kind=moe phase=shared_packed gpu_ms=0.64
[prefill-layer-phase] chunk=2 start=2048 layer=31 kind=attn phase=pre_norm gpu_ms=0.02
[prefill-attn-phase] chunk=2 start=2048 layer=31 phase=proj gpu_ms=2.91
[prefill-attn-phase] chunk=2 start=2048 layer=31 phase=norm gpu_ms=0.29
[prefill-attn-phase] chunk=2 start=2048 layer=31 phase=rope_scatter gpu_ms=0.05
[prefill-attn-packed-shape] layer=31 chunk_start=2048 chunk_p=1024 group=8 packed_rows=4 qt=2 row_groups=256 dispatches=512 nwg=64 partial_rw_mib=2064.00
[prefill-attn-matrix-g8-shape] layer=31 chunk_start=2048 chunk_p=1024 query_rows=1024 query_tiles=1 n_pos=3072 score_tile_scratch_mib=102.00 vt_stride=4096 vt_layer_mib=4.00 vt_update_base=2048 vt_update_rows=1024 vt_update_mib=1.00
[prefill-attn-phase] chunk=2 start=2048 layer=31 phase=body_matrix_kq gpu_ms=1.62
[prefill-attn-phase] chunk=2 start=2048 layer=31 phase=body_matrix_kqv gpu_ms=1.62
[prefill-layer-phase] chunk=2 start=2048 layer=31 kind=attn phase=attn_back gpu_ms=1.39
[prefill-layer-phase] chunk=2 start=2048 layer=31 kind=attn phase=mixer_resid gpu_ms=0.03
[prefill-layer-phase] chunk=2 start=2048 layer=31 kind=moe phase=post_norm gpu_ms=0.02
[prefill-layer-phase] chunk=2 start=2048 layer=31 kind=moe phase=route_fused gpu_ms=0.31
[prefill-layer-phase] chunk=2 start=2048 layer=31 kind=moe phase=routed_swiglu gpu_ms=3.88
[prefill-layer-phase] chunk=2 start=2048 layer=31 kind=moe phase=routed_down gpu_ms=2.28
[prefill-layer-phase] chunk=2 start=2048 layer=31 kind=moe phase=routed_reduce gpu_ms=0.14
[prefill-layer-phase] chunk=2 start=2048 layer=31 kind=moe phase=shared_packed gpu_ms=0.64
[prefill-layer-phase] chunk=2 start=2048 layer=32 kind=gdn phase=pre_norm gpu_ms=0.02
[prefill-layer-phase] chunk=2 start=2048 layer=32 kind=gdn phase=gdn_qkv gpu_ms=2.53
[prefill-layer-phase] chunk=2 start=2048 layer=32 kind=gdn phase=gdn_z gpu_ms=1.29
[prefill-layer-phase] chunk=2 start=2048 layer=32 kind=gdn phase=gdn_beta_alpha gpu_ms=0.17
[prefill-layer-phase] chunk=2 start=2048 layer=32 kind=gdn phase=gdn_alpha_beta gpu_ms=0.00
[prefill-layer-phase] chunk=2 start=2048 layer=32 kind=gdn phase=gdn_prep_conv gpu_ms=0.43
[prefill-layer-phase] chunk=2 start=2048 layer=32 kind=gdn phase=gdn_prep_l2 gpu_ms=0.03
[prefill-layer-phase] chunk=2 start=2048 layer=32 kind=gdn phase=gdn_step gpu_ms=1.58
[prefill-layer-phase] chunk=2 start=2048 layer=32 kind=gdn phase=gdn_gated gpu_ms=0.11
[prefill-layer-phase] chunk=2 start=2048 layer=32 kind=gdn phase=gdn_back gpu_ms=1.30
[prefill-layer-phase] chunk=2 start=2048 layer=32 kind=gdn phase=mixer_resid gpu_ms=0.03
[prefill-layer-phase] chunk=2 start=2048 layer=32 kind=moe phase=post_norm gpu_ms=0.02
[prefill-layer-phase] chunk=2 start=2048 layer=32 kind=moe phase=route_fused gpu_ms=0.31
[prefill-layer-phase] chunk=2 start=2048 layer=32 kind=moe phase=routed_swiglu gpu_ms=3.97
[prefill-layer-phase] chunk=2 start=2048 layer=32 kind=moe phase=routed_down gpu_ms=2.23
[prefill-layer-phase] chunk=2 start=2048 layer=32 kind=moe phase=routed_reduce gpu_ms=0.14
[prefill-layer-phase] chunk=2 start=2048 layer=32 kind=moe phase=shared_packed gpu_ms=0.64
[prefill-layer-phase] chunk=2 start=2048 layer=33 kind=gdn phase=pre_norm gpu_ms=0.02
[prefill-layer-phase] chunk=2 start=2048 layer=33 kind=gdn phase=gdn_qkv gpu_ms=2.53
[prefill-layer-phase] chunk=2 start=2048 layer=33 kind=gdn phase=gdn_z gpu_ms=1.29
[prefill-layer-phase] chunk=2 start=2048 layer=33 kind=gdn phase=gdn_beta_alpha gpu_ms=0.17
[prefill-layer-phase] chunk=2 start=2048 layer=33 kind=gdn phase=gdn_alpha_beta gpu_ms=0.01
[prefill-layer-phase] chunk=2 start=2048 layer=33 kind=gdn phase=gdn_prep_conv gpu_ms=0.43
[prefill-layer-phase] chunk=2 start=2048 layer=33 kind=gdn phase=gdn_prep_l2 gpu_ms=0.03
[prefill-layer-phase] chunk=2 start=2048 layer=33 kind=gdn phase=gdn_step gpu_ms=1.57
[prefill-layer-phase] chunk=2 start=2048 layer=33 kind=gdn phase=gdn_gated gpu_ms=0.11
[prefill-layer-phase] chunk=2 start=2048 layer=33 kind=gdn phase=gdn_back gpu_ms=1.30
[prefill-layer-phase] chunk=2 start=2048 layer=33 kind=gdn phase=mixer_resid gpu_ms=0.03
[prefill-layer-phase] chunk=2 start=2048 layer=33 kind=moe phase=post_norm gpu_ms=0.02
[prefill-layer-phase] chunk=2 start=2048 layer=33 kind=moe phase=route_fused gpu_ms=0.30
[prefill-layer-phase] chunk=2 start=2048 layer=33 kind=moe phase=routed_swiglu gpu_ms=4.03
[prefill-layer-phase] chunk=2 start=2048 layer=33 kind=moe phase=routed_down gpu_ms=2.46
[prefill-layer-phase] chunk=2 start=2048 layer=33 kind=moe phase=routed_reduce gpu_ms=0.14
[prefill-layer-phase] chunk=2 start=2048 layer=33 kind=moe phase=shared_packed gpu_ms=0.64
[prefill-layer-phase] chunk=2 start=2048 layer=34 kind=gdn phase=pre_norm gpu_ms=0.02
[prefill-layer-phase] chunk=2 start=2048 layer=34 kind=gdn phase=gdn_qkv gpu_ms=2.53
[prefill-layer-phase] chunk=2 start=2048 layer=34 kind=gdn phase=gdn_z gpu_ms=1.29
[prefill-layer-phase] chunk=2 start=2048 layer=34 kind=gdn phase=gdn_beta_alpha gpu_ms=0.17
[prefill-layer-phase] chunk=2 start=2048 layer=34 kind=gdn phase=gdn_alpha_beta gpu_ms=0.00
[prefill-layer-phase] chunk=2 start=2048 layer=34 kind=gdn phase=gdn_prep_conv gpu_ms=0.43
[prefill-layer-phase] chunk=2 start=2048 layer=34 kind=gdn phase=gdn_prep_l2 gpu_ms=0.03
[prefill-layer-phase] chunk=2 start=2048 layer=34 kind=gdn phase=gdn_step gpu_ms=1.56
[prefill-layer-phase] chunk=2 start=2048 layer=34 kind=gdn phase=gdn_gated gpu_ms=0.11
[prefill-layer-phase] chunk=2 start=2048 layer=34 kind=gdn phase=gdn_back gpu_ms=1.30
[prefill-layer-phase] chunk=2 start=2048 layer=34 kind=gdn phase=mixer_resid gpu_ms=0.03
[prefill-layer-phase] chunk=2 start=2048 layer=34 kind=moe phase=post_norm gpu_ms=0.02
[prefill-layer-phase] chunk=2 start=2048 layer=34 kind=moe phase=route_fused gpu_ms=0.31
[prefill-layer-phase] chunk=2 start=2048 layer=34 kind=moe phase=routed_swiglu gpu_ms=3.95
[prefill-layer-phase] chunk=2 start=2048 layer=34 kind=moe phase=routed_down gpu_ms=2.24
[prefill-layer-phase] chunk=2 start=2048 layer=34 kind=moe phase=routed_reduce gpu_ms=0.14
[prefill-layer-phase] chunk=2 start=2048 layer=34 kind=moe phase=shared_packed gpu_ms=0.64
[prefill-layer-phase] chunk=2 start=2048 layer=35 kind=attn phase=pre_norm gpu_ms=0.02
[prefill-attn-phase] chunk=2 start=2048 layer=35 phase=proj gpu_ms=2.91
[prefill-attn-phase] chunk=2 start=2048 layer=35 phase=norm gpu_ms=0.29
[prefill-attn-phase] chunk=2 start=2048 layer=35 phase=rope_scatter gpu_ms=0.06
[prefill-attn-packed-shape] layer=35 chunk_start=2048 chunk_p=1024 group=8 packed_rows=4 qt=2 row_groups=256 dispatches=512 nwg=64 partial_rw_mib=2064.00
[prefill-attn-matrix-g8-shape] layer=35 chunk_start=2048 chunk_p=1024 query_rows=1024 query_tiles=1 n_pos=3072 score_tile_scratch_mib=102.00 vt_stride=4096 vt_layer_mib=4.00 vt_update_base=2048 vt_update_rows=1024 vt_update_mib=1.00
[prefill-attn-phase] chunk=2 start=2048 layer=35 phase=body_matrix_kq gpu_ms=1.62
[prefill-attn-phase] chunk=2 start=2048 layer=35 phase=body_matrix_kqv gpu_ms=1.62
[prefill-layer-phase] chunk=2 start=2048 layer=35 kind=attn phase=attn_back gpu_ms=1.39
[prefill-layer-phase] chunk=2 start=2048 layer=35 kind=attn phase=mixer_resid gpu_ms=0.03
[prefill-layer-phase] chunk=2 start=2048 layer=35 kind=moe phase=post_norm gpu_ms=0.02
[prefill-layer-phase] chunk=2 start=2048 layer=35 kind=moe phase=route_fused gpu_ms=0.31
[prefill-layer-phase] chunk=2 start=2048 layer=35 kind=moe phase=routed_swiglu gpu_ms=4.07
[prefill-layer-phase] chunk=2 start=2048 layer=35 kind=moe phase=routed_down gpu_ms=2.50
[prefill-layer-phase] chunk=2 start=2048 layer=35 kind=moe phase=routed_reduce gpu_ms=0.14
[prefill-layer-phase] chunk=2 start=2048 layer=35 kind=moe phase=shared_packed gpu_ms=0.64
[prefill-layer-phase] chunk=2 start=2048 layer=36 kind=gdn phase=pre_norm gpu_ms=0.02
[prefill-layer-phase] chunk=2 start=2048 layer=36 kind=gdn phase=gdn_qkv gpu_ms=2.53
[prefill-layer-phase] chunk=2 start=2048 layer=36 kind=gdn phase=gdn_z gpu_ms=1.29
[prefill-layer-phase] chunk=2 start=2048 layer=36 kind=gdn phase=gdn_beta_alpha gpu_ms=0.17
[prefill-layer-phase] chunk=2 start=2048 layer=36 kind=gdn phase=gdn_alpha_beta gpu_ms=0.00
[prefill-layer-phase] chunk=2 start=2048 layer=36 kind=gdn phase=gdn_prep_conv gpu_ms=0.43
[prefill-layer-phase] chunk=2 start=2048 layer=36 kind=gdn phase=gdn_prep_l2 gpu_ms=0.03
[prefill-layer-phase] chunk=2 start=2048 layer=36 kind=gdn phase=gdn_step gpu_ms=1.58
[prefill-layer-phase] chunk=2 start=2048 layer=36 kind=gdn phase=gdn_gated gpu_ms=0.11
[prefill-layer-phase] chunk=2 start=2048 layer=36 kind=gdn phase=gdn_back gpu_ms=1.30
[prefill-layer-phase] chunk=2 start=2048 layer=36 kind=gdn phase=mixer_resid gpu_ms=0.03
[prefill-layer-phase] chunk=2 start=2048 layer=36 kind=moe phase=post_norm gpu_ms=0.02
[prefill-layer-phase] chunk=2 start=2048 layer=36 kind=moe phase=route_fused gpu_ms=0.31
[prefill-layer-phase] chunk=2 start=2048 layer=36 kind=moe phase=routed_swiglu gpu_ms=4.01
[prefill-layer-phase] chunk=2 start=2048 layer=36 kind=moe phase=routed_down gpu_ms=2.34
[prefill-layer-phase] chunk=2 start=2048 layer=36 kind=moe phase=routed_reduce gpu_ms=0.14
[prefill-layer-phase] chunk=2 start=2048 layer=36 kind=moe phase=shared_packed gpu_ms=0.64
[prefill-layer-phase] chunk=2 start=2048 layer=37 kind=gdn phase=pre_norm gpu_ms=0.02
[prefill-layer-phase] chunk=2 start=2048 layer=37 kind=gdn phase=gdn_qkv gpu_ms=2.53
[prefill-layer-phase] chunk=2 start=2048 layer=37 kind=gdn phase=gdn_z gpu_ms=1.29
[prefill-layer-phase] chunk=2 start=2048 layer=37 kind=gdn phase=gdn_beta_alpha gpu_ms=0.17
[prefill-layer-phase] chunk=2 start=2048 layer=37 kind=gdn phase=gdn_alpha_beta gpu_ms=0.00
[prefill-layer-phase] chunk=2 start=2048 layer=37 kind=gdn phase=gdn_prep_conv gpu_ms=0.43
[prefill-layer-phase] chunk=2 start=2048 layer=37 kind=gdn phase=gdn_prep_l2 gpu_ms=0.03
[prefill-layer-phase] chunk=2 start=2048 layer=37 kind=gdn phase=gdn_step gpu_ms=1.55
[prefill-layer-phase] chunk=2 start=2048 layer=37 kind=gdn phase=gdn_gated gpu_ms=0.10
[prefill-layer-phase] chunk=2 start=2048 layer=37 kind=gdn phase=gdn_back gpu_ms=1.30
[prefill-layer-phase] chunk=2 start=2048 layer=37 kind=gdn phase=mixer_resid gpu_ms=0.03
[prefill-layer-phase] chunk=2 start=2048 layer=37 kind=moe phase=post_norm gpu_ms=0.02
[prefill-layer-phase] chunk=2 start=2048 layer=37 kind=moe phase=route_fused gpu_ms=0.31
[prefill-layer-phase] chunk=2 start=2048 layer=37 kind=moe phase=routed_swiglu gpu_ms=3.83
[prefill-layer-phase] chunk=2 start=2048 layer=37 kind=moe phase=routed_down gpu_ms=2.18
[prefill-layer-phase] chunk=2 start=2048 layer=37 kind=moe phase=routed_reduce gpu_ms=0.14
[prefill-layer-phase] chunk=2 start=2048 layer=37 kind=moe phase=shared_packed gpu_ms=0.64
[prefill-layer-phase] chunk=2 start=2048 layer=38 kind=gdn phase=pre_norm gpu_ms=0.02
[prefill-layer-phase] chunk=2 start=2048 layer=38 kind=gdn phase=gdn_qkv gpu_ms=2.53
[prefill-layer-phase] chunk=2 start=2048 layer=38 kind=gdn phase=gdn_z gpu_ms=1.29
[prefill-layer-phase] chunk=2 start=2048 layer=38 kind=gdn phase=gdn_beta_alpha gpu_ms=0.17
[prefill-layer-phase] chunk=2 start=2048 layer=38 kind=gdn phase=gdn_alpha_beta gpu_ms=0.00
[prefill-layer-phase] chunk=2 start=2048 layer=38 kind=gdn phase=gdn_prep_conv gpu_ms=0.43
[prefill-layer-phase] chunk=2 start=2048 layer=38 kind=gdn phase=gdn_prep_l2 gpu_ms=0.03
[prefill-layer-phase] chunk=2 start=2048 layer=38 kind=gdn phase=gdn_step gpu_ms=1.55
[prefill-layer-phase] chunk=2 start=2048 layer=38 kind=gdn phase=gdn_gated gpu_ms=0.11
[prefill-layer-phase] chunk=2 start=2048 layer=38 kind=gdn phase=gdn_back gpu_ms=1.30
[prefill-layer-phase] chunk=2 start=2048 layer=38 kind=gdn phase=mixer_resid gpu_ms=0.03
[prefill-layer-phase] chunk=2 start=2048 layer=38 kind=moe phase=post_norm gpu_ms=0.02
[prefill-layer-phase] chunk=2 start=2048 layer=38 kind=moe phase=route_fused gpu_ms=0.31
[prefill-layer-phase] chunk=2 start=2048 layer=38 kind=moe phase=routed_swiglu gpu_ms=4.02
[prefill-layer-phase] chunk=2 start=2048 layer=38 kind=moe phase=routed_down gpu_ms=2.06
[prefill-layer-phase] chunk=2 start=2048 layer=38 kind=moe phase=routed_reduce gpu_ms=0.14
[prefill-layer-phase] chunk=2 start=2048 layer=38 kind=moe phase=shared_packed gpu_ms=0.64
[prefill-layer-phase] chunk=2 start=2048 layer=39 kind=attn phase=pre_norm gpu_ms=0.02
[prefill-attn-phase] chunk=2 start=2048 layer=39 phase=proj gpu_ms=2.92
[prefill-attn-phase] chunk=2 start=2048 layer=39 phase=norm gpu_ms=0.29
[prefill-attn-phase] chunk=2 start=2048 layer=39 phase=rope_scatter gpu_ms=0.06
[prefill-attn-packed-shape] layer=39 chunk_start=2048 chunk_p=1024 group=8 packed_rows=4 qt=2 row_groups=256 dispatches=512 nwg=64 partial_rw_mib=2064.00
[prefill-attn-matrix-g8-shape] layer=39 chunk_start=2048 chunk_p=1024 query_rows=1024 query_tiles=1 n_pos=3072 score_tile_scratch_mib=102.00 vt_stride=4096 vt_layer_mib=4.00 vt_update_base=2048 vt_update_rows=1024 vt_update_mib=1.00
[prefill-attn-phase] chunk=2 start=2048 layer=39 phase=body_matrix_kq gpu_ms=1.62
[prefill-attn-phase] chunk=2 start=2048 layer=39 phase=body_matrix_kqv gpu_ms=1.62
[prefill-layer-phase] chunk=2 start=2048 layer=39 kind=attn phase=attn_back gpu_ms=1.39
[prefill-layer-phase] chunk=2 start=2048 layer=39 kind=attn phase=mixer_resid gpu_ms=0.03
[prefill-layer-phase] chunk=2 start=2048 layer=39 kind=moe phase=post_norm gpu_ms=0.02
[prefill-layer-phase] chunk=2 start=2048 layer=39 kind=moe phase=route_fused gpu_ms=0.31
[prefill-layer-phase] chunk=2 start=2048 layer=39 kind=moe phase=routed_swiglu gpu_ms=3.79
[prefill-layer-phase] chunk=2 start=2048 layer=39 kind=moe phase=routed_down gpu_ms=2.03
[prefill-layer-phase] chunk=2 start=2048 layer=39 kind=moe phase=routed_reduce gpu_ms=0.14
[prefill-layer-phase] chunk=2 start=2048 layer=39 kind=moe phase=shared_packed gpu_ms=0.64
[prefill-layer-phase] chunk=3 start=3072 layer=0 kind=gdn phase=pre_norm gpu_ms=0.15
[prefill-layer-phase] chunk=3 start=3072 layer=0 kind=gdn phase=gdn_qkv gpu_ms=2.53
[prefill-layer-phase] chunk=3 start=3072 layer=0 kind=gdn phase=gdn_z gpu_ms=1.29
[prefill-layer-phase] chunk=3 start=3072 layer=0 kind=gdn phase=gdn_beta_alpha gpu_ms=0.17
[prefill-layer-phase] chunk=3 start=3072 layer=0 kind=gdn phase=gdn_alpha_beta gpu_ms=0.01
[prefill-layer-phase] chunk=3 start=3072 layer=0 kind=gdn phase=gdn_prep_conv gpu_ms=0.43
[prefill-layer-phase] chunk=3 start=3072 layer=0 kind=gdn phase=gdn_prep_l2 gpu_ms=0.03
[prefill-layer-phase] chunk=3 start=3072 layer=0 kind=gdn phase=gdn_step gpu_ms=1.58
[prefill-layer-phase] chunk=3 start=3072 layer=0 kind=gdn phase=gdn_gated gpu_ms=0.11
[prefill-layer-phase] chunk=3 start=3072 layer=0 kind=gdn phase=gdn_back gpu_ms=1.30
[prefill-layer-phase] chunk=3 start=3072 layer=0 kind=gdn phase=mixer_resid gpu_ms=0.03
[prefill-layer-phase] chunk=3 start=3072 layer=0 kind=moe phase=post_norm gpu_ms=0.02
[prefill-layer-phase] chunk=3 start=3072 layer=0 kind=moe phase=route_fused gpu_ms=0.31
[prefill-layer-phase] chunk=3 start=3072 layer=0 kind=moe phase=routed_swiglu gpu_ms=4.39
[prefill-layer-phase] chunk=3 start=3072 layer=0 kind=moe phase=routed_down gpu_ms=2.67
[prefill-layer-phase] chunk=3 start=3072 layer=0 kind=moe phase=routed_reduce gpu_ms=0.14
[prefill-layer-phase] chunk=3 start=3072 layer=0 kind=moe phase=shared_packed gpu_ms=0.64
[prefill-layer-phase] chunk=3 start=3072 layer=1 kind=gdn phase=pre_norm gpu_ms=0.02
[prefill-layer-phase] chunk=3 start=3072 layer=1 kind=gdn phase=gdn_qkv gpu_ms=2.53
[prefill-layer-phase] chunk=3 start=3072 layer=1 kind=gdn phase=gdn_z gpu_ms=1.29
[prefill-layer-phase] chunk=3 start=3072 layer=1 kind=gdn phase=gdn_beta_alpha gpu_ms=0.17
[prefill-layer-phase] chunk=3 start=3072 layer=1 kind=gdn phase=gdn_alpha_beta gpu_ms=0.00
[prefill-layer-phase] chunk=3 start=3072 layer=1 kind=gdn phase=gdn_prep_conv gpu_ms=0.43
[prefill-layer-phase] chunk=3 start=3072 layer=1 kind=gdn phase=gdn_prep_l2 gpu_ms=0.03
[prefill-layer-phase] chunk=3 start=3072 layer=1 kind=gdn phase=gdn_step gpu_ms=1.55
[prefill-layer-phase] chunk=3 start=3072 layer=1 kind=gdn phase=gdn_gated gpu_ms=0.11
[prefill-layer-phase] chunk=3 start=3072 layer=1 kind=gdn phase=gdn_back gpu_ms=1.30
[prefill-layer-phase] chunk=3 start=3072 layer=1 kind=gdn phase=mixer_resid gpu_ms=0.03
[prefill-layer-phase] chunk=3 start=3072 layer=1 kind=moe phase=post_norm gpu_ms=0.02
[prefill-layer-phase] chunk=3 start=3072 layer=1 kind=moe phase=route_fused gpu_ms=0.31
[prefill-layer-phase] chunk=3 start=3072 layer=1 kind=moe phase=routed_swiglu gpu_ms=4.31
[prefill-layer-phase] chunk=3 start=3072 layer=1 kind=moe phase=routed_down gpu_ms=2.58
[prefill-layer-phase] chunk=3 start=3072 layer=1 kind=moe phase=routed_reduce gpu_ms=0.14
[prefill-layer-phase] chunk=3 start=3072 layer=1 kind=moe phase=shared_packed gpu_ms=0.63
[prefill-layer-phase] chunk=3 start=3072 layer=2 kind=gdn phase=pre_norm gpu_ms=0.02
[prefill-layer-phase] chunk=3 start=3072 layer=2 kind=gdn phase=gdn_qkv gpu_ms=2.53
[prefill-layer-phase] chunk=3 start=3072 layer=2 kind=gdn phase=gdn_z gpu_ms=1.29
[prefill-layer-phase] chunk=3 start=3072 layer=2 kind=gdn phase=gdn_beta_alpha gpu_ms=0.17
[prefill-layer-phase] chunk=3 start=3072 layer=2 kind=gdn phase=gdn_alpha_beta gpu_ms=0.00
[prefill-layer-phase] chunk=3 start=3072 layer=2 kind=gdn phase=gdn_prep_conv gpu_ms=0.42
[prefill-layer-phase] chunk=3 start=3072 layer=2 kind=gdn phase=gdn_prep_l2 gpu_ms=0.03
[prefill-layer-phase] chunk=3 start=3072 layer=2 kind=gdn phase=gdn_step gpu_ms=1.58
[prefill-layer-phase] chunk=3 start=3072 layer=2 kind=gdn phase=gdn_gated gpu_ms=0.11
[prefill-layer-phase] chunk=3 start=3072 layer=2 kind=gdn phase=gdn_back gpu_ms=1.30
[prefill-layer-phase] chunk=3 start=3072 layer=2 kind=gdn phase=mixer_resid gpu_ms=0.03
[prefill-layer-phase] chunk=3 start=3072 layer=2 kind=moe phase=post_norm gpu_ms=0.02
[prefill-layer-phase] chunk=3 start=3072 layer=2 kind=moe phase=route_fused gpu_ms=0.31
[prefill-layer-phase] chunk=3 start=3072 layer=2 kind=moe phase=routed_swiglu gpu_ms=4.35
[prefill-layer-phase] chunk=3 start=3072 layer=2 kind=moe phase=routed_down gpu_ms=2.66
[prefill-layer-phase] chunk=3 start=3072 layer=2 kind=moe phase=routed_reduce gpu_ms=0.14
[prefill-layer-phase] chunk=3 start=3072 layer=2 kind=moe phase=shared_packed gpu_ms=0.63
[prefill-layer-phase] chunk=3 start=3072 layer=3 kind=attn phase=pre_norm gpu_ms=0.02
[prefill-attn-phase] chunk=3 start=3072 layer=3 phase=proj gpu_ms=2.91
[prefill-attn-phase] chunk=3 start=3072 layer=3 phase=norm gpu_ms=0.29
[prefill-attn-phase] chunk=3 start=3072 layer=3 phase=rope_scatter gpu_ms=0.05
[prefill-attn-packed-shape] layer=3 chunk_start=3072 chunk_p=1024 group=8 packed_rows=4 qt=2 row_groups=256 dispatches=512 nwg=64 partial_rw_mib=2064.00
[prefill-attn-matrix-g8-shape] layer=3 chunk_start=3072 chunk_p=1024 query_rows=1024 query_tiles=1 n_pos=4096 score_tile_scratch_mib=136.00 vt_stride=4096 vt_layer_mib=4.00 vt_update_base=3072 vt_update_rows=1024 vt_update_mib=1.00
[prefill-attn-phase] chunk=3 start=3072 layer=3 phase=body_matrix_kq gpu_ms=2.26
[prefill-attn-phase] chunk=3 start=3072 layer=3 phase=body_matrix_kqv gpu_ms=2.25
[prefill-layer-phase] chunk=3 start=3072 layer=3 kind=attn phase=attn_back gpu_ms=1.39
[prefill-layer-phase] chunk=3 start=3072 layer=3 kind=attn phase=mixer_resid gpu_ms=0.03
[prefill-layer-phase] chunk=3 start=3072 layer=3 kind=moe phase=post_norm gpu_ms=0.02
[prefill-layer-phase] chunk=3 start=3072 layer=3 kind=moe phase=route_fused gpu_ms=0.31
[prefill-layer-phase] chunk=3 start=3072 layer=3 kind=moe phase=routed_swiglu gpu_ms=4.37
[prefill-layer-phase] chunk=3 start=3072 layer=3 kind=moe phase=routed_down gpu_ms=2.72
[prefill-layer-phase] chunk=3 start=3072 layer=3 kind=moe phase=routed_reduce gpu_ms=0.14
[prefill-layer-phase] chunk=3 start=3072 layer=3 kind=moe phase=shared_packed gpu_ms=0.64
[prefill-layer-phase] chunk=3 start=3072 layer=4 kind=gdn phase=pre_norm gpu_ms=0.02
[prefill-layer-phase] chunk=3 start=3072 layer=4 kind=gdn phase=gdn_qkv gpu_ms=2.53
[prefill-layer-phase] chunk=3 start=3072 layer=4 kind=gdn phase=gdn_z gpu_ms=1.29
[prefill-layer-phase] chunk=3 start=3072 layer=4 kind=gdn phase=gdn_beta_alpha gpu_ms=0.17
[prefill-layer-phase] chunk=3 start=3072 layer=4 kind=gdn phase=gdn_alpha_beta gpu_ms=0.01
[prefill-layer-phase] chunk=3 start=3072 layer=4 kind=gdn phase=gdn_prep_conv gpu_ms=0.43
[prefill-layer-phase] chunk=3 start=3072 layer=4 kind=gdn phase=gdn_prep_l2 gpu_ms=0.03
[prefill-layer-phase] chunk=3 start=3072 layer=4 kind=gdn phase=gdn_step gpu_ms=1.56
[prefill-layer-phase] chunk=3 start=3072 layer=4 kind=gdn phase=gdn_gated gpu_ms=0.11
[prefill-layer-phase] chunk=3 start=3072 layer=4 kind=gdn phase=gdn_back gpu_ms=1.30
[prefill-layer-phase] chunk=3 start=3072 layer=4 kind=gdn phase=mixer_resid gpu_ms=0.03
[prefill-layer-phase] chunk=3 start=3072 layer=4 kind=moe phase=post_norm gpu_ms=0.02
[prefill-layer-phase] chunk=3 start=3072 layer=4 kind=moe phase=route_fused gpu_ms=0.31
[prefill-layer-phase] chunk=3 start=3072 layer=4 kind=moe phase=routed_swiglu gpu_ms=4.30
[prefill-layer-phase] chunk=3 start=3072 layer=4 kind=moe phase=routed_down gpu_ms=2.67
[prefill-layer-phase] chunk=3 start=3072 layer=4 kind=moe phase=routed_reduce gpu_ms=0.14
[prefill-layer-phase] chunk=3 start=3072 layer=4 kind=moe phase=shared_packed gpu_ms=0.63
[prefill-layer-phase] chunk=3 start=3072 layer=5 kind=gdn phase=pre_norm gpu_ms=0.02
[prefill-layer-phase] chunk=3 start=3072 layer=5 kind=gdn phase=gdn_qkv gpu_ms=2.53
[prefill-layer-phase] chunk=3 start=3072 layer=5 kind=gdn phase=gdn_z gpu_ms=1.29
[prefill-layer-phase] chunk=3 start=3072 layer=5 kind=gdn phase=gdn_beta_alpha gpu_ms=0.17
[prefill-layer-phase] chunk=3 start=3072 layer=5 kind=gdn phase=gdn_alpha_beta gpu_ms=0.01
[prefill-layer-phase] chunk=3 start=3072 layer=5 kind=gdn phase=gdn_prep_conv gpu_ms=0.43
[prefill-layer-phase] chunk=3 start=3072 layer=5 kind=gdn phase=gdn_prep_l2 gpu_ms=0.03
[prefill-layer-phase] chunk=3 start=3072 layer=5 kind=gdn phase=gdn_step gpu_ms=1.53
[prefill-layer-phase] chunk=3 start=3072 layer=5 kind=gdn phase=gdn_gated gpu_ms=0.10
[prefill-layer-phase] chunk=3 start=3072 layer=5 kind=gdn phase=gdn_back gpu_ms=1.30
[prefill-layer-phase] chunk=3 start=3072 layer=5 kind=gdn phase=mixer_resid gpu_ms=0.03
[prefill-layer-phase] chunk=3 start=3072 layer=5 kind=moe phase=post_norm gpu_ms=0.02
[prefill-layer-phase] chunk=3 start=3072 layer=5 kind=moe phase=route_fused gpu_ms=0.31
[prefill-layer-phase] chunk=3 start=3072 layer=5 kind=moe phase=routed_swiglu gpu_ms=4.34
[prefill-layer-phase] chunk=3 start=3072 layer=5 kind=moe phase=routed_down gpu_ms=2.70
[prefill-layer-phase] chunk=3 start=3072 layer=5 kind=moe phase=routed_reduce gpu_ms=0.14
[prefill-layer-phase] chunk=3 start=3072 layer=5 kind=moe phase=shared_packed gpu_ms=0.64
[prefill-layer-phase] chunk=3 start=3072 layer=6 kind=gdn phase=pre_norm gpu_ms=0.03
[prefill-layer-phase] chunk=3 start=3072 layer=6 kind=gdn phase=gdn_qkv gpu_ms=2.53
[prefill-layer-phase] chunk=3 start=3072 layer=6 kind=gdn phase=gdn_z gpu_ms=1.29
[prefill-layer-phase] chunk=3 start=3072 layer=6 kind=gdn phase=gdn_beta_alpha gpu_ms=0.17
[prefill-layer-phase] chunk=3 start=3072 layer=6 kind=gdn phase=gdn_alpha_beta gpu_ms=0.01
[prefill-layer-phase] chunk=3 start=3072 layer=6 kind=gdn phase=gdn_prep_conv gpu_ms=0.43
[prefill-layer-phase] chunk=3 start=3072 layer=6 kind=gdn phase=gdn_prep_l2 gpu_ms=0.03
[prefill-layer-phase] chunk=3 start=3072 layer=6 kind=gdn phase=gdn_step gpu_ms=1.57
[prefill-layer-phase] chunk=3 start=3072 layer=6 kind=gdn phase=gdn_gated gpu_ms=0.10
[prefill-layer-phase] chunk=3 start=3072 layer=6 kind=gdn phase=gdn_back gpu_ms=1.30
[prefill-layer-phase] chunk=3 start=3072 layer=6 kind=gdn phase=mixer_resid gpu_ms=0.03
[prefill-layer-phase] chunk=3 start=3072 layer=6 kind=moe phase=post_norm gpu_ms=0.02
[prefill-layer-phase] chunk=3 start=3072 layer=6 kind=moe phase=route_fused gpu_ms=0.31
[prefill-layer-phase] chunk=3 start=3072 layer=6 kind=moe phase=routed_swiglu gpu_ms=4.23
[prefill-layer-phase] chunk=3 start=3072 layer=6 kind=moe phase=routed_down gpu_ms=2.50
[prefill-layer-phase] chunk=3 start=3072 layer=6 kind=moe phase=routed_reduce gpu_ms=0.14
[prefill-layer-phase] chunk=3 start=3072 layer=6 kind=moe phase=shared_packed gpu_ms=0.64
[prefill-layer-phase] chunk=3 start=3072 layer=7 kind=attn phase=pre_norm gpu_ms=0.02
[prefill-attn-phase] chunk=3 start=3072 layer=7 phase=proj gpu_ms=2.91
[prefill-attn-phase] chunk=3 start=3072 layer=7 phase=norm gpu_ms=0.29
[prefill-attn-phase] chunk=3 start=3072 layer=7 phase=rope_scatter gpu_ms=0.05
[prefill-attn-packed-shape] layer=7 chunk_start=3072 chunk_p=1024 group=8 packed_rows=4 qt=2 row_groups=256 dispatches=512 nwg=64 partial_rw_mib=2064.00
[prefill-attn-matrix-g8-shape] layer=7 chunk_start=3072 chunk_p=1024 query_rows=1024 query_tiles=1 n_pos=4096 score_tile_scratch_mib=136.00 vt_stride=4096 vt_layer_mib=4.00 vt_update_base=3072 vt_update_rows=1024 vt_update_mib=1.00
[prefill-attn-phase] chunk=3 start=3072 layer=7 phase=body_matrix_kq gpu_ms=2.26
[prefill-attn-phase] chunk=3 start=3072 layer=7 phase=body_matrix_kqv gpu_ms=2.25
[prefill-layer-phase] chunk=3 start=3072 layer=7 kind=attn phase=attn_back gpu_ms=1.39
[prefill-layer-phase] chunk=3 start=3072 layer=7 kind=attn phase=mixer_resid gpu_ms=0.03
[prefill-layer-phase] chunk=3 start=3072 layer=7 kind=moe phase=post_norm gpu_ms=0.02
[prefill-layer-phase] chunk=3 start=3072 layer=7 kind=moe phase=route_fused gpu_ms=0.31
[prefill-layer-phase] chunk=3 start=3072 layer=7 kind=moe phase=routed_swiglu gpu_ms=4.12
[prefill-layer-phase] chunk=3 start=3072 layer=7 kind=moe phase=routed_down gpu_ms=2.54
[prefill-layer-phase] chunk=3 start=3072 layer=7 kind=moe phase=routed_reduce gpu_ms=0.14
[prefill-layer-phase] chunk=3 start=3072 layer=7 kind=moe phase=shared_packed gpu_ms=0.64
[prefill-layer-phase] chunk=3 start=3072 layer=8 kind=gdn phase=pre_norm gpu_ms=0.02
[prefill-layer-phase] chunk=3 start=3072 layer=8 kind=gdn phase=gdn_qkv gpu_ms=2.53
[prefill-layer-phase] chunk=3 start=3072 layer=8 kind=gdn phase=gdn_z gpu_ms=1.29
[prefill-layer-phase] chunk=3 start=3072 layer=8 kind=gdn phase=gdn_beta_alpha gpu_ms=0.17
[prefill-layer-phase] chunk=3 start=3072 layer=8 kind=gdn phase=gdn_alpha_beta gpu_ms=0.01
[prefill-layer-phase] chunk=3 start=3072 layer=8 kind=gdn phase=gdn_prep_conv gpu_ms=0.43
[prefill-layer-phase] chunk=3 start=3072 layer=8 kind=gdn phase=gdn_prep_l2 gpu_ms=0.03
[prefill-layer-phase] chunk=3 start=3072 layer=8 kind=gdn phase=gdn_step gpu_ms=1.58
[prefill-layer-phase] chunk=3 start=3072 layer=8 kind=gdn phase=gdn_gated gpu_ms=0.11
[prefill-layer-phase] chunk=3 start=3072 layer=8 kind=gdn phase=gdn_back gpu_ms=1.30
[prefill-layer-phase] chunk=3 start=3072 layer=8 kind=gdn phase=mixer_resid gpu_ms=0.03
[prefill-layer-phase] chunk=3 start=3072 layer=8 kind=moe phase=post_norm gpu_ms=0.03
[prefill-layer-phase] chunk=3 start=3072 layer=8 kind=moe phase=route_fused gpu_ms=0.31
[prefill-layer-phase] chunk=3 start=3072 layer=8 kind=moe phase=routed_swiglu gpu_ms=4.24
[prefill-layer-phase] chunk=3 start=3072 layer=8 kind=moe phase=routed_down gpu_ms=2.62
[prefill-layer-phase] chunk=3 start=3072 layer=8 kind=moe phase=routed_reduce gpu_ms=0.14
[prefill-layer-phase] chunk=3 start=3072 layer=8 kind=moe phase=shared_packed gpu_ms=0.64
[prefill-layer-phase] chunk=3 start=3072 layer=9 kind=gdn phase=pre_norm gpu_ms=0.02
[prefill-layer-phase] chunk=3 start=3072 layer=9 kind=gdn phase=gdn_qkv gpu_ms=2.53
[prefill-layer-phase] chunk=3 start=3072 layer=9 kind=gdn phase=gdn_z gpu_ms=1.29
[prefill-layer-phase] chunk=3 start=3072 layer=9 kind=gdn phase=gdn_beta_alpha gpu_ms=0.17
[prefill-layer-phase] chunk=3 start=3072 layer=9 kind=gdn phase=gdn_alpha_beta gpu_ms=0.01
[prefill-layer-phase] chunk=3 start=3072 layer=9 kind=gdn phase=gdn_prep_conv gpu_ms=0.43
[prefill-layer-phase] chunk=3 start=3072 layer=9 kind=gdn phase=gdn_prep_l2 gpu_ms=0.03
[prefill-layer-phase] chunk=3 start=3072 layer=9 kind=gdn phase=gdn_step gpu_ms=1.59
[prefill-layer-phase] chunk=3 start=3072 layer=9 kind=gdn phase=gdn_gated gpu_ms=0.11
[prefill-layer-phase] chunk=3 start=3072 layer=9 kind=gdn phase=gdn_back gpu_ms=1.30
[prefill-layer-phase] chunk=3 start=3072 layer=9 kind=gdn phase=mixer_resid gpu_ms=0.03
[prefill-layer-phase] chunk=3 start=3072 layer=9 kind=moe phase=post_norm gpu_ms=0.02
[prefill-layer-phase] chunk=3 start=3072 layer=9 kind=moe phase=route_fused gpu_ms=0.30
[prefill-layer-phase] chunk=3 start=3072 layer=9 kind=moe phase=routed_swiglu gpu_ms=4.23
[prefill-layer-phase] chunk=3 start=3072 layer=9 kind=moe phase=routed_down gpu_ms=2.55
[prefill-layer-phase] chunk=3 start=3072 layer=9 kind=moe phase=routed_reduce gpu_ms=0.14
[prefill-layer-phase] chunk=3 start=3072 layer=9 kind=moe phase=shared_packed gpu_ms=0.64
[prefill-layer-phase] chunk=3 start=3072 layer=10 kind=gdn phase=pre_norm gpu_ms=0.02
[prefill-layer-phase] chunk=3 start=3072 layer=10 kind=gdn phase=gdn_qkv gpu_ms=2.53
[prefill-layer-phase] chunk=3 start=3072 layer=10 kind=gdn phase=gdn_z gpu_ms=1.29
[prefill-layer-phase] chunk=3 start=3072 layer=10 kind=gdn phase=gdn_beta_alpha gpu_ms=0.17
[prefill-layer-phase] chunk=3 start=3072 layer=10 kind=gdn phase=gdn_alpha_beta gpu_ms=0.01
[prefill-layer-phase] chunk=3 start=3072 layer=10 kind=gdn phase=gdn_prep_conv gpu_ms=0.43
[prefill-layer-phase] chunk=3 start=3072 layer=10 kind=gdn phase=gdn_prep_l2 gpu_ms=0.03
[prefill-layer-phase] chunk=3 start=3072 layer=10 kind=gdn phase=gdn_step gpu_ms=1.56
[prefill-layer-phase] chunk=3 start=3072 layer=10 kind=gdn phase=gdn_gated gpu_ms=0.10
[prefill-layer-phase] chunk=3 start=3072 layer=10 kind=gdn phase=gdn_back gpu_ms=1.30
[prefill-layer-phase] chunk=3 start=3072 layer=10 kind=gdn phase=mixer_resid gpu_ms=0.03
[prefill-layer-phase] chunk=3 start=3072 layer=10 kind=moe phase=post_norm gpu_ms=0.02
[prefill-layer-phase] chunk=3 start=3072 layer=10 kind=moe phase=route_fused gpu_ms=0.31
[prefill-layer-phase] chunk=3 start=3072 layer=10 kind=moe phase=routed_swiglu gpu_ms=4.21
[prefill-layer-phase] chunk=3 start=3072 layer=10 kind=moe phase=routed_down gpu_ms=2.46
[prefill-layer-phase] chunk=3 start=3072 layer=10 kind=moe phase=routed_reduce gpu_ms=0.14
[prefill-layer-phase] chunk=3 start=3072 layer=10 kind=moe phase=shared_packed gpu_ms=0.64
[prefill-layer-phase] chunk=3 start=3072 layer=11 kind=attn phase=pre_norm gpu_ms=0.02
[prefill-attn-phase] chunk=3 start=3072 layer=11 phase=proj gpu_ms=2.91
[prefill-attn-phase] chunk=3 start=3072 layer=11 phase=norm gpu_ms=0.29
[prefill-attn-phase] chunk=3 start=3072 layer=11 phase=rope_scatter gpu_ms=0.05
[prefill-attn-packed-shape] layer=11 chunk_start=3072 chunk_p=1024 group=8 packed_rows=4 qt=2 row_groups=256 dispatches=512 nwg=64 partial_rw_mib=2064.00
[prefill-attn-matrix-g8-shape] layer=11 chunk_start=3072 chunk_p=1024 query_rows=1024 query_tiles=1 n_pos=4096 score_tile_scratch_mib=136.00 vt_stride=4096 vt_layer_mib=4.00 vt_update_base=3072 vt_update_rows=1024 vt_update_mib=1.00
[prefill-attn-phase] chunk=3 start=3072 layer=11 phase=body_matrix_kq gpu_ms=2.26
[prefill-attn-phase] chunk=3 start=3072 layer=11 phase=body_matrix_kqv gpu_ms=2.25
[prefill-layer-phase] chunk=3 start=3072 layer=11 kind=attn phase=attn_back gpu_ms=1.39
[prefill-layer-phase] chunk=3 start=3072 layer=11 kind=attn phase=mixer_resid gpu_ms=0.03
[prefill-layer-phase] chunk=3 start=3072 layer=11 kind=moe phase=post_norm gpu_ms=0.02
[prefill-layer-phase] chunk=3 start=3072 layer=11 kind=moe phase=route_fused gpu_ms=0.31
[prefill-layer-phase] chunk=3 start=3072 layer=11 kind=moe phase=routed_swiglu gpu_ms=4.11
[prefill-layer-phase] chunk=3 start=3072 layer=11 kind=moe phase=routed_down gpu_ms=2.54
[prefill-layer-phase] chunk=3 start=3072 layer=11 kind=moe phase=routed_reduce gpu_ms=0.14
[prefill-layer-phase] chunk=3 start=3072 layer=11 kind=moe phase=shared_packed gpu_ms=0.64
[prefill-layer-phase] chunk=3 start=3072 layer=12 kind=gdn phase=pre_norm gpu_ms=0.02
[prefill-layer-phase] chunk=3 start=3072 layer=12 kind=gdn phase=gdn_qkv gpu_ms=2.53
[prefill-layer-phase] chunk=3 start=3072 layer=12 kind=gdn phase=gdn_z gpu_ms=1.29
[prefill-layer-phase] chunk=3 start=3072 layer=12 kind=gdn phase=gdn_beta_alpha gpu_ms=0.17
[prefill-layer-phase] chunk=3 start=3072 layer=12 kind=gdn phase=gdn_alpha_beta gpu_ms=0.01
[prefill-layer-phase] chunk=3 start=3072 layer=12 kind=gdn phase=gdn_prep_conv gpu_ms=0.43
[prefill-layer-phase] chunk=3 start=3072 layer=12 kind=gdn phase=gdn_prep_l2 gpu_ms=0.03
[prefill-layer-phase] chunk=3 start=3072 layer=12 kind=gdn phase=gdn_step gpu_ms=1.58
[prefill-layer-phase] chunk=3 start=3072 layer=12 kind=gdn phase=gdn_gated gpu_ms=0.11
[prefill-layer-phase] chunk=3 start=3072 layer=12 kind=gdn phase=gdn_back gpu_ms=1.30
[prefill-layer-phase] chunk=3 start=3072 layer=12 kind=gdn phase=mixer_resid gpu_ms=0.03
[prefill-layer-phase] chunk=3 start=3072 layer=12 kind=moe phase=post_norm gpu_ms=0.02
[prefill-layer-phase] chunk=3 start=3072 layer=12 kind=moe phase=route_fused gpu_ms=0.31
[prefill-layer-phase] chunk=3 start=3072 layer=12 kind=moe phase=routed_swiglu gpu_ms=4.17
[prefill-layer-phase] chunk=3 start=3072 layer=12 kind=moe phase=routed_down gpu_ms=2.52
[prefill-layer-phase] chunk=3 start=3072 layer=12 kind=moe phase=routed_reduce gpu_ms=0.14
[prefill-layer-phase] chunk=3 start=3072 layer=12 kind=moe phase=shared_packed gpu_ms=0.63
[prefill-layer-phase] chunk=3 start=3072 layer=13 kind=gdn phase=pre_norm gpu_ms=0.02
[prefill-layer-phase] chunk=3 start=3072 layer=13 kind=gdn phase=gdn_qkv gpu_ms=2.53
[prefill-layer-phase] chunk=3 start=3072 layer=13 kind=gdn phase=gdn_z gpu_ms=1.29
[prefill-layer-phase] chunk=3 start=3072 layer=13 kind=gdn phase=gdn_beta_alpha gpu_ms=0.17
[prefill-layer-phase] chunk=3 start=3072 layer=13 kind=gdn phase=gdn_alpha_beta gpu_ms=0.00
[prefill-layer-phase] chunk=3 start=3072 layer=13 kind=gdn phase=gdn_prep_conv gpu_ms=0.43
[prefill-layer-phase] chunk=3 start=3072 layer=13 kind=gdn phase=gdn_prep_l2 gpu_ms=0.03
[prefill-layer-phase] chunk=3 start=3072 layer=13 kind=gdn phase=gdn_step gpu_ms=1.57
[prefill-layer-phase] chunk=3 start=3072 layer=13 kind=gdn phase=gdn_gated gpu_ms=0.10
[prefill-layer-phase] chunk=3 start=3072 layer=13 kind=gdn phase=gdn_back gpu_ms=1.30
[prefill-layer-phase] chunk=3 start=3072 layer=13 kind=gdn phase=mixer_resid gpu_ms=0.03
[prefill-layer-phase] chunk=3 start=3072 layer=13 kind=moe phase=post_norm gpu_ms=0.02
[prefill-layer-phase] chunk=3 start=3072 layer=13 kind=moe phase=route_fused gpu_ms=0.31
[prefill-layer-phase] chunk=3 start=3072 layer=13 kind=moe phase=routed_swiglu gpu_ms=4.01
[prefill-layer-phase] chunk=3 start=3072 layer=13 kind=moe phase=routed_down gpu_ms=2.34
[prefill-layer-phase] chunk=3 start=3072 layer=13 kind=moe phase=routed_reduce gpu_ms=0.14
[prefill-layer-phase] chunk=3 start=3072 layer=13 kind=moe phase=shared_packed gpu_ms=0.64
[prefill-layer-phase] chunk=3 start=3072 layer=14 kind=gdn phase=pre_norm gpu_ms=0.02
[prefill-layer-phase] chunk=3 start=3072 layer=14 kind=gdn phase=gdn_qkv gpu_ms=2.53
[prefill-layer-phase] chunk=3 start=3072 layer=14 kind=gdn phase=gdn_z gpu_ms=1.29
[prefill-layer-phase] chunk=3 start=3072 layer=14 kind=gdn phase=gdn_beta_alpha gpu_ms=0.17
[prefill-layer-phase] chunk=3 start=3072 layer=14 kind=gdn phase=gdn_alpha_beta gpu_ms=0.00
[prefill-layer-phase] chunk=3 start=3072 layer=14 kind=gdn phase=gdn_prep_conv gpu_ms=0.43
[prefill-layer-phase] chunk=3 start=3072 layer=14 kind=gdn phase=gdn_prep_l2 gpu_ms=0.03
[prefill-layer-phase] chunk=3 start=3072 layer=14 kind=gdn phase=gdn_step gpu_ms=1.59
[prefill-layer-phase] chunk=3 start=3072 layer=14 kind=gdn phase=gdn_gated gpu_ms=0.11
[prefill-layer-phase] chunk=3 start=3072 layer=14 kind=gdn phase=gdn_back gpu_ms=1.30
[prefill-layer-phase] chunk=3 start=3072 layer=14 kind=gdn phase=mixer_resid gpu_ms=0.03
[prefill-layer-phase] chunk=3 start=3072 layer=14 kind=moe phase=post_norm gpu_ms=0.02
[prefill-layer-phase] chunk=3 start=3072 layer=14 kind=moe phase=route_fused gpu_ms=0.30
[prefill-layer-phase] chunk=3 start=3072 layer=14 kind=moe phase=routed_swiglu gpu_ms=4.12
[prefill-layer-phase] chunk=3 start=3072 layer=14 kind=moe phase=routed_down gpu_ms=2.45
[prefill-layer-phase] chunk=3 start=3072 layer=14 kind=moe phase=routed_reduce gpu_ms=0.14
[prefill-layer-phase] chunk=3 start=3072 layer=14 kind=moe phase=shared_packed gpu_ms=0.64
[prefill-layer-phase] chunk=3 start=3072 layer=15 kind=attn phase=pre_norm gpu_ms=0.02
[prefill-attn-phase] chunk=3 start=3072 layer=15 phase=proj gpu_ms=2.92
[prefill-attn-phase] chunk=3 start=3072 layer=15 phase=norm gpu_ms=0.29
[prefill-attn-phase] chunk=3 start=3072 layer=15 phase=rope_scatter gpu_ms=0.05
[prefill-attn-packed-shape] layer=15 chunk_start=3072 chunk_p=1024 group=8 packed_rows=4 qt=2 row_groups=256 dispatches=512 nwg=64 partial_rw_mib=2064.00
[prefill-attn-matrix-g8-shape] layer=15 chunk_start=3072 chunk_p=1024 query_rows=1024 query_tiles=1 n_pos=4096 score_tile_scratch_mib=136.00 vt_stride=4096 vt_layer_mib=4.00 vt_update_base=3072 vt_update_rows=1024 vt_update_mib=1.00
[prefill-attn-phase] chunk=3 start=3072 layer=15 phase=body_matrix_kq gpu_ms=2.26
[prefill-attn-phase] chunk=3 start=3072 layer=15 phase=body_matrix_kqv gpu_ms=2.25
[prefill-layer-phase] chunk=3 start=3072 layer=15 kind=attn phase=attn_back gpu_ms=1.39
[prefill-layer-phase] chunk=3 start=3072 layer=15 kind=attn phase=mixer_resid gpu_ms=0.03
[prefill-layer-phase] chunk=3 start=3072 layer=15 kind=moe phase=post_norm gpu_ms=0.02
[prefill-layer-phase] chunk=3 start=3072 layer=15 kind=moe phase=route_fused gpu_ms=0.31
[prefill-layer-phase] chunk=3 start=3072 layer=15 kind=moe phase=routed_swiglu gpu_ms=4.04
[prefill-layer-phase] chunk=3 start=3072 layer=15 kind=moe phase=routed_down gpu_ms=2.44
[prefill-layer-phase] chunk=3 start=3072 layer=15 kind=moe phase=routed_reduce gpu_ms=0.14
[prefill-layer-phase] chunk=3 start=3072 layer=15 kind=moe phase=shared_packed gpu_ms=0.64
[prefill-layer-phase] chunk=3 start=3072 layer=16 kind=gdn phase=pre_norm gpu_ms=0.02
[prefill-layer-phase] chunk=3 start=3072 layer=16 kind=gdn phase=gdn_qkv gpu_ms=2.53
[prefill-layer-phase] chunk=3 start=3072 layer=16 kind=gdn phase=gdn_z gpu_ms=1.29
[prefill-layer-phase] chunk=3 start=3072 layer=16 kind=gdn phase=gdn_beta_alpha gpu_ms=0.17
[prefill-layer-phase] chunk=3 start=3072 layer=16 kind=gdn phase=gdn_alpha_beta gpu_ms=0.01
[prefill-layer-phase] chunk=3 start=3072 layer=16 kind=gdn phase=gdn_prep_conv gpu_ms=0.43
[prefill-layer-phase] chunk=3 start=3072 layer=16 kind=gdn phase=gdn_prep_l2 gpu_ms=0.03
[prefill-layer-phase] chunk=3 start=3072 layer=16 kind=gdn phase=gdn_step gpu_ms=1.58
[prefill-layer-phase] chunk=3 start=3072 layer=16 kind=gdn phase=gdn_gated gpu_ms=0.11
[prefill-layer-phase] chunk=3 start=3072 layer=16 kind=gdn phase=gdn_back gpu_ms=1.30
[prefill-layer-phase] chunk=3 start=3072 layer=16 kind=gdn phase=mixer_resid gpu_ms=0.03
[prefill-layer-phase] chunk=3 start=3072 layer=16 kind=moe phase=post_norm gpu_ms=0.02
[prefill-layer-phase] chunk=3 start=3072 layer=16 kind=moe phase=route_fused gpu_ms=0.31
[prefill-layer-phase] chunk=3 start=3072 layer=16 kind=moe phase=routed_swiglu gpu_ms=3.82
[prefill-layer-phase] chunk=3 start=3072 layer=16 kind=moe phase=routed_down gpu_ms=2.20
[prefill-layer-phase] chunk=3 start=3072 layer=16 kind=moe phase=routed_reduce gpu_ms=0.14
[prefill-layer-phase] chunk=3 start=3072 layer=16 kind=moe phase=shared_packed gpu_ms=0.64
[prefill-layer-phase] chunk=3 start=3072 layer=17 kind=gdn phase=pre_norm gpu_ms=0.02
[prefill-layer-phase] chunk=3 start=3072 layer=17 kind=gdn phase=gdn_qkv gpu_ms=2.53
[prefill-layer-phase] chunk=3 start=3072 layer=17 kind=gdn phase=gdn_z gpu_ms=1.29
[prefill-layer-phase] chunk=3 start=3072 layer=17 kind=gdn phase=gdn_beta_alpha gpu_ms=0.17
[prefill-layer-phase] chunk=3 start=3072 layer=17 kind=gdn phase=gdn_alpha_beta gpu_ms=0.01
[prefill-layer-phase] chunk=3 start=3072 layer=17 kind=gdn phase=gdn_prep_conv gpu_ms=0.43
[prefill-layer-phase] chunk=3 start=3072 layer=17 kind=gdn phase=gdn_prep_l2 gpu_ms=0.03
[prefill-layer-phase] chunk=3 start=3072 layer=17 kind=gdn phase=gdn_step gpu_ms=1.57
[prefill-layer-phase] chunk=3 start=3072 layer=17 kind=gdn phase=gdn_gated gpu_ms=0.11
[prefill-layer-phase] chunk=3 start=3072 layer=17 kind=gdn phase=gdn_back gpu_ms=1.30
[prefill-layer-phase] chunk=3 start=3072 layer=17 kind=gdn phase=mixer_resid gpu_ms=0.03
[prefill-layer-phase] chunk=3 start=3072 layer=17 kind=moe phase=post_norm gpu_ms=0.02
[prefill-layer-phase] chunk=3 start=3072 layer=17 kind=moe phase=route_fused gpu_ms=0.31
[prefill-layer-phase] chunk=3 start=3072 layer=17 kind=moe phase=routed_swiglu gpu_ms=3.87
[prefill-layer-phase] chunk=3 start=3072 layer=17 kind=moe phase=routed_down gpu_ms=2.28
[prefill-layer-phase] chunk=3 start=3072 layer=17 kind=moe phase=routed_reduce gpu_ms=0.14
[prefill-layer-phase] chunk=3 start=3072 layer=17 kind=moe phase=shared_packed gpu_ms=0.63
[prefill-layer-phase] chunk=3 start=3072 layer=18 kind=gdn phase=pre_norm gpu_ms=0.02
[prefill-layer-phase] chunk=3 start=3072 layer=18 kind=gdn phase=gdn_qkv gpu_ms=2.53
[prefill-layer-phase] chunk=3 start=3072 layer=18 kind=gdn phase=gdn_z gpu_ms=1.29
[prefill-layer-phase] chunk=3 start=3072 layer=18 kind=gdn phase=gdn_beta_alpha gpu_ms=0.17
[prefill-layer-phase] chunk=3 start=3072 layer=18 kind=gdn phase=gdn_alpha_beta gpu_ms=0.01
[prefill-layer-phase] chunk=3 start=3072 layer=18 kind=gdn phase=gdn_prep_conv gpu_ms=0.43
[prefill-layer-phase] chunk=3 start=3072 layer=18 kind=gdn phase=gdn_prep_l2 gpu_ms=0.03
[prefill-layer-phase] chunk=3 start=3072 layer=18 kind=gdn phase=gdn_step gpu_ms=1.57
[prefill-layer-phase] chunk=3 start=3072 layer=18 kind=gdn phase=gdn_gated gpu_ms=0.11
[prefill-layer-phase] chunk=3 start=3072 layer=18 kind=gdn phase=gdn_back gpu_ms=1.30
[prefill-layer-phase] chunk=3 start=3072 layer=18 kind=gdn phase=mixer_resid gpu_ms=0.03
[prefill-layer-phase] chunk=3 start=3072 layer=18 kind=moe phase=post_norm gpu_ms=0.02
[prefill-layer-phase] chunk=3 start=3072 layer=18 kind=moe phase=route_fused gpu_ms=0.31
[prefill-layer-phase] chunk=3 start=3072 layer=18 kind=moe phase=routed_swiglu gpu_ms=4.08
[prefill-layer-phase] chunk=3 start=3072 layer=18 kind=moe phase=routed_down gpu_ms=2.46
[prefill-layer-phase] chunk=3 start=3072 layer=18 kind=moe phase=routed_reduce gpu_ms=0.14
[prefill-layer-phase] chunk=3 start=3072 layer=18 kind=moe phase=shared_packed gpu_ms=0.64
[prefill-layer-phase] chunk=3 start=3072 layer=19 kind=attn phase=pre_norm gpu_ms=0.02
[prefill-attn-phase] chunk=3 start=3072 layer=19 phase=proj gpu_ms=2.92
[prefill-attn-phase] chunk=3 start=3072 layer=19 phase=norm gpu_ms=0.29
[prefill-attn-phase] chunk=3 start=3072 layer=19 phase=rope_scatter gpu_ms=0.05
[prefill-attn-packed-shape] layer=19 chunk_start=3072 chunk_p=1024 group=8 packed_rows=4 qt=2 row_groups=256 dispatches=512 nwg=64 partial_rw_mib=2064.00
[prefill-attn-matrix-g8-shape] layer=19 chunk_start=3072 chunk_p=1024 query_rows=1024 query_tiles=1 n_pos=4096 score_tile_scratch_mib=136.00 vt_stride=4096 vt_layer_mib=4.00 vt_update_base=3072 vt_update_rows=1024 vt_update_mib=1.00
[prefill-attn-phase] chunk=3 start=3072 layer=19 phase=body_matrix_kq gpu_ms=2.26
[prefill-attn-phase] chunk=3 start=3072 layer=19 phase=body_matrix_kqv gpu_ms=2.25
[prefill-layer-phase] chunk=3 start=3072 layer=19 kind=attn phase=attn_back gpu_ms=1.39
[prefill-layer-phase] chunk=3 start=3072 layer=19 kind=attn phase=mixer_resid gpu_ms=0.03
[prefill-layer-phase] chunk=3 start=3072 layer=19 kind=moe phase=post_norm gpu_ms=0.02
[prefill-layer-phase] chunk=3 start=3072 layer=19 kind=moe phase=route_fused gpu_ms=0.31
[prefill-layer-phase] chunk=3 start=3072 layer=19 kind=moe phase=routed_swiglu gpu_ms=4.03
[prefill-layer-phase] chunk=3 start=3072 layer=19 kind=moe phase=routed_down gpu_ms=2.39
[prefill-layer-phase] chunk=3 start=3072 layer=19 kind=moe phase=routed_reduce gpu_ms=0.14
[prefill-layer-phase] chunk=3 start=3072 layer=19 kind=moe phase=shared_packed gpu_ms=0.64
[prefill-layer-phase] chunk=3 start=3072 layer=20 kind=gdn phase=pre_norm gpu_ms=0.02
[prefill-layer-phase] chunk=3 start=3072 layer=20 kind=gdn phase=gdn_qkv gpu_ms=2.53
[prefill-layer-phase] chunk=3 start=3072 layer=20 kind=gdn phase=gdn_z gpu_ms=1.29
[prefill-layer-phase] chunk=3 start=3072 layer=20 kind=gdn phase=gdn_beta_alpha gpu_ms=0.17
[prefill-layer-phase] chunk=3 start=3072 layer=20 kind=gdn phase=gdn_alpha_beta gpu_ms=0.01
[prefill-layer-phase] chunk=3 start=3072 layer=20 kind=gdn phase=gdn_prep_conv gpu_ms=0.43
[prefill-layer-phase] chunk=3 start=3072 layer=20 kind=gdn phase=gdn_prep_l2 gpu_ms=0.03
[prefill-layer-phase] chunk=3 start=3072 layer=20 kind=gdn phase=gdn_step gpu_ms=1.59
[prefill-layer-phase] chunk=3 start=3072 layer=20 kind=gdn phase=gdn_gated gpu_ms=0.11
[prefill-layer-phase] chunk=3 start=3072 layer=20 kind=gdn phase=gdn_back gpu_ms=1.30
[prefill-layer-phase] chunk=3 start=3072 layer=20 kind=gdn phase=mixer_resid gpu_ms=0.03
[prefill-layer-phase] chunk=3 start=3072 layer=20 kind=moe phase=post_norm gpu_ms=0.02
[prefill-layer-phase] chunk=3 start=3072 layer=20 kind=moe phase=route_fused gpu_ms=0.31
[prefill-layer-phase] chunk=3 start=3072 layer=20 kind=moe phase=routed_swiglu gpu_ms=4.34
[prefill-layer-phase] chunk=3 start=3072 layer=20 kind=moe phase=routed_down gpu_ms=2.64
[prefill-layer-phase] chunk=3 start=3072 layer=20 kind=moe phase=routed_reduce gpu_ms=0.14
[prefill-layer-phase] chunk=3 start=3072 layer=20 kind=moe phase=shared_packed gpu_ms=0.63
[prefill-layer-phase] chunk=3 start=3072 layer=21 kind=gdn phase=pre_norm gpu_ms=0.03
[prefill-layer-phase] chunk=3 start=3072 layer=21 kind=gdn phase=gdn_qkv gpu_ms=2.53
[prefill-layer-phase] chunk=3 start=3072 layer=21 kind=gdn phase=gdn_z gpu_ms=1.29
[prefill-layer-phase] chunk=3 start=3072 layer=21 kind=gdn phase=gdn_beta_alpha gpu_ms=0.18
[prefill-layer-phase] chunk=3 start=3072 layer=21 kind=gdn phase=gdn_alpha_beta gpu_ms=0.00
[prefill-layer-phase] chunk=3 start=3072 layer=21 kind=gdn phase=gdn_prep_conv gpu_ms=0.43
[prefill-layer-phase] chunk=3 start=3072 layer=21 kind=gdn phase=gdn_prep_l2 gpu_ms=0.03
[prefill-layer-phase] chunk=3 start=3072 layer=21 kind=gdn phase=gdn_step gpu_ms=1.56
[prefill-layer-phase] chunk=3 start=3072 layer=21 kind=gdn phase=gdn_gated gpu_ms=0.11
[prefill-layer-phase] chunk=3 start=3072 layer=21 kind=gdn phase=gdn_back gpu_ms=1.30
[prefill-layer-phase] chunk=3 start=3072 layer=21 kind=gdn phase=mixer_resid gpu_ms=0.03
[prefill-layer-phase] chunk=3 start=3072 layer=21 kind=moe phase=post_norm gpu_ms=0.02
[prefill-layer-phase] chunk=3 start=3072 layer=21 kind=moe phase=route_fused gpu_ms=0.31
[prefill-layer-phase] chunk=3 start=3072 layer=21 kind=moe phase=routed_swiglu gpu_ms=4.14
[prefill-layer-phase] chunk=3 start=3072 layer=21 kind=moe phase=routed_down gpu_ms=2.49
[prefill-layer-phase] chunk=3 start=3072 layer=21 kind=moe phase=routed_reduce gpu_ms=0.14
[prefill-layer-phase] chunk=3 start=3072 layer=21 kind=moe phase=shared_packed gpu_ms=0.64
[prefill-layer-phase] chunk=3 start=3072 layer=22 kind=gdn phase=pre_norm gpu_ms=0.02
[prefill-layer-phase] chunk=3 start=3072 layer=22 kind=gdn phase=gdn_qkv gpu_ms=2.53
[prefill-layer-phase] chunk=3 start=3072 layer=22 kind=gdn phase=gdn_z gpu_ms=1.29
[prefill-layer-phase] chunk=3 start=3072 layer=22 kind=gdn phase=gdn_beta_alpha gpu_ms=0.17
[prefill-layer-phase] chunk=3 start=3072 layer=22 kind=gdn phase=gdn_alpha_beta gpu_ms=0.01
[prefill-layer-phase] chunk=3 start=3072 layer=22 kind=gdn phase=gdn_prep_conv gpu_ms=0.42
[prefill-layer-phase] chunk=3 start=3072 layer=22 kind=gdn phase=gdn_prep_l2 gpu_ms=0.03
[prefill-layer-phase] chunk=3 start=3072 layer=22 kind=gdn phase=gdn_step gpu_ms=1.59
[prefill-layer-phase] chunk=3 start=3072 layer=22 kind=gdn phase=gdn_gated gpu_ms=0.10
[prefill-layer-phase] chunk=3 start=3072 layer=22 kind=gdn phase=gdn_back gpu_ms=1.30
[prefill-layer-phase] chunk=3 start=3072 layer=22 kind=gdn phase=mixer_resid gpu_ms=0.03
[prefill-layer-phase] chunk=3 start=3072 layer=22 kind=moe phase=post_norm gpu_ms=0.02
[prefill-layer-phase] chunk=3 start=3072 layer=22 kind=moe phase=route_fused gpu_ms=0.30
[prefill-layer-phase] chunk=3 start=3072 layer=22 kind=moe phase=routed_swiglu gpu_ms=4.24
[prefill-layer-phase] chunk=3 start=3072 layer=22 kind=moe phase=routed_down gpu_ms=2.46
[prefill-layer-phase] chunk=3 start=3072 layer=22 kind=moe phase=routed_reduce gpu_ms=0.14
[prefill-layer-phase] chunk=3 start=3072 layer=22 kind=moe phase=shared_packed gpu_ms=0.64
[prefill-layer-phase] chunk=3 start=3072 layer=23 kind=attn phase=pre_norm gpu_ms=0.03
[prefill-attn-phase] chunk=3 start=3072 layer=23 phase=proj gpu_ms=2.91
[prefill-attn-phase] chunk=3 start=3072 layer=23 phase=norm gpu_ms=0.29
[prefill-attn-phase] chunk=3 start=3072 layer=23 phase=rope_scatter gpu_ms=0.05
[prefill-attn-packed-shape] layer=23 chunk_start=3072 chunk_p=1024 group=8 packed_rows=4 qt=2 row_groups=256 dispatches=512 nwg=64 partial_rw_mib=2064.00
[prefill-attn-matrix-g8-shape] layer=23 chunk_start=3072 chunk_p=1024 query_rows=1024 query_tiles=1 n_pos=4096 score_tile_scratch_mib=136.00 vt_stride=4096 vt_layer_mib=4.00 vt_update_base=3072 vt_update_rows=1024 vt_update_mib=1.00
[prefill-attn-phase] chunk=3 start=3072 layer=23 phase=body_matrix_kq gpu_ms=2.26
[prefill-attn-phase] chunk=3 start=3072 layer=23 phase=body_matrix_kqv gpu_ms=2.25
[prefill-layer-phase] chunk=3 start=3072 layer=23 kind=attn phase=attn_back gpu_ms=1.39
[prefill-layer-phase] chunk=3 start=3072 layer=23 kind=attn phase=mixer_resid gpu_ms=0.03
[prefill-layer-phase] chunk=3 start=3072 layer=23 kind=moe phase=post_norm gpu_ms=0.02
[prefill-layer-phase] chunk=3 start=3072 layer=23 kind=moe phase=route_fused gpu_ms=0.31
[prefill-layer-phase] chunk=3 start=3072 layer=23 kind=moe phase=routed_swiglu gpu_ms=4.04
[prefill-layer-phase] chunk=3 start=3072 layer=23 kind=moe phase=routed_down gpu_ms=2.34
[prefill-layer-phase] chunk=3 start=3072 layer=23 kind=moe phase=routed_reduce gpu_ms=0.14
[prefill-layer-phase] chunk=3 start=3072 layer=23 kind=moe phase=shared_packed gpu_ms=0.63
[prefill-layer-phase] chunk=3 start=3072 layer=24 kind=gdn phase=pre_norm gpu_ms=0.02
[prefill-layer-phase] chunk=3 start=3072 layer=24 kind=gdn phase=gdn_qkv gpu_ms=2.53
[prefill-layer-phase] chunk=3 start=3072 layer=24 kind=gdn phase=gdn_z gpu_ms=1.29
[prefill-layer-phase] chunk=3 start=3072 layer=24 kind=gdn phase=gdn_beta_alpha gpu_ms=0.17
[prefill-layer-phase] chunk=3 start=3072 layer=24 kind=gdn phase=gdn_alpha_beta gpu_ms=0.01
[prefill-layer-phase] chunk=3 start=3072 layer=24 kind=gdn phase=gdn_prep_conv gpu_ms=0.43
[prefill-layer-phase] chunk=3 start=3072 layer=24 kind=gdn phase=gdn_prep_l2 gpu_ms=0.03
[prefill-layer-phase] chunk=3 start=3072 layer=24 kind=gdn phase=gdn_step gpu_ms=1.53
[prefill-layer-phase] chunk=3 start=3072 layer=24 kind=gdn phase=gdn_gated gpu_ms=0.11
[prefill-layer-phase] chunk=3 start=3072 layer=24 kind=gdn phase=gdn_back gpu_ms=1.30
[prefill-layer-phase] chunk=3 start=3072 layer=24 kind=gdn phase=mixer_resid gpu_ms=0.03
[prefill-layer-phase] chunk=3 start=3072 layer=24 kind=moe phase=post_norm gpu_ms=0.02
[prefill-layer-phase] chunk=3 start=3072 layer=24 kind=moe phase=route_fused gpu_ms=0.31
[prefill-layer-phase] chunk=3 start=3072 layer=24 kind=moe phase=routed_swiglu gpu_ms=3.98
[prefill-layer-phase] chunk=3 start=3072 layer=24 kind=moe phase=routed_down gpu_ms=2.40
[prefill-layer-phase] chunk=3 start=3072 layer=24 kind=moe phase=routed_reduce gpu_ms=0.14
[prefill-layer-phase] chunk=3 start=3072 layer=24 kind=moe phase=shared_packed gpu_ms=0.64
[prefill-layer-phase] chunk=3 start=3072 layer=25 kind=gdn phase=pre_norm gpu_ms=0.02
[prefill-layer-phase] chunk=3 start=3072 layer=25 kind=gdn phase=gdn_qkv gpu_ms=2.53
[prefill-layer-phase] chunk=3 start=3072 layer=25 kind=gdn phase=gdn_z gpu_ms=1.29
[prefill-layer-phase] chunk=3 start=3072 layer=25 kind=gdn phase=gdn_beta_alpha gpu_ms=0.17
[prefill-layer-phase] chunk=3 start=3072 layer=25 kind=gdn phase=gdn_alpha_beta gpu_ms=0.01
[prefill-layer-phase] chunk=3 start=3072 layer=25 kind=gdn phase=gdn_prep_conv gpu_ms=0.43
[prefill-layer-phase] chunk=3 start=3072 layer=25 kind=gdn phase=gdn_prep_l2 gpu_ms=0.03
[prefill-layer-phase] chunk=3 start=3072 layer=25 kind=gdn phase=gdn_step gpu_ms=1.56
[prefill-layer-phase] chunk=3 start=3072 layer=25 kind=gdn phase=gdn_gated gpu_ms=0.11
[prefill-layer-phase] chunk=3 start=3072 layer=25 kind=gdn phase=gdn_back gpu_ms=1.30
[prefill-layer-phase] chunk=3 start=3072 layer=25 kind=gdn phase=mixer_resid gpu_ms=0.03
[prefill-layer-phase] chunk=3 start=3072 layer=25 kind=moe phase=post_norm gpu_ms=0.02
[prefill-layer-phase] chunk=3 start=3072 layer=25 kind=moe phase=route_fused gpu_ms=0.31
[prefill-layer-phase] chunk=3 start=3072 layer=25 kind=moe phase=routed_swiglu gpu_ms=4.00
[prefill-layer-phase] chunk=3 start=3072 layer=25 kind=moe phase=routed_down gpu_ms=2.35
[prefill-layer-phase] chunk=3 start=3072 layer=25 kind=moe phase=routed_reduce gpu_ms=0.14
[prefill-layer-phase] chunk=3 start=3072 layer=25 kind=moe phase=shared_packed gpu_ms=0.64
[prefill-layer-phase] chunk=3 start=3072 layer=26 kind=gdn phase=pre_norm gpu_ms=0.02
[prefill-layer-phase] chunk=3 start=3072 layer=26 kind=gdn phase=gdn_qkv gpu_ms=2.53
[prefill-layer-phase] chunk=3 start=3072 layer=26 kind=gdn phase=gdn_z gpu_ms=1.29
[prefill-layer-phase] chunk=3 start=3072 layer=26 kind=gdn phase=gdn_beta_alpha gpu_ms=0.17
[prefill-layer-phase] chunk=3 start=3072 layer=26 kind=gdn phase=gdn_alpha_beta gpu_ms=0.01
[prefill-layer-phase] chunk=3 start=3072 layer=26 kind=gdn phase=gdn_prep_conv gpu_ms=0.43
[prefill-layer-phase] chunk=3 start=3072 layer=26 kind=gdn phase=gdn_prep_l2 gpu_ms=0.03
[prefill-layer-phase] chunk=3 start=3072 layer=26 kind=gdn phase=gdn_step gpu_ms=1.60
[prefill-layer-phase] chunk=3 start=3072 layer=26 kind=gdn phase=gdn_gated gpu_ms=0.11
[prefill-layer-phase] chunk=3 start=3072 layer=26 kind=gdn phase=gdn_back gpu_ms=1.30
[prefill-layer-phase] chunk=3 start=3072 layer=26 kind=gdn phase=mixer_resid gpu_ms=0.03
[prefill-layer-phase] chunk=3 start=3072 layer=26 kind=moe phase=post_norm gpu_ms=0.02
[prefill-layer-phase] chunk=3 start=3072 layer=26 kind=moe phase=route_fused gpu_ms=0.31
[prefill-layer-phase] chunk=3 start=3072 layer=26 kind=moe phase=routed_swiglu gpu_ms=4.09
[prefill-layer-phase] chunk=3 start=3072 layer=26 kind=moe phase=routed_down gpu_ms=2.49
[prefill-layer-phase] chunk=3 start=3072 layer=26 kind=moe phase=routed_reduce gpu_ms=0.14
[prefill-layer-phase] chunk=3 start=3072 layer=26 kind=moe phase=shared_packed gpu_ms=0.64
[prefill-layer-phase] chunk=3 start=3072 layer=27 kind=attn phase=pre_norm gpu_ms=0.02
[prefill-attn-phase] chunk=3 start=3072 layer=27 phase=proj gpu_ms=2.92
[prefill-attn-phase] chunk=3 start=3072 layer=27 phase=norm gpu_ms=0.29
[prefill-attn-phase] chunk=3 start=3072 layer=27 phase=rope_scatter gpu_ms=0.05
[prefill-attn-packed-shape] layer=27 chunk_start=3072 chunk_p=1024 group=8 packed_rows=4 qt=2 row_groups=256 dispatches=512 nwg=64 partial_rw_mib=2064.00
[prefill-attn-matrix-g8-shape] layer=27 chunk_start=3072 chunk_p=1024 query_rows=1024 query_tiles=1 n_pos=4096 score_tile_scratch_mib=136.00 vt_stride=4096 vt_layer_mib=4.00 vt_update_base=3072 vt_update_rows=1024 vt_update_mib=1.00
[prefill-attn-phase] chunk=3 start=3072 layer=27 phase=body_matrix_kq gpu_ms=2.26
[prefill-attn-phase] chunk=3 start=3072 layer=27 phase=body_matrix_kqv gpu_ms=2.25
[prefill-layer-phase] chunk=3 start=3072 layer=27 kind=attn phase=attn_back gpu_ms=1.39
[prefill-layer-phase] chunk=3 start=3072 layer=27 kind=attn phase=mixer_resid gpu_ms=0.03
[prefill-layer-phase] chunk=3 start=3072 layer=27 kind=moe phase=post_norm gpu_ms=0.02
[prefill-layer-phase] chunk=3 start=3072 layer=27 kind=moe phase=route_fused gpu_ms=0.31
[prefill-layer-phase] chunk=3 start=3072 layer=27 kind=moe phase=routed_swiglu gpu_ms=4.11
[prefill-layer-phase] chunk=3 start=3072 layer=27 kind=moe phase=routed_down gpu_ms=2.42
[prefill-layer-phase] chunk=3 start=3072 layer=27 kind=moe phase=routed_reduce gpu_ms=0.14
[prefill-layer-phase] chunk=3 start=3072 layer=27 kind=moe phase=shared_packed gpu_ms=0.64
[prefill-layer-phase] chunk=3 start=3072 layer=28 kind=gdn phase=pre_norm gpu_ms=0.02
[prefill-layer-phase] chunk=3 start=3072 layer=28 kind=gdn phase=gdn_qkv gpu_ms=2.53
[prefill-layer-phase] chunk=3 start=3072 layer=28 kind=gdn phase=gdn_z gpu_ms=1.29
[prefill-layer-phase] chunk=3 start=3072 layer=28 kind=gdn phase=gdn_beta_alpha gpu_ms=0.17
[prefill-layer-phase] chunk=3 start=3072 layer=28 kind=gdn phase=gdn_alpha_beta gpu_ms=0.01
[prefill-layer-phase] chunk=3 start=3072 layer=28 kind=gdn phase=gdn_prep_conv gpu_ms=0.43
[prefill-layer-phase] chunk=3 start=3072 layer=28 kind=gdn phase=gdn_prep_l2 gpu_ms=0.03
[prefill-layer-phase] chunk=3 start=3072 layer=28 kind=gdn phase=gdn_step gpu_ms=1.58
[prefill-layer-phase] chunk=3 start=3072 layer=28 kind=gdn phase=gdn_gated gpu_ms=0.11
[prefill-layer-phase] chunk=3 start=3072 layer=28 kind=gdn phase=gdn_back gpu_ms=1.30
[prefill-layer-phase] chunk=3 start=3072 layer=28 kind=gdn phase=mixer_resid gpu_ms=0.03
[prefill-layer-phase] chunk=3 start=3072 layer=28 kind=moe phase=post_norm gpu_ms=0.02
[prefill-layer-phase] chunk=3 start=3072 layer=28 kind=moe phase=route_fused gpu_ms=0.31
[prefill-layer-phase] chunk=3 start=3072 layer=28 kind=moe phase=routed_swiglu gpu_ms=3.88
[prefill-layer-phase] chunk=3 start=3072 layer=28 kind=moe phase=routed_down gpu_ms=2.27
[prefill-layer-phase] chunk=3 start=3072 layer=28 kind=moe phase=routed_reduce gpu_ms=0.15
[prefill-layer-phase] chunk=3 start=3072 layer=28 kind=moe phase=shared_packed gpu_ms=0.63
[prefill-layer-phase] chunk=3 start=3072 layer=29 kind=gdn phase=pre_norm gpu_ms=0.02
[prefill-layer-phase] chunk=3 start=3072 layer=29 kind=gdn phase=gdn_qkv gpu_ms=2.53
[prefill-layer-phase] chunk=3 start=3072 layer=29 kind=gdn phase=gdn_z gpu_ms=1.29
[prefill-layer-phase] chunk=3 start=3072 layer=29 kind=gdn phase=gdn_beta_alpha gpu_ms=0.17
[prefill-layer-phase] chunk=3 start=3072 layer=29 kind=gdn phase=gdn_alpha_beta gpu_ms=0.01
[prefill-layer-phase] chunk=3 start=3072 layer=29 kind=gdn phase=gdn_prep_conv gpu_ms=0.43
[prefill-layer-phase] chunk=3 start=3072 layer=29 kind=gdn phase=gdn_prep_l2 gpu_ms=0.03
[prefill-layer-phase] chunk=3 start=3072 layer=29 kind=gdn phase=gdn_step gpu_ms=1.57
[prefill-layer-phase] chunk=3 start=3072 layer=29 kind=gdn phase=gdn_gated gpu_ms=0.11
[prefill-layer-phase] chunk=3 start=3072 layer=29 kind=gdn phase=gdn_back gpu_ms=1.30
[prefill-layer-phase] chunk=3 start=3072 layer=29 kind=gdn phase=mixer_resid gpu_ms=0.03
[prefill-layer-phase] chunk=3 start=3072 layer=29 kind=moe phase=post_norm gpu_ms=0.02
[prefill-layer-phase] chunk=3 start=3072 layer=29 kind=moe phase=route_fused gpu_ms=0.31
[prefill-layer-phase] chunk=3 start=3072 layer=29 kind=moe phase=routed_swiglu gpu_ms=3.94
[prefill-layer-phase] chunk=3 start=3072 layer=29 kind=moe phase=routed_down gpu_ms=2.31
[prefill-layer-phase] chunk=3 start=3072 layer=29 kind=moe phase=routed_reduce gpu_ms=0.14
[prefill-layer-phase] chunk=3 start=3072 layer=29 kind=moe phase=shared_packed gpu_ms=0.64
[prefill-layer-phase] chunk=3 start=3072 layer=30 kind=gdn phase=pre_norm gpu_ms=0.02
[prefill-layer-phase] chunk=3 start=3072 layer=30 kind=gdn phase=gdn_qkv gpu_ms=2.53
[prefill-layer-phase] chunk=3 start=3072 layer=30 kind=gdn phase=gdn_z gpu_ms=1.29
[prefill-layer-phase] chunk=3 start=3072 layer=30 kind=gdn phase=gdn_beta_alpha gpu_ms=0.17
[prefill-layer-phase] chunk=3 start=3072 layer=30 kind=gdn phase=gdn_alpha_beta gpu_ms=0.00
[prefill-layer-phase] chunk=3 start=3072 layer=30 kind=gdn phase=gdn_prep_conv gpu_ms=0.43
[prefill-layer-phase] chunk=3 start=3072 layer=30 kind=gdn phase=gdn_prep_l2 gpu_ms=0.03
[prefill-layer-phase] chunk=3 start=3072 layer=30 kind=gdn phase=gdn_step gpu_ms=1.54
[prefill-layer-phase] chunk=3 start=3072 layer=30 kind=gdn phase=gdn_gated gpu_ms=0.11
[prefill-layer-phase] chunk=3 start=3072 layer=30 kind=gdn phase=gdn_back gpu_ms=1.30
[prefill-layer-phase] chunk=3 start=3072 layer=30 kind=gdn phase=mixer_resid gpu_ms=0.03
[prefill-layer-phase] chunk=3 start=3072 layer=30 kind=moe phase=post_norm gpu_ms=0.02
[prefill-layer-phase] chunk=3 start=3072 layer=30 kind=moe phase=route_fused gpu_ms=0.31
[prefill-layer-phase] chunk=3 start=3072 layer=30 kind=moe phase=routed_swiglu gpu_ms=4.03
[prefill-layer-phase] chunk=3 start=3072 layer=30 kind=moe phase=routed_down gpu_ms=2.48
[prefill-layer-phase] chunk=3 start=3072 layer=30 kind=moe phase=routed_reduce gpu_ms=0.14
[prefill-layer-phase] chunk=3 start=3072 layer=30 kind=moe phase=shared_packed gpu_ms=0.63
[prefill-layer-phase] chunk=3 start=3072 layer=31 kind=attn phase=pre_norm gpu_ms=0.02
[prefill-attn-phase] chunk=3 start=3072 layer=31 phase=proj gpu_ms=2.92
[prefill-attn-phase] chunk=3 start=3072 layer=31 phase=norm gpu_ms=0.29
[prefill-attn-phase] chunk=3 start=3072 layer=31 phase=rope_scatter gpu_ms=0.05
[prefill-attn-packed-shape] layer=31 chunk_start=3072 chunk_p=1024 group=8 packed_rows=4 qt=2 row_groups=256 dispatches=512 nwg=64 partial_rw_mib=2064.00
[prefill-attn-matrix-g8-shape] layer=31 chunk_start=3072 chunk_p=1024 query_rows=1024 query_tiles=1 n_pos=4096 score_tile_scratch_mib=136.00 vt_stride=4096 vt_layer_mib=4.00 vt_update_base=3072 vt_update_rows=1024 vt_update_mib=1.00
[prefill-attn-phase] chunk=3 start=3072 layer=31 phase=body_matrix_kq gpu_ms=2.26
[prefill-attn-phase] chunk=3 start=3072 layer=31 phase=body_matrix_kqv gpu_ms=2.25
[prefill-layer-phase] chunk=3 start=3072 layer=31 kind=attn phase=attn_back gpu_ms=1.39
[prefill-layer-phase] chunk=3 start=3072 layer=31 kind=attn phase=mixer_resid gpu_ms=0.03
[prefill-layer-phase] chunk=3 start=3072 layer=31 kind=moe phase=post_norm gpu_ms=0.02
[prefill-layer-phase] chunk=3 start=3072 layer=31 kind=moe phase=route_fused gpu_ms=0.31
[prefill-layer-phase] chunk=3 start=3072 layer=31 kind=moe phase=routed_swiglu gpu_ms=3.89
[prefill-layer-phase] chunk=3 start=3072 layer=31 kind=moe phase=routed_down gpu_ms=2.21
[prefill-layer-phase] chunk=3 start=3072 layer=31 kind=moe phase=routed_reduce gpu_ms=0.14
[prefill-layer-phase] chunk=3 start=3072 layer=31 kind=moe phase=shared_packed gpu_ms=0.63
[prefill-layer-phase] chunk=3 start=3072 layer=32 kind=gdn phase=pre_norm gpu_ms=0.02
[prefill-layer-phase] chunk=3 start=3072 layer=32 kind=gdn phase=gdn_qkv gpu_ms=2.53
[prefill-layer-phase] chunk=3 start=3072 layer=32 kind=gdn phase=gdn_z gpu_ms=1.29
[prefill-layer-phase] chunk=3 start=3072 layer=32 kind=gdn phase=gdn_beta_alpha gpu_ms=0.17
[prefill-layer-phase] chunk=3 start=3072 layer=32 kind=gdn phase=gdn_alpha_beta gpu_ms=0.01
[prefill-layer-phase] chunk=3 start=3072 layer=32 kind=gdn phase=gdn_prep_conv gpu_ms=0.43
[prefill-layer-phase] chunk=3 start=3072 layer=32 kind=gdn phase=gdn_prep_l2 gpu_ms=0.03
[prefill-layer-phase] chunk=3 start=3072 layer=32 kind=gdn phase=gdn_step gpu_ms=1.55
[prefill-layer-phase] chunk=3 start=3072 layer=32 kind=gdn phase=gdn_gated gpu_ms=0.11
[prefill-layer-phase] chunk=3 start=3072 layer=32 kind=gdn phase=gdn_back gpu_ms=1.30
[prefill-layer-phase] chunk=3 start=3072 layer=32 kind=gdn phase=mixer_resid gpu_ms=0.03
[prefill-layer-phase] chunk=3 start=3072 layer=32 kind=moe phase=post_norm gpu_ms=0.02
[prefill-layer-phase] chunk=3 start=3072 layer=32 kind=moe phase=route_fused gpu_ms=0.30
[prefill-layer-phase] chunk=3 start=3072 layer=32 kind=moe phase=routed_swiglu gpu_ms=3.96
[prefill-layer-phase] chunk=3 start=3072 layer=32 kind=moe phase=routed_down gpu_ms=2.27
[prefill-layer-phase] chunk=3 start=3072 layer=32 kind=moe phase=routed_reduce gpu_ms=0.14
[prefill-layer-phase] chunk=3 start=3072 layer=32 kind=moe phase=shared_packed gpu_ms=0.63
[prefill-layer-phase] chunk=3 start=3072 layer=33 kind=gdn phase=pre_norm gpu_ms=0.02
[prefill-layer-phase] chunk=3 start=3072 layer=33 kind=gdn phase=gdn_qkv gpu_ms=2.53
[prefill-layer-phase] chunk=3 start=3072 layer=33 kind=gdn phase=gdn_z gpu_ms=1.29
[prefill-layer-phase] chunk=3 start=3072 layer=33 kind=gdn phase=gdn_beta_alpha gpu_ms=0.17
[prefill-layer-phase] chunk=3 start=3072 layer=33 kind=gdn phase=gdn_alpha_beta gpu_ms=0.00
[prefill-layer-phase] chunk=3 start=3072 layer=33 kind=gdn phase=gdn_prep_conv gpu_ms=0.43
[prefill-layer-phase] chunk=3 start=3072 layer=33 kind=gdn phase=gdn_prep_l2 gpu_ms=0.03
[prefill-layer-phase] chunk=3 start=3072 layer=33 kind=gdn phase=gdn_step gpu_ms=1.60
[prefill-layer-phase] chunk=3 start=3072 layer=33 kind=gdn phase=gdn_gated gpu_ms=0.11
[prefill-layer-phase] chunk=3 start=3072 layer=33 kind=gdn phase=gdn_back gpu_ms=1.30
[prefill-layer-phase] chunk=3 start=3072 layer=33 kind=gdn phase=mixer_resid gpu_ms=0.03
[prefill-layer-phase] chunk=3 start=3072 layer=33 kind=moe phase=post_norm gpu_ms=0.02
[prefill-layer-phase] chunk=3 start=3072 layer=33 kind=moe phase=route_fused gpu_ms=0.30
[prefill-layer-phase] chunk=3 start=3072 layer=33 kind=moe phase=routed_swiglu gpu_ms=4.11
[prefill-layer-phase] chunk=3 start=3072 layer=33 kind=moe phase=routed_down gpu_ms=2.46
[prefill-layer-phase] chunk=3 start=3072 layer=33 kind=moe phase=routed_reduce gpu_ms=0.14
[prefill-layer-phase] chunk=3 start=3072 layer=33 kind=moe phase=shared_packed gpu_ms=0.64
[prefill-layer-phase] chunk=3 start=3072 layer=34 kind=gdn phase=pre_norm gpu_ms=0.02
[prefill-layer-phase] chunk=3 start=3072 layer=34 kind=gdn phase=gdn_qkv gpu_ms=2.53
[prefill-layer-phase] chunk=3 start=3072 layer=34 kind=gdn phase=gdn_z gpu_ms=1.29
[prefill-layer-phase] chunk=3 start=3072 layer=34 kind=gdn phase=gdn_beta_alpha gpu_ms=0.17
[prefill-layer-phase] chunk=3 start=3072 layer=34 kind=gdn phase=gdn_alpha_beta gpu_ms=0.01
[prefill-layer-phase] chunk=3 start=3072 layer=34 kind=gdn phase=gdn_prep_conv gpu_ms=0.43
[prefill-layer-phase] chunk=3 start=3072 layer=34 kind=gdn phase=gdn_prep_l2 gpu_ms=0.03
[prefill-layer-phase] chunk=3 start=3072 layer=34 kind=gdn phase=gdn_step gpu_ms=1.57
[prefill-layer-phase] chunk=3 start=3072 layer=34 kind=gdn phase=gdn_gated gpu_ms=0.11
[prefill-layer-phase] chunk=3 start=3072 layer=34 kind=gdn phase=gdn_back gpu_ms=1.30
[prefill-layer-phase] chunk=3 start=3072 layer=34 kind=gdn phase=mixer_resid gpu_ms=0.03
[prefill-layer-phase] chunk=3 start=3072 layer=34 kind=moe phase=post_norm gpu_ms=0.02
[prefill-layer-phase] chunk=3 start=3072 layer=34 kind=moe phase=route_fused gpu_ms=0.31
[prefill-layer-phase] chunk=3 start=3072 layer=34 kind=moe phase=routed_swiglu gpu_ms=3.89
[prefill-layer-phase] chunk=3 start=3072 layer=34 kind=moe phase=routed_down gpu_ms=2.19
[prefill-layer-phase] chunk=3 start=3072 layer=34 kind=moe phase=routed_reduce gpu_ms=0.14
[prefill-layer-phase] chunk=3 start=3072 layer=34 kind=moe phase=shared_packed gpu_ms=0.64
[prefill-layer-phase] chunk=3 start=3072 layer=35 kind=attn phase=pre_norm gpu_ms=0.02
[prefill-attn-phase] chunk=3 start=3072 layer=35 phase=proj gpu_ms=2.92
[prefill-attn-phase] chunk=3 start=3072 layer=35 phase=norm gpu_ms=0.29
[prefill-attn-phase] chunk=3 start=3072 layer=35 phase=rope_scatter gpu_ms=0.05
[prefill-attn-packed-shape] layer=35 chunk_start=3072 chunk_p=1024 group=8 packed_rows=4 qt=2 row_groups=256 dispatches=512 nwg=64 partial_rw_mib=2064.00
[prefill-attn-matrix-g8-shape] layer=35 chunk_start=3072 chunk_p=1024 query_rows=1024 query_tiles=1 n_pos=4096 score_tile_scratch_mib=136.00 vt_stride=4096 vt_layer_mib=4.00 vt_update_base=3072 vt_update_rows=1024 vt_update_mib=1.00
[prefill-attn-phase] chunk=3 start=3072 layer=35 phase=body_matrix_kq gpu_ms=2.26
[prefill-attn-phase] chunk=3 start=3072 layer=35 phase=body_matrix_kqv gpu_ms=2.25
[prefill-layer-phase] chunk=3 start=3072 layer=35 kind=attn phase=attn_back gpu_ms=1.39
[prefill-layer-phase] chunk=3 start=3072 layer=35 kind=attn phase=mixer_resid gpu_ms=0.03
[prefill-layer-phase] chunk=3 start=3072 layer=35 kind=moe phase=post_norm gpu_ms=0.02
[prefill-layer-phase] chunk=3 start=3072 layer=35 kind=moe phase=route_fused gpu_ms=0.31
[prefill-layer-phase] chunk=3 start=3072 layer=35 kind=moe phase=routed_swiglu gpu_ms=4.08
[prefill-layer-phase] chunk=3 start=3072 layer=35 kind=moe phase=routed_down gpu_ms=2.51
[prefill-layer-phase] chunk=3 start=3072 layer=35 kind=moe phase=routed_reduce gpu_ms=0.14
[prefill-layer-phase] chunk=3 start=3072 layer=35 kind=moe phase=shared_packed gpu_ms=0.64
[prefill-layer-phase] chunk=3 start=3072 layer=36 kind=gdn phase=pre_norm gpu_ms=0.02
[prefill-layer-phase] chunk=3 start=3072 layer=36 kind=gdn phase=gdn_qkv gpu_ms=2.53
[prefill-layer-phase] chunk=3 start=3072 layer=36 kind=gdn phase=gdn_z gpu_ms=1.29
[prefill-layer-phase] chunk=3 start=3072 layer=36 kind=gdn phase=gdn_beta_alpha gpu_ms=0.17
[prefill-layer-phase] chunk=3 start=3072 layer=36 kind=gdn phase=gdn_alpha_beta gpu_ms=0.01
[prefill-layer-phase] chunk=3 start=3072 layer=36 kind=gdn phase=gdn_prep_conv gpu_ms=0.43
[prefill-layer-phase] chunk=3 start=3072 layer=36 kind=gdn phase=gdn_prep_l2 gpu_ms=0.03
[prefill-layer-phase] chunk=3 start=3072 layer=36 kind=gdn phase=gdn_step gpu_ms=1.56
[prefill-layer-phase] chunk=3 start=3072 layer=36 kind=gdn phase=gdn_gated gpu_ms=0.11
[prefill-layer-phase] chunk=3 start=3072 layer=36 kind=gdn phase=gdn_back gpu_ms=1.30
[prefill-layer-phase] chunk=3 start=3072 layer=36 kind=gdn phase=mixer_resid gpu_ms=0.03
[prefill-layer-phase] chunk=3 start=3072 layer=36 kind=moe phase=post_norm gpu_ms=0.02
[prefill-layer-phase] chunk=3 start=3072 layer=36 kind=moe phase=route_fused gpu_ms=0.31
[prefill-layer-phase] chunk=3 start=3072 layer=36 kind=moe phase=routed_swiglu gpu_ms=4.01
[prefill-layer-phase] chunk=3 start=3072 layer=36 kind=moe phase=routed_down gpu_ms=2.33
[prefill-layer-phase] chunk=3 start=3072 layer=36 kind=moe phase=routed_reduce gpu_ms=0.14
[prefill-layer-phase] chunk=3 start=3072 layer=36 kind=moe phase=shared_packed gpu_ms=0.64
[prefill-layer-phase] chunk=3 start=3072 layer=37 kind=gdn phase=pre_norm gpu_ms=0.02
[prefill-layer-phase] chunk=3 start=3072 layer=37 kind=gdn phase=gdn_qkv gpu_ms=2.53
[prefill-layer-phase] chunk=3 start=3072 layer=37 kind=gdn phase=gdn_z gpu_ms=1.29
[prefill-layer-phase] chunk=3 start=3072 layer=37 kind=gdn phase=gdn_beta_alpha gpu_ms=0.17
[prefill-layer-phase] chunk=3 start=3072 layer=37 kind=gdn phase=gdn_alpha_beta gpu_ms=0.00
[prefill-layer-phase] chunk=3 start=3072 layer=37 kind=gdn phase=gdn_prep_conv gpu_ms=0.43
[prefill-layer-phase] chunk=3 start=3072 layer=37 kind=gdn phase=gdn_prep_l2 gpu_ms=0.03
[prefill-layer-phase] chunk=3 start=3072 layer=37 kind=gdn phase=gdn_step gpu_ms=1.56
[prefill-layer-phase] chunk=3 start=3072 layer=37 kind=gdn phase=gdn_gated gpu_ms=0.11
[prefill-layer-phase] chunk=3 start=3072 layer=37 kind=gdn phase=gdn_back gpu_ms=1.30
[prefill-layer-phase] chunk=3 start=3072 layer=37 kind=gdn phase=mixer_resid gpu_ms=0.03
[prefill-layer-phase] chunk=3 start=3072 layer=37 kind=moe phase=post_norm gpu_ms=0.02
[prefill-layer-phase] chunk=3 start=3072 layer=37 kind=moe phase=route_fused gpu_ms=0.31
[prefill-layer-phase] chunk=3 start=3072 layer=37 kind=moe phase=routed_swiglu gpu_ms=3.77
[prefill-layer-phase] chunk=3 start=3072 layer=37 kind=moe phase=routed_down gpu_ms=2.13
[prefill-layer-phase] chunk=3 start=3072 layer=37 kind=moe phase=routed_reduce gpu_ms=0.14
[prefill-layer-phase] chunk=3 start=3072 layer=37 kind=moe phase=shared_packed gpu_ms=0.64
[prefill-layer-phase] chunk=3 start=3072 layer=38 kind=gdn phase=pre_norm gpu_ms=0.02
[prefill-layer-phase] chunk=3 start=3072 layer=38 kind=gdn phase=gdn_qkv gpu_ms=2.53
[prefill-layer-phase] chunk=3 start=3072 layer=38 kind=gdn phase=gdn_z gpu_ms=1.29
[prefill-layer-phase] chunk=3 start=3072 layer=38 kind=gdn phase=gdn_beta_alpha gpu_ms=0.17
[prefill-layer-phase] chunk=3 start=3072 layer=38 kind=gdn phase=gdn_alpha_beta gpu_ms=0.00
[prefill-layer-phase] chunk=3 start=3072 layer=38 kind=gdn phase=gdn_prep_conv gpu_ms=0.43
[prefill-layer-phase] chunk=3 start=3072 layer=38 kind=gdn phase=gdn_prep_l2 gpu_ms=0.03
[prefill-layer-phase] chunk=3 start=3072 layer=38 kind=gdn phase=gdn_step gpu_ms=1.58
[prefill-layer-phase] chunk=3 start=3072 layer=38 kind=gdn phase=gdn_gated gpu_ms=0.10
[prefill-layer-phase] chunk=3 start=3072 layer=38 kind=gdn phase=gdn_back gpu_ms=1.30
[prefill-layer-phase] chunk=3 start=3072 layer=38 kind=gdn phase=mixer_resid gpu_ms=0.03
[prefill-layer-phase] chunk=3 start=3072 layer=38 kind=moe phase=post_norm gpu_ms=0.02
[prefill-layer-phase] chunk=3 start=3072 layer=38 kind=moe phase=route_fused gpu_ms=0.31
[prefill-layer-phase] chunk=3 start=3072 layer=38 kind=moe phase=routed_swiglu gpu_ms=3.94
[prefill-layer-phase] chunk=3 start=3072 layer=38 kind=moe phase=routed_down gpu_ms=2.03
[prefill-layer-phase] chunk=3 start=3072 layer=38 kind=moe phase=routed_reduce gpu_ms=0.14
[prefill-layer-phase] chunk=3 start=3072 layer=38 kind=moe phase=shared_packed gpu_ms=0.64
[prefill-layer-phase] chunk=3 start=3072 layer=39 kind=attn phase=pre_norm gpu_ms=0.02
[prefill-attn-phase] chunk=3 start=3072 layer=39 phase=proj gpu_ms=2.92
[prefill-attn-phase] chunk=3 start=3072 layer=39 phase=norm gpu_ms=0.29
[prefill-attn-phase] chunk=3 start=3072 layer=39 phase=rope_scatter gpu_ms=0.05
[prefill-attn-packed-shape] layer=39 chunk_start=3072 chunk_p=1024 group=8 packed_rows=4 qt=2 row_groups=256 dispatches=512 nwg=64 partial_rw_mib=2064.00
[prefill-attn-matrix-g8-shape] layer=39 chunk_start=3072 chunk_p=1024 query_rows=1024 query_tiles=1 n_pos=4096 score_tile_scratch_mib=136.00 vt_stride=4096 vt_layer_mib=4.00 vt_update_base=3072 vt_update_rows=1024 vt_update_mib=1.00
[prefill-attn-phase] chunk=3 start=3072 layer=39 phase=body_matrix_kq gpu_ms=2.26
[prefill-attn-phase] chunk=3 start=3072 layer=39 phase=body_matrix_kqv gpu_ms=2.25
[prefill-layer-phase] chunk=3 start=3072 layer=39 kind=attn phase=attn_back gpu_ms=1.39
[prefill-layer-phase] chunk=3 start=3072 layer=39 kind=attn phase=mixer_resid gpu_ms=0.03
[prefill-layer-phase] chunk=3 start=3072 layer=39 kind=moe phase=post_norm gpu_ms=0.02
[prefill-layer-phase] chunk=3 start=3072 layer=39 kind=moe phase=route_fused gpu_ms=0.31
[prefill-layer-phase] chunk=3 start=3072 layer=39 kind=moe phase=routed_swiglu gpu_ms=3.78
[prefill-layer-phase] chunk=3 start=3072 layer=39 kind=moe phase=routed_down gpu_ms=2.05
[prefill-layer-phase] chunk=3 start=3072 layer=39 kind=moe phase=routed_reduce gpu_ms=0.14
[prefill-layer-phase] chunk=3 start=3072 layer=39 kind=moe phase=shared_packed gpu_ms=0.64
[prefill-layer-phase] chunk=0 start=0 layer=0 kind=gdn phase=pre_norm gpu_ms=0.16
[prefill-layer-phase] chunk=0 start=0 layer=0 kind=gdn phase=gdn_qkv gpu_ms=2.53
[prefill-layer-phase] chunk=0 start=0 layer=0 kind=gdn phase=gdn_z gpu_ms=1.29
[prefill-layer-phase] chunk=0 start=0 layer=0 kind=gdn phase=gdn_beta_alpha gpu_ms=0.17
[prefill-layer-phase] chunk=0 start=0 layer=0 kind=gdn phase=gdn_alpha_beta gpu_ms=0.01
[prefill-layer-phase] chunk=0 start=0 layer=0 kind=gdn phase=gdn_prep_conv gpu_ms=0.43
[prefill-layer-phase] chunk=0 start=0 layer=0 kind=gdn phase=gdn_prep_l2 gpu_ms=0.03
[prefill-layer-phase] chunk=0 start=0 layer=0 kind=gdn phase=gdn_step gpu_ms=1.57
[prefill-layer-phase] chunk=0 start=0 layer=0 kind=gdn phase=gdn_gated gpu_ms=0.12
[prefill-layer-phase] chunk=0 start=0 layer=0 kind=gdn phase=gdn_back gpu_ms=1.30
[prefill-layer-phase] chunk=0 start=0 layer=0 kind=gdn phase=mixer_resid gpu_ms=0.03
[prefill-layer-phase] chunk=0 start=0 layer=0 kind=moe phase=post_norm gpu_ms=0.02
[prefill-layer-phase] chunk=0 start=0 layer=0 kind=moe phase=route_fused gpu_ms=0.31
[prefill-layer-phase] chunk=0 start=0 layer=0 kind=moe phase=routed_swiglu gpu_ms=4.47
[prefill-layer-phase] chunk=0 start=0 layer=0 kind=moe phase=routed_down gpu_ms=2.68
[prefill-layer-phase] chunk=0 start=0 layer=0 kind=moe phase=routed_reduce gpu_ms=0.14
[prefill-layer-phase] chunk=0 start=0 layer=0 kind=moe phase=shared_packed gpu_ms=0.63
[prefill-layer-phase] chunk=0 start=0 layer=1 kind=gdn phase=pre_norm gpu_ms=0.02
[prefill-layer-phase] chunk=0 start=0 layer=1 kind=gdn phase=gdn_qkv gpu_ms=2.53
[prefill-layer-phase] chunk=0 start=0 layer=1 kind=gdn phase=gdn_z gpu_ms=1.29
[prefill-layer-phase] chunk=0 start=0 layer=1 kind=gdn phase=gdn_beta_alpha gpu_ms=0.18
[prefill-layer-phase] chunk=0 start=0 layer=1 kind=gdn phase=gdn_alpha_beta gpu_ms=0.00
[prefill-layer-phase] chunk=0 start=0 layer=1 kind=gdn phase=gdn_prep_conv gpu_ms=0.43
[prefill-layer-phase] chunk=0 start=0 layer=1 kind=gdn phase=gdn_prep_l2 gpu_ms=0.03
[prefill-layer-phase] chunk=0 start=0 layer=1 kind=gdn phase=gdn_step gpu_ms=1.56
[prefill-layer-phase] chunk=0 start=0 layer=1 kind=gdn phase=gdn_gated gpu_ms=0.10
[prefill-layer-phase] chunk=0 start=0 layer=1 kind=gdn phase=gdn_back gpu_ms=1.30
[prefill-layer-phase] chunk=0 start=0 layer=1 kind=gdn phase=mixer_resid gpu_ms=0.03
[prefill-layer-phase] chunk=0 start=0 layer=1 kind=moe phase=post_norm gpu_ms=0.02
[prefill-layer-phase] chunk=0 start=0 layer=1 kind=moe phase=route_fused gpu_ms=0.31
[prefill-layer-phase] chunk=0 start=0 layer=1 kind=moe phase=routed_swiglu gpu_ms=4.35
[prefill-layer-phase] chunk=0 start=0 layer=1 kind=moe phase=routed_down gpu_ms=2.61
[prefill-layer-phase] chunk=0 start=0 layer=1 kind=moe phase=routed_reduce gpu_ms=0.14
[prefill-layer-phase] chunk=0 start=0 layer=1 kind=moe phase=shared_packed gpu_ms=0.64
[prefill-layer-phase] chunk=0 start=0 layer=2 kind=gdn phase=pre_norm gpu_ms=0.02
[prefill-layer-phase] chunk=0 start=0 layer=2 kind=gdn phase=gdn_qkv gpu_ms=2.53
[prefill-layer-phase] chunk=0 start=0 layer=2 kind=gdn phase=gdn_z gpu_ms=1.29
[prefill-layer-phase] chunk=0 start=0 layer=2 kind=gdn phase=gdn_beta_alpha gpu_ms=0.17
[prefill-layer-phase] chunk=0 start=0 layer=2 kind=gdn phase=gdn_alpha_beta gpu_ms=0.01
[prefill-layer-phase] chunk=0 start=0 layer=2 kind=gdn phase=gdn_prep_conv gpu_ms=0.43
[prefill-layer-phase] chunk=0 start=0 layer=2 kind=gdn phase=gdn_prep_l2 gpu_ms=0.03
[prefill-layer-phase] chunk=0 start=0 layer=2 kind=gdn phase=gdn_step gpu_ms=1.57
[prefill-layer-phase] chunk=0 start=0 layer=2 kind=gdn phase=gdn_gated gpu_ms=0.10
[prefill-layer-phase] chunk=0 start=0 layer=2 kind=gdn phase=gdn_back gpu_ms=1.30
[prefill-layer-phase] chunk=0 start=0 layer=2 kind=gdn phase=mixer_resid gpu_ms=0.03
[prefill-layer-phase] chunk=0 start=0 layer=2 kind=moe phase=post_norm gpu_ms=0.02
[prefill-layer-phase] chunk=0 start=0 layer=2 kind=moe phase=route_fused gpu_ms=0.31
[prefill-layer-phase] chunk=0 start=0 layer=2 kind=moe phase=routed_swiglu gpu_ms=4.40
[prefill-layer-phase] chunk=0 start=0 layer=2 kind=moe phase=routed_down gpu_ms=2.65
[prefill-layer-phase] chunk=0 start=0 layer=2 kind=moe phase=routed_reduce gpu_ms=0.14
[prefill-layer-phase] chunk=0 start=0 layer=2 kind=moe phase=shared_packed gpu_ms=0.64
[prefill-layer-phase] chunk=0 start=0 layer=3 kind=attn phase=pre_norm gpu_ms=0.02
[prefill-attn-phase] chunk=0 start=0 layer=3 phase=proj gpu_ms=2.92
[prefill-attn-phase] chunk=0 start=0 layer=3 phase=norm gpu_ms=0.29
[prefill-attn-phase] chunk=0 start=0 layer=3 phase=rope_scatter gpu_ms=0.06
[prefill-attn-packed-shape] layer=3 chunk_start=0 chunk_p=1024 group=8 packed_rows=4 qt=2 row_groups=256 dispatches=512 nwg=64 partial_rw_mib=2064.00
[prefill-attn-matrix-g8-shape] layer=3 chunk_start=0 chunk_p=1024 query_rows=1024 query_tiles=1 n_pos=1024 score_tile_scratch_mib=34.00 vt_stride=4096 vt_layer_mib=4.00 vt_update_base=0 vt_update_rows=1024 vt_update_mib=1.00
[prefill-attn-phase] chunk=0 start=0 layer=3 phase=body_matrix_kq gpu_ms=0.36
[prefill-attn-phase] chunk=0 start=0 layer=3 phase=body_matrix_kqv gpu_ms=0.35
[prefill-layer-phase] chunk=0 start=0 layer=3 kind=attn phase=attn_back gpu_ms=1.40
[prefill-layer-phase] chunk=0 start=0 layer=3 kind=attn phase=mixer_resid gpu_ms=0.03
[prefill-layer-phase] chunk=0 start=0 layer=3 kind=moe phase=post_norm gpu_ms=0.02
[prefill-layer-phase] chunk=0 start=0 layer=3 kind=moe phase=route_fused gpu_ms=0.31
[prefill-layer-phase] chunk=0 start=0 layer=3 kind=moe phase=routed_swiglu gpu_ms=4.33
[prefill-layer-phase] chunk=0 start=0 layer=3 kind=moe phase=routed_down gpu_ms=2.74
[prefill-layer-phase] chunk=0 start=0 layer=3 kind=moe phase=routed_reduce gpu_ms=0.14
[prefill-layer-phase] chunk=0 start=0 layer=3 kind=moe phase=shared_packed gpu_ms=0.64
[prefill-layer-phase] chunk=0 start=0 layer=4 kind=gdn phase=pre_norm gpu_ms=0.02
[prefill-layer-phase] chunk=0 start=0 layer=4 kind=gdn phase=gdn_qkv gpu_ms=2.53
[prefill-layer-phase] chunk=0 start=0 layer=4 kind=gdn phase=gdn_z gpu_ms=1.29
[prefill-layer-phase] chunk=0 start=0 layer=4 kind=gdn phase=gdn_beta_alpha gpu_ms=0.17
[prefill-layer-phase] chunk=0 start=0 layer=4 kind=gdn phase=gdn_alpha_beta gpu_ms=0.01
[prefill-layer-phase] chunk=0 start=0 layer=4 kind=gdn phase=gdn_prep_conv gpu_ms=0.43
[prefill-layer-phase] chunk=0 start=0 layer=4 kind=gdn phase=gdn_prep_l2 gpu_ms=0.03
[prefill-layer-phase] chunk=0 start=0 layer=4 kind=gdn phase=gdn_step gpu_ms=1.58
[prefill-layer-phase] chunk=0 start=0 layer=4 kind=gdn phase=gdn_gated gpu_ms=0.10
[prefill-layer-phase] chunk=0 start=0 layer=4 kind=gdn phase=gdn_back gpu_ms=1.30
[prefill-layer-phase] chunk=0 start=0 layer=4 kind=gdn phase=mixer_resid gpu_ms=0.03
[prefill-layer-phase] chunk=0 start=0 layer=4 kind=moe phase=post_norm gpu_ms=0.02
[prefill-layer-phase] chunk=0 start=0 layer=4 kind=moe phase=route_fused gpu_ms=0.31
[prefill-layer-phase] chunk=0 start=0 layer=4 kind=moe phase=routed_swiglu gpu_ms=4.24
[prefill-layer-phase] chunk=0 start=0 layer=4 kind=moe phase=routed_down gpu_ms=2.59
[prefill-layer-phase] chunk=0 start=0 layer=4 kind=moe phase=routed_reduce gpu_ms=0.14
[prefill-layer-phase] chunk=0 start=0 layer=4 kind=moe phase=shared_packed gpu_ms=0.64
[prefill-layer-phase] chunk=0 start=0 layer=5 kind=gdn phase=pre_norm gpu_ms=0.02
[prefill-layer-phase] chunk=0 start=0 layer=5 kind=gdn phase=gdn_qkv gpu_ms=2.53
[prefill-layer-phase] chunk=0 start=0 layer=5 kind=gdn phase=gdn_z gpu_ms=1.29
[prefill-layer-phase] chunk=0 start=0 layer=5 kind=gdn phase=gdn_beta_alpha gpu_ms=0.17
[prefill-layer-phase] chunk=0 start=0 layer=5 kind=gdn phase=gdn_alpha_beta gpu_ms=0.01
[prefill-layer-phase] chunk=0 start=0 layer=5 kind=gdn phase=gdn_prep_conv gpu_ms=0.43
[prefill-layer-phase] chunk=0 start=0 layer=5 kind=gdn phase=gdn_prep_l2 gpu_ms=0.03
[prefill-layer-phase] chunk=0 start=0 layer=5 kind=gdn phase=gdn_step gpu_ms=1.58
[prefill-layer-phase] chunk=0 start=0 layer=5 kind=gdn phase=gdn_gated gpu_ms=0.10
[prefill-layer-phase] chunk=0 start=0 layer=5 kind=gdn phase=gdn_back gpu_ms=1.30
[prefill-layer-phase] chunk=0 start=0 layer=5 kind=gdn phase=mixer_resid gpu_ms=0.03
[prefill-layer-phase] chunk=0 start=0 layer=5 kind=moe phase=post_norm gpu_ms=0.02
[prefill-layer-phase] chunk=0 start=0 layer=5 kind=moe phase=route_fused gpu_ms=0.31
[prefill-layer-phase] chunk=0 start=0 layer=5 kind=moe phase=routed_swiglu gpu_ms=4.20
[prefill-layer-phase] chunk=0 start=0 layer=5 kind=moe phase=routed_down gpu_ms=2.62
[prefill-layer-phase] chunk=0 start=0 layer=5 kind=moe phase=routed_reduce gpu_ms=0.14
[prefill-layer-phase] chunk=0 start=0 layer=5 kind=moe phase=shared_packed gpu_ms=0.64
[prefill-layer-phase] chunk=0 start=0 layer=6 kind=gdn phase=pre_norm gpu_ms=0.03
[prefill-layer-phase] chunk=0 start=0 layer=6 kind=gdn phase=gdn_qkv gpu_ms=2.53
[prefill-layer-phase] chunk=0 start=0 layer=6 kind=gdn phase=gdn_z gpu_ms=1.29
[prefill-layer-phase] chunk=0 start=0 layer=6 kind=gdn phase=gdn_beta_alpha gpu_ms=0.17
[prefill-layer-phase] chunk=0 start=0 layer=6 kind=gdn phase=gdn_alpha_beta gpu_ms=0.01
[prefill-layer-phase] chunk=0 start=0 layer=6 kind=gdn phase=gdn_prep_conv gpu_ms=0.43
[prefill-layer-phase] chunk=0 start=0 layer=6 kind=gdn phase=gdn_prep_l2 gpu_ms=0.03
[prefill-layer-phase] chunk=0 start=0 layer=6 kind=gdn phase=gdn_step gpu_ms=1.58
[prefill-layer-phase] chunk=0 start=0 layer=6 kind=gdn phase=gdn_gated gpu_ms=0.11
[prefill-layer-phase] chunk=0 start=0 layer=6 kind=gdn phase=gdn_back gpu_ms=1.30
[prefill-layer-phase] chunk=0 start=0 layer=6 kind=gdn phase=mixer_resid gpu_ms=0.03
[prefill-layer-phase] chunk=0 start=0 layer=6 kind=moe phase=post_norm gpu_ms=0.02
[prefill-layer-phase] chunk=0 start=0 layer=6 kind=moe phase=route_fused gpu_ms=0.31
[prefill-layer-phase] chunk=0 start=0 layer=6 kind=moe phase=routed_swiglu gpu_ms=4.20
[prefill-layer-phase] chunk=0 start=0 layer=6 kind=moe phase=routed_down gpu_ms=2.49
[prefill-layer-phase] chunk=0 start=0 layer=6 kind=moe phase=routed_reduce gpu_ms=0.14
[prefill-layer-phase] chunk=0 start=0 layer=6 kind=moe phase=shared_packed gpu_ms=0.64
[prefill-layer-phase] chunk=0 start=0 layer=7 kind=attn phase=pre_norm gpu_ms=0.02
[prefill-attn-phase] chunk=0 start=0 layer=7 phase=proj gpu_ms=2.91
[prefill-attn-phase] chunk=0 start=0 layer=7 phase=norm gpu_ms=0.29
[prefill-attn-phase] chunk=0 start=0 layer=7 phase=rope_scatter gpu_ms=0.05
[prefill-attn-packed-shape] layer=7 chunk_start=0 chunk_p=1024 group=8 packed_rows=4 qt=2 row_groups=256 dispatches=512 nwg=64 partial_rw_mib=2064.00
[prefill-attn-matrix-g8-shape] layer=7 chunk_start=0 chunk_p=1024 query_rows=1024 query_tiles=1 n_pos=1024 score_tile_scratch_mib=34.00 vt_stride=4096 vt_layer_mib=4.00 vt_update_base=0 vt_update_rows=1024 vt_update_mib=1.00
[prefill-attn-phase] chunk=0 start=0 layer=7 phase=body_matrix_kq gpu_ms=0.35
[prefill-attn-phase] chunk=0 start=0 layer=7 phase=body_matrix_kqv gpu_ms=0.35
[prefill-layer-phase] chunk=0 start=0 layer=7 kind=attn phase=attn_back gpu_ms=1.40
[prefill-layer-phase] chunk=0 start=0 layer=7 kind=attn phase=mixer_resid gpu_ms=0.03
[prefill-layer-phase] chunk=0 start=0 layer=7 kind=moe phase=post_norm gpu_ms=0.02
[prefill-layer-phase] chunk=0 start=0 layer=7 kind=moe phase=route_fused gpu_ms=0.31
[prefill-layer-phase] chunk=0 start=0 layer=7 kind=moe phase=routed_swiglu gpu_ms=4.31
[prefill-layer-phase] chunk=0 start=0 layer=7 kind=moe phase=routed_down gpu_ms=2.55
[prefill-layer-phase] chunk=0 start=0 layer=7 kind=moe phase=routed_reduce gpu_ms=0.14
[prefill-layer-phase] chunk=0 start=0 layer=7 kind=moe phase=shared_packed gpu_ms=0.64
[prefill-layer-phase] chunk=0 start=0 layer=8 kind=gdn phase=pre_norm gpu_ms=0.02
[prefill-layer-phase] chunk=0 start=0 layer=8 kind=gdn phase=gdn_qkv gpu_ms=2.53
[prefill-layer-phase] chunk=0 start=0 layer=8 kind=gdn phase=gdn_z gpu_ms=1.29
[prefill-layer-phase] chunk=0 start=0 layer=8 kind=gdn phase=gdn_beta_alpha gpu_ms=0.17
[prefill-layer-phase] chunk=0 start=0 layer=8 kind=gdn phase=gdn_alpha_beta gpu_ms=0.01
[prefill-layer-phase] chunk=0 start=0 layer=8 kind=gdn phase=gdn_prep_conv gpu_ms=0.43
[prefill-layer-phase] chunk=0 start=0 layer=8 kind=gdn phase=gdn_prep_l2 gpu_ms=0.03
[prefill-layer-phase] chunk=0 start=0 layer=8 kind=gdn phase=gdn_step gpu_ms=1.58
[prefill-layer-phase] chunk=0 start=0 layer=8 kind=gdn phase=gdn_gated gpu_ms=0.10
[prefill-layer-phase] chunk=0 start=0 layer=8 kind=gdn phase=gdn_back gpu_ms=1.30
[prefill-layer-phase] chunk=0 start=0 layer=8 kind=gdn phase=mixer_resid gpu_ms=0.03
[prefill-layer-phase] chunk=0 start=0 layer=8 kind=moe phase=post_norm gpu_ms=0.02
[prefill-layer-phase] chunk=0 start=0 layer=8 kind=moe phase=route_fused gpu_ms=0.31
[prefill-layer-phase] chunk=0 start=0 layer=8 kind=moe phase=routed_swiglu gpu_ms=4.26
[prefill-layer-phase] chunk=0 start=0 layer=8 kind=moe phase=routed_down gpu_ms=2.60
[prefill-layer-phase] chunk=0 start=0 layer=8 kind=moe phase=routed_reduce gpu_ms=0.14
[prefill-layer-phase] chunk=0 start=0 layer=8 kind=moe phase=shared_packed gpu_ms=0.64
[prefill-layer-phase] chunk=0 start=0 layer=9 kind=gdn phase=pre_norm gpu_ms=0.02
[prefill-layer-phase] chunk=0 start=0 layer=9 kind=gdn phase=gdn_qkv gpu_ms=2.53
[prefill-layer-phase] chunk=0 start=0 layer=9 kind=gdn phase=gdn_z gpu_ms=1.29
[prefill-layer-phase] chunk=0 start=0 layer=9 kind=gdn phase=gdn_beta_alpha gpu_ms=0.17
[prefill-layer-phase] chunk=0 start=0 layer=9 kind=gdn phase=gdn_alpha_beta gpu_ms=0.01
[prefill-layer-phase] chunk=0 start=0 layer=9 kind=gdn phase=gdn_prep_conv gpu_ms=0.43
[prefill-layer-phase] chunk=0 start=0 layer=9 kind=gdn phase=gdn_prep_l2 gpu_ms=0.03
[prefill-layer-phase] chunk=0 start=0 layer=9 kind=gdn phase=gdn_step gpu_ms=1.57
[prefill-layer-phase] chunk=0 start=0 layer=9 kind=gdn phase=gdn_gated gpu_ms=0.10
[prefill-layer-phase] chunk=0 start=0 layer=9 kind=gdn phase=gdn_back gpu_ms=1.30
[prefill-layer-phase] chunk=0 start=0 layer=9 kind=gdn phase=mixer_resid gpu_ms=0.03
[prefill-layer-phase] chunk=0 start=0 layer=9 kind=moe phase=post_norm gpu_ms=0.02
[prefill-layer-phase] chunk=0 start=0 layer=9 kind=moe phase=route_fused gpu_ms=0.31
[prefill-layer-phase] chunk=0 start=0 layer=9 kind=moe phase=routed_swiglu gpu_ms=4.14
[prefill-layer-phase] chunk=0 start=0 layer=9 kind=moe phase=routed_down gpu_ms=2.49
[prefill-layer-phase] chunk=0 start=0 layer=9 kind=moe phase=routed_reduce gpu_ms=0.15
[prefill-layer-phase] chunk=0 start=0 layer=9 kind=moe phase=shared_packed gpu_ms=0.64
[prefill-layer-phase] chunk=0 start=0 layer=10 kind=gdn phase=pre_norm gpu_ms=0.03
[prefill-layer-phase] chunk=0 start=0 layer=10 kind=gdn phase=gdn_qkv gpu_ms=2.53
[prefill-layer-phase] chunk=0 start=0 layer=10 kind=gdn phase=gdn_z gpu_ms=1.29
[prefill-layer-phase] chunk=0 start=0 layer=10 kind=gdn phase=gdn_beta_alpha gpu_ms=0.17
[prefill-layer-phase] chunk=0 start=0 layer=10 kind=gdn phase=gdn_alpha_beta gpu_ms=0.01
[prefill-layer-phase] chunk=0 start=0 layer=10 kind=gdn phase=gdn_prep_conv gpu_ms=0.43
[prefill-layer-phase] chunk=0 start=0 layer=10 kind=gdn phase=gdn_prep_l2 gpu_ms=0.03
[prefill-layer-phase] chunk=0 start=0 layer=10 kind=gdn phase=gdn_step gpu_ms=1.56
[prefill-layer-phase] chunk=0 start=0 layer=10 kind=gdn phase=gdn_gated gpu_ms=0.10
[prefill-layer-phase] chunk=0 start=0 layer=10 kind=gdn phase=gdn_back gpu_ms=1.30
[prefill-layer-phase] chunk=0 start=0 layer=10 kind=gdn phase=mixer_resid gpu_ms=0.03
[prefill-layer-phase] chunk=0 start=0 layer=10 kind=moe phase=post_norm gpu_ms=0.02
[prefill-layer-phase] chunk=0 start=0 layer=10 kind=moe phase=route_fused gpu_ms=0.31
[prefill-layer-phase] chunk=0 start=0 layer=10 kind=moe phase=routed_swiglu gpu_ms=4.23
[prefill-layer-phase] chunk=0 start=0 layer=10 kind=moe phase=routed_down gpu_ms=2.45
[prefill-layer-phase] chunk=0 start=0 layer=10 kind=moe phase=routed_reduce gpu_ms=0.14
[prefill-layer-phase] chunk=0 start=0 layer=10 kind=moe phase=shared_packed gpu_ms=0.64
[prefill-layer-phase] chunk=0 start=0 layer=11 kind=attn phase=pre_norm gpu_ms=0.02
[prefill-attn-phase] chunk=0 start=0 layer=11 phase=proj gpu_ms=2.92
[prefill-attn-phase] chunk=0 start=0 layer=11 phase=norm gpu_ms=0.29
[prefill-attn-phase] chunk=0 start=0 layer=11 phase=rope_scatter gpu_ms=0.05
[prefill-attn-packed-shape] layer=11 chunk_start=0 chunk_p=1024 group=8 packed_rows=4 qt=2 row_groups=256 dispatches=512 nwg=64 partial_rw_mib=2064.00
[prefill-attn-matrix-g8-shape] layer=11 chunk_start=0 chunk_p=1024 query_rows=1024 query_tiles=1 n_pos=1024 score_tile_scratch_mib=34.00 vt_stride=4096 vt_layer_mib=4.00 vt_update_base=0 vt_update_rows=1024 vt_update_mib=1.00
[prefill-attn-phase] chunk=0 start=0 layer=11 phase=body_matrix_kq gpu_ms=0.36
[prefill-attn-phase] chunk=0 start=0 layer=11 phase=body_matrix_kqv gpu_ms=0.35
[prefill-layer-phase] chunk=0 start=0 layer=11 kind=attn phase=attn_back gpu_ms=1.40
[prefill-layer-phase] chunk=0 start=0 layer=11 kind=attn phase=mixer_resid gpu_ms=0.03
[prefill-layer-phase] chunk=0 start=0 layer=11 kind=moe phase=post_norm gpu_ms=0.03
[prefill-layer-phase] chunk=0 start=0 layer=11 kind=moe phase=route_fused gpu_ms=0.31
[prefill-layer-phase] chunk=0 start=0 layer=11 kind=moe phase=routed_swiglu gpu_ms=4.05
[prefill-layer-phase] chunk=0 start=0 layer=11 kind=moe phase=routed_down gpu_ms=2.50
[prefill-layer-phase] chunk=0 start=0 layer=11 kind=moe phase=routed_reduce gpu_ms=0.14
[prefill-layer-phase] chunk=0 start=0 layer=11 kind=moe phase=shared_packed gpu_ms=0.64
[prefill-layer-phase] chunk=0 start=0 layer=12 kind=gdn phase=pre_norm gpu_ms=0.02
[prefill-layer-phase] chunk=0 start=0 layer=12 kind=gdn phase=gdn_qkv gpu_ms=2.53
[prefill-layer-phase] chunk=0 start=0 layer=12 kind=gdn phase=gdn_z gpu_ms=1.29
[prefill-layer-phase] chunk=0 start=0 layer=12 kind=gdn phase=gdn_beta_alpha gpu_ms=0.17
[prefill-layer-phase] chunk=0 start=0 layer=12 kind=gdn phase=gdn_alpha_beta gpu_ms=0.01
[prefill-layer-phase] chunk=0 start=0 layer=12 kind=gdn phase=gdn_prep_conv gpu_ms=0.43
[prefill-layer-phase] chunk=0 start=0 layer=12 kind=gdn phase=gdn_prep_l2 gpu_ms=0.03
[prefill-layer-phase] chunk=0 start=0 layer=12 kind=gdn phase=gdn_step gpu_ms=1.59
[prefill-layer-phase] chunk=0 start=0 layer=12 kind=gdn phase=gdn_gated gpu_ms=0.10
[prefill-layer-phase] chunk=0 start=0 layer=12 kind=gdn phase=gdn_back gpu_ms=1.30
[prefill-layer-phase] chunk=0 start=0 layer=12 kind=gdn phase=mixer_resid gpu_ms=0.03
[prefill-layer-phase] chunk=0 start=0 layer=12 kind=moe phase=post_norm gpu_ms=0.02
[prefill-layer-phase] chunk=0 start=0 layer=12 kind=moe phase=route_fused gpu_ms=0.31
[prefill-layer-phase] chunk=0 start=0 layer=12 kind=moe phase=routed_swiglu gpu_ms=4.10
[prefill-layer-phase] chunk=0 start=0 layer=12 kind=moe phase=routed_down gpu_ms=2.43
[prefill-layer-phase] chunk=0 start=0 layer=12 kind=moe phase=routed_reduce gpu_ms=0.14
[prefill-layer-phase] chunk=0 start=0 layer=12 kind=moe phase=shared_packed gpu_ms=0.64
[prefill-layer-phase] chunk=0 start=0 layer=13 kind=gdn phase=pre_norm gpu_ms=0.02
[prefill-layer-phase] chunk=0 start=0 layer=13 kind=gdn phase=gdn_qkv gpu_ms=2.53
[prefill-layer-phase] chunk=0 start=0 layer=13 kind=gdn phase=gdn_z gpu_ms=1.29
[prefill-layer-phase] chunk=0 start=0 layer=13 kind=gdn phase=gdn_beta_alpha gpu_ms=0.17
[prefill-layer-phase] chunk=0 start=0 layer=13 kind=gdn phase=gdn_alpha_beta gpu_ms=0.00
[prefill-layer-phase] chunk=0 start=0 layer=13 kind=gdn phase=gdn_prep_conv gpu_ms=0.43
[prefill-layer-phase] chunk=0 start=0 layer=13 kind=gdn phase=gdn_prep_l2 gpu_ms=0.03
[prefill-layer-phase] chunk=0 start=0 layer=13 kind=gdn phase=gdn_step gpu_ms=1.55
[prefill-layer-phase] chunk=0 start=0 layer=13 kind=gdn phase=gdn_gated gpu_ms=0.10
[prefill-layer-phase] chunk=0 start=0 layer=13 kind=gdn phase=gdn_back gpu_ms=1.30
[prefill-layer-phase] chunk=0 start=0 layer=13 kind=gdn phase=mixer_resid gpu_ms=0.03
[prefill-layer-phase] chunk=0 start=0 layer=13 kind=moe phase=post_norm gpu_ms=0.02
[prefill-layer-phase] chunk=0 start=0 layer=13 kind=moe phase=route_fused gpu_ms=0.31
[prefill-layer-phase] chunk=0 start=0 layer=13 kind=moe phase=routed_swiglu gpu_ms=4.03
[prefill-layer-phase] chunk=0 start=0 layer=13 kind=moe phase=routed_down gpu_ms=2.34
[prefill-layer-phase] chunk=0 start=0 layer=13 kind=moe phase=routed_reduce gpu_ms=0.14
[prefill-layer-phase] chunk=0 start=0 layer=13 kind=moe phase=shared_packed gpu_ms=0.64
[prefill-layer-phase] chunk=0 start=0 layer=14 kind=gdn phase=pre_norm gpu_ms=0.02
[prefill-layer-phase] chunk=0 start=0 layer=14 kind=gdn phase=gdn_qkv gpu_ms=2.53
[prefill-layer-phase] chunk=0 start=0 layer=14 kind=gdn phase=gdn_z gpu_ms=1.29
[prefill-layer-phase] chunk=0 start=0 layer=14 kind=gdn phase=gdn_beta_alpha gpu_ms=0.17
[prefill-layer-phase] chunk=0 start=0 layer=14 kind=gdn phase=gdn_alpha_beta gpu_ms=0.00
[prefill-layer-phase] chunk=0 start=0 layer=14 kind=gdn phase=gdn_prep_conv gpu_ms=0.43
[prefill-layer-phase] chunk=0 start=0 layer=14 kind=gdn phase=gdn_prep_l2 gpu_ms=0.03
[prefill-layer-phase] chunk=0 start=0 layer=14 kind=gdn phase=gdn_step gpu_ms=1.58
[prefill-layer-phase] chunk=0 start=0 layer=14 kind=gdn phase=gdn_gated gpu_ms=0.10
[prefill-layer-phase] chunk=0 start=0 layer=14 kind=gdn phase=gdn_back gpu_ms=1.30
[prefill-layer-phase] chunk=0 start=0 layer=14 kind=gdn phase=mixer_resid gpu_ms=0.03
[prefill-layer-phase] chunk=0 start=0 layer=14 kind=moe phase=post_norm gpu_ms=0.02
[prefill-layer-phase] chunk=0 start=0 layer=14 kind=moe phase=route_fused gpu_ms=0.30
[prefill-layer-phase] chunk=0 start=0 layer=14 kind=moe phase=routed_swiglu gpu_ms=4.10
[prefill-layer-phase] chunk=0 start=0 layer=14 kind=moe phase=routed_down gpu_ms=2.38
[prefill-layer-phase] chunk=0 start=0 layer=14 kind=moe phase=routed_reduce gpu_ms=0.14
[prefill-layer-phase] chunk=0 start=0 layer=14 kind=moe phase=shared_packed gpu_ms=0.64
[prefill-layer-phase] chunk=0 start=0 layer=15 kind=attn phase=pre_norm gpu_ms=0.02
[prefill-attn-phase] chunk=0 start=0 layer=15 phase=proj gpu_ms=2.92
[prefill-attn-phase] chunk=0 start=0 layer=15 phase=norm gpu_ms=0.29
[prefill-attn-phase] chunk=0 start=0 layer=15 phase=rope_scatter gpu_ms=0.05
[prefill-attn-packed-shape] layer=15 chunk_start=0 chunk_p=1024 group=8 packed_rows=4 qt=2 row_groups=256 dispatches=512 nwg=64 partial_rw_mib=2064.00
[prefill-attn-matrix-g8-shape] layer=15 chunk_start=0 chunk_p=1024 query_rows=1024 query_tiles=1 n_pos=1024 score_tile_scratch_mib=34.00 vt_stride=4096 vt_layer_mib=4.00 vt_update_base=0 vt_update_rows=1024 vt_update_mib=1.00
[prefill-attn-phase] chunk=0 start=0 layer=15 phase=body_matrix_kq gpu_ms=0.35
[prefill-attn-phase] chunk=0 start=0 layer=15 phase=body_matrix_kqv gpu_ms=0.35
[prefill-layer-phase] chunk=0 start=0 layer=15 kind=attn phase=attn_back gpu_ms=1.40
[prefill-layer-phase] chunk=0 start=0 layer=15 kind=attn phase=mixer_resid gpu_ms=0.03
[prefill-layer-phase] chunk=0 start=0 layer=15 kind=moe phase=post_norm gpu_ms=0.02
[prefill-layer-phase] chunk=0 start=0 layer=15 kind=moe phase=route_fused gpu_ms=0.31
[prefill-layer-phase] chunk=0 start=0 layer=15 kind=moe phase=routed_swiglu gpu_ms=3.95
[prefill-layer-phase] chunk=0 start=0 layer=15 kind=moe phase=routed_down gpu_ms=2.32
[prefill-layer-phase] chunk=0 start=0 layer=15 kind=moe phase=routed_reduce gpu_ms=0.14
[prefill-layer-phase] chunk=0 start=0 layer=15 kind=moe phase=shared_packed gpu_ms=0.64
[prefill-layer-phase] chunk=0 start=0 layer=16 kind=gdn phase=pre_norm gpu_ms=0.02
[prefill-layer-phase] chunk=0 start=0 layer=16 kind=gdn phase=gdn_qkv gpu_ms=2.53
[prefill-layer-phase] chunk=0 start=0 layer=16 kind=gdn phase=gdn_z gpu_ms=1.29
[prefill-layer-phase] chunk=0 start=0 layer=16 kind=gdn phase=gdn_beta_alpha gpu_ms=0.18
[prefill-layer-phase] chunk=0 start=0 layer=16 kind=gdn phase=gdn_alpha_beta gpu_ms=0.01
[prefill-layer-phase] chunk=0 start=0 layer=16 kind=gdn phase=gdn_prep_conv gpu_ms=0.43
[prefill-layer-phase] chunk=0 start=0 layer=16 kind=gdn phase=gdn_prep_l2 gpu_ms=0.03
[prefill-layer-phase] chunk=0 start=0 layer=16 kind=gdn phase=gdn_step gpu_ms=1.58
[prefill-layer-phase] chunk=0 start=0 layer=16 kind=gdn phase=gdn_gated gpu_ms=0.10
[prefill-layer-phase] chunk=0 start=0 layer=16 kind=gdn phase=gdn_back gpu_ms=1.30
[prefill-layer-phase] chunk=0 start=0 layer=16 kind=gdn phase=mixer_resid gpu_ms=0.03
[prefill-layer-phase] chunk=0 start=0 layer=16 kind=moe phase=post_norm gpu_ms=0.02
[prefill-layer-phase] chunk=0 start=0 layer=16 kind=moe phase=route_fused gpu_ms=0.31
[prefill-layer-phase] chunk=0 start=0 layer=16 kind=moe phase=routed_swiglu gpu_ms=3.85
[prefill-layer-phase] chunk=0 start=0 layer=16 kind=moe phase=routed_down gpu_ms=2.22
[prefill-layer-phase] chunk=0 start=0 layer=16 kind=moe phase=routed_reduce gpu_ms=0.15
[prefill-layer-phase] chunk=0 start=0 layer=16 kind=moe phase=shared_packed gpu_ms=0.64
[prefill-layer-phase] chunk=0 start=0 layer=17 kind=gdn phase=pre_norm gpu_ms=0.02
[prefill-layer-phase] chunk=0 start=0 layer=17 kind=gdn phase=gdn_qkv gpu_ms=2.53
[prefill-layer-phase] chunk=0 start=0 layer=17 kind=gdn phase=gdn_z gpu_ms=1.29
[prefill-layer-phase] chunk=0 start=0 layer=17 kind=gdn phase=gdn_beta_alpha gpu_ms=0.18
[prefill-layer-phase] chunk=0 start=0 layer=17 kind=gdn phase=gdn_alpha_beta gpu_ms=0.01
[prefill-layer-phase] chunk=0 start=0 layer=17 kind=gdn phase=gdn_prep_conv gpu_ms=0.43
[prefill-layer-phase] chunk=0 start=0 layer=17 kind=gdn phase=gdn_prep_l2 gpu_ms=0.03
[prefill-layer-phase] chunk=0 start=0 layer=17 kind=gdn phase=gdn_step gpu_ms=1.59
[prefill-layer-phase] chunk=0 start=0 layer=17 kind=gdn phase=gdn_gated gpu_ms=0.10
[prefill-layer-phase] chunk=0 start=0 layer=17 kind=gdn phase=gdn_back gpu_ms=1.30
[prefill-layer-phase] chunk=0 start=0 layer=17 kind=gdn phase=mixer_resid gpu_ms=0.03
[prefill-layer-phase] chunk=0 start=0 layer=17 kind=moe phase=post_norm gpu_ms=0.02
[prefill-layer-phase] chunk=0 start=0 layer=17 kind=moe phase=route_fused gpu_ms=0.31
[prefill-layer-phase] chunk=0 start=0 layer=17 kind=moe phase=routed_swiglu gpu_ms=3.89
[prefill-layer-phase] chunk=0 start=0 layer=17 kind=moe phase=routed_down gpu_ms=2.21
[prefill-layer-phase] chunk=0 start=0 layer=17 kind=moe phase=routed_reduce gpu_ms=0.15
[prefill-layer-phase] chunk=0 start=0 layer=17 kind=moe phase=shared_packed gpu_ms=0.64
[prefill-layer-phase] chunk=0 start=0 layer=18 kind=gdn phase=pre_norm gpu_ms=0.02
[prefill-layer-phase] chunk=0 start=0 layer=18 kind=gdn phase=gdn_qkv gpu_ms=2.53
[prefill-layer-phase] chunk=0 start=0 layer=18 kind=gdn phase=gdn_z gpu_ms=1.29
[prefill-layer-phase] chunk=0 start=0 layer=18 kind=gdn phase=gdn_beta_alpha gpu_ms=0.17
[prefill-layer-phase] chunk=0 start=0 layer=18 kind=gdn phase=gdn_alpha_beta gpu_ms=0.01
[prefill-layer-phase] chunk=0 start=0 layer=18 kind=gdn phase=gdn_prep_conv gpu_ms=0.43
[prefill-layer-phase] chunk=0 start=0 layer=18 kind=gdn phase=gdn_prep_l2 gpu_ms=0.03
[prefill-layer-phase] chunk=0 start=0 layer=18 kind=gdn phase=gdn_step gpu_ms=1.57
[prefill-layer-phase] chunk=0 start=0 layer=18 kind=gdn phase=gdn_gated gpu_ms=0.10
[prefill-layer-phase] chunk=0 start=0 layer=18 kind=gdn phase=gdn_back gpu_ms=1.30
[prefill-layer-phase] chunk=0 start=0 layer=18 kind=gdn phase=mixer_resid gpu_ms=0.03
[prefill-layer-phase] chunk=0 start=0 layer=18 kind=moe phase=post_norm gpu_ms=0.02
[prefill-layer-phase] chunk=0 start=0 layer=18 kind=moe phase=route_fused gpu_ms=0.31
[prefill-layer-phase] chunk=0 start=0 layer=18 kind=moe phase=routed_swiglu gpu_ms=4.11
[prefill-layer-phase] chunk=0 start=0 layer=18 kind=moe phase=routed_down gpu_ms=2.38
[prefill-layer-phase] chunk=0 start=0 layer=18 kind=moe phase=routed_reduce gpu_ms=0.14
[prefill-layer-phase] chunk=0 start=0 layer=18 kind=moe phase=shared_packed gpu_ms=0.64
[prefill-layer-phase] chunk=0 start=0 layer=19 kind=attn phase=pre_norm gpu_ms=0.02
[prefill-attn-phase] chunk=0 start=0 layer=19 phase=proj gpu_ms=2.92
[prefill-attn-phase] chunk=0 start=0 layer=19 phase=norm gpu_ms=0.29
[prefill-attn-phase] chunk=0 start=0 layer=19 phase=rope_scatter gpu_ms=0.05
[prefill-attn-packed-shape] layer=19 chunk_start=0 chunk_p=1024 group=8 packed_rows=4 qt=2 row_groups=256 dispatches=512 nwg=64 partial_rw_mib=2064.00
[prefill-attn-matrix-g8-shape] layer=19 chunk_start=0 chunk_p=1024 query_rows=1024 query_tiles=1 n_pos=1024 score_tile_scratch_mib=34.00 vt_stride=4096 vt_layer_mib=4.00 vt_update_base=0 vt_update_rows=1024 vt_update_mib=1.00
[prefill-attn-phase] chunk=0 start=0 layer=19 phase=body_matrix_kq gpu_ms=0.35
[prefill-attn-phase] chunk=0 start=0 layer=19 phase=body_matrix_kqv gpu_ms=0.35
[prefill-layer-phase] chunk=0 start=0 layer=19 kind=attn phase=attn_back gpu_ms=1.40
[prefill-layer-phase] chunk=0 start=0 layer=19 kind=attn phase=mixer_resid gpu_ms=0.03
[prefill-layer-phase] chunk=0 start=0 layer=19 kind=moe phase=post_norm gpu_ms=0.02
[prefill-layer-phase] chunk=0 start=0 layer=19 kind=moe phase=route_fused gpu_ms=0.30
[prefill-layer-phase] chunk=0 start=0 layer=19 kind=moe phase=routed_swiglu gpu_ms=4.05
[prefill-layer-phase] chunk=0 start=0 layer=19 kind=moe phase=routed_down gpu_ms=2.34
[prefill-layer-phase] chunk=0 start=0 layer=19 kind=moe phase=routed_reduce gpu_ms=0.14
[prefill-layer-phase] chunk=0 start=0 layer=19 kind=moe phase=shared_packed gpu_ms=0.64
[prefill-layer-phase] chunk=0 start=0 layer=20 kind=gdn phase=pre_norm gpu_ms=0.02
[prefill-layer-phase] chunk=0 start=0 layer=20 kind=gdn phase=gdn_qkv gpu_ms=2.53
[prefill-layer-phase] chunk=0 start=0 layer=20 kind=gdn phase=gdn_z gpu_ms=1.29
[prefill-layer-phase] chunk=0 start=0 layer=20 kind=gdn phase=gdn_beta_alpha gpu_ms=0.18
[prefill-layer-phase] chunk=0 start=0 layer=20 kind=gdn phase=gdn_alpha_beta gpu_ms=0.00
[prefill-layer-phase] chunk=0 start=0 layer=20 kind=gdn phase=gdn_prep_conv gpu_ms=0.43
[prefill-layer-phase] chunk=0 start=0 layer=20 kind=gdn phase=gdn_prep_l2 gpu_ms=0.03
[prefill-layer-phase] chunk=0 start=0 layer=20 kind=gdn phase=gdn_step gpu_ms=1.60
[prefill-layer-phase] chunk=0 start=0 layer=20 kind=gdn phase=gdn_gated gpu_ms=0.10
[prefill-layer-phase] chunk=0 start=0 layer=20 kind=gdn phase=gdn_back gpu_ms=1.30
[prefill-layer-phase] chunk=0 start=0 layer=20 kind=gdn phase=mixer_resid gpu_ms=0.03
[prefill-layer-phase] chunk=0 start=0 layer=20 kind=moe phase=post_norm gpu_ms=0.02
[prefill-layer-phase] chunk=0 start=0 layer=20 kind=moe phase=route_fused gpu_ms=0.31
[prefill-layer-phase] chunk=0 start=0 layer=20 kind=moe phase=routed_swiglu gpu_ms=4.27
[prefill-layer-phase] chunk=0 start=0 layer=20 kind=moe phase=routed_down gpu_ms=2.61
[prefill-layer-phase] chunk=0 start=0 layer=20 kind=moe phase=routed_reduce gpu_ms=0.14
[prefill-layer-phase] chunk=0 start=0 layer=20 kind=moe phase=shared_packed gpu_ms=0.63
[prefill-layer-phase] chunk=0 start=0 layer=21 kind=gdn phase=pre_norm gpu_ms=0.02
[prefill-layer-phase] chunk=0 start=0 layer=21 kind=gdn phase=gdn_qkv gpu_ms=2.53
[prefill-layer-phase] chunk=0 start=0 layer=21 kind=gdn phase=gdn_z gpu_ms=1.29
[prefill-layer-phase] chunk=0 start=0 layer=21 kind=gdn phase=gdn_beta_alpha gpu_ms=0.17
[prefill-layer-phase] chunk=0 start=0 layer=21 kind=gdn phase=gdn_alpha_beta gpu_ms=0.00
[prefill-layer-phase] chunk=0 start=0 layer=21 kind=gdn phase=gdn_prep_conv gpu_ms=0.43
[prefill-layer-phase] chunk=0 start=0 layer=21 kind=gdn phase=gdn_prep_l2 gpu_ms=0.03
[prefill-layer-phase] chunk=0 start=0 layer=21 kind=gdn phase=gdn_step gpu_ms=1.57
[prefill-layer-phase] chunk=0 start=0 layer=21 kind=gdn phase=gdn_gated gpu_ms=0.10
[prefill-layer-phase] chunk=0 start=0 layer=21 kind=gdn phase=gdn_back gpu_ms=1.30
[prefill-layer-phase] chunk=0 start=0 layer=21 kind=gdn phase=mixer_resid gpu_ms=0.03
[prefill-layer-phase] chunk=0 start=0 layer=21 kind=moe phase=post_norm gpu_ms=0.02
[prefill-layer-phase] chunk=0 start=0 layer=21 kind=moe phase=route_fused gpu_ms=0.31
[prefill-layer-phase] chunk=0 start=0 layer=21 kind=moe phase=routed_swiglu gpu_ms=4.24
[prefill-layer-phase] chunk=0 start=0 layer=21 kind=moe phase=routed_down gpu_ms=2.48
[prefill-layer-phase] chunk=0 start=0 layer=21 kind=moe phase=routed_reduce gpu_ms=0.14
[prefill-layer-phase] chunk=0 start=0 layer=21 kind=moe phase=shared_packed gpu_ms=0.64
[prefill-layer-phase] chunk=0 start=0 layer=22 kind=gdn phase=pre_norm gpu_ms=0.02
[prefill-layer-phase] chunk=0 start=0 layer=22 kind=gdn phase=gdn_qkv gpu_ms=2.53
[prefill-layer-phase] chunk=0 start=0 layer=22 kind=gdn phase=gdn_z gpu_ms=1.29
[prefill-layer-phase] chunk=0 start=0 layer=22 kind=gdn phase=gdn_beta_alpha gpu_ms=0.18
[prefill-layer-phase] chunk=0 start=0 layer=22 kind=gdn phase=gdn_alpha_beta gpu_ms=0.01
[prefill-layer-phase] chunk=0 start=0 layer=22 kind=gdn phase=gdn_prep_conv gpu_ms=0.43
[prefill-layer-phase] chunk=0 start=0 layer=22 kind=gdn phase=gdn_prep_l2 gpu_ms=0.03
[prefill-layer-phase] chunk=0 start=0 layer=22 kind=gdn phase=gdn_step gpu_ms=1.58
[prefill-layer-phase] chunk=0 start=0 layer=22 kind=gdn phase=gdn_gated gpu_ms=0.10
[prefill-layer-phase] chunk=0 start=0 layer=22 kind=gdn phase=gdn_back gpu_ms=1.30
[prefill-layer-phase] chunk=0 start=0 layer=22 kind=gdn phase=mixer_resid gpu_ms=0.03
[prefill-layer-phase] chunk=0 start=0 layer=22 kind=moe phase=post_norm gpu_ms=0.02
[prefill-layer-phase] chunk=0 start=0 layer=22 kind=moe phase=route_fused gpu_ms=0.31
[prefill-layer-phase] chunk=0 start=0 layer=22 kind=moe phase=routed_swiglu gpu_ms=4.14
[prefill-layer-phase] chunk=0 start=0 layer=22 kind=moe phase=routed_down gpu_ms=2.43
[prefill-layer-phase] chunk=0 start=0 layer=22 kind=moe phase=routed_reduce gpu_ms=0.14
[prefill-layer-phase] chunk=0 start=0 layer=22 kind=moe phase=shared_packed gpu_ms=0.64
[prefill-layer-phase] chunk=0 start=0 layer=23 kind=attn phase=pre_norm gpu_ms=0.02
[prefill-attn-phase] chunk=0 start=0 layer=23 phase=proj gpu_ms=2.92
[prefill-attn-phase] chunk=0 start=0 layer=23 phase=norm gpu_ms=0.29
[prefill-attn-phase] chunk=0 start=0 layer=23 phase=rope_scatter gpu_ms=0.06
[prefill-attn-packed-shape] layer=23 chunk_start=0 chunk_p=1024 group=8 packed_rows=4 qt=2 row_groups=256 dispatches=512 nwg=64 partial_rw_mib=2064.00
[prefill-attn-matrix-g8-shape] layer=23 chunk_start=0 chunk_p=1024 query_rows=1024 query_tiles=1 n_pos=1024 score_tile_scratch_mib=34.00 vt_stride=4096 vt_layer_mib=4.00 vt_update_base=0 vt_update_rows=1024 vt_update_mib=1.00
[prefill-attn-phase] chunk=0 start=0 layer=23 phase=body_matrix_kq gpu_ms=0.35
[prefill-attn-phase] chunk=0 start=0 layer=23 phase=body_matrix_kqv gpu_ms=0.35
[prefill-layer-phase] chunk=0 start=0 layer=23 kind=attn phase=attn_back gpu_ms=1.40
[prefill-layer-phase] chunk=0 start=0 layer=23 kind=attn phase=mixer_resid gpu_ms=0.03
[prefill-layer-phase] chunk=0 start=0 layer=23 kind=moe phase=post_norm gpu_ms=0.02
[prefill-layer-phase] chunk=0 start=0 layer=23 kind=moe phase=route_fused gpu_ms=0.31
[prefill-layer-phase] chunk=0 start=0 layer=23 kind=moe phase=routed_swiglu gpu_ms=3.95
[prefill-layer-phase] chunk=0 start=0 layer=23 kind=moe phase=routed_down gpu_ms=2.31
[prefill-layer-phase] chunk=0 start=0 layer=23 kind=moe phase=routed_reduce gpu_ms=0.14
[prefill-layer-phase] chunk=0 start=0 layer=23 kind=moe phase=shared_packed gpu_ms=0.64
[prefill-layer-phase] chunk=0 start=0 layer=24 kind=gdn phase=pre_norm gpu_ms=0.02
[prefill-layer-phase] chunk=0 start=0 layer=24 kind=gdn phase=gdn_qkv gpu_ms=2.53
[prefill-layer-phase] chunk=0 start=0 layer=24 kind=gdn phase=gdn_z gpu_ms=1.29
[prefill-layer-phase] chunk=0 start=0 layer=24 kind=gdn phase=gdn_beta_alpha gpu_ms=0.17
[prefill-layer-phase] chunk=0 start=0 layer=24 kind=gdn phase=gdn_alpha_beta gpu_ms=0.01
[prefill-layer-phase] chunk=0 start=0 layer=24 kind=gdn phase=gdn_prep_conv gpu_ms=0.43
[prefill-layer-phase] chunk=0 start=0 layer=24 kind=gdn phase=gdn_prep_l2 gpu_ms=0.03
[prefill-layer-phase] chunk=0 start=0 layer=24 kind=gdn phase=gdn_step gpu_ms=1.55
[prefill-layer-phase] chunk=0 start=0 layer=24 kind=gdn phase=gdn_gated gpu_ms=0.10
[prefill-layer-phase] chunk=0 start=0 layer=24 kind=gdn phase=gdn_back gpu_ms=1.30
[prefill-layer-phase] chunk=0 start=0 layer=24 kind=gdn phase=mixer_resid gpu_ms=0.03
[prefill-layer-phase] chunk=0 start=0 layer=24 kind=moe phase=post_norm gpu_ms=0.02
[prefill-layer-phase] chunk=0 start=0 layer=24 kind=moe phase=route_fused gpu_ms=0.31
[prefill-layer-phase] chunk=0 start=0 layer=24 kind=moe phase=routed_swiglu gpu_ms=4.06
[prefill-layer-phase] chunk=0 start=0 layer=24 kind=moe phase=routed_down gpu_ms=2.37
[prefill-layer-phase] chunk=0 start=0 layer=24 kind=moe phase=routed_reduce gpu_ms=0.15
[prefill-layer-phase] chunk=0 start=0 layer=24 kind=moe phase=shared_packed gpu_ms=0.64
[prefill-layer-phase] chunk=0 start=0 layer=25 kind=gdn phase=pre_norm gpu_ms=0.02
[prefill-layer-phase] chunk=0 start=0 layer=25 kind=gdn phase=gdn_qkv gpu_ms=2.53
[prefill-layer-phase] chunk=0 start=0 layer=25 kind=gdn phase=gdn_z gpu_ms=1.29
[prefill-layer-phase] chunk=0 start=0 layer=25 kind=gdn phase=gdn_beta_alpha gpu_ms=0.17
[prefill-layer-phase] chunk=0 start=0 layer=25 kind=gdn phase=gdn_alpha_beta gpu_ms=0.00
[prefill-layer-phase] chunk=0 start=0 layer=25 kind=gdn phase=gdn_prep_conv gpu_ms=0.43
[prefill-layer-phase] chunk=0 start=0 layer=25 kind=gdn phase=gdn_prep_l2 gpu_ms=0.03
[prefill-layer-phase] chunk=0 start=0 layer=25 kind=gdn phase=gdn_step gpu_ms=1.58
[prefill-layer-phase] chunk=0 start=0 layer=25 kind=gdn phase=gdn_gated gpu_ms=0.10
[prefill-layer-phase] chunk=0 start=0 layer=25 kind=gdn phase=gdn_back gpu_ms=1.30
[prefill-layer-phase] chunk=0 start=0 layer=25 kind=gdn phase=mixer_resid gpu_ms=0.03
[prefill-layer-phase] chunk=0 start=0 layer=25 kind=moe phase=post_norm gpu_ms=0.02
[prefill-layer-phase] chunk=0 start=0 layer=25 kind=moe phase=route_fused gpu_ms=0.31
[prefill-layer-phase] chunk=0 start=0 layer=25 kind=moe phase=routed_swiglu gpu_ms=4.07
[prefill-layer-phase] chunk=0 start=0 layer=25 kind=moe phase=routed_down gpu_ms=2.32
[prefill-layer-phase] chunk=0 start=0 layer=25 kind=moe phase=routed_reduce gpu_ms=0.14
[prefill-layer-phase] chunk=0 start=0 layer=25 kind=moe phase=shared_packed gpu_ms=0.64
[prefill-layer-phase] chunk=0 start=0 layer=26 kind=gdn phase=pre_norm gpu_ms=0.02
[prefill-layer-phase] chunk=0 start=0 layer=26 kind=gdn phase=gdn_qkv gpu_ms=2.53
[prefill-layer-phase] chunk=0 start=0 layer=26 kind=gdn phase=gdn_z gpu_ms=1.29
[prefill-layer-phase] chunk=0 start=0 layer=26 kind=gdn phase=gdn_beta_alpha gpu_ms=0.17
[prefill-layer-phase] chunk=0 start=0 layer=26 kind=gdn phase=gdn_alpha_beta gpu_ms=0.00
[prefill-layer-phase] chunk=0 start=0 layer=26 kind=gdn phase=gdn_prep_conv gpu_ms=0.43
[prefill-layer-phase] chunk=0 start=0 layer=26 kind=gdn phase=gdn_prep_l2 gpu_ms=0.03
[prefill-layer-phase] chunk=0 start=0 layer=26 kind=gdn phase=gdn_step gpu_ms=1.58
[prefill-layer-phase] chunk=0 start=0 layer=26 kind=gdn phase=gdn_gated gpu_ms=0.10
[prefill-layer-phase] chunk=0 start=0 layer=26 kind=gdn phase=gdn_back gpu_ms=1.30
[prefill-layer-phase] chunk=0 start=0 layer=26 kind=gdn phase=mixer_resid gpu_ms=0.03
[prefill-layer-phase] chunk=0 start=0 layer=26 kind=moe phase=post_norm gpu_ms=0.02
[prefill-layer-phase] chunk=0 start=0 layer=26 kind=moe phase=route_fused gpu_ms=0.31
[prefill-layer-phase] chunk=0 start=0 layer=26 kind=moe phase=routed_swiglu gpu_ms=4.07
[prefill-layer-phase] chunk=0 start=0 layer=26 kind=moe phase=routed_down gpu_ms=2.44
[prefill-layer-phase] chunk=0 start=0 layer=26 kind=moe phase=routed_reduce gpu_ms=0.14
[prefill-layer-phase] chunk=0 start=0 layer=26 kind=moe phase=shared_packed gpu_ms=0.64
[prefill-layer-phase] chunk=0 start=0 layer=27 kind=attn phase=pre_norm gpu_ms=0.02
[prefill-attn-phase] chunk=0 start=0 layer=27 phase=proj gpu_ms=2.92
[prefill-attn-phase] chunk=0 start=0 layer=27 phase=norm gpu_ms=0.29
[prefill-attn-phase] chunk=0 start=0 layer=27 phase=rope_scatter gpu_ms=0.05
[prefill-attn-packed-shape] layer=27 chunk_start=0 chunk_p=1024 group=8 packed_rows=4 qt=2 row_groups=256 dispatches=512 nwg=64 partial_rw_mib=2064.00
[prefill-attn-matrix-g8-shape] layer=27 chunk_start=0 chunk_p=1024 query_rows=1024 query_tiles=1 n_pos=1024 score_tile_scratch_mib=34.00 vt_stride=4096 vt_layer_mib=4.00 vt_update_base=0 vt_update_rows=1024 vt_update_mib=1.00
[prefill-attn-phase] chunk=0 start=0 layer=27 phase=body_matrix_kq gpu_ms=0.35
[prefill-attn-phase] chunk=0 start=0 layer=27 phase=body_matrix_kqv gpu_ms=0.35
[prefill-layer-phase] chunk=0 start=0 layer=27 kind=attn phase=attn_back gpu_ms=1.40
[prefill-layer-phase] chunk=0 start=0 layer=27 kind=attn phase=mixer_resid gpu_ms=0.03
[prefill-layer-phase] chunk=0 start=0 layer=27 kind=moe phase=post_norm gpu_ms=0.02
[prefill-layer-phase] chunk=0 start=0 layer=27 kind=moe phase=route_fused gpu_ms=0.31
[prefill-layer-phase] chunk=0 start=0 layer=27 kind=moe phase=routed_swiglu gpu_ms=3.94
[prefill-layer-phase] chunk=0 start=0 layer=27 kind=moe phase=routed_down gpu_ms=2.35
[prefill-layer-phase] chunk=0 start=0 layer=27 kind=moe phase=routed_reduce gpu_ms=0.14
[prefill-layer-phase] chunk=0 start=0 layer=27 kind=moe phase=shared_packed gpu_ms=0.64
[prefill-layer-phase] chunk=0 start=0 layer=28 kind=gdn phase=pre_norm gpu_ms=0.02
[prefill-layer-phase] chunk=0 start=0 layer=28 kind=gdn phase=gdn_qkv gpu_ms=2.53
[prefill-layer-phase] chunk=0 start=0 layer=28 kind=gdn phase=gdn_z gpu_ms=1.29
[prefill-layer-phase] chunk=0 start=0 layer=28 kind=gdn phase=gdn_beta_alpha gpu_ms=0.17
[prefill-layer-phase] chunk=0 start=0 layer=28 kind=gdn phase=gdn_alpha_beta gpu_ms=0.01
[prefill-layer-phase] chunk=0 start=0 layer=28 kind=gdn phase=gdn_prep_conv gpu_ms=0.43
[prefill-layer-phase] chunk=0 start=0 layer=28 kind=gdn phase=gdn_prep_l2 gpu_ms=0.03
[prefill-layer-phase] chunk=0 start=0 layer=28 kind=gdn phase=gdn_step gpu_ms=1.54
[prefill-layer-phase] chunk=0 start=0 layer=28 kind=gdn phase=gdn_gated gpu_ms=0.10
[prefill-layer-phase] chunk=0 start=0 layer=28 kind=gdn phase=gdn_back gpu_ms=1.30
[prefill-layer-phase] chunk=0 start=0 layer=28 kind=gdn phase=mixer_resid gpu_ms=0.03
[prefill-layer-phase] chunk=0 start=0 layer=28 kind=moe phase=post_norm gpu_ms=0.02
[prefill-layer-phase] chunk=0 start=0 layer=28 kind=moe phase=route_fused gpu_ms=0.31
[prefill-layer-phase] chunk=0 start=0 layer=28 kind=moe phase=routed_swiglu gpu_ms=3.85
[prefill-layer-phase] chunk=0 start=0 layer=28 kind=moe phase=routed_down gpu_ms=2.27
[prefill-layer-phase] chunk=0 start=0 layer=28 kind=moe phase=routed_reduce gpu_ms=0.15
[prefill-layer-phase] chunk=0 start=0 layer=28 kind=moe phase=shared_packed gpu_ms=0.64
[prefill-layer-phase] chunk=0 start=0 layer=29 kind=gdn phase=pre_norm gpu_ms=0.02
[prefill-layer-phase] chunk=0 start=0 layer=29 kind=gdn phase=gdn_qkv gpu_ms=2.53
[prefill-layer-phase] chunk=0 start=0 layer=29 kind=gdn phase=gdn_z gpu_ms=1.29
[prefill-layer-phase] chunk=0 start=0 layer=29 kind=gdn phase=gdn_beta_alpha gpu_ms=0.17
[prefill-layer-phase] chunk=0 start=0 layer=29 kind=gdn phase=gdn_alpha_beta gpu_ms=0.01
[prefill-layer-phase] chunk=0 start=0 layer=29 kind=gdn phase=gdn_prep_conv gpu_ms=0.43
[prefill-layer-phase] chunk=0 start=0 layer=29 kind=gdn phase=gdn_prep_l2 gpu_ms=0.03
[prefill-layer-phase] chunk=0 start=0 layer=29 kind=gdn phase=gdn_step gpu_ms=1.54
[prefill-layer-phase] chunk=0 start=0 layer=29 kind=gdn phase=gdn_gated gpu_ms=0.10
[prefill-layer-phase] chunk=0 start=0 layer=29 kind=gdn phase=gdn_back gpu_ms=1.30
[prefill-layer-phase] chunk=0 start=0 layer=29 kind=gdn phase=mixer_resid gpu_ms=0.03
[prefill-layer-phase] chunk=0 start=0 layer=29 kind=moe phase=post_norm gpu_ms=0.02
[prefill-layer-phase] chunk=0 start=0 layer=29 kind=moe phase=route_fused gpu_ms=0.31
[prefill-layer-phase] chunk=0 start=0 layer=29 kind=moe phase=routed_swiglu gpu_ms=4.13
[prefill-layer-phase] chunk=0 start=0 layer=29 kind=moe phase=routed_down gpu_ms=2.34
[prefill-layer-phase] chunk=0 start=0 layer=29 kind=moe phase=routed_reduce gpu_ms=0.15
[prefill-layer-phase] chunk=0 start=0 layer=29 kind=moe phase=shared_packed gpu_ms=0.64
[prefill-layer-phase] chunk=0 start=0 layer=30 kind=gdn phase=pre_norm gpu_ms=0.02
[prefill-layer-phase] chunk=0 start=0 layer=30 kind=gdn phase=gdn_qkv gpu_ms=2.53
[prefill-layer-phase] chunk=0 start=0 layer=30 kind=gdn phase=gdn_z gpu_ms=1.29
[prefill-layer-phase] chunk=0 start=0 layer=30 kind=gdn phase=gdn_beta_alpha gpu_ms=0.17
[prefill-layer-phase] chunk=0 start=0 layer=30 kind=gdn phase=gdn_alpha_beta gpu_ms=0.01
[prefill-layer-phase] chunk=0 start=0 layer=30 kind=gdn phase=gdn_prep_conv gpu_ms=0.43
[prefill-layer-phase] chunk=0 start=0 layer=30 kind=gdn phase=gdn_prep_l2 gpu_ms=0.03
[prefill-layer-phase] chunk=0 start=0 layer=30 kind=gdn phase=gdn_step gpu_ms=1.56
[prefill-layer-phase] chunk=0 start=0 layer=30 kind=gdn phase=gdn_gated gpu_ms=0.10
[prefill-layer-phase] chunk=0 start=0 layer=30 kind=gdn phase=gdn_back gpu_ms=1.30
[prefill-layer-phase] chunk=0 start=0 layer=30 kind=gdn phase=mixer_resid gpu_ms=0.03
[prefill-layer-phase] chunk=0 start=0 layer=30 kind=moe phase=post_norm gpu_ms=0.02
[prefill-layer-phase] chunk=0 start=0 layer=30 kind=moe phase=route_fused gpu_ms=0.31
[prefill-layer-phase] chunk=0 start=0 layer=30 kind=moe phase=routed_swiglu gpu_ms=3.91
[prefill-layer-phase] chunk=0 start=0 layer=30 kind=moe phase=routed_down gpu_ms=2.40
[prefill-layer-phase] chunk=0 start=0 layer=30 kind=moe phase=routed_reduce gpu_ms=0.14
[prefill-layer-phase] chunk=0 start=0 layer=30 kind=moe phase=shared_packed gpu_ms=0.64
[prefill-layer-phase] chunk=0 start=0 layer=31 kind=attn phase=pre_norm gpu_ms=0.02
[prefill-attn-phase] chunk=0 start=0 layer=31 phase=proj gpu_ms=2.92
[prefill-attn-phase] chunk=0 start=0 layer=31 phase=norm gpu_ms=0.29
[prefill-attn-phase] chunk=0 start=0 layer=31 phase=rope_scatter gpu_ms=0.05
[prefill-attn-packed-shape] layer=31 chunk_start=0 chunk_p=1024 group=8 packed_rows=4 qt=2 row_groups=256 dispatches=512 nwg=64 partial_rw_mib=2064.00
[prefill-attn-matrix-g8-shape] layer=31 chunk_start=0 chunk_p=1024 query_rows=1024 query_tiles=1 n_pos=1024 score_tile_scratch_mib=34.00 vt_stride=4096 vt_layer_mib=4.00 vt_update_base=0 vt_update_rows=1024 vt_update_mib=1.00
[prefill-attn-phase] chunk=0 start=0 layer=31 phase=body_matrix_kq gpu_ms=0.36
[prefill-attn-phase] chunk=0 start=0 layer=31 phase=body_matrix_kqv gpu_ms=0.35
[prefill-layer-phase] chunk=0 start=0 layer=31 kind=attn phase=attn_back gpu_ms=1.40
[prefill-layer-phase] chunk=0 start=0 layer=31 kind=attn phase=mixer_resid gpu_ms=0.03
[prefill-layer-phase] chunk=0 start=0 layer=31 kind=moe phase=post_norm gpu_ms=0.02
[prefill-layer-phase] chunk=0 start=0 layer=31 kind=moe phase=route_fused gpu_ms=0.31
[prefill-layer-phase] chunk=0 start=0 layer=31 kind=moe phase=routed_swiglu gpu_ms=3.94
[prefill-layer-phase] chunk=0 start=0 layer=31 kind=moe phase=routed_down gpu_ms=2.30
[prefill-layer-phase] chunk=0 start=0 layer=31 kind=moe phase=routed_reduce gpu_ms=0.14
[prefill-layer-phase] chunk=0 start=0 layer=31 kind=moe phase=shared_packed gpu_ms=0.63
[prefill-layer-phase] chunk=0 start=0 layer=32 kind=gdn phase=pre_norm gpu_ms=0.02
[prefill-layer-phase] chunk=0 start=0 layer=32 kind=gdn phase=gdn_qkv gpu_ms=2.53
[prefill-layer-phase] chunk=0 start=0 layer=32 kind=gdn phase=gdn_z gpu_ms=1.29
[prefill-layer-phase] chunk=0 start=0 layer=32 kind=gdn phase=gdn_beta_alpha gpu_ms=0.17
[prefill-layer-phase] chunk=0 start=0 layer=32 kind=gdn phase=gdn_alpha_beta gpu_ms=0.01
[prefill-layer-phase] chunk=0 start=0 layer=32 kind=gdn phase=gdn_prep_conv gpu_ms=0.43
[prefill-layer-phase] chunk=0 start=0 layer=32 kind=gdn phase=gdn_prep_l2 gpu_ms=0.03
[prefill-layer-phase] chunk=0 start=0 layer=32 kind=gdn phase=gdn_step gpu_ms=1.58
[prefill-layer-phase] chunk=0 start=0 layer=32 kind=gdn phase=gdn_gated gpu_ms=0.10
[prefill-layer-phase] chunk=0 start=0 layer=32 kind=gdn phase=gdn_back gpu_ms=1.30
[prefill-layer-phase] chunk=0 start=0 layer=32 kind=gdn phase=mixer_resid gpu_ms=0.03
[prefill-layer-phase] chunk=0 start=0 layer=32 kind=moe phase=post_norm gpu_ms=0.02
[prefill-layer-phase] chunk=0 start=0 layer=32 kind=moe phase=route_fused gpu_ms=0.31
[prefill-layer-phase] chunk=0 start=0 layer=32 kind=moe phase=routed_swiglu gpu_ms=3.85
[prefill-layer-phase] chunk=0 start=0 layer=32 kind=moe phase=routed_down gpu_ms=2.27
[prefill-layer-phase] chunk=0 start=0 layer=32 kind=moe phase=routed_reduce gpu_ms=0.14
[prefill-layer-phase] chunk=0 start=0 layer=32 kind=moe phase=shared_packed gpu_ms=0.64
[prefill-layer-phase] chunk=0 start=0 layer=33 kind=gdn phase=pre_norm gpu_ms=0.02
[prefill-layer-phase] chunk=0 start=0 layer=33 kind=gdn phase=gdn_qkv gpu_ms=2.53
[prefill-layer-phase] chunk=0 start=0 layer=33 kind=gdn phase=gdn_z gpu_ms=1.29
[prefill-layer-phase] chunk=0 start=0 layer=33 kind=gdn phase=gdn_beta_alpha gpu_ms=0.18
[prefill-layer-phase] chunk=0 start=0 layer=33 kind=gdn phase=gdn_alpha_beta gpu_ms=0.00
[prefill-layer-phase] chunk=0 start=0 layer=33 kind=gdn phase=gdn_prep_conv gpu_ms=0.43
[prefill-layer-phase] chunk=0 start=0 layer=33 kind=gdn phase=gdn_prep_l2 gpu_ms=0.03
[prefill-layer-phase] chunk=0 start=0 layer=33 kind=gdn phase=gdn_step gpu_ms=1.58
[prefill-layer-phase] chunk=0 start=0 layer=33 kind=gdn phase=gdn_gated gpu_ms=0.10
[prefill-layer-phase] chunk=0 start=0 layer=33 kind=gdn phase=gdn_back gpu_ms=1.30
[prefill-layer-phase] chunk=0 start=0 layer=33 kind=gdn phase=mixer_resid gpu_ms=0.03
[prefill-layer-phase] chunk=0 start=0 layer=33 kind=moe phase=post_norm gpu_ms=0.02
[prefill-layer-phase] chunk=0 start=0 layer=33 kind=moe phase=route_fused gpu_ms=0.31
[prefill-layer-phase] chunk=0 start=0 layer=33 kind=moe phase=routed_swiglu gpu_ms=4.07
[prefill-layer-phase] chunk=0 start=0 layer=33 kind=moe phase=routed_down gpu_ms=2.47
[prefill-layer-phase] chunk=0 start=0 layer=33 kind=moe phase=routed_reduce gpu_ms=0.14
[prefill-layer-phase] chunk=0 start=0 layer=33 kind=moe phase=shared_packed gpu_ms=0.64
[prefill-layer-phase] chunk=0 start=0 layer=34 kind=gdn phase=pre_norm gpu_ms=0.02
[prefill-layer-phase] chunk=0 start=0 layer=34 kind=gdn phase=gdn_qkv gpu_ms=2.53
[prefill-layer-phase] chunk=0 start=0 layer=34 kind=gdn phase=gdn_z gpu_ms=1.29
[prefill-layer-phase] chunk=0 start=0 layer=34 kind=gdn phase=gdn_beta_alpha gpu_ms=0.17
[prefill-layer-phase] chunk=0 start=0 layer=34 kind=gdn phase=gdn_alpha_beta gpu_ms=0.01
[prefill-layer-phase] chunk=0 start=0 layer=34 kind=gdn phase=gdn_prep_conv gpu_ms=0.43
[prefill-layer-phase] chunk=0 start=0 layer=34 kind=gdn phase=gdn_prep_l2 gpu_ms=0.03
[prefill-layer-phase] chunk=0 start=0 layer=34 kind=gdn phase=gdn_step gpu_ms=1.58
[prefill-layer-phase] chunk=0 start=0 layer=34 kind=gdn phase=gdn_gated gpu_ms=0.10
[prefill-layer-phase] chunk=0 start=0 layer=34 kind=gdn phase=gdn_back gpu_ms=1.30
[prefill-layer-phase] chunk=0 start=0 layer=34 kind=gdn phase=mixer_resid gpu_ms=0.03
[prefill-layer-phase] chunk=0 start=0 layer=34 kind=moe phase=post_norm gpu_ms=0.02
[prefill-layer-phase] chunk=0 start=0 layer=34 kind=moe phase=route_fused gpu_ms=0.31
[prefill-layer-phase] chunk=0 start=0 layer=34 kind=moe phase=routed_swiglu gpu_ms=3.93
[prefill-layer-phase] chunk=0 start=0 layer=34 kind=moe phase=routed_down gpu_ms=2.16
[prefill-layer-phase] chunk=0 start=0 layer=34 kind=moe phase=routed_reduce gpu_ms=0.14
[prefill-layer-phase] chunk=0 start=0 layer=34 kind=moe phase=shared_packed gpu_ms=0.64
[prefill-layer-phase] chunk=0 start=0 layer=35 kind=attn phase=pre_norm gpu_ms=0.02
[prefill-attn-phase] chunk=0 start=0 layer=35 phase=proj gpu_ms=2.92
[prefill-attn-phase] chunk=0 start=0 layer=35 phase=norm gpu_ms=0.29
[prefill-attn-phase] chunk=0 start=0 layer=35 phase=rope_scatter gpu_ms=0.06
[prefill-attn-packed-shape] layer=35 chunk_start=0 chunk_p=1024 group=8 packed_rows=4 qt=2 row_groups=256 dispatches=512 nwg=64 partial_rw_mib=2064.00
[prefill-attn-matrix-g8-shape] layer=35 chunk_start=0 chunk_p=1024 query_rows=1024 query_tiles=1 n_pos=1024 score_tile_scratch_mib=34.00 vt_stride=4096 vt_layer_mib=4.00 vt_update_base=0 vt_update_rows=1024 vt_update_mib=1.00
[prefill-attn-phase] chunk=0 start=0 layer=35 phase=body_matrix_kq gpu_ms=0.35
[prefill-attn-phase] chunk=0 start=0 layer=35 phase=body_matrix_kqv gpu_ms=0.35
[prefill-layer-phase] chunk=0 start=0 layer=35 kind=attn phase=attn_back gpu_ms=1.40
[prefill-layer-phase] chunk=0 start=0 layer=35 kind=attn phase=mixer_resid gpu_ms=0.03
[prefill-layer-phase] chunk=0 start=0 layer=35 kind=moe phase=post_norm gpu_ms=0.02
[prefill-layer-phase] chunk=0 start=0 layer=35 kind=moe phase=route_fused gpu_ms=0.31
[prefill-layer-phase] chunk=0 start=0 layer=35 kind=moe phase=routed_swiglu gpu_ms=4.05
[prefill-layer-phase] chunk=0 start=0 layer=35 kind=moe phase=routed_down gpu_ms=2.46
[prefill-layer-phase] chunk=0 start=0 layer=35 kind=moe phase=routed_reduce gpu_ms=0.14
[prefill-layer-phase] chunk=0 start=0 layer=35 kind=moe phase=shared_packed gpu_ms=0.64
[prefill-layer-phase] chunk=0 start=0 layer=36 kind=gdn phase=pre_norm gpu_ms=0.02
[prefill-layer-phase] chunk=0 start=0 layer=36 kind=gdn phase=gdn_qkv gpu_ms=2.53
[prefill-layer-phase] chunk=0 start=0 layer=36 kind=gdn phase=gdn_z gpu_ms=1.29
[prefill-layer-phase] chunk=0 start=0 layer=36 kind=gdn phase=gdn_beta_alpha gpu_ms=0.17
[prefill-layer-phase] chunk=0 start=0 layer=36 kind=gdn phase=gdn_alpha_beta gpu_ms=0.01
[prefill-layer-phase] chunk=0 start=0 layer=36 kind=gdn phase=gdn_prep_conv gpu_ms=0.43
[prefill-layer-phase] chunk=0 start=0 layer=36 kind=gdn phase=gdn_prep_l2 gpu_ms=0.03
[prefill-layer-phase] chunk=0 start=0 layer=36 kind=gdn phase=gdn_step gpu_ms=1.58
[prefill-layer-phase] chunk=0 start=0 layer=36 kind=gdn phase=gdn_gated gpu_ms=0.11
[prefill-layer-phase] chunk=0 start=0 layer=36 kind=gdn phase=gdn_back gpu_ms=1.30
[prefill-layer-phase] chunk=0 start=0 layer=36 kind=gdn phase=mixer_resid gpu_ms=0.03
[prefill-layer-phase] chunk=0 start=0 layer=36 kind=moe phase=post_norm gpu_ms=0.02
[prefill-layer-phase] chunk=0 start=0 layer=36 kind=moe phase=route_fused gpu_ms=0.31
[prefill-layer-phase] chunk=0 start=0 layer=36 kind=moe phase=routed_swiglu gpu_ms=3.99
[prefill-layer-phase] chunk=0 start=0 layer=36 kind=moe phase=routed_down gpu_ms=2.32
[prefill-layer-phase] chunk=0 start=0 layer=36 kind=moe phase=routed_reduce gpu_ms=0.14
[prefill-layer-phase] chunk=0 start=0 layer=36 kind=moe phase=shared_packed gpu_ms=0.64
[prefill-layer-phase] chunk=0 start=0 layer=37 kind=gdn phase=pre_norm gpu_ms=0.02
[prefill-layer-phase] chunk=0 start=0 layer=37 kind=gdn phase=gdn_qkv gpu_ms=2.53
[prefill-layer-phase] chunk=0 start=0 layer=37 kind=gdn phase=gdn_z gpu_ms=1.29
[prefill-layer-phase] chunk=0 start=0 layer=37 kind=gdn phase=gdn_beta_alpha gpu_ms=0.17
[prefill-layer-phase] chunk=0 start=0 layer=37 kind=gdn phase=gdn_alpha_beta gpu_ms=0.00
[prefill-layer-phase] chunk=0 start=0 layer=37 kind=gdn phase=gdn_prep_conv gpu_ms=0.43
[prefill-layer-phase] chunk=0 start=0 layer=37 kind=gdn phase=gdn_prep_l2 gpu_ms=0.03
[prefill-layer-phase] chunk=0 start=0 layer=37 kind=gdn phase=gdn_step gpu_ms=1.58
[prefill-layer-phase] chunk=0 start=0 layer=37 kind=gdn phase=gdn_gated gpu_ms=0.10
[prefill-layer-phase] chunk=0 start=0 layer=37 kind=gdn phase=gdn_back gpu_ms=1.30
[prefill-layer-phase] chunk=0 start=0 layer=37 kind=gdn phase=mixer_resid gpu_ms=0.03
[prefill-layer-phase] chunk=0 start=0 layer=37 kind=moe phase=post_norm gpu_ms=0.02
[prefill-layer-phase] chunk=0 start=0 layer=37 kind=moe phase=route_fused gpu_ms=0.31
[prefill-layer-phase] chunk=0 start=0 layer=37 kind=moe phase=routed_swiglu gpu_ms=3.80
[prefill-layer-phase] chunk=0 start=0 layer=37 kind=moe phase=routed_down gpu_ms=2.22
[prefill-layer-phase] chunk=0 start=0 layer=37 kind=moe phase=routed_reduce gpu_ms=0.15
[prefill-layer-phase] chunk=0 start=0 layer=37 kind=moe phase=shared_packed gpu_ms=0.63
[prefill-layer-phase] chunk=0 start=0 layer=38 kind=gdn phase=pre_norm gpu_ms=0.02
[prefill-layer-phase] chunk=0 start=0 layer=38 kind=gdn phase=gdn_qkv gpu_ms=2.53
[prefill-layer-phase] chunk=0 start=0 layer=38 kind=gdn phase=gdn_z gpu_ms=1.29
[prefill-layer-phase] chunk=0 start=0 layer=38 kind=gdn phase=gdn_beta_alpha gpu_ms=0.17
[prefill-layer-phase] chunk=0 start=0 layer=38 kind=gdn phase=gdn_alpha_beta gpu_ms=0.00
[prefill-layer-phase] chunk=0 start=0 layer=38 kind=gdn phase=gdn_prep_conv gpu_ms=0.43
[prefill-layer-phase] chunk=0 start=0 layer=38 kind=gdn phase=gdn_prep_l2 gpu_ms=0.03
[prefill-layer-phase] chunk=0 start=0 layer=38 kind=gdn phase=gdn_step gpu_ms=1.58
[prefill-layer-phase] chunk=0 start=0 layer=38 kind=gdn phase=gdn_gated gpu_ms=0.10
[prefill-layer-phase] chunk=0 start=0 layer=38 kind=gdn phase=gdn_back gpu_ms=1.30
[prefill-layer-phase] chunk=0 start=0 layer=38 kind=gdn phase=mixer_resid gpu_ms=0.03
[prefill-layer-phase] chunk=0 start=0 layer=38 kind=moe phase=post_norm gpu_ms=0.02
[prefill-layer-phase] chunk=0 start=0 layer=38 kind=moe phase=route_fused gpu_ms=0.31
[prefill-layer-phase] chunk=0 start=0 layer=38 kind=moe phase=routed_swiglu gpu_ms=3.90
[prefill-layer-phase] chunk=0 start=0 layer=38 kind=moe phase=routed_down gpu_ms=2.11
[prefill-layer-phase] chunk=0 start=0 layer=38 kind=moe phase=routed_reduce gpu_ms=0.15
[prefill-layer-phase] chunk=0 start=0 layer=38 kind=moe phase=shared_packed gpu_ms=0.64
[prefill-layer-phase] chunk=0 start=0 layer=39 kind=attn phase=pre_norm gpu_ms=0.02
[prefill-attn-phase] chunk=0 start=0 layer=39 phase=proj gpu_ms=2.92
[prefill-attn-phase] chunk=0 start=0 layer=39 phase=norm gpu_ms=0.29
[prefill-attn-phase] chunk=0 start=0 layer=39 phase=rope_scatter gpu_ms=0.05
[prefill-attn-packed-shape] layer=39 chunk_start=0 chunk_p=1024 group=8 packed_rows=4 qt=2 row_groups=256 dispatches=512 nwg=64 partial_rw_mib=2064.00
[prefill-attn-matrix-g8-shape] layer=39 chunk_start=0 chunk_p=1024 query_rows=1024 query_tiles=1 n_pos=1024 score_tile_scratch_mib=34.00 vt_stride=4096 vt_layer_mib=4.00 vt_update_base=0 vt_update_rows=1024 vt_update_mib=1.00
[prefill-attn-phase] chunk=0 start=0 layer=39 phase=body_matrix_kq gpu_ms=0.35
[prefill-attn-phase] chunk=0 start=0 layer=39 phase=body_matrix_kqv gpu_ms=0.35
[prefill-layer-phase] chunk=0 start=0 layer=39 kind=attn phase=attn_back gpu_ms=1.40
[prefill-layer-phase] chunk=0 start=0 layer=39 kind=attn phase=mixer_resid gpu_ms=0.03
[prefill-layer-phase] chunk=0 start=0 layer=39 kind=moe phase=post_norm gpu_ms=0.02
[prefill-layer-phase] chunk=0 start=0 layer=39 kind=moe phase=route_fused gpu_ms=0.31
[prefill-layer-phase] chunk=0 start=0 layer=39 kind=moe phase=routed_swiglu gpu_ms=3.81
[prefill-layer-phase] chunk=0 start=0 layer=39 kind=moe phase=routed_down gpu_ms=2.08
[prefill-layer-phase] chunk=0 start=0 layer=39 kind=moe phase=routed_reduce gpu_ms=0.15
[prefill-layer-phase] chunk=0 start=0 layer=39 kind=moe phase=shared_packed gpu_ms=0.64
[prefill-layer-phase] chunk=1 start=1024 layer=0 kind=gdn phase=pre_norm gpu_ms=0.15
[prefill-layer-phase] chunk=1 start=1024 layer=0 kind=gdn phase=gdn_qkv gpu_ms=2.53
[prefill-layer-phase] chunk=1 start=1024 layer=0 kind=gdn phase=gdn_z gpu_ms=1.29
[prefill-layer-phase] chunk=1 start=1024 layer=0 kind=gdn phase=gdn_beta_alpha gpu_ms=0.17
[prefill-layer-phase] chunk=1 start=1024 layer=0 kind=gdn phase=gdn_alpha_beta gpu_ms=0.01
[prefill-layer-phase] chunk=1 start=1024 layer=0 kind=gdn phase=gdn_prep_conv gpu_ms=0.43
[prefill-layer-phase] chunk=1 start=1024 layer=0 kind=gdn phase=gdn_prep_l2 gpu_ms=0.03
[prefill-layer-phase] chunk=1 start=1024 layer=0 kind=gdn phase=gdn_step gpu_ms=1.59
[prefill-layer-phase] chunk=1 start=1024 layer=0 kind=gdn phase=gdn_gated gpu_ms=0.10
[prefill-layer-phase] chunk=1 start=1024 layer=0 kind=gdn phase=gdn_back gpu_ms=1.30
[prefill-layer-phase] chunk=1 start=1024 layer=0 kind=gdn phase=mixer_resid gpu_ms=0.03
[prefill-layer-phase] chunk=1 start=1024 layer=0 kind=moe phase=post_norm gpu_ms=0.02
[prefill-layer-phase] chunk=1 start=1024 layer=0 kind=moe phase=route_fused gpu_ms=0.31
[prefill-layer-phase] chunk=1 start=1024 layer=0 kind=moe phase=routed_swiglu gpu_ms=4.42
[prefill-layer-phase] chunk=1 start=1024 layer=0 kind=moe phase=routed_down gpu_ms=2.73
[prefill-layer-phase] chunk=1 start=1024 layer=0 kind=moe phase=routed_reduce gpu_ms=0.14
[prefill-layer-phase] chunk=1 start=1024 layer=0 kind=moe phase=shared_packed gpu_ms=0.64
[prefill-layer-phase] chunk=1 start=1024 layer=1 kind=gdn phase=pre_norm gpu_ms=0.02
[prefill-layer-phase] chunk=1 start=1024 layer=1 kind=gdn phase=gdn_qkv gpu_ms=2.53
[prefill-layer-phase] chunk=1 start=1024 layer=1 kind=gdn phase=gdn_z gpu_ms=1.29
[prefill-layer-phase] chunk=1 start=1024 layer=1 kind=gdn phase=gdn_beta_alpha gpu_ms=0.18
[prefill-layer-phase] chunk=1 start=1024 layer=1 kind=gdn phase=gdn_alpha_beta gpu_ms=0.01
[prefill-layer-phase] chunk=1 start=1024 layer=1 kind=gdn phase=gdn_prep_conv gpu_ms=0.43
[prefill-layer-phase] chunk=1 start=1024 layer=1 kind=gdn phase=gdn_prep_l2 gpu_ms=0.03
[prefill-layer-phase] chunk=1 start=1024 layer=1 kind=gdn phase=gdn_step gpu_ms=1.57
[prefill-layer-phase] chunk=1 start=1024 layer=1 kind=gdn phase=gdn_gated gpu_ms=0.11
[prefill-layer-phase] chunk=1 start=1024 layer=1 kind=gdn phase=gdn_back gpu_ms=1.30
[prefill-layer-phase] chunk=1 start=1024 layer=1 kind=gdn phase=mixer_resid gpu_ms=0.03
[prefill-layer-phase] chunk=1 start=1024 layer=1 kind=moe phase=post_norm gpu_ms=0.02
[prefill-layer-phase] chunk=1 start=1024 layer=1 kind=moe phase=route_fused gpu_ms=0.31
[prefill-layer-phase] chunk=1 start=1024 layer=1 kind=moe phase=routed_swiglu gpu_ms=4.29
[prefill-layer-phase] chunk=1 start=1024 layer=1 kind=moe phase=routed_down gpu_ms=2.57
[prefill-layer-phase] chunk=1 start=1024 layer=1 kind=moe phase=routed_reduce gpu_ms=0.14
[prefill-layer-phase] chunk=1 start=1024 layer=1 kind=moe phase=shared_packed gpu_ms=0.64
[prefill-layer-phase] chunk=1 start=1024 layer=2 kind=gdn phase=pre_norm gpu_ms=0.02
[prefill-layer-phase] chunk=1 start=1024 layer=2 kind=gdn phase=gdn_qkv gpu_ms=2.53
[prefill-layer-phase] chunk=1 start=1024 layer=2 kind=gdn phase=gdn_z gpu_ms=1.29
[prefill-layer-phase] chunk=1 start=1024 layer=2 kind=gdn phase=gdn_beta_alpha gpu_ms=0.18
[prefill-layer-phase] chunk=1 start=1024 layer=2 kind=gdn phase=gdn_alpha_beta gpu_ms=0.00
[prefill-layer-phase] chunk=1 start=1024 layer=2 kind=gdn phase=gdn_prep_conv gpu_ms=0.43
[prefill-layer-phase] chunk=1 start=1024 layer=2 kind=gdn phase=gdn_prep_l2 gpu_ms=0.03
[prefill-layer-phase] chunk=1 start=1024 layer=2 kind=gdn phase=gdn_step gpu_ms=1.55
[prefill-layer-phase] chunk=1 start=1024 layer=2 kind=gdn phase=gdn_gated gpu_ms=0.10
[prefill-layer-phase] chunk=1 start=1024 layer=2 kind=gdn phase=gdn_back gpu_ms=1.30
[prefill-layer-phase] chunk=1 start=1024 layer=2 kind=gdn phase=mixer_resid gpu_ms=0.03
[prefill-layer-phase] chunk=1 start=1024 layer=2 kind=moe phase=post_norm gpu_ms=0.02
[prefill-layer-phase] chunk=1 start=1024 layer=2 kind=moe phase=route_fused gpu_ms=0.31
[prefill-layer-phase] chunk=1 start=1024 layer=2 kind=moe phase=routed_swiglu gpu_ms=4.33
[prefill-layer-phase] chunk=1 start=1024 layer=2 kind=moe phase=routed_down gpu_ms=2.64
[prefill-layer-phase] chunk=1 start=1024 layer=2 kind=moe phase=routed_reduce gpu_ms=0.14
[prefill-layer-phase] chunk=1 start=1024 layer=2 kind=moe phase=shared_packed gpu_ms=0.64
[prefill-layer-phase] chunk=1 start=1024 layer=3 kind=attn phase=pre_norm gpu_ms=0.02
[prefill-attn-phase] chunk=1 start=1024 layer=3 phase=proj gpu_ms=2.91
[prefill-attn-phase] chunk=1 start=1024 layer=3 phase=norm gpu_ms=0.29
[prefill-attn-phase] chunk=1 start=1024 layer=3 phase=rope_scatter gpu_ms=0.05
[prefill-attn-packed-shape] layer=3 chunk_start=1024 chunk_p=1024 group=8 packed_rows=4 qt=2 row_groups=256 dispatches=512 nwg=64 partial_rw_mib=2064.00
[prefill-attn-matrix-g8-shape] layer=3 chunk_start=1024 chunk_p=1024 query_rows=1024 query_tiles=1 n_pos=2048 score_tile_scratch_mib=68.00 vt_stride=4096 vt_layer_mib=4.00 vt_update_base=1024 vt_update_rows=1024 vt_update_mib=1.00
[prefill-attn-phase] chunk=1 start=1024 layer=3 phase=body_matrix_kq gpu_ms=0.99
[prefill-attn-phase] chunk=1 start=1024 layer=3 phase=body_matrix_kqv gpu_ms=0.98
[prefill-layer-phase] chunk=1 start=1024 layer=3 kind=attn phase=attn_back gpu_ms=1.39
[prefill-layer-phase] chunk=1 start=1024 layer=3 kind=attn phase=mixer_resid gpu_ms=0.03
[prefill-layer-phase] chunk=1 start=1024 layer=3 kind=moe phase=post_norm gpu_ms=0.02
[prefill-layer-phase] chunk=1 start=1024 layer=3 kind=moe phase=route_fused gpu_ms=0.31
[prefill-layer-phase] chunk=1 start=1024 layer=3 kind=moe phase=routed_swiglu gpu_ms=4.42
[prefill-layer-phase] chunk=1 start=1024 layer=3 kind=moe phase=routed_down gpu_ms=2.76
[prefill-layer-phase] chunk=1 start=1024 layer=3 kind=moe phase=routed_reduce gpu_ms=0.14
[prefill-layer-phase] chunk=1 start=1024 layer=3 kind=moe phase=shared_packed gpu_ms=0.64
[prefill-layer-phase] chunk=1 start=1024 layer=4 kind=gdn phase=pre_norm gpu_ms=0.02
[prefill-layer-phase] chunk=1 start=1024 layer=4 kind=gdn phase=gdn_qkv gpu_ms=2.53
[prefill-layer-phase] chunk=1 start=1024 layer=4 kind=gdn phase=gdn_z gpu_ms=1.29
[prefill-layer-phase] chunk=1 start=1024 layer=4 kind=gdn phase=gdn_beta_alpha gpu_ms=0.17
[prefill-layer-phase] chunk=1 start=1024 layer=4 kind=gdn phase=gdn_alpha_beta gpu_ms=0.01
[prefill-layer-phase] chunk=1 start=1024 layer=4 kind=gdn phase=gdn_prep_conv gpu_ms=0.43
[prefill-layer-phase] chunk=1 start=1024 layer=4 kind=gdn phase=gdn_prep_l2 gpu_ms=0.03
[prefill-layer-phase] chunk=1 start=1024 layer=4 kind=gdn phase=gdn_step gpu_ms=1.60
[prefill-layer-phase] chunk=1 start=1024 layer=4 kind=gdn phase=gdn_gated gpu_ms=0.10
[prefill-layer-phase] chunk=1 start=1024 layer=4 kind=gdn phase=gdn_back gpu_ms=1.30
[prefill-layer-phase] chunk=1 start=1024 layer=4 kind=gdn phase=mixer_resid gpu_ms=0.03
[prefill-layer-phase] chunk=1 start=1024 layer=4 kind=moe phase=post_norm gpu_ms=0.02
[prefill-layer-phase] chunk=1 start=1024 layer=4 kind=moe phase=route_fused gpu_ms=0.31
[prefill-layer-phase] chunk=1 start=1024 layer=4 kind=moe phase=routed_swiglu gpu_ms=4.25
[prefill-layer-phase] chunk=1 start=1024 layer=4 kind=moe phase=routed_down gpu_ms=2.60
[prefill-layer-phase] chunk=1 start=1024 layer=4 kind=moe phase=routed_reduce gpu_ms=0.14
[prefill-layer-phase] chunk=1 start=1024 layer=4 kind=moe phase=shared_packed gpu_ms=0.63
[prefill-layer-phase] chunk=1 start=1024 layer=5 kind=gdn phase=pre_norm gpu_ms=0.02
[prefill-layer-phase] chunk=1 start=1024 layer=5 kind=gdn phase=gdn_qkv gpu_ms=2.53
[prefill-layer-phase] chunk=1 start=1024 layer=5 kind=gdn phase=gdn_z gpu_ms=1.29
[prefill-layer-phase] chunk=1 start=1024 layer=5 kind=gdn phase=gdn_beta_alpha gpu_ms=0.17
[prefill-layer-phase] chunk=1 start=1024 layer=5 kind=gdn phase=gdn_alpha_beta gpu_ms=0.01
[prefill-layer-phase] chunk=1 start=1024 layer=5 kind=gdn phase=gdn_prep_conv gpu_ms=0.43
[prefill-layer-phase] chunk=1 start=1024 layer=5 kind=gdn phase=gdn_prep_l2 gpu_ms=0.03
[prefill-layer-phase] chunk=1 start=1024 layer=5 kind=gdn phase=gdn_step gpu_ms=1.58
[prefill-layer-phase] chunk=1 start=1024 layer=5 kind=gdn phase=gdn_gated gpu_ms=0.10
[prefill-layer-phase] chunk=1 start=1024 layer=5 kind=gdn phase=gdn_back gpu_ms=1.30
[prefill-layer-phase] chunk=1 start=1024 layer=5 kind=gdn phase=mixer_resid gpu_ms=0.03
[prefill-layer-phase] chunk=1 start=1024 layer=5 kind=moe phase=post_norm gpu_ms=0.02
[prefill-layer-phase] chunk=1 start=1024 layer=5 kind=moe phase=route_fused gpu_ms=0.31
[prefill-layer-phase] chunk=1 start=1024 layer=5 kind=moe phase=routed_swiglu gpu_ms=4.21
[prefill-layer-phase] chunk=1 start=1024 layer=5 kind=moe phase=routed_down gpu_ms=2.56
[prefill-layer-phase] chunk=1 start=1024 layer=5 kind=moe phase=routed_reduce gpu_ms=0.14
[prefill-layer-phase] chunk=1 start=1024 layer=5 kind=moe phase=shared_packed gpu_ms=0.63
[prefill-layer-phase] chunk=1 start=1024 layer=6 kind=gdn phase=pre_norm gpu_ms=0.02
[prefill-layer-phase] chunk=1 start=1024 layer=6 kind=gdn phase=gdn_qkv gpu_ms=2.53
[prefill-layer-phase] chunk=1 start=1024 layer=6 kind=gdn phase=gdn_z gpu_ms=1.29
[prefill-layer-phase] chunk=1 start=1024 layer=6 kind=gdn phase=gdn_beta_alpha gpu_ms=0.17
[prefill-layer-phase] chunk=1 start=1024 layer=6 kind=gdn phase=gdn_alpha_beta gpu_ms=0.01
[prefill-layer-phase] chunk=1 start=1024 layer=6 kind=gdn phase=gdn_prep_conv gpu_ms=0.43
[prefill-layer-phase] chunk=1 start=1024 layer=6 kind=gdn phase=gdn_prep_l2 gpu_ms=0.03
[prefill-layer-phase] chunk=1 start=1024 layer=6 kind=gdn phase=gdn_step gpu_ms=1.58
[prefill-layer-phase] chunk=1 start=1024 layer=6 kind=gdn phase=gdn_gated gpu_ms=0.10
[prefill-layer-phase] chunk=1 start=1024 layer=6 kind=gdn phase=gdn_back gpu_ms=1.30
[prefill-layer-phase] chunk=1 start=1024 layer=6 kind=gdn phase=mixer_resid gpu_ms=0.03
[prefill-layer-phase] chunk=1 start=1024 layer=6 kind=moe phase=post_norm gpu_ms=0.02
[prefill-layer-phase] chunk=1 start=1024 layer=6 kind=moe phase=route_fused gpu_ms=0.31
[prefill-layer-phase] chunk=1 start=1024 layer=6 kind=moe phase=routed_swiglu gpu_ms=4.27
[prefill-layer-phase] chunk=1 start=1024 layer=6 kind=moe phase=routed_down gpu_ms=2.50
[prefill-layer-phase] chunk=1 start=1024 layer=6 kind=moe phase=routed_reduce gpu_ms=0.14
[prefill-layer-phase] chunk=1 start=1024 layer=6 kind=moe phase=shared_packed gpu_ms=0.64
[prefill-layer-phase] chunk=1 start=1024 layer=7 kind=attn phase=pre_norm gpu_ms=0.02
[prefill-attn-phase] chunk=1 start=1024 layer=7 phase=proj gpu_ms=2.92
[prefill-attn-phase] chunk=1 start=1024 layer=7 phase=norm gpu_ms=0.29
[prefill-attn-phase] chunk=1 start=1024 layer=7 phase=rope_scatter gpu_ms=0.05
[prefill-attn-packed-shape] layer=7 chunk_start=1024 chunk_p=1024 group=8 packed_rows=4 qt=2 row_groups=256 dispatches=512 nwg=64 partial_rw_mib=2064.00
[prefill-attn-matrix-g8-shape] layer=7 chunk_start=1024 chunk_p=1024 query_rows=1024 query_tiles=1 n_pos=2048 score_tile_scratch_mib=68.00 vt_stride=4096 vt_layer_mib=4.00 vt_update_base=1024 vt_update_rows=1024 vt_update_mib=1.00
[prefill-attn-phase] chunk=1 start=1024 layer=7 phase=body_matrix_kq gpu_ms=0.99
[prefill-attn-phase] chunk=1 start=1024 layer=7 phase=body_matrix_kqv gpu_ms=0.98
[prefill-layer-phase] chunk=1 start=1024 layer=7 kind=attn phase=attn_back gpu_ms=1.39
[prefill-layer-phase] chunk=1 start=1024 layer=7 kind=attn phase=mixer_resid gpu_ms=0.03
[prefill-layer-phase] chunk=1 start=1024 layer=7 kind=moe phase=post_norm gpu_ms=0.02
[prefill-layer-phase] chunk=1 start=1024 layer=7 kind=moe phase=route_fused gpu_ms=0.31
[prefill-layer-phase] chunk=1 start=1024 layer=7 kind=moe phase=routed_swiglu gpu_ms=4.20
[prefill-layer-phase] chunk=1 start=1024 layer=7 kind=moe phase=routed_down gpu_ms=2.57
[prefill-layer-phase] chunk=1 start=1024 layer=7 kind=moe phase=routed_reduce gpu_ms=0.14
[prefill-layer-phase] chunk=1 start=1024 layer=7 kind=moe phase=shared_packed gpu_ms=0.64
[prefill-layer-phase] chunk=1 start=1024 layer=8 kind=gdn phase=pre_norm gpu_ms=0.02
[prefill-layer-phase] chunk=1 start=1024 layer=8 kind=gdn phase=gdn_qkv gpu_ms=2.53
[prefill-layer-phase] chunk=1 start=1024 layer=8 kind=gdn phase=gdn_z gpu_ms=1.29
[prefill-layer-phase] chunk=1 start=1024 layer=8 kind=gdn phase=gdn_beta_alpha gpu_ms=0.17
[prefill-layer-phase] chunk=1 start=1024 layer=8 kind=gdn phase=gdn_alpha_beta gpu_ms=0.01
[prefill-layer-phase] chunk=1 start=1024 layer=8 kind=gdn phase=gdn_prep_conv gpu_ms=0.43
[prefill-layer-phase] chunk=1 start=1024 layer=8 kind=gdn phase=gdn_prep_l2 gpu_ms=0.03
[prefill-layer-phase] chunk=1 start=1024 layer=8 kind=gdn phase=gdn_step gpu_ms=1.56
[prefill-layer-phase] chunk=1 start=1024 layer=8 kind=gdn phase=gdn_gated gpu_ms=0.10
[prefill-layer-phase] chunk=1 start=1024 layer=8 kind=gdn phase=gdn_back gpu_ms=1.30
[prefill-layer-phase] chunk=1 start=1024 layer=8 kind=gdn phase=mixer_resid gpu_ms=0.03
[prefill-layer-phase] chunk=1 start=1024 layer=8 kind=moe phase=post_norm gpu_ms=0.02
[prefill-layer-phase] chunk=1 start=1024 layer=8 kind=moe phase=route_fused gpu_ms=0.30
[prefill-layer-phase] chunk=1 start=1024 layer=8 kind=moe phase=routed_swiglu gpu_ms=4.37
[prefill-layer-phase] chunk=1 start=1024 layer=8 kind=moe phase=routed_down gpu_ms=2.62
[prefill-layer-phase] chunk=1 start=1024 layer=8 kind=moe phase=routed_reduce gpu_ms=0.14
[prefill-layer-phase] chunk=1 start=1024 layer=8 kind=moe phase=shared_packed gpu_ms=0.64
[prefill-layer-phase] chunk=1 start=1024 layer=9 kind=gdn phase=pre_norm gpu_ms=0.02
[prefill-layer-phase] chunk=1 start=1024 layer=9 kind=gdn phase=gdn_qkv gpu_ms=2.53
[prefill-layer-phase] chunk=1 start=1024 layer=9 kind=gdn phase=gdn_z gpu_ms=1.29
[prefill-layer-phase] chunk=1 start=1024 layer=9 kind=gdn phase=gdn_beta_alpha gpu_ms=0.18
[prefill-layer-phase] chunk=1 start=1024 layer=9 kind=gdn phase=gdn_alpha_beta gpu_ms=0.01
[prefill-layer-phase] chunk=1 start=1024 layer=9 kind=gdn phase=gdn_prep_conv gpu_ms=0.43
[prefill-layer-phase] chunk=1 start=1024 layer=9 kind=gdn phase=gdn_prep_l2 gpu_ms=0.03
[prefill-layer-phase] chunk=1 start=1024 layer=9 kind=gdn phase=gdn_step gpu_ms=1.54
[prefill-layer-phase] chunk=1 start=1024 layer=9 kind=gdn phase=gdn_gated gpu_ms=0.10
[prefill-layer-phase] chunk=1 start=1024 layer=9 kind=gdn phase=gdn_back gpu_ms=1.30
[prefill-layer-phase] chunk=1 start=1024 layer=9 kind=gdn phase=mixer_resid gpu_ms=0.03
[prefill-layer-phase] chunk=1 start=1024 layer=9 kind=moe phase=post_norm gpu_ms=0.02
[prefill-layer-phase] chunk=1 start=1024 layer=9 kind=moe phase=route_fused gpu_ms=0.31
[prefill-layer-phase] chunk=1 start=1024 layer=9 kind=moe phase=routed_swiglu gpu_ms=4.18
[prefill-layer-phase] chunk=1 start=1024 layer=9 kind=moe phase=routed_down gpu_ms=2.54
[prefill-layer-phase] chunk=1 start=1024 layer=9 kind=moe phase=routed_reduce gpu_ms=0.14
[prefill-layer-phase] chunk=1 start=1024 layer=9 kind=moe phase=shared_packed gpu_ms=0.64
[prefill-layer-phase] chunk=1 start=1024 layer=10 kind=gdn phase=pre_norm gpu_ms=0.02
[prefill-layer-phase] chunk=1 start=1024 layer=10 kind=gdn phase=gdn_qkv gpu_ms=2.53
[prefill-layer-phase] chunk=1 start=1024 layer=10 kind=gdn phase=gdn_z gpu_ms=1.29
[prefill-layer-phase] chunk=1 start=1024 layer=10 kind=gdn phase=gdn_beta_alpha gpu_ms=0.17
[prefill-layer-phase] chunk=1 start=1024 layer=10 kind=gdn phase=gdn_alpha_beta gpu_ms=0.01
[prefill-layer-phase] chunk=1 start=1024 layer=10 kind=gdn phase=gdn_prep_conv gpu_ms=0.43
[prefill-layer-phase] chunk=1 start=1024 layer=10 kind=gdn phase=gdn_prep_l2 gpu_ms=0.03
[prefill-layer-phase] chunk=1 start=1024 layer=10 kind=gdn phase=gdn_step gpu_ms=1.61
[prefill-layer-phase] chunk=1 start=1024 layer=10 kind=gdn phase=gdn_gated gpu_ms=0.10
[prefill-layer-phase] chunk=1 start=1024 layer=10 kind=gdn phase=gdn_back gpu_ms=1.30
[prefill-layer-phase] chunk=1 start=1024 layer=10 kind=gdn phase=mixer_resid gpu_ms=0.03
[prefill-layer-phase] chunk=1 start=1024 layer=10 kind=moe phase=post_norm gpu_ms=0.02
[prefill-layer-phase] chunk=1 start=1024 layer=10 kind=moe phase=route_fused gpu_ms=0.31
[prefill-layer-phase] chunk=1 start=1024 layer=10 kind=moe phase=routed_swiglu gpu_ms=4.19
[prefill-layer-phase] chunk=1 start=1024 layer=10 kind=moe phase=routed_down gpu_ms=2.43
[prefill-layer-phase] chunk=1 start=1024 layer=10 kind=moe phase=routed_reduce gpu_ms=0.14
[prefill-layer-phase] chunk=1 start=1024 layer=10 kind=moe phase=shared_packed gpu_ms=0.64
[prefill-layer-phase] chunk=1 start=1024 layer=11 kind=attn phase=pre_norm gpu_ms=0.02
[prefill-attn-phase] chunk=1 start=1024 layer=11 phase=proj gpu_ms=2.92
[prefill-attn-phase] chunk=1 start=1024 layer=11 phase=norm gpu_ms=0.29
[prefill-attn-phase] chunk=1 start=1024 layer=11 phase=rope_scatter gpu_ms=0.05
[prefill-attn-packed-shape] layer=11 chunk_start=1024 chunk_p=1024 group=8 packed_rows=4 qt=2 row_groups=256 dispatches=512 nwg=64 partial_rw_mib=2064.00
[prefill-attn-matrix-g8-shape] layer=11 chunk_start=1024 chunk_p=1024 query_rows=1024 query_tiles=1 n_pos=2048 score_tile_scratch_mib=68.00 vt_stride=4096 vt_layer_mib=4.00 vt_update_base=1024 vt_update_rows=1024 vt_update_mib=1.00
[prefill-attn-phase] chunk=1 start=1024 layer=11 phase=body_matrix_kq gpu_ms=0.99
[prefill-attn-phase] chunk=1 start=1024 layer=11 phase=body_matrix_kqv gpu_ms=0.98
[prefill-layer-phase] chunk=1 start=1024 layer=11 kind=attn phase=attn_back gpu_ms=1.39
[prefill-layer-phase] chunk=1 start=1024 layer=11 kind=attn phase=mixer_resid gpu_ms=0.03
[prefill-layer-phase] chunk=1 start=1024 layer=11 kind=moe phase=post_norm gpu_ms=0.02
[prefill-layer-phase] chunk=1 start=1024 layer=11 kind=moe phase=route_fused gpu_ms=0.31
[prefill-layer-phase] chunk=1 start=1024 layer=11 kind=moe phase=routed_swiglu gpu_ms=4.10
[prefill-layer-phase] chunk=1 start=1024 layer=11 kind=moe phase=routed_down gpu_ms=2.53
[prefill-layer-phase] chunk=1 start=1024 layer=11 kind=moe phase=routed_reduce gpu_ms=0.14
[prefill-layer-phase] chunk=1 start=1024 layer=11 kind=moe phase=shared_packed gpu_ms=0.64
[prefill-layer-phase] chunk=1 start=1024 layer=12 kind=gdn phase=pre_norm gpu_ms=0.02
[prefill-layer-phase] chunk=1 start=1024 layer=12 kind=gdn phase=gdn_qkv gpu_ms=2.53
[prefill-layer-phase] chunk=1 start=1024 layer=12 kind=gdn phase=gdn_z gpu_ms=1.29
[prefill-layer-phase] chunk=1 start=1024 layer=12 kind=gdn phase=gdn_beta_alpha gpu_ms=0.17
[prefill-layer-phase] chunk=1 start=1024 layer=12 kind=gdn phase=gdn_alpha_beta gpu_ms=0.01
[prefill-layer-phase] chunk=1 start=1024 layer=12 kind=gdn phase=gdn_prep_conv gpu_ms=0.43
[prefill-layer-phase] chunk=1 start=1024 layer=12 kind=gdn phase=gdn_prep_l2 gpu_ms=0.03
[prefill-layer-phase] chunk=1 start=1024 layer=12 kind=gdn phase=gdn_step gpu_ms=1.58
[prefill-layer-phase] chunk=1 start=1024 layer=12 kind=gdn phase=gdn_gated gpu_ms=0.10
[prefill-layer-phase] chunk=1 start=1024 layer=12 kind=gdn phase=gdn_back gpu_ms=1.30
[prefill-layer-phase] chunk=1 start=1024 layer=12 kind=gdn phase=mixer_resid gpu_ms=0.03
[prefill-layer-phase] chunk=1 start=1024 layer=12 kind=moe phase=post_norm gpu_ms=0.02
[prefill-layer-phase] chunk=1 start=1024 layer=12 kind=moe phase=route_fused gpu_ms=0.31
[prefill-layer-phase] chunk=1 start=1024 layer=12 kind=moe phase=routed_swiglu gpu_ms=4.18
[prefill-layer-phase] chunk=1 start=1024 layer=12 kind=moe phase=routed_down gpu_ms=2.50
[prefill-layer-phase] chunk=1 start=1024 layer=12 kind=moe phase=routed_reduce gpu_ms=0.14
[prefill-layer-phase] chunk=1 start=1024 layer=12 kind=moe phase=shared_packed gpu_ms=0.64
[prefill-layer-phase] chunk=1 start=1024 layer=13 kind=gdn phase=pre_norm gpu_ms=0.03
[prefill-layer-phase] chunk=1 start=1024 layer=13 kind=gdn phase=gdn_qkv gpu_ms=2.53
[prefill-layer-phase] chunk=1 start=1024 layer=13 kind=gdn phase=gdn_z gpu_ms=1.29
[prefill-layer-phase] chunk=1 start=1024 layer=13 kind=gdn phase=gdn_beta_alpha gpu_ms=0.17
[prefill-layer-phase] chunk=1 start=1024 layer=13 kind=gdn phase=gdn_alpha_beta gpu_ms=0.00
[prefill-layer-phase] chunk=1 start=1024 layer=13 kind=gdn phase=gdn_prep_conv gpu_ms=0.43
[prefill-layer-phase] chunk=1 start=1024 layer=13 kind=gdn phase=gdn_prep_l2 gpu_ms=0.03
[prefill-layer-phase] chunk=1 start=1024 layer=13 kind=gdn phase=gdn_step gpu_ms=1.54
[prefill-layer-phase] chunk=1 start=1024 layer=13 kind=gdn phase=gdn_gated gpu_ms=0.10
[prefill-layer-phase] chunk=1 start=1024 layer=13 kind=gdn phase=gdn_back gpu_ms=1.30
[prefill-layer-phase] chunk=1 start=1024 layer=13 kind=gdn phase=mixer_resid gpu_ms=0.03
[prefill-layer-phase] chunk=1 start=1024 layer=13 kind=moe phase=post_norm gpu_ms=0.02
[prefill-layer-phase] chunk=1 start=1024 layer=13 kind=moe phase=route_fused gpu_ms=0.31
[prefill-layer-phase] chunk=1 start=1024 layer=13 kind=moe phase=routed_swiglu gpu_ms=4.17
[prefill-layer-phase] chunk=1 start=1024 layer=13 kind=moe phase=routed_down gpu_ms=2.36
[prefill-layer-phase] chunk=1 start=1024 layer=13 kind=moe phase=routed_reduce gpu_ms=0.14
[prefill-layer-phase] chunk=1 start=1024 layer=13 kind=moe phase=shared_packed gpu_ms=0.64
[prefill-layer-phase] chunk=1 start=1024 layer=14 kind=gdn phase=pre_norm gpu_ms=0.02
[prefill-layer-phase] chunk=1 start=1024 layer=14 kind=gdn phase=gdn_qkv gpu_ms=2.53
[prefill-layer-phase] chunk=1 start=1024 layer=14 kind=gdn phase=gdn_z gpu_ms=1.29
[prefill-layer-phase] chunk=1 start=1024 layer=14 kind=gdn phase=gdn_beta_alpha gpu_ms=0.18
[prefill-layer-phase] chunk=1 start=1024 layer=14 kind=gdn phase=gdn_alpha_beta gpu_ms=0.00
[prefill-layer-phase] chunk=1 start=1024 layer=14 kind=gdn phase=gdn_prep_conv gpu_ms=0.43
[prefill-layer-phase] chunk=1 start=1024 layer=14 kind=gdn phase=gdn_prep_l2 gpu_ms=0.03
[prefill-layer-phase] chunk=1 start=1024 layer=14 kind=gdn phase=gdn_step gpu_ms=1.60
[prefill-layer-phase] chunk=1 start=1024 layer=14 kind=gdn phase=gdn_gated gpu_ms=0.10
[prefill-layer-phase] chunk=1 start=1024 layer=14 kind=gdn phase=gdn_back gpu_ms=1.30
[prefill-layer-phase] chunk=1 start=1024 layer=14 kind=gdn phase=mixer_resid gpu_ms=0.03
[prefill-layer-phase] chunk=1 start=1024 layer=14 kind=moe phase=post_norm gpu_ms=0.02
[prefill-layer-phase] chunk=1 start=1024 layer=14 kind=moe phase=route_fused gpu_ms=0.31
[prefill-layer-phase] chunk=1 start=1024 layer=14 kind=moe phase=routed_swiglu gpu_ms=4.14
[prefill-layer-phase] chunk=1 start=1024 layer=14 kind=moe phase=routed_down gpu_ms=2.40
[prefill-layer-phase] chunk=1 start=1024 layer=14 kind=moe phase=routed_reduce gpu_ms=0.14
[prefill-layer-phase] chunk=1 start=1024 layer=14 kind=moe phase=shared_packed gpu_ms=0.64
[prefill-layer-phase] chunk=1 start=1024 layer=15 kind=attn phase=pre_norm gpu_ms=0.02
[prefill-attn-phase] chunk=1 start=1024 layer=15 phase=proj gpu_ms=2.92
[prefill-attn-phase] chunk=1 start=1024 layer=15 phase=norm gpu_ms=0.29
[prefill-attn-phase] chunk=1 start=1024 layer=15 phase=rope_scatter gpu_ms=0.05
[prefill-attn-packed-shape] layer=15 chunk_start=1024 chunk_p=1024 group=8 packed_rows=4 qt=2 row_groups=256 dispatches=512 nwg=64 partial_rw_mib=2064.00
[prefill-attn-matrix-g8-shape] layer=15 chunk_start=1024 chunk_p=1024 query_rows=1024 query_tiles=1 n_pos=2048 score_tile_scratch_mib=68.00 vt_stride=4096 vt_layer_mib=4.00 vt_update_base=1024 vt_update_rows=1024 vt_update_mib=1.00
[prefill-attn-phase] chunk=1 start=1024 layer=15 phase=body_matrix_kq gpu_ms=0.99
[prefill-attn-phase] chunk=1 start=1024 layer=15 phase=body_matrix_kqv gpu_ms=0.98
[prefill-layer-phase] chunk=1 start=1024 layer=15 kind=attn phase=attn_back gpu_ms=1.39
[prefill-layer-phase] chunk=1 start=1024 layer=15 kind=attn phase=mixer_resid gpu_ms=0.03
[prefill-layer-phase] chunk=1 start=1024 layer=15 kind=moe phase=post_norm gpu_ms=0.02
[prefill-layer-phase] chunk=1 start=1024 layer=15 kind=moe phase=route_fused gpu_ms=0.31
[prefill-layer-phase] chunk=1 start=1024 layer=15 kind=moe phase=routed_swiglu gpu_ms=4.10
[prefill-layer-phase] chunk=1 start=1024 layer=15 kind=moe phase=routed_down gpu_ms=2.47
[prefill-layer-phase] chunk=1 start=1024 layer=15 kind=moe phase=routed_reduce gpu_ms=0.14
[prefill-layer-phase] chunk=1 start=1024 layer=15 kind=moe phase=shared_packed gpu_ms=0.64
[prefill-layer-phase] chunk=1 start=1024 layer=16 kind=gdn phase=pre_norm gpu_ms=0.02
[prefill-layer-phase] chunk=1 start=1024 layer=16 kind=gdn phase=gdn_qkv gpu_ms=2.53
[prefill-layer-phase] chunk=1 start=1024 layer=16 kind=gdn phase=gdn_z gpu_ms=1.29
[prefill-layer-phase] chunk=1 start=1024 layer=16 kind=gdn phase=gdn_beta_alpha gpu_ms=0.17
[prefill-layer-phase] chunk=1 start=1024 layer=16 kind=gdn phase=gdn_alpha_beta gpu_ms=0.00
[prefill-layer-phase] chunk=1 start=1024 layer=16 kind=gdn phase=gdn_prep_conv gpu_ms=0.43
[prefill-layer-phase] chunk=1 start=1024 layer=16 kind=gdn phase=gdn_prep_l2 gpu_ms=0.03
[prefill-layer-phase] chunk=1 start=1024 layer=16 kind=gdn phase=gdn_step gpu_ms=1.58
[prefill-layer-phase] chunk=1 start=1024 layer=16 kind=gdn phase=gdn_gated gpu_ms=0.10
[prefill-layer-phase] chunk=1 start=1024 layer=16 kind=gdn phase=gdn_back gpu_ms=1.30
[prefill-layer-phase] chunk=1 start=1024 layer=16 kind=gdn phase=mixer_resid gpu_ms=0.03
[prefill-layer-phase] chunk=1 start=1024 layer=16 kind=moe phase=post_norm gpu_ms=0.02
[prefill-layer-phase] chunk=1 start=1024 layer=16 kind=moe phase=route_fused gpu_ms=0.31
[prefill-layer-phase] chunk=1 start=1024 layer=16 kind=moe phase=routed_swiglu gpu_ms=3.90
[prefill-layer-phase] chunk=1 start=1024 layer=16 kind=moe phase=routed_down gpu_ms=2.22
[prefill-layer-phase] chunk=1 start=1024 layer=16 kind=moe phase=routed_reduce gpu_ms=0.14
[prefill-layer-phase] chunk=1 start=1024 layer=16 kind=moe phase=shared_packed gpu_ms=0.64
[prefill-layer-phase] chunk=1 start=1024 layer=17 kind=gdn phase=pre_norm gpu_ms=0.02
[prefill-layer-phase] chunk=1 start=1024 layer=17 kind=gdn phase=gdn_qkv gpu_ms=2.53
[prefill-layer-phase] chunk=1 start=1024 layer=17 kind=gdn phase=gdn_z gpu_ms=1.29
[prefill-layer-phase] chunk=1 start=1024 layer=17 kind=gdn phase=gdn_beta_alpha gpu_ms=0.18
[prefill-layer-phase] chunk=1 start=1024 layer=17 kind=gdn phase=gdn_alpha_beta gpu_ms=0.01
[prefill-layer-phase] chunk=1 start=1024 layer=17 kind=gdn phase=gdn_prep_conv gpu_ms=0.43
[prefill-layer-phase] chunk=1 start=1024 layer=17 kind=gdn phase=gdn_prep_l2 gpu_ms=0.03
[prefill-layer-phase] chunk=1 start=1024 layer=17 kind=gdn phase=gdn_step gpu_ms=1.60
[prefill-layer-phase] chunk=1 start=1024 layer=17 kind=gdn phase=gdn_gated gpu_ms=0.10
[prefill-layer-phase] chunk=1 start=1024 layer=17 kind=gdn phase=gdn_back gpu_ms=1.30
[prefill-layer-phase] chunk=1 start=1024 layer=17 kind=gdn phase=mixer_resid gpu_ms=0.03
[prefill-layer-phase] chunk=1 start=1024 layer=17 kind=moe phase=post_norm gpu_ms=0.02
[prefill-layer-phase] chunk=1 start=1024 layer=17 kind=moe phase=route_fused gpu_ms=0.31
[prefill-layer-phase] chunk=1 start=1024 layer=17 kind=moe phase=routed_swiglu gpu_ms=3.86
[prefill-layer-phase] chunk=1 start=1024 layer=17 kind=moe phase=routed_down gpu_ms=2.30
[prefill-layer-phase] chunk=1 start=1024 layer=17 kind=moe phase=routed_reduce gpu_ms=0.14
[prefill-layer-phase] chunk=1 start=1024 layer=17 kind=moe phase=shared_packed gpu_ms=0.64
[prefill-layer-phase] chunk=1 start=1024 layer=18 kind=gdn phase=pre_norm gpu_ms=0.02
[prefill-layer-phase] chunk=1 start=1024 layer=18 kind=gdn phase=gdn_qkv gpu_ms=2.53
[prefill-layer-phase] chunk=1 start=1024 layer=18 kind=gdn phase=gdn_z gpu_ms=1.29
[prefill-layer-phase] chunk=1 start=1024 layer=18 kind=gdn phase=gdn_beta_alpha gpu_ms=0.17
[prefill-layer-phase] chunk=1 start=1024 layer=18 kind=gdn phase=gdn_alpha_beta gpu_ms=0.00
[prefill-layer-phase] chunk=1 start=1024 layer=18 kind=gdn phase=gdn_prep_conv gpu_ms=0.43
[prefill-layer-phase] chunk=1 start=1024 layer=18 kind=gdn phase=gdn_prep_l2 gpu_ms=0.03
[prefill-layer-phase] chunk=1 start=1024 layer=18 kind=gdn phase=gdn_step gpu_ms=1.56
[prefill-layer-phase] chunk=1 start=1024 layer=18 kind=gdn phase=gdn_gated gpu_ms=0.10
[prefill-layer-phase] chunk=1 start=1024 layer=18 kind=gdn phase=gdn_back gpu_ms=1.30
[prefill-layer-phase] chunk=1 start=1024 layer=18 kind=gdn phase=mixer_resid gpu_ms=0.03
[prefill-layer-phase] chunk=1 start=1024 layer=18 kind=moe phase=post_norm gpu_ms=0.02
[prefill-layer-phase] chunk=1 start=1024 layer=18 kind=moe phase=route_fused gpu_ms=0.30
[prefill-layer-phase] chunk=1 start=1024 layer=18 kind=moe phase=routed_swiglu gpu_ms=4.06
[prefill-layer-phase] chunk=1 start=1024 layer=18 kind=moe phase=routed_down gpu_ms=2.45
[prefill-layer-phase] chunk=1 start=1024 layer=18 kind=moe phase=routed_reduce gpu_ms=0.14
[prefill-layer-phase] chunk=1 start=1024 layer=18 kind=moe phase=shared_packed gpu_ms=0.64
[prefill-layer-phase] chunk=1 start=1024 layer=19 kind=attn phase=pre_norm gpu_ms=0.02
[prefill-attn-phase] chunk=1 start=1024 layer=19 phase=proj gpu_ms=2.91
[prefill-attn-phase] chunk=1 start=1024 layer=19 phase=norm gpu_ms=0.29
[prefill-attn-phase] chunk=1 start=1024 layer=19 phase=rope_scatter gpu_ms=0.05
[prefill-attn-packed-shape] layer=19 chunk_start=1024 chunk_p=1024 group=8 packed_rows=4 qt=2 row_groups=256 dispatches=512 nwg=64 partial_rw_mib=2064.00
[prefill-attn-matrix-g8-shape] layer=19 chunk_start=1024 chunk_p=1024 query_rows=1024 query_tiles=1 n_pos=2048 score_tile_scratch_mib=68.00 vt_stride=4096 vt_layer_mib=4.00 vt_update_base=1024 vt_update_rows=1024 vt_update_mib=1.00
[prefill-attn-phase] chunk=1 start=1024 layer=19 phase=body_matrix_kq gpu_ms=0.99
[prefill-attn-phase] chunk=1 start=1024 layer=19 phase=body_matrix_kqv gpu_ms=0.98
[prefill-layer-phase] chunk=1 start=1024 layer=19 kind=attn phase=attn_back gpu_ms=1.39
[prefill-layer-phase] chunk=1 start=1024 layer=19 kind=attn phase=mixer_resid gpu_ms=0.03
[prefill-layer-phase] chunk=1 start=1024 layer=19 kind=moe phase=post_norm gpu_ms=0.02
[prefill-layer-phase] chunk=1 start=1024 layer=19 kind=moe phase=route_fused gpu_ms=0.31
[prefill-layer-phase] chunk=1 start=1024 layer=19 kind=moe phase=routed_swiglu gpu_ms=4.07
[prefill-layer-phase] chunk=1 start=1024 layer=19 kind=moe phase=routed_down gpu_ms=2.36
[prefill-layer-phase] chunk=1 start=1024 layer=19 kind=moe phase=routed_reduce gpu_ms=0.14
[prefill-layer-phase] chunk=1 start=1024 layer=19 kind=moe phase=shared_packed gpu_ms=0.64
[prefill-layer-phase] chunk=1 start=1024 layer=20 kind=gdn phase=pre_norm gpu_ms=0.02
[prefill-layer-phase] chunk=1 start=1024 layer=20 kind=gdn phase=gdn_qkv gpu_ms=2.53
[prefill-layer-phase] chunk=1 start=1024 layer=20 kind=gdn phase=gdn_z gpu_ms=1.29
[prefill-layer-phase] chunk=1 start=1024 layer=20 kind=gdn phase=gdn_beta_alpha gpu_ms=0.18
[prefill-layer-phase] chunk=1 start=1024 layer=20 kind=gdn phase=gdn_alpha_beta gpu_ms=0.01
[prefill-layer-phase] chunk=1 start=1024 layer=20 kind=gdn phase=gdn_prep_conv gpu_ms=0.43
[prefill-layer-phase] chunk=1 start=1024 layer=20 kind=gdn phase=gdn_prep_l2 gpu_ms=0.03
[prefill-layer-phase] chunk=1 start=1024 layer=20 kind=gdn phase=gdn_step gpu_ms=1.56
[prefill-layer-phase] chunk=1 start=1024 layer=20 kind=gdn phase=gdn_gated gpu_ms=0.10
[prefill-layer-phase] chunk=1 start=1024 layer=20 kind=gdn phase=gdn_back gpu_ms=1.30
[prefill-layer-phase] chunk=1 start=1024 layer=20 kind=gdn phase=mixer_resid gpu_ms=0.03
[prefill-layer-phase] chunk=1 start=1024 layer=20 kind=moe phase=post_norm gpu_ms=0.02
[prefill-layer-phase] chunk=1 start=1024 layer=20 kind=moe phase=route_fused gpu_ms=0.31
[prefill-layer-phase] chunk=1 start=1024 layer=20 kind=moe phase=routed_swiglu gpu_ms=4.32
[prefill-layer-phase] chunk=1 start=1024 layer=20 kind=moe phase=routed_down gpu_ms=2.63
[prefill-layer-phase] chunk=1 start=1024 layer=20 kind=moe phase=routed_reduce gpu_ms=0.14
[prefill-layer-phase] chunk=1 start=1024 layer=20 kind=moe phase=shared_packed gpu_ms=0.64
[prefill-layer-phase] chunk=1 start=1024 layer=21 kind=gdn phase=pre_norm gpu_ms=0.02
[prefill-layer-phase] chunk=1 start=1024 layer=21 kind=gdn phase=gdn_qkv gpu_ms=2.53
[prefill-layer-phase] chunk=1 start=1024 layer=21 kind=gdn phase=gdn_z gpu_ms=1.29
[prefill-layer-phase] chunk=1 start=1024 layer=21 kind=gdn phase=gdn_beta_alpha gpu_ms=0.17
[prefill-layer-phase] chunk=1 start=1024 layer=21 kind=gdn phase=gdn_alpha_beta gpu_ms=0.00
[prefill-layer-phase] chunk=1 start=1024 layer=21 kind=gdn phase=gdn_prep_conv gpu_ms=0.43
[prefill-layer-phase] chunk=1 start=1024 layer=21 kind=gdn phase=gdn_prep_l2 gpu_ms=0.03
[prefill-layer-phase] chunk=1 start=1024 layer=21 kind=gdn phase=gdn_step gpu_ms=1.59
[prefill-layer-phase] chunk=1 start=1024 layer=21 kind=gdn phase=gdn_gated gpu_ms=0.10
[prefill-layer-phase] chunk=1 start=1024 layer=21 kind=gdn phase=gdn_back gpu_ms=1.30
[prefill-layer-phase] chunk=1 start=1024 layer=21 kind=gdn phase=mixer_resid gpu_ms=0.03
[prefill-layer-phase] chunk=1 start=1024 layer=21 kind=moe phase=post_norm gpu_ms=0.02
[prefill-layer-phase] chunk=1 start=1024 layer=21 kind=moe phase=route_fused gpu_ms=0.31
[prefill-layer-phase] chunk=1 start=1024 layer=21 kind=moe phase=routed_swiglu gpu_ms=4.17
[prefill-layer-phase] chunk=1 start=1024 layer=21 kind=moe phase=routed_down gpu_ms=2.50
[prefill-layer-phase] chunk=1 start=1024 layer=21 kind=moe phase=routed_reduce gpu_ms=0.14
[prefill-layer-phase] chunk=1 start=1024 layer=21 kind=moe phase=shared_packed gpu_ms=0.64
[prefill-layer-phase] chunk=1 start=1024 layer=22 kind=gdn phase=pre_norm gpu_ms=0.02
[prefill-layer-phase] chunk=1 start=1024 layer=22 kind=gdn phase=gdn_qkv gpu_ms=2.53
[prefill-layer-phase] chunk=1 start=1024 layer=22 kind=gdn phase=gdn_z gpu_ms=1.29
[prefill-layer-phase] chunk=1 start=1024 layer=22 kind=gdn phase=gdn_beta_alpha gpu_ms=0.18
[prefill-layer-phase] chunk=1 start=1024 layer=22 kind=gdn phase=gdn_alpha_beta gpu_ms=0.01
[prefill-layer-phase] chunk=1 start=1024 layer=22 kind=gdn phase=gdn_prep_conv gpu_ms=0.43
[prefill-layer-phase] chunk=1 start=1024 layer=22 kind=gdn phase=gdn_prep_l2 gpu_ms=0.03
[prefill-layer-phase] chunk=1 start=1024 layer=22 kind=gdn phase=gdn_step gpu_ms=1.55
[prefill-layer-phase] chunk=1 start=1024 layer=22 kind=gdn phase=gdn_gated gpu_ms=0.10
[prefill-layer-phase] chunk=1 start=1024 layer=22 kind=gdn phase=gdn_back gpu_ms=1.30
[prefill-layer-phase] chunk=1 start=1024 layer=22 kind=gdn phase=mixer_resid gpu_ms=0.03
[prefill-layer-phase] chunk=1 start=1024 layer=22 kind=moe phase=post_norm gpu_ms=0.02
[prefill-layer-phase] chunk=1 start=1024 layer=22 kind=moe phase=route_fused gpu_ms=0.31
[prefill-layer-phase] chunk=1 start=1024 layer=22 kind=moe phase=routed_swiglu gpu_ms=4.20
[prefill-layer-phase] chunk=1 start=1024 layer=22 kind=moe phase=routed_down gpu_ms=2.42
[prefill-layer-phase] chunk=1 start=1024 layer=22 kind=moe phase=routed_reduce gpu_ms=0.14
[prefill-layer-phase] chunk=1 start=1024 layer=22 kind=moe phase=shared_packed gpu_ms=0.64
[prefill-layer-phase] chunk=1 start=1024 layer=23 kind=attn phase=pre_norm gpu_ms=0.02
[prefill-attn-phase] chunk=1 start=1024 layer=23 phase=proj gpu_ms=2.92
[prefill-attn-phase] chunk=1 start=1024 layer=23 phase=norm gpu_ms=0.29
[prefill-attn-phase] chunk=1 start=1024 layer=23 phase=rope_scatter gpu_ms=0.05
[prefill-attn-packed-shape] layer=23 chunk_start=1024 chunk_p=1024 group=8 packed_rows=4 qt=2 row_groups=256 dispatches=512 nwg=64 partial_rw_mib=2064.00
[prefill-attn-matrix-g8-shape] layer=23 chunk_start=1024 chunk_p=1024 query_rows=1024 query_tiles=1 n_pos=2048 score_tile_scratch_mib=68.00 vt_stride=4096 vt_layer_mib=4.00 vt_update_base=1024 vt_update_rows=1024 vt_update_mib=1.00
[prefill-attn-phase] chunk=1 start=1024 layer=23 phase=body_matrix_kq gpu_ms=0.99
[prefill-attn-phase] chunk=1 start=1024 layer=23 phase=body_matrix_kqv gpu_ms=0.98
[prefill-layer-phase] chunk=1 start=1024 layer=23 kind=attn phase=attn_back gpu_ms=1.38
[prefill-layer-phase] chunk=1 start=1024 layer=23 kind=attn phase=mixer_resid gpu_ms=0.03
[prefill-layer-phase] chunk=1 start=1024 layer=23 kind=moe phase=post_norm gpu_ms=0.02
[prefill-layer-phase] chunk=1 start=1024 layer=23 kind=moe phase=route_fused gpu_ms=0.31
[prefill-layer-phase] chunk=1 start=1024 layer=23 kind=moe phase=routed_swiglu gpu_ms=4.06
[prefill-layer-phase] chunk=1 start=1024 layer=23 kind=moe phase=routed_down gpu_ms=2.40
[prefill-layer-phase] chunk=1 start=1024 layer=23 kind=moe phase=routed_reduce gpu_ms=0.14
[prefill-layer-phase] chunk=1 start=1024 layer=23 kind=moe phase=shared_packed gpu_ms=0.64
[prefill-layer-phase] chunk=1 start=1024 layer=24 kind=gdn phase=pre_norm gpu_ms=0.02
[prefill-layer-phase] chunk=1 start=1024 layer=24 kind=gdn phase=gdn_qkv gpu_ms=2.53
[prefill-layer-phase] chunk=1 start=1024 layer=24 kind=gdn phase=gdn_z gpu_ms=1.29
[prefill-layer-phase] chunk=1 start=1024 layer=24 kind=gdn phase=gdn_beta_alpha gpu_ms=0.17
[prefill-layer-phase] chunk=1 start=1024 layer=24 kind=gdn phase=gdn_alpha_beta gpu_ms=0.00
[prefill-layer-phase] chunk=1 start=1024 layer=24 kind=gdn phase=gdn_prep_conv gpu_ms=0.43
[prefill-layer-phase] chunk=1 start=1024 layer=24 kind=gdn phase=gdn_prep_l2 gpu_ms=0.03
[prefill-layer-phase] chunk=1 start=1024 layer=24 kind=gdn phase=gdn_step gpu_ms=1.59
[prefill-layer-phase] chunk=1 start=1024 layer=24 kind=gdn phase=gdn_gated gpu_ms=0.10
[prefill-layer-phase] chunk=1 start=1024 layer=24 kind=gdn phase=gdn_back gpu_ms=1.30
[prefill-layer-phase] chunk=1 start=1024 layer=24 kind=gdn phase=mixer_resid gpu_ms=0.03
[prefill-layer-phase] chunk=1 start=1024 layer=24 kind=moe phase=post_norm gpu_ms=0.02
[prefill-layer-phase] chunk=1 start=1024 layer=24 kind=moe phase=route_fused gpu_ms=0.31
[prefill-layer-phase] chunk=1 start=1024 layer=24 kind=moe phase=routed_swiglu gpu_ms=4.04
[prefill-layer-phase] chunk=1 start=1024 layer=24 kind=moe phase=routed_down gpu_ms=2.37
[prefill-layer-phase] chunk=1 start=1024 layer=24 kind=moe phase=routed_reduce gpu_ms=0.14
[prefill-layer-phase] chunk=1 start=1024 layer=24 kind=moe phase=shared_packed gpu_ms=0.64
[prefill-layer-phase] chunk=1 start=1024 layer=25 kind=gdn phase=pre_norm gpu_ms=0.02
[prefill-layer-phase] chunk=1 start=1024 layer=25 kind=gdn phase=gdn_qkv gpu_ms=2.53
[prefill-layer-phase] chunk=1 start=1024 layer=25 kind=gdn phase=gdn_z gpu_ms=1.29
[prefill-layer-phase] chunk=1 start=1024 layer=25 kind=gdn phase=gdn_beta_alpha gpu_ms=0.17
[prefill-layer-phase] chunk=1 start=1024 layer=25 kind=gdn phase=gdn_alpha_beta gpu_ms=0.01
[prefill-layer-phase] chunk=1 start=1024 layer=25 kind=gdn phase=gdn_prep_conv gpu_ms=0.43
[prefill-layer-phase] chunk=1 start=1024 layer=25 kind=gdn phase=gdn_prep_l2 gpu_ms=0.03
[prefill-layer-phase] chunk=1 start=1024 layer=25 kind=gdn phase=gdn_step gpu_ms=1.56
[prefill-layer-phase] chunk=1 start=1024 layer=25 kind=gdn phase=gdn_gated gpu_ms=0.10
[prefill-layer-phase] chunk=1 start=1024 layer=25 kind=gdn phase=gdn_back gpu_ms=1.30
[prefill-layer-phase] chunk=1 start=1024 layer=25 kind=gdn phase=mixer_resid gpu_ms=0.03
[prefill-layer-phase] chunk=1 start=1024 layer=25 kind=moe phase=post_norm gpu_ms=0.02
[prefill-layer-phase] chunk=1 start=1024 layer=25 kind=moe phase=route_fused gpu_ms=0.31
[prefill-layer-phase] chunk=1 start=1024 layer=25 kind=moe phase=routed_swiglu gpu_ms=4.08
[prefill-layer-phase] chunk=1 start=1024 layer=25 kind=moe phase=routed_down gpu_ms=2.35
[prefill-layer-phase] chunk=1 start=1024 layer=25 kind=moe phase=routed_reduce gpu_ms=0.14
[prefill-layer-phase] chunk=1 start=1024 layer=25 kind=moe phase=shared_packed gpu_ms=0.63
[prefill-layer-phase] chunk=1 start=1024 layer=26 kind=gdn phase=pre_norm gpu_ms=0.02
[prefill-layer-phase] chunk=1 start=1024 layer=26 kind=gdn phase=gdn_qkv gpu_ms=2.53
[prefill-layer-phase] chunk=1 start=1024 layer=26 kind=gdn phase=gdn_z gpu_ms=1.29
[prefill-layer-phase] chunk=1 start=1024 layer=26 kind=gdn phase=gdn_beta_alpha gpu_ms=0.17
[prefill-layer-phase] chunk=1 start=1024 layer=26 kind=gdn phase=gdn_alpha_beta gpu_ms=0.00
[prefill-layer-phase] chunk=1 start=1024 layer=26 kind=gdn phase=gdn_prep_conv gpu_ms=0.43
[prefill-layer-phase] chunk=1 start=1024 layer=26 kind=gdn phase=gdn_prep_l2 gpu_ms=0.03
[prefill-layer-phase] chunk=1 start=1024 layer=26 kind=gdn phase=gdn_step gpu_ms=1.56
[prefill-layer-phase] chunk=1 start=1024 layer=26 kind=gdn phase=gdn_gated gpu_ms=0.10
[prefill-layer-phase] chunk=1 start=1024 layer=26 kind=gdn phase=gdn_back gpu_ms=1.30
[prefill-layer-phase] chunk=1 start=1024 layer=26 kind=gdn phase=mixer_resid gpu_ms=0.03
[prefill-layer-phase] chunk=1 start=1024 layer=26 kind=moe phase=post_norm gpu_ms=0.02
[prefill-layer-phase] chunk=1 start=1024 layer=26 kind=moe phase=route_fused gpu_ms=0.31
[prefill-layer-phase] chunk=1 start=1024 layer=26 kind=moe phase=routed_swiglu gpu_ms=4.05
[prefill-layer-phase] chunk=1 start=1024 layer=26 kind=moe phase=routed_down gpu_ms=2.43
[prefill-layer-phase] chunk=1 start=1024 layer=26 kind=moe phase=routed_reduce gpu_ms=0.14
[prefill-layer-phase] chunk=1 start=1024 layer=26 kind=moe phase=shared_packed gpu_ms=0.64
[prefill-layer-phase] chunk=1 start=1024 layer=27 kind=attn phase=pre_norm gpu_ms=0.02
[prefill-attn-phase] chunk=1 start=1024 layer=27 phase=proj gpu_ms=2.92
[prefill-attn-phase] chunk=1 start=1024 layer=27 phase=norm gpu_ms=0.29
[prefill-attn-phase] chunk=1 start=1024 layer=27 phase=rope_scatter gpu_ms=0.05
[prefill-attn-packed-shape] layer=27 chunk_start=1024 chunk_p=1024 group=8 packed_rows=4 qt=2 row_groups=256 dispatches=512 nwg=64 partial_rw_mib=2064.00
[prefill-attn-matrix-g8-shape] layer=27 chunk_start=1024 chunk_p=1024 query_rows=1024 query_tiles=1 n_pos=2048 score_tile_scratch_mib=68.00 vt_stride=4096 vt_layer_mib=4.00 vt_update_base=1024 vt_update_rows=1024 vt_update_mib=1.00
[prefill-attn-phase] chunk=1 start=1024 layer=27 phase=body_matrix_kq gpu_ms=0.99
[prefill-attn-phase] chunk=1 start=1024 layer=27 phase=body_matrix_kqv gpu_ms=0.98
[prefill-layer-phase] chunk=1 start=1024 layer=27 kind=attn phase=attn_back gpu_ms=1.39
[prefill-layer-phase] chunk=1 start=1024 layer=27 kind=attn phase=mixer_resid gpu_ms=0.03
[prefill-layer-phase] chunk=1 start=1024 layer=27 kind=moe phase=post_norm gpu_ms=0.03
[prefill-layer-phase] chunk=1 start=1024 layer=27 kind=moe phase=route_fused gpu_ms=0.31
[prefill-layer-phase] chunk=1 start=1024 layer=27 kind=moe phase=routed_swiglu gpu_ms=4.07
[prefill-layer-phase] chunk=1 start=1024 layer=27 kind=moe phase=routed_down gpu_ms=2.41
[prefill-layer-phase] chunk=1 start=1024 layer=27 kind=moe phase=routed_reduce gpu_ms=0.14
[prefill-layer-phase] chunk=1 start=1024 layer=27 kind=moe phase=shared_packed gpu_ms=0.64
[prefill-layer-phase] chunk=1 start=1024 layer=28 kind=gdn phase=pre_norm gpu_ms=0.02
[prefill-layer-phase] chunk=1 start=1024 layer=28 kind=gdn phase=gdn_qkv gpu_ms=2.53
[prefill-layer-phase] chunk=1 start=1024 layer=28 kind=gdn phase=gdn_z gpu_ms=1.29
[prefill-layer-phase] chunk=1 start=1024 layer=28 kind=gdn phase=gdn_beta_alpha gpu_ms=0.17
[prefill-layer-phase] chunk=1 start=1024 layer=28 kind=gdn phase=gdn_alpha_beta gpu_ms=0.00
[prefill-layer-phase] chunk=1 start=1024 layer=28 kind=gdn phase=gdn_prep_conv gpu_ms=0.43
[prefill-layer-phase] chunk=1 start=1024 layer=28 kind=gdn phase=gdn_prep_l2 gpu_ms=0.03
[prefill-layer-phase] chunk=1 start=1024 layer=28 kind=gdn phase=gdn_step gpu_ms=1.58
[prefill-layer-phase] chunk=1 start=1024 layer=28 kind=gdn phase=gdn_gated gpu_ms=0.10
[prefill-layer-phase] chunk=1 start=1024 layer=28 kind=gdn phase=gdn_back gpu_ms=1.30
[prefill-layer-phase] chunk=1 start=1024 layer=28 kind=gdn phase=mixer_resid gpu_ms=0.03
[prefill-layer-phase] chunk=1 start=1024 layer=28 kind=moe phase=post_norm gpu_ms=0.02
[prefill-layer-phase] chunk=1 start=1024 layer=28 kind=moe phase=route_fused gpu_ms=0.31
[prefill-layer-phase] chunk=1 start=1024 layer=28 kind=moe phase=routed_swiglu gpu_ms=3.96
[prefill-layer-phase] chunk=1 start=1024 layer=28 kind=moe phase=routed_down gpu_ms=2.27
[prefill-layer-phase] chunk=1 start=1024 layer=28 kind=moe phase=routed_reduce gpu_ms=0.14
[prefill-layer-phase] chunk=1 start=1024 layer=28 kind=moe phase=shared_packed gpu_ms=0.64
[prefill-layer-phase] chunk=1 start=1024 layer=29 kind=gdn phase=pre_norm gpu_ms=0.02
[prefill-layer-phase] chunk=1 start=1024 layer=29 kind=gdn phase=gdn_qkv gpu_ms=2.53
[prefill-layer-phase] chunk=1 start=1024 layer=29 kind=gdn phase=gdn_z gpu_ms=1.29
[prefill-layer-phase] chunk=1 start=1024 layer=29 kind=gdn phase=gdn_beta_alpha gpu_ms=0.17
[prefill-layer-phase] chunk=1 start=1024 layer=29 kind=gdn phase=gdn_alpha_beta gpu_ms=0.01
[prefill-layer-phase] chunk=1 start=1024 layer=29 kind=gdn phase=gdn_prep_conv gpu_ms=0.43
[prefill-layer-phase] chunk=1 start=1024 layer=29 kind=gdn phase=gdn_prep_l2 gpu_ms=0.03
[prefill-layer-phase] chunk=1 start=1024 layer=29 kind=gdn phase=gdn_step gpu_ms=1.57
[prefill-layer-phase] chunk=1 start=1024 layer=29 kind=gdn phase=gdn_gated gpu_ms=0.10
[prefill-layer-phase] chunk=1 start=1024 layer=29 kind=gdn phase=gdn_back gpu_ms=1.30
[prefill-layer-phase] chunk=1 start=1024 layer=29 kind=gdn phase=mixer_resid gpu_ms=0.03
[prefill-layer-phase] chunk=1 start=1024 layer=29 kind=moe phase=post_norm gpu_ms=0.02
[prefill-layer-phase] chunk=1 start=1024 layer=29 kind=moe phase=route_fused gpu_ms=0.31
[prefill-layer-phase] chunk=1 start=1024 layer=29 kind=moe phase=routed_swiglu gpu_ms=4.05
[prefill-layer-phase] chunk=1 start=1024 layer=29 kind=moe phase=routed_down gpu_ms=2.36
[prefill-layer-phase] chunk=1 start=1024 layer=29 kind=moe phase=routed_reduce gpu_ms=0.14
[prefill-layer-phase] chunk=1 start=1024 layer=29 kind=moe phase=shared_packed gpu_ms=0.64
[prefill-layer-phase] chunk=1 start=1024 layer=30 kind=gdn phase=pre_norm gpu_ms=0.02
[prefill-layer-phase] chunk=1 start=1024 layer=30 kind=gdn phase=gdn_qkv gpu_ms=2.53
[prefill-layer-phase] chunk=1 start=1024 layer=30 kind=gdn phase=gdn_z gpu_ms=1.29
[prefill-layer-phase] chunk=1 start=1024 layer=30 kind=gdn phase=gdn_beta_alpha gpu_ms=0.17
[prefill-layer-phase] chunk=1 start=1024 layer=30 kind=gdn phase=gdn_alpha_beta gpu_ms=0.01
[prefill-layer-phase] chunk=1 start=1024 layer=30 kind=gdn phase=gdn_prep_conv gpu_ms=0.43
[prefill-layer-phase] chunk=1 start=1024 layer=30 kind=gdn phase=gdn_prep_l2 gpu_ms=0.03
[prefill-layer-phase] chunk=1 start=1024 layer=30 kind=gdn phase=gdn_step gpu_ms=1.58
[prefill-layer-phase] chunk=1 start=1024 layer=30 kind=gdn phase=gdn_gated gpu_ms=0.10
[prefill-layer-phase] chunk=1 start=1024 layer=30 kind=gdn phase=gdn_back gpu_ms=1.30
[prefill-layer-phase] chunk=1 start=1024 layer=30 kind=gdn phase=mixer_resid gpu_ms=0.03
[prefill-layer-phase] chunk=1 start=1024 layer=30 kind=moe phase=post_norm gpu_ms=0.02
[prefill-layer-phase] chunk=1 start=1024 layer=30 kind=moe phase=route_fused gpu_ms=0.31
[prefill-layer-phase] chunk=1 start=1024 layer=30 kind=moe phase=routed_swiglu gpu_ms=4.06
[prefill-layer-phase] chunk=1 start=1024 layer=30 kind=moe phase=routed_down gpu_ms=2.46
[prefill-layer-phase] chunk=1 start=1024 layer=30 kind=moe phase=routed_reduce gpu_ms=0.14
[prefill-layer-phase] chunk=1 start=1024 layer=30 kind=moe phase=shared_packed gpu_ms=0.64
[prefill-layer-phase] chunk=1 start=1024 layer=31 kind=attn phase=pre_norm gpu_ms=0.02
[prefill-attn-phase] chunk=1 start=1024 layer=31 phase=proj gpu_ms=2.91
[prefill-attn-phase] chunk=1 start=1024 layer=31 phase=norm gpu_ms=0.29
[prefill-attn-phase] chunk=1 start=1024 layer=31 phase=rope_scatter gpu_ms=0.05
[prefill-attn-packed-shape] layer=31 chunk_start=1024 chunk_p=1024 group=8 packed_rows=4 qt=2 row_groups=256 dispatches=512 nwg=64 partial_rw_mib=2064.00
[prefill-attn-matrix-g8-shape] layer=31 chunk_start=1024 chunk_p=1024 query_rows=1024 query_tiles=1 n_pos=2048 score_tile_scratch_mib=68.00 vt_stride=4096 vt_layer_mib=4.00 vt_update_base=1024 vt_update_rows=1024 vt_update_mib=1.00
[prefill-attn-phase] chunk=1 start=1024 layer=31 phase=body_matrix_kq gpu_ms=0.99
[prefill-attn-phase] chunk=1 start=1024 layer=31 phase=body_matrix_kqv gpu_ms=0.98
[prefill-layer-phase] chunk=1 start=1024 layer=31 kind=attn phase=attn_back gpu_ms=1.38
[prefill-layer-phase] chunk=1 start=1024 layer=31 kind=attn phase=mixer_resid gpu_ms=0.03
[prefill-layer-phase] chunk=1 start=1024 layer=31 kind=moe phase=post_norm gpu_ms=0.02
[prefill-layer-phase] chunk=1 start=1024 layer=31 kind=moe phase=route_fused gpu_ms=0.31
[prefill-layer-phase] chunk=1 start=1024 layer=31 kind=moe phase=routed_swiglu gpu_ms=3.89
[prefill-layer-phase] chunk=1 start=1024 layer=31 kind=moe phase=routed_down gpu_ms=2.25
[prefill-layer-phase] chunk=1 start=1024 layer=31 kind=moe phase=routed_reduce gpu_ms=0.14
[prefill-layer-phase] chunk=1 start=1024 layer=31 kind=moe phase=shared_packed gpu_ms=0.64
[prefill-layer-phase] chunk=1 start=1024 layer=32 kind=gdn phase=pre_norm gpu_ms=0.02
[prefill-layer-phase] chunk=1 start=1024 layer=32 kind=gdn phase=gdn_qkv gpu_ms=2.53
[prefill-layer-phase] chunk=1 start=1024 layer=32 kind=gdn phase=gdn_z gpu_ms=1.29
[prefill-layer-phase] chunk=1 start=1024 layer=32 kind=gdn phase=gdn_beta_alpha gpu_ms=0.17
[prefill-layer-phase] chunk=1 start=1024 layer=32 kind=gdn phase=gdn_alpha_beta gpu_ms=0.00
[prefill-layer-phase] chunk=1 start=1024 layer=32 kind=gdn phase=gdn_prep_conv gpu_ms=0.43
[prefill-layer-phase] chunk=1 start=1024 layer=32 kind=gdn phase=gdn_prep_l2 gpu_ms=0.03
[prefill-layer-phase] chunk=1 start=1024 layer=32 kind=gdn phase=gdn_step gpu_ms=1.58
[prefill-layer-phase] chunk=1 start=1024 layer=32 kind=gdn phase=gdn_gated gpu_ms=0.10
[prefill-layer-phase] chunk=1 start=1024 layer=32 kind=gdn phase=gdn_back gpu_ms=1.30
[prefill-layer-phase] chunk=1 start=1024 layer=32 kind=gdn phase=mixer_resid gpu_ms=0.03
[prefill-layer-phase] chunk=1 start=1024 layer=32 kind=moe phase=post_norm gpu_ms=0.02
[prefill-layer-phase] chunk=1 start=1024 layer=32 kind=moe phase=route_fused gpu_ms=0.31
[prefill-layer-phase] chunk=1 start=1024 layer=32 kind=moe phase=routed_swiglu gpu_ms=4.10
[prefill-layer-phase] chunk=1 start=1024 layer=32 kind=moe phase=routed_down gpu_ms=2.33
[prefill-layer-phase] chunk=1 start=1024 layer=32 kind=moe phase=routed_reduce gpu_ms=0.14
[prefill-layer-phase] chunk=1 start=1024 layer=32 kind=moe phase=shared_packed gpu_ms=0.64
[prefill-layer-phase] chunk=1 start=1024 layer=33 kind=gdn phase=pre_norm gpu_ms=0.02
[prefill-layer-phase] chunk=1 start=1024 layer=33 kind=gdn phase=gdn_qkv gpu_ms=2.53
[prefill-layer-phase] chunk=1 start=1024 layer=33 kind=gdn phase=gdn_z gpu_ms=1.29
[prefill-layer-phase] chunk=1 start=1024 layer=33 kind=gdn phase=gdn_beta_alpha gpu_ms=0.18
[prefill-layer-phase] chunk=1 start=1024 layer=33 kind=gdn phase=gdn_alpha_beta gpu_ms=0.01
[prefill-layer-phase] chunk=1 start=1024 layer=33 kind=gdn phase=gdn_prep_conv gpu_ms=0.43
[prefill-layer-phase] chunk=1 start=1024 layer=33 kind=gdn phase=gdn_prep_l2 gpu_ms=0.03
[prefill-layer-phase] chunk=1 start=1024 layer=33 kind=gdn phase=gdn_step gpu_ms=1.57
[prefill-layer-phase] chunk=1 start=1024 layer=33 kind=gdn phase=gdn_gated gpu_ms=0.10
[prefill-layer-phase] chunk=1 start=1024 layer=33 kind=gdn phase=gdn_back gpu_ms=1.30
[prefill-layer-phase] chunk=1 start=1024 layer=33 kind=gdn phase=mixer_resid gpu_ms=0.03
[prefill-layer-phase] chunk=1 start=1024 layer=33 kind=moe phase=post_norm gpu_ms=0.02
[prefill-layer-phase] chunk=1 start=1024 layer=33 kind=moe phase=route_fused gpu_ms=0.31
[prefill-layer-phase] chunk=1 start=1024 layer=33 kind=moe phase=routed_swiglu gpu_ms=4.11
[prefill-layer-phase] chunk=1 start=1024 layer=33 kind=moe phase=routed_down gpu_ms=2.51
[prefill-layer-phase] chunk=1 start=1024 layer=33 kind=moe phase=routed_reduce gpu_ms=0.14
[prefill-layer-phase] chunk=1 start=1024 layer=33 kind=moe phase=shared_packed gpu_ms=0.63
[prefill-layer-phase] chunk=1 start=1024 layer=34 kind=gdn phase=pre_norm gpu_ms=0.02
[prefill-layer-phase] chunk=1 start=1024 layer=34 kind=gdn phase=gdn_qkv gpu_ms=2.53
[prefill-layer-phase] chunk=1 start=1024 layer=34 kind=gdn phase=gdn_z gpu_ms=1.29
[prefill-layer-phase] chunk=1 start=1024 layer=34 kind=gdn phase=gdn_beta_alpha gpu_ms=0.17
[prefill-layer-phase] chunk=1 start=1024 layer=34 kind=gdn phase=gdn_alpha_beta gpu_ms=0.01
[prefill-layer-phase] chunk=1 start=1024 layer=34 kind=gdn phase=gdn_prep_conv gpu_ms=0.43
[prefill-layer-phase] chunk=1 start=1024 layer=34 kind=gdn phase=gdn_prep_l2 gpu_ms=0.03
[prefill-layer-phase] chunk=1 start=1024 layer=34 kind=gdn phase=gdn_step gpu_ms=1.57
[prefill-layer-phase] chunk=1 start=1024 layer=34 kind=gdn phase=gdn_gated gpu_ms=0.10
[prefill-layer-phase] chunk=1 start=1024 layer=34 kind=gdn phase=gdn_back gpu_ms=1.30
[prefill-layer-phase] chunk=1 start=1024 layer=34 kind=gdn phase=mixer_resid gpu_ms=0.03
[prefill-layer-phase] chunk=1 start=1024 layer=34 kind=moe phase=post_norm gpu_ms=0.02
[prefill-layer-phase] chunk=1 start=1024 layer=34 kind=moe phase=route_fused gpu_ms=0.31
[prefill-layer-phase] chunk=1 start=1024 layer=34 kind=moe phase=routed_swiglu gpu_ms=3.93
[prefill-layer-phase] chunk=1 start=1024 layer=34 kind=moe phase=routed_down gpu_ms=2.20
[prefill-layer-phase] chunk=1 start=1024 layer=34 kind=moe phase=routed_reduce gpu_ms=0.14
[prefill-layer-phase] chunk=1 start=1024 layer=34 kind=moe phase=shared_packed gpu_ms=0.64
[prefill-layer-phase] chunk=1 start=1024 layer=35 kind=attn phase=pre_norm gpu_ms=0.02
[prefill-attn-phase] chunk=1 start=1024 layer=35 phase=proj gpu_ms=2.92
[prefill-attn-phase] chunk=1 start=1024 layer=35 phase=norm gpu_ms=0.29
[prefill-attn-phase] chunk=1 start=1024 layer=35 phase=rope_scatter gpu_ms=0.05
[prefill-attn-packed-shape] layer=35 chunk_start=1024 chunk_p=1024 group=8 packed_rows=4 qt=2 row_groups=256 dispatches=512 nwg=64 partial_rw_mib=2064.00
[prefill-attn-matrix-g8-shape] layer=35 chunk_start=1024 chunk_p=1024 query_rows=1024 query_tiles=1 n_pos=2048 score_tile_scratch_mib=68.00 vt_stride=4096 vt_layer_mib=4.00 vt_update_base=1024 vt_update_rows=1024 vt_update_mib=1.00
[prefill-attn-phase] chunk=1 start=1024 layer=35 phase=body_matrix_kq gpu_ms=0.99
[prefill-attn-phase] chunk=1 start=1024 layer=35 phase=body_matrix_kqv gpu_ms=0.98
[prefill-layer-phase] chunk=1 start=1024 layer=35 kind=attn phase=attn_back gpu_ms=1.39
[prefill-layer-phase] chunk=1 start=1024 layer=35 kind=attn phase=mixer_resid gpu_ms=0.03
[prefill-layer-phase] chunk=1 start=1024 layer=35 kind=moe phase=post_norm gpu_ms=0.02
[prefill-layer-phase] chunk=1 start=1024 layer=35 kind=moe phase=route_fused gpu_ms=0.31
[prefill-layer-phase] chunk=1 start=1024 layer=35 kind=moe phase=routed_swiglu gpu_ms=4.09
[prefill-layer-phase] chunk=1 start=1024 layer=35 kind=moe phase=routed_down gpu_ms=2.50
[prefill-layer-phase] chunk=1 start=1024 layer=35 kind=moe phase=routed_reduce gpu_ms=0.15
[prefill-layer-phase] chunk=1 start=1024 layer=35 kind=moe phase=shared_packed gpu_ms=0.64
[prefill-layer-phase] chunk=1 start=1024 layer=36 kind=gdn phase=pre_norm gpu_ms=0.02
[prefill-layer-phase] chunk=1 start=1024 layer=36 kind=gdn phase=gdn_qkv gpu_ms=2.53
[prefill-layer-phase] chunk=1 start=1024 layer=36 kind=gdn phase=gdn_z gpu_ms=1.29
[prefill-layer-phase] chunk=1 start=1024 layer=36 kind=gdn phase=gdn_beta_alpha gpu_ms=0.17
[prefill-layer-phase] chunk=1 start=1024 layer=36 kind=gdn phase=gdn_alpha_beta gpu_ms=0.01
[prefill-layer-phase] chunk=1 start=1024 layer=36 kind=gdn phase=gdn_prep_conv gpu_ms=0.43
[prefill-layer-phase] chunk=1 start=1024 layer=36 kind=gdn phase=gdn_prep_l2 gpu_ms=0.03
[prefill-layer-phase] chunk=1 start=1024 layer=36 kind=gdn phase=gdn_step gpu_ms=1.58
[prefill-layer-phase] chunk=1 start=1024 layer=36 kind=gdn phase=gdn_gated gpu_ms=0.10
[prefill-layer-phase] chunk=1 start=1024 layer=36 kind=gdn phase=gdn_back gpu_ms=1.30
[prefill-layer-phase] chunk=1 start=1024 layer=36 kind=gdn phase=mixer_resid gpu_ms=0.03
[prefill-layer-phase] chunk=1 start=1024 layer=36 kind=moe phase=post_norm gpu_ms=0.02
[prefill-layer-phase] chunk=1 start=1024 layer=36 kind=moe phase=route_fused gpu_ms=0.31
[prefill-layer-phase] chunk=1 start=1024 layer=36 kind=moe phase=routed_swiglu gpu_ms=4.12
[prefill-layer-phase] chunk=1 start=1024 layer=36 kind=moe phase=routed_down gpu_ms=2.38
[prefill-layer-phase] chunk=1 start=1024 layer=36 kind=moe phase=routed_reduce gpu_ms=0.14
[prefill-layer-phase] chunk=1 start=1024 layer=36 kind=moe phase=shared_packed gpu_ms=0.64
[prefill-layer-phase] chunk=1 start=1024 layer=37 kind=gdn phase=pre_norm gpu_ms=0.02
[prefill-layer-phase] chunk=1 start=1024 layer=37 kind=gdn phase=gdn_qkv gpu_ms=2.53
[prefill-layer-phase] chunk=1 start=1024 layer=37 kind=gdn phase=gdn_z gpu_ms=1.29
[prefill-layer-phase] chunk=1 start=1024 layer=37 kind=gdn phase=gdn_beta_alpha gpu_ms=0.17
[prefill-layer-phase] chunk=1 start=1024 layer=37 kind=gdn phase=gdn_alpha_beta gpu_ms=0.00
[prefill-layer-phase] chunk=1 start=1024 layer=37 kind=gdn phase=gdn_prep_conv gpu_ms=0.43
[prefill-layer-phase] chunk=1 start=1024 layer=37 kind=gdn phase=gdn_prep_l2 gpu_ms=0.03
[prefill-layer-phase] chunk=1 start=1024 layer=37 kind=gdn phase=gdn_step gpu_ms=1.56
[prefill-layer-phase] chunk=1 start=1024 layer=37 kind=gdn phase=gdn_gated gpu_ms=0.10
[prefill-layer-phase] chunk=1 start=1024 layer=37 kind=gdn phase=gdn_back gpu_ms=1.30
[prefill-layer-phase] chunk=1 start=1024 layer=37 kind=gdn phase=mixer_resid gpu_ms=0.03
[prefill-layer-phase] chunk=1 start=1024 layer=37 kind=moe phase=post_norm gpu_ms=0.03
[prefill-layer-phase] chunk=1 start=1024 layer=37 kind=moe phase=route_fused gpu_ms=0.31
[prefill-layer-phase] chunk=1 start=1024 layer=37 kind=moe phase=routed_swiglu gpu_ms=3.78
[prefill-layer-phase] chunk=1 start=1024 layer=37 kind=moe phase=routed_down gpu_ms=2.14
[prefill-layer-phase] chunk=1 start=1024 layer=37 kind=moe phase=routed_reduce gpu_ms=0.15
[prefill-layer-phase] chunk=1 start=1024 layer=37 kind=moe phase=shared_packed gpu_ms=0.64
[prefill-layer-phase] chunk=1 start=1024 layer=38 kind=gdn phase=pre_norm gpu_ms=0.02
[prefill-layer-phase] chunk=1 start=1024 layer=38 kind=gdn phase=gdn_qkv gpu_ms=2.53
[prefill-layer-phase] chunk=1 start=1024 layer=38 kind=gdn phase=gdn_z gpu_ms=1.29
[prefill-layer-phase] chunk=1 start=1024 layer=38 kind=gdn phase=gdn_beta_alpha gpu_ms=0.18
[prefill-layer-phase] chunk=1 start=1024 layer=38 kind=gdn phase=gdn_alpha_beta gpu_ms=0.00
[prefill-layer-phase] chunk=1 start=1024 layer=38 kind=gdn phase=gdn_prep_conv gpu_ms=0.43
[prefill-layer-phase] chunk=1 start=1024 layer=38 kind=gdn phase=gdn_prep_l2 gpu_ms=0.03
[prefill-layer-phase] chunk=1 start=1024 layer=38 kind=gdn phase=gdn_step gpu_ms=1.59
[prefill-layer-phase] chunk=1 start=1024 layer=38 kind=gdn phase=gdn_gated gpu_ms=0.10
[prefill-layer-phase] chunk=1 start=1024 layer=38 kind=gdn phase=gdn_back gpu_ms=1.30
[prefill-layer-phase] chunk=1 start=1024 layer=38 kind=gdn phase=mixer_resid gpu_ms=0.03
[prefill-layer-phase] chunk=1 start=1024 layer=38 kind=moe phase=post_norm gpu_ms=0.02
[prefill-layer-phase] chunk=1 start=1024 layer=38 kind=moe phase=route_fused gpu_ms=0.31
[prefill-layer-phase] chunk=1 start=1024 layer=38 kind=moe phase=routed_swiglu gpu_ms=4.00
[prefill-layer-phase] chunk=1 start=1024 layer=38 kind=moe phase=routed_down gpu_ms=2.13
[prefill-layer-phase] chunk=1 start=1024 layer=38 kind=moe phase=routed_reduce gpu_ms=0.14
[prefill-layer-phase] chunk=1 start=1024 layer=38 kind=moe phase=shared_packed gpu_ms=0.64
[prefill-layer-phase] chunk=1 start=1024 layer=39 kind=attn phase=pre_norm gpu_ms=0.02
[prefill-attn-phase] chunk=1 start=1024 layer=39 phase=proj gpu_ms=2.91
[prefill-attn-phase] chunk=1 start=1024 layer=39 phase=norm gpu_ms=0.29
[prefill-attn-phase] chunk=1 start=1024 layer=39 phase=rope_scatter gpu_ms=0.05
[prefill-attn-packed-shape] layer=39 chunk_start=1024 chunk_p=1024 group=8 packed_rows=4 qt=2 row_groups=256 dispatches=512 nwg=64 partial_rw_mib=2064.00
[prefill-attn-matrix-g8-shape] layer=39 chunk_start=1024 chunk_p=1024 query_rows=1024 query_tiles=1 n_pos=2048 score_tile_scratch_mib=68.00 vt_stride=4096 vt_layer_mib=4.00 vt_update_base=1024 vt_update_rows=1024 vt_update_mib=1.00
[prefill-attn-phase] chunk=1 start=1024 layer=39 phase=body_matrix_kq gpu_ms=0.99
[prefill-attn-phase] chunk=1 start=1024 layer=39 phase=body_matrix_kqv gpu_ms=0.98
[prefill-layer-phase] chunk=1 start=1024 layer=39 kind=attn phase=attn_back gpu_ms=1.39
[prefill-layer-phase] chunk=1 start=1024 layer=39 kind=attn phase=mixer_resid gpu_ms=0.03
[prefill-layer-phase] chunk=1 start=1024 layer=39 kind=moe phase=post_norm gpu_ms=0.02
[prefill-layer-phase] chunk=1 start=1024 layer=39 kind=moe phase=route_fused gpu_ms=0.31
[prefill-layer-phase] chunk=1 start=1024 layer=39 kind=moe phase=routed_swiglu gpu_ms=3.81
[prefill-layer-phase] chunk=1 start=1024 layer=39 kind=moe phase=routed_down gpu_ms=2.07
[prefill-layer-phase] chunk=1 start=1024 layer=39 kind=moe phase=routed_reduce gpu_ms=0.14
[prefill-layer-phase] chunk=1 start=1024 layer=39 kind=moe phase=shared_packed gpu_ms=0.64
[prefill-layer-phase] chunk=2 start=2048 layer=0 kind=gdn phase=pre_norm gpu_ms=0.15
[prefill-layer-phase] chunk=2 start=2048 layer=0 kind=gdn phase=gdn_qkv gpu_ms=2.53
[prefill-layer-phase] chunk=2 start=2048 layer=0 kind=gdn phase=gdn_z gpu_ms=1.29
[prefill-layer-phase] chunk=2 start=2048 layer=0 kind=gdn phase=gdn_beta_alpha gpu_ms=0.17
[prefill-layer-phase] chunk=2 start=2048 layer=0 kind=gdn phase=gdn_alpha_beta gpu_ms=0.01
[prefill-layer-phase] chunk=2 start=2048 layer=0 kind=gdn phase=gdn_prep_conv gpu_ms=0.43
[prefill-layer-phase] chunk=2 start=2048 layer=0 kind=gdn phase=gdn_prep_l2 gpu_ms=0.03
[prefill-layer-phase] chunk=2 start=2048 layer=0 kind=gdn phase=gdn_step gpu_ms=1.60
[prefill-layer-phase] chunk=2 start=2048 layer=0 kind=gdn phase=gdn_gated gpu_ms=0.10
[prefill-layer-phase] chunk=2 start=2048 layer=0 kind=gdn phase=gdn_back gpu_ms=1.30
[prefill-layer-phase] chunk=2 start=2048 layer=0 kind=gdn phase=mixer_resid gpu_ms=0.03
[prefill-layer-phase] chunk=2 start=2048 layer=0 kind=moe phase=post_norm gpu_ms=0.02
[prefill-layer-phase] chunk=2 start=2048 layer=0 kind=moe phase=route_fused gpu_ms=0.31
[prefill-layer-phase] chunk=2 start=2048 layer=0 kind=moe phase=routed_swiglu gpu_ms=4.29
[prefill-layer-phase] chunk=2 start=2048 layer=0 kind=moe phase=routed_down gpu_ms=2.65
[prefill-layer-phase] chunk=2 start=2048 layer=0 kind=moe phase=routed_reduce gpu_ms=0.14
[prefill-layer-phase] chunk=2 start=2048 layer=0 kind=moe phase=shared_packed gpu_ms=0.64
[prefill-layer-phase] chunk=2 start=2048 layer=1 kind=gdn phase=pre_norm gpu_ms=0.02
[prefill-layer-phase] chunk=2 start=2048 layer=1 kind=gdn phase=gdn_qkv gpu_ms=2.53
[prefill-layer-phase] chunk=2 start=2048 layer=1 kind=gdn phase=gdn_z gpu_ms=1.29
[prefill-layer-phase] chunk=2 start=2048 layer=1 kind=gdn phase=gdn_beta_alpha gpu_ms=0.18
[prefill-layer-phase] chunk=2 start=2048 layer=1 kind=gdn phase=gdn_alpha_beta gpu_ms=0.00
[prefill-layer-phase] chunk=2 start=2048 layer=1 kind=gdn phase=gdn_prep_conv gpu_ms=0.43
[prefill-layer-phase] chunk=2 start=2048 layer=1 kind=gdn phase=gdn_prep_l2 gpu_ms=0.03
[prefill-layer-phase] chunk=2 start=2048 layer=1 kind=gdn phase=gdn_step gpu_ms=1.58
[prefill-layer-phase] chunk=2 start=2048 layer=1 kind=gdn phase=gdn_gated gpu_ms=0.10
[prefill-layer-phase] chunk=2 start=2048 layer=1 kind=gdn phase=gdn_back gpu_ms=1.30
[prefill-layer-phase] chunk=2 start=2048 layer=1 kind=gdn phase=mixer_resid gpu_ms=0.03
[prefill-layer-phase] chunk=2 start=2048 layer=1 kind=moe phase=post_norm gpu_ms=0.02
[prefill-layer-phase] chunk=2 start=2048 layer=1 kind=moe phase=route_fused gpu_ms=0.30
[prefill-layer-phase] chunk=2 start=2048 layer=1 kind=moe phase=routed_swiglu gpu_ms=4.41
[prefill-layer-phase] chunk=2 start=2048 layer=1 kind=moe phase=routed_down gpu_ms=2.52
[prefill-layer-phase] chunk=2 start=2048 layer=1 kind=moe phase=routed_reduce gpu_ms=0.14
[prefill-layer-phase] chunk=2 start=2048 layer=1 kind=moe phase=shared_packed gpu_ms=0.63
[prefill-layer-phase] chunk=2 start=2048 layer=2 kind=gdn phase=pre_norm gpu_ms=0.02
[prefill-layer-phase] chunk=2 start=2048 layer=2 kind=gdn phase=gdn_qkv gpu_ms=2.53
[prefill-layer-phase] chunk=2 start=2048 layer=2 kind=gdn phase=gdn_z gpu_ms=1.29
[prefill-layer-phase] chunk=2 start=2048 layer=2 kind=gdn phase=gdn_beta_alpha gpu_ms=0.18
[prefill-layer-phase] chunk=2 start=2048 layer=2 kind=gdn phase=gdn_alpha_beta gpu_ms=0.01
[prefill-layer-phase] chunk=2 start=2048 layer=2 kind=gdn phase=gdn_prep_conv gpu_ms=0.43
[prefill-layer-phase] chunk=2 start=2048 layer=2 kind=gdn phase=gdn_prep_l2 gpu_ms=0.03
[prefill-layer-phase] chunk=2 start=2048 layer=2 kind=gdn phase=gdn_step gpu_ms=1.60
[prefill-layer-phase] chunk=2 start=2048 layer=2 kind=gdn phase=gdn_gated gpu_ms=0.10
[prefill-layer-phase] chunk=2 start=2048 layer=2 kind=gdn phase=gdn_back gpu_ms=1.30
[prefill-layer-phase] chunk=2 start=2048 layer=2 kind=gdn phase=mixer_resid gpu_ms=0.03
[prefill-layer-phase] chunk=2 start=2048 layer=2 kind=moe phase=post_norm gpu_ms=0.02
[prefill-layer-phase] chunk=2 start=2048 layer=2 kind=moe phase=route_fused gpu_ms=0.31
[prefill-layer-phase] chunk=2 start=2048 layer=2 kind=moe phase=routed_swiglu gpu_ms=4.49
[prefill-layer-phase] chunk=2 start=2048 layer=2 kind=moe phase=routed_down gpu_ms=2.63
[prefill-layer-phase] chunk=2 start=2048 layer=2 kind=moe phase=routed_reduce gpu_ms=0.14
[prefill-layer-phase] chunk=2 start=2048 layer=2 kind=moe phase=shared_packed gpu_ms=0.64
[prefill-layer-phase] chunk=2 start=2048 layer=3 kind=attn phase=pre_norm gpu_ms=0.02
[prefill-attn-phase] chunk=2 start=2048 layer=3 phase=proj gpu_ms=2.91
[prefill-attn-phase] chunk=2 start=2048 layer=3 phase=norm gpu_ms=0.29
[prefill-attn-phase] chunk=2 start=2048 layer=3 phase=rope_scatter gpu_ms=0.05
[prefill-attn-packed-shape] layer=3 chunk_start=2048 chunk_p=1024 group=8 packed_rows=4 qt=2 row_groups=256 dispatches=512 nwg=64 partial_rw_mib=2064.00
[prefill-attn-matrix-g8-shape] layer=3 chunk_start=2048 chunk_p=1024 query_rows=1024 query_tiles=1 n_pos=3072 score_tile_scratch_mib=102.00 vt_stride=4096 vt_layer_mib=4.00 vt_update_base=2048 vt_update_rows=1024 vt_update_mib=1.00
[prefill-attn-phase] chunk=2 start=2048 layer=3 phase=body_matrix_kq gpu_ms=1.62
[prefill-attn-phase] chunk=2 start=2048 layer=3 phase=body_matrix_kqv gpu_ms=1.62
[prefill-layer-phase] chunk=2 start=2048 layer=3 kind=attn phase=attn_back gpu_ms=1.39
[prefill-layer-phase] chunk=2 start=2048 layer=3 kind=attn phase=mixer_resid gpu_ms=0.03
[prefill-layer-phase] chunk=2 start=2048 layer=3 kind=moe phase=post_norm gpu_ms=0.02
[prefill-layer-phase] chunk=2 start=2048 layer=3 kind=moe phase=route_fused gpu_ms=0.31
[prefill-layer-phase] chunk=2 start=2048 layer=3 kind=moe phase=routed_swiglu gpu_ms=4.33
[prefill-layer-phase] chunk=2 start=2048 layer=3 kind=moe phase=routed_down gpu_ms=2.72
[prefill-layer-phase] chunk=2 start=2048 layer=3 kind=moe phase=routed_reduce gpu_ms=0.14
[prefill-layer-phase] chunk=2 start=2048 layer=3 kind=moe phase=shared_packed gpu_ms=0.64
[prefill-layer-phase] chunk=2 start=2048 layer=4 kind=gdn phase=pre_norm gpu_ms=0.02
[prefill-layer-phase] chunk=2 start=2048 layer=4 kind=gdn phase=gdn_qkv gpu_ms=2.53
[prefill-layer-phase] chunk=2 start=2048 layer=4 kind=gdn phase=gdn_z gpu_ms=1.29
[prefill-layer-phase] chunk=2 start=2048 layer=4 kind=gdn phase=gdn_beta_alpha gpu_ms=0.17
[prefill-layer-phase] chunk=2 start=2048 layer=4 kind=gdn phase=gdn_alpha_beta gpu_ms=0.01
[prefill-layer-phase] chunk=2 start=2048 layer=4 kind=gdn phase=gdn_prep_conv gpu_ms=0.43
[prefill-layer-phase] chunk=2 start=2048 layer=4 kind=gdn phase=gdn_prep_l2 gpu_ms=0.03
[prefill-layer-phase] chunk=2 start=2048 layer=4 kind=gdn phase=gdn_step gpu_ms=1.58
[prefill-layer-phase] chunk=2 start=2048 layer=4 kind=gdn phase=gdn_gated gpu_ms=0.10
[prefill-layer-phase] chunk=2 start=2048 layer=4 kind=gdn phase=gdn_back gpu_ms=1.30
[prefill-layer-phase] chunk=2 start=2048 layer=4 kind=gdn phase=mixer_resid gpu_ms=0.03
[prefill-layer-phase] chunk=2 start=2048 layer=4 kind=moe phase=post_norm gpu_ms=0.02
[prefill-layer-phase] chunk=2 start=2048 layer=4 kind=moe phase=route_fused gpu_ms=0.31
[prefill-layer-phase] chunk=2 start=2048 layer=4 kind=moe phase=routed_swiglu gpu_ms=4.24
[prefill-layer-phase] chunk=2 start=2048 layer=4 kind=moe phase=routed_down gpu_ms=2.63
[prefill-layer-phase] chunk=2 start=2048 layer=4 kind=moe phase=routed_reduce gpu_ms=0.14
[prefill-layer-phase] chunk=2 start=2048 layer=4 kind=moe phase=shared_packed gpu_ms=0.64
[prefill-layer-phase] chunk=2 start=2048 layer=5 kind=gdn phase=pre_norm gpu_ms=0.02
[prefill-layer-phase] chunk=2 start=2048 layer=5 kind=gdn phase=gdn_qkv gpu_ms=2.53
[prefill-layer-phase] chunk=2 start=2048 layer=5 kind=gdn phase=gdn_z gpu_ms=1.29
[prefill-layer-phase] chunk=2 start=2048 layer=5 kind=gdn phase=gdn_beta_alpha gpu_ms=0.17
[prefill-layer-phase] chunk=2 start=2048 layer=5 kind=gdn phase=gdn_alpha_beta gpu_ms=0.01
[prefill-layer-phase] chunk=2 start=2048 layer=5 kind=gdn phase=gdn_prep_conv gpu_ms=0.43
[prefill-layer-phase] chunk=2 start=2048 layer=5 kind=gdn phase=gdn_prep_l2 gpu_ms=0.03
[prefill-layer-phase] chunk=2 start=2048 layer=5 kind=gdn phase=gdn_step gpu_ms=1.58
[prefill-layer-phase] chunk=2 start=2048 layer=5 kind=gdn phase=gdn_gated gpu_ms=0.10
[prefill-layer-phase] chunk=2 start=2048 layer=5 kind=gdn phase=gdn_back gpu_ms=1.30
[prefill-layer-phase] chunk=2 start=2048 layer=5 kind=gdn phase=mixer_resid gpu_ms=0.03
[prefill-layer-phase] chunk=2 start=2048 layer=5 kind=moe phase=post_norm gpu_ms=0.02
[prefill-layer-phase] chunk=2 start=2048 layer=5 kind=moe phase=route_fused gpu_ms=0.31
[prefill-layer-phase] chunk=2 start=2048 layer=5 kind=moe phase=routed_swiglu gpu_ms=4.19
[prefill-layer-phase] chunk=2 start=2048 layer=5 kind=moe phase=routed_down gpu_ms=2.59
[prefill-layer-phase] chunk=2 start=2048 layer=5 kind=moe phase=routed_reduce gpu_ms=0.14
[prefill-layer-phase] chunk=2 start=2048 layer=5 kind=moe phase=shared_packed gpu_ms=0.64
[prefill-layer-phase] chunk=2 start=2048 layer=6 kind=gdn phase=pre_norm gpu_ms=0.02
[prefill-layer-phase] chunk=2 start=2048 layer=6 kind=gdn phase=gdn_qkv gpu_ms=2.53
[prefill-layer-phase] chunk=2 start=2048 layer=6 kind=gdn phase=gdn_z gpu_ms=1.29
[prefill-layer-phase] chunk=2 start=2048 layer=6 kind=gdn phase=gdn_beta_alpha gpu_ms=0.17
[prefill-layer-phase] chunk=2 start=2048 layer=6 kind=gdn phase=gdn_alpha_beta gpu_ms=0.01
[prefill-layer-phase] chunk=2 start=2048 layer=6 kind=gdn phase=gdn_prep_conv gpu_ms=0.43
[prefill-layer-phase] chunk=2 start=2048 layer=6 kind=gdn phase=gdn_prep_l2 gpu_ms=0.03
[prefill-layer-phase] chunk=2 start=2048 layer=6 kind=gdn phase=gdn_step gpu_ms=1.56
[prefill-layer-phase] chunk=2 start=2048 layer=6 kind=gdn phase=gdn_gated gpu_ms=0.10
[prefill-layer-phase] chunk=2 start=2048 layer=6 kind=gdn phase=gdn_back gpu_ms=1.30
[prefill-layer-phase] chunk=2 start=2048 layer=6 kind=gdn phase=mixer_resid gpu_ms=0.03
[prefill-layer-phase] chunk=2 start=2048 layer=6 kind=moe phase=post_norm gpu_ms=0.02
[prefill-layer-phase] chunk=2 start=2048 layer=6 kind=moe phase=route_fused gpu_ms=0.31
[prefill-layer-phase] chunk=2 start=2048 layer=6 kind=moe phase=routed_swiglu gpu_ms=4.19
[prefill-layer-phase] chunk=2 start=2048 layer=6 kind=moe phase=routed_down gpu_ms=2.50
[prefill-layer-phase] chunk=2 start=2048 layer=6 kind=moe phase=routed_reduce gpu_ms=0.14
[prefill-layer-phase] chunk=2 start=2048 layer=6 kind=moe phase=shared_packed gpu_ms=0.63
[prefill-layer-phase] chunk=2 start=2048 layer=7 kind=attn phase=pre_norm gpu_ms=0.02
[prefill-attn-phase] chunk=2 start=2048 layer=7 phase=proj gpu_ms=2.92
[prefill-attn-phase] chunk=2 start=2048 layer=7 phase=norm gpu_ms=0.29
[prefill-attn-phase] chunk=2 start=2048 layer=7 phase=rope_scatter gpu_ms=0.05
[prefill-attn-packed-shape] layer=7 chunk_start=2048 chunk_p=1024 group=8 packed_rows=4 qt=2 row_groups=256 dispatches=512 nwg=64 partial_rw_mib=2064.00
[prefill-attn-matrix-g8-shape] layer=7 chunk_start=2048 chunk_p=1024 query_rows=1024 query_tiles=1 n_pos=3072 score_tile_scratch_mib=102.00 vt_stride=4096 vt_layer_mib=4.00 vt_update_base=2048 vt_update_rows=1024 vt_update_mib=1.00
[prefill-attn-phase] chunk=2 start=2048 layer=7 phase=body_matrix_kq gpu_ms=1.62
[prefill-attn-phase] chunk=2 start=2048 layer=7 phase=body_matrix_kqv gpu_ms=1.62
[prefill-layer-phase] chunk=2 start=2048 layer=7 kind=attn phase=attn_back gpu_ms=1.39
[prefill-layer-phase] chunk=2 start=2048 layer=7 kind=attn phase=mixer_resid gpu_ms=0.03
[prefill-layer-phase] chunk=2 start=2048 layer=7 kind=moe phase=post_norm gpu_ms=0.02
[prefill-layer-phase] chunk=2 start=2048 layer=7 kind=moe phase=route_fused gpu_ms=0.31
[prefill-layer-phase] chunk=2 start=2048 layer=7 kind=moe phase=routed_swiglu gpu_ms=4.16
[prefill-layer-phase] chunk=2 start=2048 layer=7 kind=moe phase=routed_down gpu_ms=2.57
[prefill-layer-phase] chunk=2 start=2048 layer=7 kind=moe phase=routed_reduce gpu_ms=0.14
[prefill-layer-phase] chunk=2 start=2048 layer=7 kind=moe phase=shared_packed gpu_ms=0.64
[prefill-layer-phase] chunk=2 start=2048 layer=8 kind=gdn phase=pre_norm gpu_ms=0.02
[prefill-layer-phase] chunk=2 start=2048 layer=8 kind=gdn phase=gdn_qkv gpu_ms=2.53
[prefill-layer-phase] chunk=2 start=2048 layer=8 kind=gdn phase=gdn_z gpu_ms=1.29
[prefill-layer-phase] chunk=2 start=2048 layer=8 kind=gdn phase=gdn_beta_alpha gpu_ms=0.17
[prefill-layer-phase] chunk=2 start=2048 layer=8 kind=gdn phase=gdn_alpha_beta gpu_ms=0.01
[prefill-layer-phase] chunk=2 start=2048 layer=8 kind=gdn phase=gdn_prep_conv gpu_ms=0.43
[prefill-layer-phase] chunk=2 start=2048 layer=8 kind=gdn phase=gdn_prep_l2 gpu_ms=0.03
[prefill-layer-phase] chunk=2 start=2048 layer=8 kind=gdn phase=gdn_step gpu_ms=1.57
[prefill-layer-phase] chunk=2 start=2048 layer=8 kind=gdn phase=gdn_gated gpu_ms=0.10
[prefill-layer-phase] chunk=2 start=2048 layer=8 kind=gdn phase=gdn_back gpu_ms=1.30
[prefill-layer-phase] chunk=2 start=2048 layer=8 kind=gdn phase=mixer_resid gpu_ms=0.03
[prefill-layer-phase] chunk=2 start=2048 layer=8 kind=moe phase=post_norm gpu_ms=0.02
[prefill-layer-phase] chunk=2 start=2048 layer=8 kind=moe phase=route_fused gpu_ms=0.31
[prefill-layer-phase] chunk=2 start=2048 layer=8 kind=moe phase=routed_swiglu gpu_ms=4.17
[prefill-layer-phase] chunk=2 start=2048 layer=8 kind=moe phase=routed_down gpu_ms=2.58
[prefill-layer-phase] chunk=2 start=2048 layer=8 kind=moe phase=routed_reduce gpu_ms=0.14
[prefill-layer-phase] chunk=2 start=2048 layer=8 kind=moe phase=shared_packed gpu_ms=0.64
[prefill-layer-phase] chunk=2 start=2048 layer=9 kind=gdn phase=pre_norm gpu_ms=0.02
[prefill-layer-phase] chunk=2 start=2048 layer=9 kind=gdn phase=gdn_qkv gpu_ms=2.53
[prefill-layer-phase] chunk=2 start=2048 layer=9 kind=gdn phase=gdn_z gpu_ms=1.29
[prefill-layer-phase] chunk=2 start=2048 layer=9 kind=gdn phase=gdn_beta_alpha gpu_ms=0.18
[prefill-layer-phase] chunk=2 start=2048 layer=9 kind=gdn phase=gdn_alpha_beta gpu_ms=0.01
[prefill-layer-phase] chunk=2 start=2048 layer=9 kind=gdn phase=gdn_prep_conv gpu_ms=0.43
[prefill-layer-phase] chunk=2 start=2048 layer=9 kind=gdn phase=gdn_prep_l2 gpu_ms=0.03
[prefill-layer-phase] chunk=2 start=2048 layer=9 kind=gdn phase=gdn_step gpu_ms=1.59
[prefill-layer-phase] chunk=2 start=2048 layer=9 kind=gdn phase=gdn_gated gpu_ms=0.10
[prefill-layer-phase] chunk=2 start=2048 layer=9 kind=gdn phase=gdn_back gpu_ms=1.30
[prefill-layer-phase] chunk=2 start=2048 layer=9 kind=gdn phase=mixer_resid gpu_ms=0.03
[prefill-layer-phase] chunk=2 start=2048 layer=9 kind=moe phase=post_norm gpu_ms=0.02
[prefill-layer-phase] chunk=2 start=2048 layer=9 kind=moe phase=route_fused gpu_ms=0.30
[prefill-layer-phase] chunk=2 start=2048 layer=9 kind=moe phase=routed_swiglu gpu_ms=4.15
[prefill-layer-phase] chunk=2 start=2048 layer=9 kind=moe phase=routed_down gpu_ms=2.52
[prefill-layer-phase] chunk=2 start=2048 layer=9 kind=moe phase=routed_reduce gpu_ms=0.14
[prefill-layer-phase] chunk=2 start=2048 layer=9 kind=moe phase=shared_packed gpu_ms=0.64
[prefill-layer-phase] chunk=2 start=2048 layer=10 kind=gdn phase=pre_norm gpu_ms=0.02
[prefill-layer-phase] chunk=2 start=2048 layer=10 kind=gdn phase=gdn_qkv gpu_ms=2.53
[prefill-layer-phase] chunk=2 start=2048 layer=10 kind=gdn phase=gdn_z gpu_ms=1.29
[prefill-layer-phase] chunk=2 start=2048 layer=10 kind=gdn phase=gdn_beta_alpha gpu_ms=0.17
[prefill-layer-phase] chunk=2 start=2048 layer=10 kind=gdn phase=gdn_alpha_beta gpu_ms=0.01
[prefill-layer-phase] chunk=2 start=2048 layer=10 kind=gdn phase=gdn_prep_conv gpu_ms=0.43
[prefill-layer-phase] chunk=2 start=2048 layer=10 kind=gdn phase=gdn_prep_l2 gpu_ms=0.03
[prefill-layer-phase] chunk=2 start=2048 layer=10 kind=gdn phase=gdn_step gpu_ms=1.63
[prefill-layer-phase] chunk=2 start=2048 layer=10 kind=gdn phase=gdn_gated gpu_ms=0.10
[prefill-layer-phase] chunk=2 start=2048 layer=10 kind=gdn phase=gdn_back gpu_ms=1.30
[prefill-layer-phase] chunk=2 start=2048 layer=10 kind=gdn phase=mixer_resid gpu_ms=0.03
[prefill-layer-phase] chunk=2 start=2048 layer=10 kind=moe phase=post_norm gpu_ms=0.02
[prefill-layer-phase] chunk=2 start=2048 layer=10 kind=moe phase=route_fused gpu_ms=0.31
[prefill-layer-phase] chunk=2 start=2048 layer=10 kind=moe phase=routed_swiglu gpu_ms=4.18
[prefill-layer-phase] chunk=2 start=2048 layer=10 kind=moe phase=routed_down gpu_ms=2.44
[prefill-layer-phase] chunk=2 start=2048 layer=10 kind=moe phase=routed_reduce gpu_ms=0.14
[prefill-layer-phase] chunk=2 start=2048 layer=10 kind=moe phase=shared_packed gpu_ms=0.64
[prefill-layer-phase] chunk=2 start=2048 layer=11 kind=attn phase=pre_norm gpu_ms=0.02
[prefill-attn-phase] chunk=2 start=2048 layer=11 phase=proj gpu_ms=2.92
[prefill-attn-phase] chunk=2 start=2048 layer=11 phase=norm gpu_ms=0.29
[prefill-attn-phase] chunk=2 start=2048 layer=11 phase=rope_scatter gpu_ms=0.05
[prefill-attn-packed-shape] layer=11 chunk_start=2048 chunk_p=1024 group=8 packed_rows=4 qt=2 row_groups=256 dispatches=512 nwg=64 partial_rw_mib=2064.00
[prefill-attn-matrix-g8-shape] layer=11 chunk_start=2048 chunk_p=1024 query_rows=1024 query_tiles=1 n_pos=3072 score_tile_scratch_mib=102.00 vt_stride=4096 vt_layer_mib=4.00 vt_update_base=2048 vt_update_rows=1024 vt_update_mib=1.00
[prefill-attn-phase] chunk=2 start=2048 layer=11 phase=body_matrix_kq gpu_ms=1.62
[prefill-attn-phase] chunk=2 start=2048 layer=11 phase=body_matrix_kqv gpu_ms=1.62
[prefill-layer-phase] chunk=2 start=2048 layer=11 kind=attn phase=attn_back gpu_ms=1.39
[prefill-layer-phase] chunk=2 start=2048 layer=11 kind=attn phase=mixer_resid gpu_ms=0.03
[prefill-layer-phase] chunk=2 start=2048 layer=11 kind=moe phase=post_norm gpu_ms=0.02
[prefill-layer-phase] chunk=2 start=2048 layer=11 kind=moe phase=route_fused gpu_ms=0.31
[prefill-layer-phase] chunk=2 start=2048 layer=11 kind=moe phase=routed_swiglu gpu_ms=4.15
[prefill-layer-phase] chunk=2 start=2048 layer=11 kind=moe phase=routed_down gpu_ms=2.52
[prefill-layer-phase] chunk=2 start=2048 layer=11 kind=moe phase=routed_reduce gpu_ms=0.14
[prefill-layer-phase] chunk=2 start=2048 layer=11 kind=moe phase=shared_packed gpu_ms=0.64
[prefill-layer-phase] chunk=2 start=2048 layer=12 kind=gdn phase=pre_norm gpu_ms=0.02
[prefill-layer-phase] chunk=2 start=2048 layer=12 kind=gdn phase=gdn_qkv gpu_ms=2.53
[prefill-layer-phase] chunk=2 start=2048 layer=12 kind=gdn phase=gdn_z gpu_ms=1.29
[prefill-layer-phase] chunk=2 start=2048 layer=12 kind=gdn phase=gdn_beta_alpha gpu_ms=0.17
[prefill-layer-phase] chunk=2 start=2048 layer=12 kind=gdn phase=gdn_alpha_beta gpu_ms=0.01
[prefill-layer-phase] chunk=2 start=2048 layer=12 kind=gdn phase=gdn_prep_conv gpu_ms=0.43
[prefill-layer-phase] chunk=2 start=2048 layer=12 kind=gdn phase=gdn_prep_l2 gpu_ms=0.03
[prefill-layer-phase] chunk=2 start=2048 layer=12 kind=gdn phase=gdn_step gpu_ms=1.56
[prefill-layer-phase] chunk=2 start=2048 layer=12 kind=gdn phase=gdn_gated gpu_ms=0.10
[prefill-layer-phase] chunk=2 start=2048 layer=12 kind=gdn phase=gdn_back gpu_ms=1.30
[prefill-layer-phase] chunk=2 start=2048 layer=12 kind=gdn phase=mixer_resid gpu_ms=0.03
[prefill-layer-phase] chunk=2 start=2048 layer=12 kind=moe phase=post_norm gpu_ms=0.02
[prefill-layer-phase] chunk=2 start=2048 layer=12 kind=moe phase=route_fused gpu_ms=0.31
[prefill-layer-phase] chunk=2 start=2048 layer=12 kind=moe phase=routed_swiglu gpu_ms=4.11
[prefill-layer-phase] chunk=2 start=2048 layer=12 kind=moe phase=routed_down gpu_ms=2.46
[prefill-layer-phase] chunk=2 start=2048 layer=12 kind=moe phase=routed_reduce gpu_ms=0.14
[prefill-layer-phase] chunk=2 start=2048 layer=12 kind=moe phase=shared_packed gpu_ms=0.63
[prefill-layer-phase] chunk=2 start=2048 layer=13 kind=gdn phase=pre_norm gpu_ms=0.03
[prefill-layer-phase] chunk=2 start=2048 layer=13 kind=gdn phase=gdn_qkv gpu_ms=2.53
[prefill-layer-phase] chunk=2 start=2048 layer=13 kind=gdn phase=gdn_z gpu_ms=1.29
[prefill-layer-phase] chunk=2 start=2048 layer=13 kind=gdn phase=gdn_beta_alpha gpu_ms=0.17
[prefill-layer-phase] chunk=2 start=2048 layer=13 kind=gdn phase=gdn_alpha_beta gpu_ms=0.01
[prefill-layer-phase] chunk=2 start=2048 layer=13 kind=gdn phase=gdn_prep_conv gpu_ms=0.43
[prefill-layer-phase] chunk=2 start=2048 layer=13 kind=gdn phase=gdn_prep_l2 gpu_ms=0.03
[prefill-layer-phase] chunk=2 start=2048 layer=13 kind=gdn phase=gdn_step gpu_ms=1.58
[prefill-layer-phase] chunk=2 start=2048 layer=13 kind=gdn phase=gdn_gated gpu_ms=0.11
[prefill-layer-phase] chunk=2 start=2048 layer=13 kind=gdn phase=gdn_back gpu_ms=1.30
[prefill-layer-phase] chunk=2 start=2048 layer=13 kind=gdn phase=mixer_resid gpu_ms=0.03
[prefill-layer-phase] chunk=2 start=2048 layer=13 kind=moe phase=post_norm gpu_ms=0.02
[prefill-layer-phase] chunk=2 start=2048 layer=13 kind=moe phase=route_fused gpu_ms=0.31
[prefill-layer-phase] chunk=2 start=2048 layer=13 kind=moe phase=routed_swiglu gpu_ms=4.12
[prefill-layer-phase] chunk=2 start=2048 layer=13 kind=moe phase=routed_down gpu_ms=2.31
[prefill-layer-phase] chunk=2 start=2048 layer=13 kind=moe phase=routed_reduce gpu_ms=0.14
[prefill-layer-phase] chunk=2 start=2048 layer=13 kind=moe phase=shared_packed gpu_ms=0.64
[prefill-layer-phase] chunk=2 start=2048 layer=14 kind=gdn phase=pre_norm gpu_ms=0.02
[prefill-layer-phase] chunk=2 start=2048 layer=14 kind=gdn phase=gdn_qkv gpu_ms=2.53
[prefill-layer-phase] chunk=2 start=2048 layer=14 kind=gdn phase=gdn_z gpu_ms=1.29
[prefill-layer-phase] chunk=2 start=2048 layer=14 kind=gdn phase=gdn_beta_alpha gpu_ms=0.17
[prefill-layer-phase] chunk=2 start=2048 layer=14 kind=gdn phase=gdn_alpha_beta gpu_ms=0.01
[prefill-layer-phase] chunk=2 start=2048 layer=14 kind=gdn phase=gdn_prep_conv gpu_ms=0.43
[prefill-layer-phase] chunk=2 start=2048 layer=14 kind=gdn phase=gdn_prep_l2 gpu_ms=0.03
[prefill-layer-phase] chunk=2 start=2048 layer=14 kind=gdn phase=gdn_step gpu_ms=1.59
[prefill-layer-phase] chunk=2 start=2048 layer=14 kind=gdn phase=gdn_gated gpu_ms=0.10
[prefill-layer-phase] chunk=2 start=2048 layer=14 kind=gdn phase=gdn_back gpu_ms=1.30
[prefill-layer-phase] chunk=2 start=2048 layer=14 kind=gdn phase=mixer_resid gpu_ms=0.03
[prefill-layer-phase] chunk=2 start=2048 layer=14 kind=moe phase=post_norm gpu_ms=0.02
[prefill-layer-phase] chunk=2 start=2048 layer=14 kind=moe phase=route_fused gpu_ms=0.31
[prefill-layer-phase] chunk=2 start=2048 layer=14 kind=moe phase=routed_swiglu gpu_ms=4.11
[prefill-layer-phase] chunk=2 start=2048 layer=14 kind=moe phase=routed_down gpu_ms=2.40
[prefill-layer-phase] chunk=2 start=2048 layer=14 kind=moe phase=routed_reduce gpu_ms=0.15
[prefill-layer-phase] chunk=2 start=2048 layer=14 kind=moe phase=shared_packed gpu_ms=0.63
[prefill-layer-phase] chunk=2 start=2048 layer=15 kind=attn phase=pre_norm gpu_ms=0.02
[prefill-attn-phase] chunk=2 start=2048 layer=15 phase=proj gpu_ms=2.92
[prefill-attn-phase] chunk=2 start=2048 layer=15 phase=norm gpu_ms=0.29
[prefill-attn-phase] chunk=2 start=2048 layer=15 phase=rope_scatter gpu_ms=0.05
[prefill-attn-packed-shape] layer=15 chunk_start=2048 chunk_p=1024 group=8 packed_rows=4 qt=2 row_groups=256 dispatches=512 nwg=64 partial_rw_mib=2064.00
[prefill-attn-matrix-g8-shape] layer=15 chunk_start=2048 chunk_p=1024 query_rows=1024 query_tiles=1 n_pos=3072 score_tile_scratch_mib=102.00 vt_stride=4096 vt_layer_mib=4.00 vt_update_base=2048 vt_update_rows=1024 vt_update_mib=1.00
[prefill-attn-phase] chunk=2 start=2048 layer=15 phase=body_matrix_kq gpu_ms=1.62
[prefill-attn-phase] chunk=2 start=2048 layer=15 phase=body_matrix_kqv gpu_ms=1.62
[prefill-layer-phase] chunk=2 start=2048 layer=15 kind=attn phase=attn_back gpu_ms=1.39
[prefill-layer-phase] chunk=2 start=2048 layer=15 kind=attn phase=mixer_resid gpu_ms=0.03
[prefill-layer-phase] chunk=2 start=2048 layer=15 kind=moe phase=post_norm gpu_ms=0.02
[prefill-layer-phase] chunk=2 start=2048 layer=15 kind=moe phase=route_fused gpu_ms=0.31
[prefill-layer-phase] chunk=2 start=2048 layer=15 kind=moe phase=routed_swiglu gpu_ms=4.09
[prefill-layer-phase] chunk=2 start=2048 layer=15 kind=moe phase=routed_down gpu_ms=2.47
[prefill-layer-phase] chunk=2 start=2048 layer=15 kind=moe phase=routed_reduce gpu_ms=0.14
[prefill-layer-phase] chunk=2 start=2048 layer=15 kind=moe phase=shared_packed gpu_ms=0.64
[prefill-layer-phase] chunk=2 start=2048 layer=16 kind=gdn phase=pre_norm gpu_ms=0.02
[prefill-layer-phase] chunk=2 start=2048 layer=16 kind=gdn phase=gdn_qkv gpu_ms=2.53
[prefill-layer-phase] chunk=2 start=2048 layer=16 kind=gdn phase=gdn_z gpu_ms=1.29
[prefill-layer-phase] chunk=2 start=2048 layer=16 kind=gdn phase=gdn_beta_alpha gpu_ms=0.18
[prefill-layer-phase] chunk=2 start=2048 layer=16 kind=gdn phase=gdn_alpha_beta gpu_ms=0.01
[prefill-layer-phase] chunk=2 start=2048 layer=16 kind=gdn phase=gdn_prep_conv gpu_ms=0.43
[prefill-layer-phase] chunk=2 start=2048 layer=16 kind=gdn phase=gdn_prep_l2 gpu_ms=0.03
[prefill-layer-phase] chunk=2 start=2048 layer=16 kind=gdn phase=gdn_step gpu_ms=1.55
[prefill-layer-phase] chunk=2 start=2048 layer=16 kind=gdn phase=gdn_gated gpu_ms=0.10
[prefill-layer-phase] chunk=2 start=2048 layer=16 kind=gdn phase=gdn_back gpu_ms=1.30
[prefill-layer-phase] chunk=2 start=2048 layer=16 kind=gdn phase=mixer_resid gpu_ms=0.03
[prefill-layer-phase] chunk=2 start=2048 layer=16 kind=moe phase=post_norm gpu_ms=0.02
[prefill-layer-phase] chunk=2 start=2048 layer=16 kind=moe phase=route_fused gpu_ms=0.31
[prefill-layer-phase] chunk=2 start=2048 layer=16 kind=moe phase=routed_swiglu gpu_ms=3.79
[prefill-layer-phase] chunk=2 start=2048 layer=16 kind=moe phase=routed_down gpu_ms=2.20
[prefill-layer-phase] chunk=2 start=2048 layer=16 kind=moe phase=routed_reduce gpu_ms=0.14
[prefill-layer-phase] chunk=2 start=2048 layer=16 kind=moe phase=shared_packed gpu_ms=0.64
[prefill-layer-phase] chunk=2 start=2048 layer=17 kind=gdn phase=pre_norm gpu_ms=0.02
[prefill-layer-phase] chunk=2 start=2048 layer=17 kind=gdn phase=gdn_qkv gpu_ms=2.53
[prefill-layer-phase] chunk=2 start=2048 layer=17 kind=gdn phase=gdn_z gpu_ms=1.29
[prefill-layer-phase] chunk=2 start=2048 layer=17 kind=gdn phase=gdn_beta_alpha gpu_ms=0.18
[prefill-layer-phase] chunk=2 start=2048 layer=17 kind=gdn phase=gdn_alpha_beta gpu_ms=0.00
[prefill-layer-phase] chunk=2 start=2048 layer=17 kind=gdn phase=gdn_prep_conv gpu_ms=0.43
[prefill-layer-phase] chunk=2 start=2048 layer=17 kind=gdn phase=gdn_prep_l2 gpu_ms=0.03
[prefill-layer-phase] chunk=2 start=2048 layer=17 kind=gdn phase=gdn_step gpu_ms=1.56
[prefill-layer-phase] chunk=2 start=2048 layer=17 kind=gdn phase=gdn_gated gpu_ms=0.10
[prefill-layer-phase] chunk=2 start=2048 layer=17 kind=gdn phase=gdn_back gpu_ms=1.30
[prefill-layer-phase] chunk=2 start=2048 layer=17 kind=gdn phase=mixer_resid gpu_ms=0.03
[prefill-layer-phase] chunk=2 start=2048 layer=17 kind=moe phase=post_norm gpu_ms=0.02
[prefill-layer-phase] chunk=2 start=2048 layer=17 kind=moe phase=route_fused gpu_ms=0.31
[prefill-layer-phase] chunk=2 start=2048 layer=17 kind=moe phase=routed_swiglu gpu_ms=3.84
[prefill-layer-phase] chunk=2 start=2048 layer=17 kind=moe phase=routed_down gpu_ms=2.28
[prefill-layer-phase] chunk=2 start=2048 layer=17 kind=moe phase=routed_reduce gpu_ms=0.14
[prefill-layer-phase] chunk=2 start=2048 layer=17 kind=moe phase=shared_packed gpu_ms=0.64
[prefill-layer-phase] chunk=2 start=2048 layer=18 kind=gdn phase=pre_norm gpu_ms=0.02
[prefill-layer-phase] chunk=2 start=2048 layer=18 kind=gdn phase=gdn_qkv gpu_ms=2.53
[prefill-layer-phase] chunk=2 start=2048 layer=18 kind=gdn phase=gdn_z gpu_ms=1.29
[prefill-layer-phase] chunk=2 start=2048 layer=18 kind=gdn phase=gdn_beta_alpha gpu_ms=0.17
[prefill-layer-phase] chunk=2 start=2048 layer=18 kind=gdn phase=gdn_alpha_beta gpu_ms=0.01
[prefill-layer-phase] chunk=2 start=2048 layer=18 kind=gdn phase=gdn_prep_conv gpu_ms=0.43
[prefill-layer-phase] chunk=2 start=2048 layer=18 kind=gdn phase=gdn_prep_l2 gpu_ms=0.03
[prefill-layer-phase] chunk=2 start=2048 layer=18 kind=gdn phase=gdn_step gpu_ms=1.60
[prefill-layer-phase] chunk=2 start=2048 layer=18 kind=gdn phase=gdn_gated gpu_ms=0.10
[prefill-layer-phase] chunk=2 start=2048 layer=18 kind=gdn phase=gdn_back gpu_ms=1.30
[prefill-layer-phase] chunk=2 start=2048 layer=18 kind=gdn phase=mixer_resid gpu_ms=0.03
[prefill-layer-phase] chunk=2 start=2048 layer=18 kind=moe phase=post_norm gpu_ms=0.02
[prefill-layer-phase] chunk=2 start=2048 layer=18 kind=moe phase=route_fused gpu_ms=0.31
[prefill-layer-phase] chunk=2 start=2048 layer=18 kind=moe phase=routed_swiglu gpu_ms=4.02
[prefill-layer-phase] chunk=2 start=2048 layer=18 kind=moe phase=routed_down gpu_ms=2.44
[prefill-layer-phase] chunk=2 start=2048 layer=18 kind=moe phase=routed_reduce gpu_ms=0.14
[prefill-layer-phase] chunk=2 start=2048 layer=18 kind=moe phase=shared_packed gpu_ms=0.63
[prefill-layer-phase] chunk=2 start=2048 layer=19 kind=attn phase=pre_norm gpu_ms=0.02
[prefill-attn-phase] chunk=2 start=2048 layer=19 phase=proj gpu_ms=2.91
[prefill-attn-phase] chunk=2 start=2048 layer=19 phase=norm gpu_ms=0.29
[prefill-attn-phase] chunk=2 start=2048 layer=19 phase=rope_scatter gpu_ms=0.05
[prefill-attn-packed-shape] layer=19 chunk_start=2048 chunk_p=1024 group=8 packed_rows=4 qt=2 row_groups=256 dispatches=512 nwg=64 partial_rw_mib=2064.00
[prefill-attn-matrix-g8-shape] layer=19 chunk_start=2048 chunk_p=1024 query_rows=1024 query_tiles=1 n_pos=3072 score_tile_scratch_mib=102.00 vt_stride=4096 vt_layer_mib=4.00 vt_update_base=2048 vt_update_rows=1024 vt_update_mib=1.00
[prefill-attn-phase] chunk=2 start=2048 layer=19 phase=body_matrix_kq gpu_ms=1.62
[prefill-attn-phase] chunk=2 start=2048 layer=19 phase=body_matrix_kqv gpu_ms=1.62
[prefill-layer-phase] chunk=2 start=2048 layer=19 kind=attn phase=attn_back gpu_ms=1.39
[prefill-layer-phase] chunk=2 start=2048 layer=19 kind=attn phase=mixer_resid gpu_ms=0.03
[prefill-layer-phase] chunk=2 start=2048 layer=19 kind=moe phase=post_norm gpu_ms=0.02
[prefill-layer-phase] chunk=2 start=2048 layer=19 kind=moe phase=route_fused gpu_ms=0.31
[prefill-layer-phase] chunk=2 start=2048 layer=19 kind=moe phase=routed_swiglu gpu_ms=3.98
[prefill-layer-phase] chunk=2 start=2048 layer=19 kind=moe phase=routed_down gpu_ms=2.33
[prefill-layer-phase] chunk=2 start=2048 layer=19 kind=moe phase=routed_reduce gpu_ms=0.14
[prefill-layer-phase] chunk=2 start=2048 layer=19 kind=moe phase=shared_packed gpu_ms=0.64
[prefill-layer-phase] chunk=2 start=2048 layer=20 kind=gdn phase=pre_norm gpu_ms=0.02
[prefill-layer-phase] chunk=2 start=2048 layer=20 kind=gdn phase=gdn_qkv gpu_ms=2.53
[prefill-layer-phase] chunk=2 start=2048 layer=20 kind=gdn phase=gdn_z gpu_ms=1.29
[prefill-layer-phase] chunk=2 start=2048 layer=20 kind=gdn phase=gdn_beta_alpha gpu_ms=0.18
[prefill-layer-phase] chunk=2 start=2048 layer=20 kind=gdn phase=gdn_alpha_beta gpu_ms=0.01
[prefill-layer-phase] chunk=2 start=2048 layer=20 kind=gdn phase=gdn_prep_conv gpu_ms=0.43
[prefill-layer-phase] chunk=2 start=2048 layer=20 kind=gdn phase=gdn_prep_l2 gpu_ms=0.03
[prefill-layer-phase] chunk=2 start=2048 layer=20 kind=gdn phase=gdn_step gpu_ms=1.56
[prefill-layer-phase] chunk=2 start=2048 layer=20 kind=gdn phase=gdn_gated gpu_ms=0.10
[prefill-layer-phase] chunk=2 start=2048 layer=20 kind=gdn phase=gdn_back gpu_ms=1.30
[prefill-layer-phase] chunk=2 start=2048 layer=20 kind=gdn phase=mixer_resid gpu_ms=0.03
[prefill-layer-phase] chunk=2 start=2048 layer=20 kind=moe phase=post_norm gpu_ms=0.02
[prefill-layer-phase] chunk=2 start=2048 layer=20 kind=moe phase=route_fused gpu_ms=0.31
[prefill-layer-phase] chunk=2 start=2048 layer=20 kind=moe phase=routed_swiglu gpu_ms=4.26
[prefill-layer-phase] chunk=2 start=2048 layer=20 kind=moe phase=routed_down gpu_ms=2.64
[prefill-layer-phase] chunk=2 start=2048 layer=20 kind=moe phase=routed_reduce gpu_ms=0.14
[prefill-layer-phase] chunk=2 start=2048 layer=20 kind=moe phase=shared_packed gpu_ms=0.64
[prefill-layer-phase] chunk=2 start=2048 layer=21 kind=gdn phase=pre_norm gpu_ms=0.02
[prefill-layer-phase] chunk=2 start=2048 layer=21 kind=gdn phase=gdn_qkv gpu_ms=2.53
[prefill-layer-phase] chunk=2 start=2048 layer=21 kind=gdn phase=gdn_z gpu_ms=1.29
[prefill-layer-phase] chunk=2 start=2048 layer=21 kind=gdn phase=gdn_beta_alpha gpu_ms=0.17
[prefill-layer-phase] chunk=2 start=2048 layer=21 kind=gdn phase=gdn_alpha_beta gpu_ms=0.00
[prefill-layer-phase] chunk=2 start=2048 layer=21 kind=gdn phase=gdn_prep_conv gpu_ms=0.43
[prefill-layer-phase] chunk=2 start=2048 layer=21 kind=gdn phase=gdn_prep_l2 gpu_ms=0.03
[prefill-layer-phase] chunk=2 start=2048 layer=21 kind=gdn phase=gdn_step gpu_ms=1.61
[prefill-layer-phase] chunk=2 start=2048 layer=21 kind=gdn phase=gdn_gated gpu_ms=0.10
[prefill-layer-phase] chunk=2 start=2048 layer=21 kind=gdn phase=gdn_back gpu_ms=1.30
[prefill-layer-phase] chunk=2 start=2048 layer=21 kind=gdn phase=mixer_resid gpu_ms=0.03
[prefill-layer-phase] chunk=2 start=2048 layer=21 kind=moe phase=post_norm gpu_ms=0.02
[prefill-layer-phase] chunk=2 start=2048 layer=21 kind=moe phase=route_fused gpu_ms=0.31
[prefill-layer-phase] chunk=2 start=2048 layer=21 kind=moe phase=routed_swiglu gpu_ms=4.23
[prefill-layer-phase] chunk=2 start=2048 layer=21 kind=moe phase=routed_down gpu_ms=2.47
[prefill-layer-phase] chunk=2 start=2048 layer=21 kind=moe phase=routed_reduce gpu_ms=0.14
[prefill-layer-phase] chunk=2 start=2048 layer=21 kind=moe phase=shared_packed gpu_ms=0.64
[prefill-layer-phase] chunk=2 start=2048 layer=22 kind=gdn phase=pre_norm gpu_ms=0.02
[prefill-layer-phase] chunk=2 start=2048 layer=22 kind=gdn phase=gdn_qkv gpu_ms=2.53
[prefill-layer-phase] chunk=2 start=2048 layer=22 kind=gdn phase=gdn_z gpu_ms=1.29
[prefill-layer-phase] chunk=2 start=2048 layer=22 kind=gdn phase=gdn_beta_alpha gpu_ms=0.17
[prefill-layer-phase] chunk=2 start=2048 layer=22 kind=gdn phase=gdn_alpha_beta gpu_ms=0.00
[prefill-layer-phase] chunk=2 start=2048 layer=22 kind=gdn phase=gdn_prep_conv gpu_ms=0.43
[prefill-layer-phase] chunk=2 start=2048 layer=22 kind=gdn phase=gdn_prep_l2 gpu_ms=0.03
[prefill-layer-phase] chunk=2 start=2048 layer=22 kind=gdn phase=gdn_step gpu_ms=1.59
[prefill-layer-phase] chunk=2 start=2048 layer=22 kind=gdn phase=gdn_gated gpu_ms=0.10
[prefill-layer-phase] chunk=2 start=2048 layer=22 kind=gdn phase=gdn_back gpu_ms=1.30
[prefill-layer-phase] chunk=2 start=2048 layer=22 kind=gdn phase=mixer_resid gpu_ms=0.03
[prefill-layer-phase] chunk=2 start=2048 layer=22 kind=moe phase=post_norm gpu_ms=0.02
[prefill-layer-phase] chunk=2 start=2048 layer=22 kind=moe phase=route_fused gpu_ms=0.31
[prefill-layer-phase] chunk=2 start=2048 layer=22 kind=moe phase=routed_swiglu gpu_ms=4.28
[prefill-layer-phase] chunk=2 start=2048 layer=22 kind=moe phase=routed_down gpu_ms=2.49
[prefill-layer-phase] chunk=2 start=2048 layer=22 kind=moe phase=routed_reduce gpu_ms=0.14
[prefill-layer-phase] chunk=2 start=2048 layer=22 kind=moe phase=shared_packed gpu_ms=0.64
[prefill-layer-phase] chunk=2 start=2048 layer=23 kind=attn phase=pre_norm gpu_ms=0.02
[prefill-attn-phase] chunk=2 start=2048 layer=23 phase=proj gpu_ms=2.92
[prefill-attn-phase] chunk=2 start=2048 layer=23 phase=norm gpu_ms=0.29
[prefill-attn-phase] chunk=2 start=2048 layer=23 phase=rope_scatter gpu_ms=0.05
[prefill-attn-packed-shape] layer=23 chunk_start=2048 chunk_p=1024 group=8 packed_rows=4 qt=2 row_groups=256 dispatches=512 nwg=64 partial_rw_mib=2064.00
[prefill-attn-matrix-g8-shape] layer=23 chunk_start=2048 chunk_p=1024 query_rows=1024 query_tiles=1 n_pos=3072 score_tile_scratch_mib=102.00 vt_stride=4096 vt_layer_mib=4.00 vt_update_base=2048 vt_update_rows=1024 vt_update_mib=1.00
[prefill-attn-phase] chunk=2 start=2048 layer=23 phase=body_matrix_kq gpu_ms=1.62
[prefill-attn-phase] chunk=2 start=2048 layer=23 phase=body_matrix_kqv gpu_ms=1.62
[prefill-layer-phase] chunk=2 start=2048 layer=23 kind=attn phase=attn_back gpu_ms=1.39
[prefill-layer-phase] chunk=2 start=2048 layer=23 kind=attn phase=mixer_resid gpu_ms=0.03
[prefill-layer-phase] chunk=2 start=2048 layer=23 kind=moe phase=post_norm gpu_ms=0.02
[prefill-layer-phase] chunk=2 start=2048 layer=23 kind=moe phase=route_fused gpu_ms=0.31
[prefill-layer-phase] chunk=2 start=2048 layer=23 kind=moe phase=routed_swiglu gpu_ms=3.98
[prefill-layer-phase] chunk=2 start=2048 layer=23 kind=moe phase=routed_down gpu_ms=2.33
[prefill-layer-phase] chunk=2 start=2048 layer=23 kind=moe phase=routed_reduce gpu_ms=0.14
[prefill-layer-phase] chunk=2 start=2048 layer=23 kind=moe phase=shared_packed gpu_ms=0.64
[prefill-layer-phase] chunk=2 start=2048 layer=24 kind=gdn phase=pre_norm gpu_ms=0.02
[prefill-layer-phase] chunk=2 start=2048 layer=24 kind=gdn phase=gdn_qkv gpu_ms=2.53
[prefill-layer-phase] chunk=2 start=2048 layer=24 kind=gdn phase=gdn_z gpu_ms=1.29
[prefill-layer-phase] chunk=2 start=2048 layer=24 kind=gdn phase=gdn_beta_alpha gpu_ms=0.18
[prefill-layer-phase] chunk=2 start=2048 layer=24 kind=gdn phase=gdn_alpha_beta gpu_ms=0.01
[prefill-layer-phase] chunk=2 start=2048 layer=24 kind=gdn phase=gdn_prep_conv gpu_ms=0.43
[prefill-layer-phase] chunk=2 start=2048 layer=24 kind=gdn phase=gdn_prep_l2 gpu_ms=0.03
[prefill-layer-phase] chunk=2 start=2048 layer=24 kind=gdn phase=gdn_step gpu_ms=1.54
[prefill-layer-phase] chunk=2 start=2048 layer=24 kind=gdn phase=gdn_gated gpu_ms=0.10
[prefill-layer-phase] chunk=2 start=2048 layer=24 kind=gdn phase=gdn_back gpu_ms=1.30
[prefill-layer-phase] chunk=2 start=2048 layer=24 kind=gdn phase=mixer_resid gpu_ms=0.03
[prefill-layer-phase] chunk=2 start=2048 layer=24 kind=moe phase=post_norm gpu_ms=0.02
[prefill-layer-phase] chunk=2 start=2048 layer=24 kind=moe phase=route_fused gpu_ms=0.31
[prefill-layer-phase] chunk=2 start=2048 layer=24 kind=moe phase=routed_swiglu gpu_ms=4.12
[prefill-layer-phase] chunk=2 start=2048 layer=24 kind=moe phase=routed_down gpu_ms=2.43
[prefill-layer-phase] chunk=2 start=2048 layer=24 kind=moe phase=routed_reduce gpu_ms=0.14
[prefill-layer-phase] chunk=2 start=2048 layer=24 kind=moe phase=shared_packed gpu_ms=0.63
[prefill-layer-phase] chunk=2 start=2048 layer=25 kind=gdn phase=pre_norm gpu_ms=0.02
[prefill-layer-phase] chunk=2 start=2048 layer=25 kind=gdn phase=gdn_qkv gpu_ms=2.53
[prefill-layer-phase] chunk=2 start=2048 layer=25 kind=gdn phase=gdn_z gpu_ms=1.29
[prefill-layer-phase] chunk=2 start=2048 layer=25 kind=gdn phase=gdn_beta_alpha gpu_ms=0.17
[prefill-layer-phase] chunk=2 start=2048 layer=25 kind=gdn phase=gdn_alpha_beta gpu_ms=0.01
[prefill-layer-phase] chunk=2 start=2048 layer=25 kind=gdn phase=gdn_prep_conv gpu_ms=0.43
[prefill-layer-phase] chunk=2 start=2048 layer=25 kind=gdn phase=gdn_prep_l2 gpu_ms=0.03
[prefill-layer-phase] chunk=2 start=2048 layer=25 kind=gdn phase=gdn_step gpu_ms=1.57
[prefill-layer-phase] chunk=2 start=2048 layer=25 kind=gdn phase=gdn_gated gpu_ms=0.10
[prefill-layer-phase] chunk=2 start=2048 layer=25 kind=gdn phase=gdn_back gpu_ms=1.30
[prefill-layer-phase] chunk=2 start=2048 layer=25 kind=gdn phase=mixer_resid gpu_ms=0.03
[prefill-layer-phase] chunk=2 start=2048 layer=25 kind=moe phase=post_norm gpu_ms=0.02
[prefill-layer-phase] chunk=2 start=2048 layer=25 kind=moe phase=route_fused gpu_ms=0.31
[prefill-layer-phase] chunk=2 start=2048 layer=25 kind=moe phase=routed_swiglu gpu_ms=4.01
[prefill-layer-phase] chunk=2 start=2048 layer=25 kind=moe phase=routed_down gpu_ms=2.36
[prefill-layer-phase] chunk=2 start=2048 layer=25 kind=moe phase=routed_reduce gpu_ms=0.14
[prefill-layer-phase] chunk=2 start=2048 layer=25 kind=moe phase=shared_packed gpu_ms=0.64
[prefill-layer-phase] chunk=2 start=2048 layer=26 kind=gdn phase=pre_norm gpu_ms=0.02
[prefill-layer-phase] chunk=2 start=2048 layer=26 kind=gdn phase=gdn_qkv gpu_ms=2.53
[prefill-layer-phase] chunk=2 start=2048 layer=26 kind=gdn phase=gdn_z gpu_ms=1.29
[prefill-layer-phase] chunk=2 start=2048 layer=26 kind=gdn phase=gdn_beta_alpha gpu_ms=0.18
[prefill-layer-phase] chunk=2 start=2048 layer=26 kind=gdn phase=gdn_alpha_beta gpu_ms=0.01
[prefill-layer-phase] chunk=2 start=2048 layer=26 kind=gdn phase=gdn_prep_conv gpu_ms=0.43
[prefill-layer-phase] chunk=2 start=2048 layer=26 kind=gdn phase=gdn_prep_l2 gpu_ms=0.03
[prefill-layer-phase] chunk=2 start=2048 layer=26 kind=gdn phase=gdn_step gpu_ms=1.59
[prefill-layer-phase] chunk=2 start=2048 layer=26 kind=gdn phase=gdn_gated gpu_ms=0.10
[prefill-layer-phase] chunk=2 start=2048 layer=26 kind=gdn phase=gdn_back gpu_ms=1.30
[prefill-layer-phase] chunk=2 start=2048 layer=26 kind=gdn phase=mixer_resid gpu_ms=0.03
[prefill-layer-phase] chunk=2 start=2048 layer=26 kind=moe phase=post_norm gpu_ms=0.02
[prefill-layer-phase] chunk=2 start=2048 layer=26 kind=moe phase=route_fused gpu_ms=0.31
[prefill-layer-phase] chunk=2 start=2048 layer=26 kind=moe phase=routed_swiglu gpu_ms=4.00
[prefill-layer-phase] chunk=2 start=2048 layer=26 kind=moe phase=routed_down gpu_ms=2.48
[prefill-layer-phase] chunk=2 start=2048 layer=26 kind=moe phase=routed_reduce gpu_ms=0.14
[prefill-layer-phase] chunk=2 start=2048 layer=26 kind=moe phase=shared_packed gpu_ms=0.64
[prefill-layer-phase] chunk=2 start=2048 layer=27 kind=attn phase=pre_norm gpu_ms=0.02
[prefill-attn-phase] chunk=2 start=2048 layer=27 phase=proj gpu_ms=2.91
[prefill-attn-phase] chunk=2 start=2048 layer=27 phase=norm gpu_ms=0.29
[prefill-attn-phase] chunk=2 start=2048 layer=27 phase=rope_scatter gpu_ms=0.05
[prefill-attn-packed-shape] layer=27 chunk_start=2048 chunk_p=1024 group=8 packed_rows=4 qt=2 row_groups=256 dispatches=512 nwg=64 partial_rw_mib=2064.00
[prefill-attn-matrix-g8-shape] layer=27 chunk_start=2048 chunk_p=1024 query_rows=1024 query_tiles=1 n_pos=3072 score_tile_scratch_mib=102.00 vt_stride=4096 vt_layer_mib=4.00 vt_update_base=2048 vt_update_rows=1024 vt_update_mib=1.00
[prefill-attn-phase] chunk=2 start=2048 layer=27 phase=body_matrix_kq gpu_ms=1.62
[prefill-attn-phase] chunk=2 start=2048 layer=27 phase=body_matrix_kqv gpu_ms=1.62
[prefill-layer-phase] chunk=2 start=2048 layer=27 kind=attn phase=attn_back gpu_ms=1.39
[prefill-layer-phase] chunk=2 start=2048 layer=27 kind=attn phase=mixer_resid gpu_ms=0.03
[prefill-layer-phase] chunk=2 start=2048 layer=27 kind=moe phase=post_norm gpu_ms=0.02
[prefill-layer-phase] chunk=2 start=2048 layer=27 kind=moe phase=route_fused gpu_ms=0.31
[prefill-layer-phase] chunk=2 start=2048 layer=27 kind=moe phase=routed_swiglu gpu_ms=4.19
[prefill-layer-phase] chunk=2 start=2048 layer=27 kind=moe phase=routed_down gpu_ms=2.40
[prefill-layer-phase] chunk=2 start=2048 layer=27 kind=moe phase=routed_reduce gpu_ms=0.14
[prefill-layer-phase] chunk=2 start=2048 layer=27 kind=moe phase=shared_packed gpu_ms=0.64
[prefill-layer-phase] chunk=2 start=2048 layer=28 kind=gdn phase=pre_norm gpu_ms=0.02
[prefill-layer-phase] chunk=2 start=2048 layer=28 kind=gdn phase=gdn_qkv gpu_ms=2.53
[prefill-layer-phase] chunk=2 start=2048 layer=28 kind=gdn phase=gdn_z gpu_ms=1.29
[prefill-layer-phase] chunk=2 start=2048 layer=28 kind=gdn phase=gdn_beta_alpha gpu_ms=0.17
[prefill-layer-phase] chunk=2 start=2048 layer=28 kind=gdn phase=gdn_alpha_beta gpu_ms=0.01
[prefill-layer-phase] chunk=2 start=2048 layer=28 kind=gdn phase=gdn_prep_conv gpu_ms=0.43
[prefill-layer-phase] chunk=2 start=2048 layer=28 kind=gdn phase=gdn_prep_l2 gpu_ms=0.03
[prefill-layer-phase] chunk=2 start=2048 layer=28 kind=gdn phase=gdn_step gpu_ms=1.58
[prefill-layer-phase] chunk=2 start=2048 layer=28 kind=gdn phase=gdn_gated gpu_ms=0.10
[prefill-layer-phase] chunk=2 start=2048 layer=28 kind=gdn phase=gdn_back gpu_ms=1.30
[prefill-layer-phase] chunk=2 start=2048 layer=28 kind=gdn phase=mixer_resid gpu_ms=0.03
[prefill-layer-phase] chunk=2 start=2048 layer=28 kind=moe phase=post_norm gpu_ms=0.02
[prefill-layer-phase] chunk=2 start=2048 layer=28 kind=moe phase=route_fused gpu_ms=0.31
[prefill-layer-phase] chunk=2 start=2048 layer=28 kind=moe phase=routed_swiglu gpu_ms=3.84
[prefill-layer-phase] chunk=2 start=2048 layer=28 kind=moe phase=routed_down gpu_ms=2.24
[prefill-layer-phase] chunk=2 start=2048 layer=28 kind=moe phase=routed_reduce gpu_ms=0.15
[prefill-layer-phase] chunk=2 start=2048 layer=28 kind=moe phase=shared_packed gpu_ms=0.64
[prefill-layer-phase] chunk=2 start=2048 layer=29 kind=gdn phase=pre_norm gpu_ms=0.02
[prefill-layer-phase] chunk=2 start=2048 layer=29 kind=gdn phase=gdn_qkv gpu_ms=2.53
[prefill-layer-phase] chunk=2 start=2048 layer=29 kind=gdn phase=gdn_z gpu_ms=1.29
[prefill-layer-phase] chunk=2 start=2048 layer=29 kind=gdn phase=gdn_beta_alpha gpu_ms=0.18
[prefill-layer-phase] chunk=2 start=2048 layer=29 kind=gdn phase=gdn_alpha_beta gpu_ms=0.01
[prefill-layer-phase] chunk=2 start=2048 layer=29 kind=gdn phase=gdn_prep_conv gpu_ms=0.43
[prefill-layer-phase] chunk=2 start=2048 layer=29 kind=gdn phase=gdn_prep_l2 gpu_ms=0.03
[prefill-layer-phase] chunk=2 start=2048 layer=29 kind=gdn phase=gdn_step gpu_ms=1.56
[prefill-layer-phase] chunk=2 start=2048 layer=29 kind=gdn phase=gdn_gated gpu_ms=0.11
[prefill-layer-phase] chunk=2 start=2048 layer=29 kind=gdn phase=gdn_back gpu_ms=1.30
[prefill-layer-phase] chunk=2 start=2048 layer=29 kind=gdn phase=mixer_resid gpu_ms=0.03
[prefill-layer-phase] chunk=2 start=2048 layer=29 kind=moe phase=post_norm gpu_ms=0.02
[prefill-layer-phase] chunk=2 start=2048 layer=29 kind=moe phase=route_fused gpu_ms=0.31
[prefill-layer-phase] chunk=2 start=2048 layer=29 kind=moe phase=routed_swiglu gpu_ms=3.96
[prefill-layer-phase] chunk=2 start=2048 layer=29 kind=moe phase=routed_down gpu_ms=2.30
[prefill-layer-phase] chunk=2 start=2048 layer=29 kind=moe phase=routed_reduce gpu_ms=0.14
[prefill-layer-phase] chunk=2 start=2048 layer=29 kind=moe phase=shared_packed gpu_ms=0.63
[prefill-layer-phase] chunk=2 start=2048 layer=30 kind=gdn phase=pre_norm gpu_ms=0.02
[prefill-layer-phase] chunk=2 start=2048 layer=30 kind=gdn phase=gdn_qkv gpu_ms=2.53
[prefill-layer-phase] chunk=2 start=2048 layer=30 kind=gdn phase=gdn_z gpu_ms=1.29
[prefill-layer-phase] chunk=2 start=2048 layer=30 kind=gdn phase=gdn_beta_alpha gpu_ms=0.17
[prefill-layer-phase] chunk=2 start=2048 layer=30 kind=gdn phase=gdn_alpha_beta gpu_ms=0.01
[prefill-layer-phase] chunk=2 start=2048 layer=30 kind=gdn phase=gdn_prep_conv gpu_ms=0.43
[prefill-layer-phase] chunk=2 start=2048 layer=30 kind=gdn phase=gdn_prep_l2 gpu_ms=0.03
[prefill-layer-phase] chunk=2 start=2048 layer=30 kind=gdn phase=gdn_step gpu_ms=1.55
[prefill-layer-phase] chunk=2 start=2048 layer=30 kind=gdn phase=gdn_gated gpu_ms=0.10
[prefill-layer-phase] chunk=2 start=2048 layer=30 kind=gdn phase=gdn_back gpu_ms=1.30
[prefill-layer-phase] chunk=2 start=2048 layer=30 kind=gdn phase=mixer_resid gpu_ms=0.03
[prefill-layer-phase] chunk=2 start=2048 layer=30 kind=moe phase=post_norm gpu_ms=0.02
[prefill-layer-phase] chunk=2 start=2048 layer=30 kind=moe phase=route_fused gpu_ms=0.31
[prefill-layer-phase] chunk=2 start=2048 layer=30 kind=moe phase=routed_swiglu gpu_ms=4.00
[prefill-layer-phase] chunk=2 start=2048 layer=30 kind=moe phase=routed_down gpu_ms=2.44
[prefill-layer-phase] chunk=2 start=2048 layer=30 kind=moe phase=routed_reduce gpu_ms=0.14
[prefill-layer-phase] chunk=2 start=2048 layer=30 kind=moe phase=shared_packed gpu_ms=0.64
[prefill-layer-phase] chunk=2 start=2048 layer=31 kind=attn phase=pre_norm gpu_ms=0.02
[prefill-attn-phase] chunk=2 start=2048 layer=31 phase=proj gpu_ms=2.92
[prefill-attn-phase] chunk=2 start=2048 layer=31 phase=norm gpu_ms=0.29
[prefill-attn-phase] chunk=2 start=2048 layer=31 phase=rope_scatter gpu_ms=0.05
[prefill-attn-packed-shape] layer=31 chunk_start=2048 chunk_p=1024 group=8 packed_rows=4 qt=2 row_groups=256 dispatches=512 nwg=64 partial_rw_mib=2064.00
[prefill-attn-matrix-g8-shape] layer=31 chunk_start=2048 chunk_p=1024 query_rows=1024 query_tiles=1 n_pos=3072 score_tile_scratch_mib=102.00 vt_stride=4096 vt_layer_mib=4.00 vt_update_base=2048 vt_update_rows=1024 vt_update_mib=1.00
[prefill-attn-phase] chunk=2 start=2048 layer=31 phase=body_matrix_kq gpu_ms=1.62
[prefill-attn-phase] chunk=2 start=2048 layer=31 phase=body_matrix_kqv gpu_ms=1.62
[prefill-layer-phase] chunk=2 start=2048 layer=31 kind=attn phase=attn_back gpu_ms=1.39
[prefill-layer-phase] chunk=2 start=2048 layer=31 kind=attn phase=mixer_resid gpu_ms=0.03
[prefill-layer-phase] chunk=2 start=2048 layer=31 kind=moe phase=post_norm gpu_ms=0.02
[prefill-layer-phase] chunk=2 start=2048 layer=31 kind=moe phase=route_fused gpu_ms=0.31
[prefill-layer-phase] chunk=2 start=2048 layer=31 kind=moe phase=routed_swiglu gpu_ms=3.83
[prefill-layer-phase] chunk=2 start=2048 layer=31 kind=moe phase=routed_down gpu_ms=2.27
[prefill-layer-phase] chunk=2 start=2048 layer=31 kind=moe phase=routed_reduce gpu_ms=0.14
[prefill-layer-phase] chunk=2 start=2048 layer=31 kind=moe phase=shared_packed gpu_ms=0.64
[prefill-layer-phase] chunk=2 start=2048 layer=32 kind=gdn phase=pre_norm gpu_ms=0.02
[prefill-layer-phase] chunk=2 start=2048 layer=32 kind=gdn phase=gdn_qkv gpu_ms=2.53
[prefill-layer-phase] chunk=2 start=2048 layer=32 kind=gdn phase=gdn_z gpu_ms=1.29
[prefill-layer-phase] chunk=2 start=2048 layer=32 kind=gdn phase=gdn_beta_alpha gpu_ms=0.18
[prefill-layer-phase] chunk=2 start=2048 layer=32 kind=gdn phase=gdn_alpha_beta gpu_ms=0.00
[prefill-layer-phase] chunk=2 start=2048 layer=32 kind=gdn phase=gdn_prep_conv gpu_ms=0.43
[prefill-layer-phase] chunk=2 start=2048 layer=32 kind=gdn phase=gdn_prep_l2 gpu_ms=0.03
[prefill-layer-phase] chunk=2 start=2048 layer=32 kind=gdn phase=gdn_step gpu_ms=1.56
[prefill-layer-phase] chunk=2 start=2048 layer=32 kind=gdn phase=gdn_gated gpu_ms=0.10
[prefill-layer-phase] chunk=2 start=2048 layer=32 kind=gdn phase=gdn_back gpu_ms=1.30
[prefill-layer-phase] chunk=2 start=2048 layer=32 kind=gdn phase=mixer_resid gpu_ms=0.03
[prefill-layer-phase] chunk=2 start=2048 layer=32 kind=moe phase=post_norm gpu_ms=0.02
[prefill-layer-phase] chunk=2 start=2048 layer=32 kind=moe phase=route_fused gpu_ms=0.31
[prefill-layer-phase] chunk=2 start=2048 layer=32 kind=moe phase=routed_swiglu gpu_ms=3.91
[prefill-layer-phase] chunk=2 start=2048 layer=32 kind=moe phase=routed_down gpu_ms=2.23
[prefill-layer-phase] chunk=2 start=2048 layer=32 kind=moe phase=routed_reduce gpu_ms=0.14
[prefill-layer-phase] chunk=2 start=2048 layer=32 kind=moe phase=shared_packed gpu_ms=0.64
[prefill-layer-phase] chunk=2 start=2048 layer=33 kind=gdn phase=pre_norm gpu_ms=0.02
[prefill-layer-phase] chunk=2 start=2048 layer=33 kind=gdn phase=gdn_qkv gpu_ms=2.53
[prefill-layer-phase] chunk=2 start=2048 layer=33 kind=gdn phase=gdn_z gpu_ms=1.29
[prefill-layer-phase] chunk=2 start=2048 layer=33 kind=gdn phase=gdn_beta_alpha gpu_ms=0.17
[prefill-layer-phase] chunk=2 start=2048 layer=33 kind=gdn phase=gdn_alpha_beta gpu_ms=0.00
[prefill-layer-phase] chunk=2 start=2048 layer=33 kind=gdn phase=gdn_prep_conv gpu_ms=0.43
[prefill-layer-phase] chunk=2 start=2048 layer=33 kind=gdn phase=gdn_prep_l2 gpu_ms=0.03
[prefill-layer-phase] chunk=2 start=2048 layer=33 kind=gdn phase=gdn_step gpu_ms=1.53
[prefill-layer-phase] chunk=2 start=2048 layer=33 kind=gdn phase=gdn_gated gpu_ms=0.10
[prefill-layer-phase] chunk=2 start=2048 layer=33 kind=gdn phase=gdn_back gpu_ms=1.30
[prefill-layer-phase] chunk=2 start=2048 layer=33 kind=gdn phase=mixer_resid gpu_ms=0.03
[prefill-layer-phase] chunk=2 start=2048 layer=33 kind=moe phase=post_norm gpu_ms=0.02
[prefill-layer-phase] chunk=2 start=2048 layer=33 kind=moe phase=route_fused gpu_ms=0.31
[prefill-layer-phase] chunk=2 start=2048 layer=33 kind=moe phase=routed_swiglu gpu_ms=4.04
[prefill-layer-phase] chunk=2 start=2048 layer=33 kind=moe phase=routed_down gpu_ms=2.46
[prefill-layer-phase] chunk=2 start=2048 layer=33 kind=moe phase=routed_reduce gpu_ms=0.14
[prefill-layer-phase] chunk=2 start=2048 layer=33 kind=moe phase=shared_packed gpu_ms=0.63
[prefill-layer-phase] chunk=2 start=2048 layer=34 kind=gdn phase=pre_norm gpu_ms=0.02
[prefill-layer-phase] chunk=2 start=2048 layer=34 kind=gdn phase=gdn_qkv gpu_ms=2.53
[prefill-layer-phase] chunk=2 start=2048 layer=34 kind=gdn phase=gdn_z gpu_ms=1.29
[prefill-layer-phase] chunk=2 start=2048 layer=34 kind=gdn phase=gdn_beta_alpha gpu_ms=0.17
[prefill-layer-phase] chunk=2 start=2048 layer=34 kind=gdn phase=gdn_alpha_beta gpu_ms=0.01
[prefill-layer-phase] chunk=2 start=2048 layer=34 kind=gdn phase=gdn_prep_conv gpu_ms=0.43
[prefill-layer-phase] chunk=2 start=2048 layer=34 kind=gdn phase=gdn_prep_l2 gpu_ms=0.03
[prefill-layer-phase] chunk=2 start=2048 layer=34 kind=gdn phase=gdn_step gpu_ms=1.57
[prefill-layer-phase] chunk=2 start=2048 layer=34 kind=gdn phase=gdn_gated gpu_ms=0.10
[prefill-layer-phase] chunk=2 start=2048 layer=34 kind=gdn phase=gdn_back gpu_ms=1.30
[prefill-layer-phase] chunk=2 start=2048 layer=34 kind=gdn phase=mixer_resid gpu_ms=0.03
[prefill-layer-phase] chunk=2 start=2048 layer=34 kind=moe phase=post_norm gpu_ms=0.02
[prefill-layer-phase] chunk=2 start=2048 layer=34 kind=moe phase=route_fused gpu_ms=0.31
[prefill-layer-phase] chunk=2 start=2048 layer=34 kind=moe phase=routed_swiglu gpu_ms=3.91
[prefill-layer-phase] chunk=2 start=2048 layer=34 kind=moe phase=routed_down gpu_ms=2.24
[prefill-layer-phase] chunk=2 start=2048 layer=34 kind=moe phase=routed_reduce gpu_ms=0.14
[prefill-layer-phase] chunk=2 start=2048 layer=34 kind=moe phase=shared_packed gpu_ms=0.64
[prefill-layer-phase] chunk=2 start=2048 layer=35 kind=attn phase=pre_norm gpu_ms=0.02
[prefill-attn-phase] chunk=2 start=2048 layer=35 phase=proj gpu_ms=2.91
[prefill-attn-phase] chunk=2 start=2048 layer=35 phase=norm gpu_ms=0.29
[prefill-attn-phase] chunk=2 start=2048 layer=35 phase=rope_scatter gpu_ms=0.05
[prefill-attn-packed-shape] layer=35 chunk_start=2048 chunk_p=1024 group=8 packed_rows=4 qt=2 row_groups=256 dispatches=512 nwg=64 partial_rw_mib=2064.00
[prefill-attn-matrix-g8-shape] layer=35 chunk_start=2048 chunk_p=1024 query_rows=1024 query_tiles=1 n_pos=3072 score_tile_scratch_mib=102.00 vt_stride=4096 vt_layer_mib=4.00 vt_update_base=2048 vt_update_rows=1024 vt_update_mib=1.00
[prefill-attn-phase] chunk=2 start=2048 layer=35 phase=body_matrix_kq gpu_ms=1.62
[prefill-attn-phase] chunk=2 start=2048 layer=35 phase=body_matrix_kqv gpu_ms=1.62
[prefill-layer-phase] chunk=2 start=2048 layer=35 kind=attn phase=attn_back gpu_ms=1.39
[prefill-layer-phase] chunk=2 start=2048 layer=35 kind=attn phase=mixer_resid gpu_ms=0.03
[prefill-layer-phase] chunk=2 start=2048 layer=35 kind=moe phase=post_norm gpu_ms=0.02
[prefill-layer-phase] chunk=2 start=2048 layer=35 kind=moe phase=route_fused gpu_ms=0.31
[prefill-layer-phase] chunk=2 start=2048 layer=35 kind=moe phase=routed_swiglu gpu_ms=4.02
[prefill-layer-phase] chunk=2 start=2048 layer=35 kind=moe phase=routed_down gpu_ms=2.49
[prefill-layer-phase] chunk=2 start=2048 layer=35 kind=moe phase=routed_reduce gpu_ms=0.14
[prefill-layer-phase] chunk=2 start=2048 layer=35 kind=moe phase=shared_packed gpu_ms=0.64
[prefill-layer-phase] chunk=2 start=2048 layer=36 kind=gdn phase=pre_norm gpu_ms=0.02
[prefill-layer-phase] chunk=2 start=2048 layer=36 kind=gdn phase=gdn_qkv gpu_ms=2.53
[prefill-layer-phase] chunk=2 start=2048 layer=36 kind=gdn phase=gdn_z gpu_ms=1.29
[prefill-layer-phase] chunk=2 start=2048 layer=36 kind=gdn phase=gdn_beta_alpha gpu_ms=0.17
[prefill-layer-phase] chunk=2 start=2048 layer=36 kind=gdn phase=gdn_alpha_beta gpu_ms=0.01
[prefill-layer-phase] chunk=2 start=2048 layer=36 kind=gdn phase=gdn_prep_conv gpu_ms=0.43
[prefill-layer-phase] chunk=2 start=2048 layer=36 kind=gdn phase=gdn_prep_l2 gpu_ms=0.03
[prefill-layer-phase] chunk=2 start=2048 layer=36 kind=gdn phase=gdn_step gpu_ms=1.56
[prefill-layer-phase] chunk=2 start=2048 layer=36 kind=gdn phase=gdn_gated gpu_ms=0.10
[prefill-layer-phase] chunk=2 start=2048 layer=36 kind=gdn phase=gdn_back gpu_ms=1.30
[prefill-layer-phase] chunk=2 start=2048 layer=36 kind=gdn phase=mixer_resid gpu_ms=0.03
[prefill-layer-phase] chunk=2 start=2048 layer=36 kind=moe phase=post_norm gpu_ms=0.03
[prefill-layer-phase] chunk=2 start=2048 layer=36 kind=moe phase=route_fused gpu_ms=0.31
[prefill-layer-phase] chunk=2 start=2048 layer=36 kind=moe phase=routed_swiglu gpu_ms=4.01
[prefill-layer-phase] chunk=2 start=2048 layer=36 kind=moe phase=routed_down gpu_ms=2.34
[prefill-layer-phase] chunk=2 start=2048 layer=36 kind=moe phase=routed_reduce gpu_ms=0.14
[prefill-layer-phase] chunk=2 start=2048 layer=36 kind=moe phase=shared_packed gpu_ms=0.64
[prefill-layer-phase] chunk=2 start=2048 layer=37 kind=gdn phase=pre_norm gpu_ms=0.02
[prefill-layer-phase] chunk=2 start=2048 layer=37 kind=gdn phase=gdn_qkv gpu_ms=2.53
[prefill-layer-phase] chunk=2 start=2048 layer=37 kind=gdn phase=gdn_z gpu_ms=1.29
[prefill-layer-phase] chunk=2 start=2048 layer=37 kind=gdn phase=gdn_beta_alpha gpu_ms=0.17
[prefill-layer-phase] chunk=2 start=2048 layer=37 kind=gdn phase=gdn_alpha_beta gpu_ms=0.00
[prefill-layer-phase] chunk=2 start=2048 layer=37 kind=gdn phase=gdn_prep_conv gpu_ms=0.43
[prefill-layer-phase] chunk=2 start=2048 layer=37 kind=gdn phase=gdn_prep_l2 gpu_ms=0.03
[prefill-layer-phase] chunk=2 start=2048 layer=37 kind=gdn phase=gdn_step gpu_ms=1.58
[prefill-layer-phase] chunk=2 start=2048 layer=37 kind=gdn phase=gdn_gated gpu_ms=0.10
[prefill-layer-phase] chunk=2 start=2048 layer=37 kind=gdn phase=gdn_back gpu_ms=1.30
[prefill-layer-phase] chunk=2 start=2048 layer=37 kind=gdn phase=mixer_resid gpu_ms=0.03
[prefill-layer-phase] chunk=2 start=2048 layer=37 kind=moe phase=post_norm gpu_ms=0.02
[prefill-layer-phase] chunk=2 start=2048 layer=37 kind=moe phase=route_fused gpu_ms=0.31
[prefill-layer-phase] chunk=2 start=2048 layer=37 kind=moe phase=routed_swiglu gpu_ms=3.78
[prefill-layer-phase] chunk=2 start=2048 layer=37 kind=moe phase=routed_down gpu_ms=2.18
[prefill-layer-phase] chunk=2 start=2048 layer=37 kind=moe phase=routed_reduce gpu_ms=0.14
[prefill-layer-phase] chunk=2 start=2048 layer=37 kind=moe phase=shared_packed gpu_ms=0.64
[prefill-layer-phase] chunk=2 start=2048 layer=38 kind=gdn phase=pre_norm gpu_ms=0.02
[prefill-layer-phase] chunk=2 start=2048 layer=38 kind=gdn phase=gdn_qkv gpu_ms=2.53
[prefill-layer-phase] chunk=2 start=2048 layer=38 kind=gdn phase=gdn_z gpu_ms=1.29
[prefill-layer-phase] chunk=2 start=2048 layer=38 kind=gdn phase=gdn_beta_alpha gpu_ms=0.17
[prefill-layer-phase] chunk=2 start=2048 layer=38 kind=gdn phase=gdn_alpha_beta gpu_ms=0.00
[prefill-layer-phase] chunk=2 start=2048 layer=38 kind=gdn phase=gdn_prep_conv gpu_ms=0.43
[prefill-layer-phase] chunk=2 start=2048 layer=38 kind=gdn phase=gdn_prep_l2 gpu_ms=0.03
[prefill-layer-phase] chunk=2 start=2048 layer=38 kind=gdn phase=gdn_step gpu_ms=1.58
[prefill-layer-phase] chunk=2 start=2048 layer=38 kind=gdn phase=gdn_gated gpu_ms=0.10
[prefill-layer-phase] chunk=2 start=2048 layer=38 kind=gdn phase=gdn_back gpu_ms=1.30
[prefill-layer-phase] chunk=2 start=2048 layer=38 kind=gdn phase=mixer_resid gpu_ms=0.03
[prefill-layer-phase] chunk=2 start=2048 layer=38 kind=moe phase=post_norm gpu_ms=0.02
[prefill-layer-phase] chunk=2 start=2048 layer=38 kind=moe phase=route_fused gpu_ms=0.31
[prefill-layer-phase] chunk=2 start=2048 layer=38 kind=moe phase=routed_swiglu gpu_ms=3.93
[prefill-layer-phase] chunk=2 start=2048 layer=38 kind=moe phase=routed_down gpu_ms=2.06
[prefill-layer-phase] chunk=2 start=2048 layer=38 kind=moe phase=routed_reduce gpu_ms=0.14
[prefill-layer-phase] chunk=2 start=2048 layer=38 kind=moe phase=shared_packed gpu_ms=0.64
[prefill-layer-phase] chunk=2 start=2048 layer=39 kind=attn phase=pre_norm gpu_ms=0.02
[prefill-attn-phase] chunk=2 start=2048 layer=39 phase=proj gpu_ms=2.91
[prefill-attn-phase] chunk=2 start=2048 layer=39 phase=norm gpu_ms=0.28
[prefill-attn-phase] chunk=2 start=2048 layer=39 phase=rope_scatter gpu_ms=0.06
[prefill-attn-packed-shape] layer=39 chunk_start=2048 chunk_p=1024 group=8 packed_rows=4 qt=2 row_groups=256 dispatches=512 nwg=64 partial_rw_mib=2064.00
[prefill-attn-matrix-g8-shape] layer=39 chunk_start=2048 chunk_p=1024 query_rows=1024 query_tiles=1 n_pos=3072 score_tile_scratch_mib=102.00 vt_stride=4096 vt_layer_mib=4.00 vt_update_base=2048 vt_update_rows=1024 vt_update_mib=1.00
[prefill-attn-phase] chunk=2 start=2048 layer=39 phase=body_matrix_kq gpu_ms=1.62
[prefill-attn-phase] chunk=2 start=2048 layer=39 phase=body_matrix_kqv gpu_ms=1.62
[prefill-layer-phase] chunk=2 start=2048 layer=39 kind=attn phase=attn_back gpu_ms=1.39
[prefill-layer-phase] chunk=2 start=2048 layer=39 kind=attn phase=mixer_resid gpu_ms=0.03
[prefill-layer-phase] chunk=2 start=2048 layer=39 kind=moe phase=post_norm gpu_ms=0.02
[prefill-layer-phase] chunk=2 start=2048 layer=39 kind=moe phase=route_fused gpu_ms=0.31
[prefill-layer-phase] chunk=2 start=2048 layer=39 kind=moe phase=routed_swiglu gpu_ms=3.80
[prefill-layer-phase] chunk=2 start=2048 layer=39 kind=moe phase=routed_down gpu_ms=2.02
[prefill-layer-phase] chunk=2 start=2048 layer=39 kind=moe phase=routed_reduce gpu_ms=0.14
[prefill-layer-phase] chunk=2 start=2048 layer=39 kind=moe phase=shared_packed gpu_ms=0.64
[prefill-layer-phase] chunk=3 start=3072 layer=0 kind=gdn phase=pre_norm gpu_ms=0.15
[prefill-layer-phase] chunk=3 start=3072 layer=0 kind=gdn phase=gdn_qkv gpu_ms=2.53
[prefill-layer-phase] chunk=3 start=3072 layer=0 kind=gdn phase=gdn_z gpu_ms=1.29
[prefill-layer-phase] chunk=3 start=3072 layer=0 kind=gdn phase=gdn_beta_alpha gpu_ms=0.17
[prefill-layer-phase] chunk=3 start=3072 layer=0 kind=gdn phase=gdn_alpha_beta gpu_ms=0.00
[prefill-layer-phase] chunk=3 start=3072 layer=0 kind=gdn phase=gdn_prep_conv gpu_ms=0.43
[prefill-layer-phase] chunk=3 start=3072 layer=0 kind=gdn phase=gdn_prep_l2 gpu_ms=0.03
[prefill-layer-phase] chunk=3 start=3072 layer=0 kind=gdn phase=gdn_step gpu_ms=1.60
[prefill-layer-phase] chunk=3 start=3072 layer=0 kind=gdn phase=gdn_gated gpu_ms=0.10
[prefill-layer-phase] chunk=3 start=3072 layer=0 kind=gdn phase=gdn_back gpu_ms=1.30
[prefill-layer-phase] chunk=3 start=3072 layer=0 kind=gdn phase=mixer_resid gpu_ms=0.03
[prefill-layer-phase] chunk=3 start=3072 layer=0 kind=moe phase=post_norm gpu_ms=0.02
[prefill-layer-phase] chunk=3 start=3072 layer=0 kind=moe phase=route_fused gpu_ms=0.31
[prefill-layer-phase] chunk=3 start=3072 layer=0 kind=moe phase=routed_swiglu gpu_ms=4.39
[prefill-layer-phase] chunk=3 start=3072 layer=0 kind=moe phase=routed_down gpu_ms=2.67
[prefill-layer-phase] chunk=3 start=3072 layer=0 kind=moe phase=routed_reduce gpu_ms=0.14
[prefill-layer-phase] chunk=3 start=3072 layer=0 kind=moe phase=shared_packed gpu_ms=0.64
[prefill-layer-phase] chunk=3 start=3072 layer=1 kind=gdn phase=pre_norm gpu_ms=0.02
[prefill-layer-phase] chunk=3 start=3072 layer=1 kind=gdn phase=gdn_qkv gpu_ms=2.53
[prefill-layer-phase] chunk=3 start=3072 layer=1 kind=gdn phase=gdn_z gpu_ms=1.29
[prefill-layer-phase] chunk=3 start=3072 layer=1 kind=gdn phase=gdn_beta_alpha gpu_ms=0.18
[prefill-layer-phase] chunk=3 start=3072 layer=1 kind=gdn phase=gdn_alpha_beta gpu_ms=0.00
[prefill-layer-phase] chunk=3 start=3072 layer=1 kind=gdn phase=gdn_prep_conv gpu_ms=0.43
[prefill-layer-phase] chunk=3 start=3072 layer=1 kind=gdn phase=gdn_prep_l2 gpu_ms=0.03
[prefill-layer-phase] chunk=3 start=3072 layer=1 kind=gdn phase=gdn_step gpu_ms=1.59
[prefill-layer-phase] chunk=3 start=3072 layer=1 kind=gdn phase=gdn_gated gpu_ms=0.10
[prefill-layer-phase] chunk=3 start=3072 layer=1 kind=gdn phase=gdn_back gpu_ms=1.30
[prefill-layer-phase] chunk=3 start=3072 layer=1 kind=gdn phase=mixer_resid gpu_ms=0.03
[prefill-layer-phase] chunk=3 start=3072 layer=1 kind=moe phase=post_norm gpu_ms=0.02
[prefill-layer-phase] chunk=3 start=3072 layer=1 kind=moe phase=route_fused gpu_ms=0.30
[prefill-layer-phase] chunk=3 start=3072 layer=1 kind=moe phase=routed_swiglu gpu_ms=4.35
[prefill-layer-phase] chunk=3 start=3072 layer=1 kind=moe phase=routed_down gpu_ms=2.58
[prefill-layer-phase] chunk=3 start=3072 layer=1 kind=moe phase=routed_reduce gpu_ms=0.14
[prefill-layer-phase] chunk=3 start=3072 layer=1 kind=moe phase=shared_packed gpu_ms=0.64
[prefill-layer-phase] chunk=3 start=3072 layer=2 kind=gdn phase=pre_norm gpu_ms=0.02
[prefill-layer-phase] chunk=3 start=3072 layer=2 kind=gdn phase=gdn_qkv gpu_ms=2.53
[prefill-layer-phase] chunk=3 start=3072 layer=2 kind=gdn phase=gdn_z gpu_ms=1.29
[prefill-layer-phase] chunk=3 start=3072 layer=2 kind=gdn phase=gdn_beta_alpha gpu_ms=0.17
[prefill-layer-phase] chunk=3 start=3072 layer=2 kind=gdn phase=gdn_alpha_beta gpu_ms=0.00
[prefill-layer-phase] chunk=3 start=3072 layer=2 kind=gdn phase=gdn_prep_conv gpu_ms=0.43
[prefill-layer-phase] chunk=3 start=3072 layer=2 kind=gdn phase=gdn_prep_l2 gpu_ms=0.03
[prefill-layer-phase] chunk=3 start=3072 layer=2 kind=gdn phase=gdn_step gpu_ms=1.60
[prefill-layer-phase] chunk=3 start=3072 layer=2 kind=gdn phase=gdn_gated gpu_ms=0.10
[prefill-layer-phase] chunk=3 start=3072 layer=2 kind=gdn phase=gdn_back gpu_ms=1.30
[prefill-layer-phase] chunk=3 start=3072 layer=2 kind=gdn phase=mixer_resid gpu_ms=0.03
[prefill-layer-phase] chunk=3 start=3072 layer=2 kind=moe phase=post_norm gpu_ms=0.02
[prefill-layer-phase] chunk=3 start=3072 layer=2 kind=moe phase=route_fused gpu_ms=0.31
[prefill-layer-phase] chunk=3 start=3072 layer=2 kind=moe phase=routed_swiglu gpu_ms=4.35
[prefill-layer-phase] chunk=3 start=3072 layer=2 kind=moe phase=routed_down gpu_ms=2.66
[prefill-layer-phase] chunk=3 start=3072 layer=2 kind=moe phase=routed_reduce gpu_ms=0.14
[prefill-layer-phase] chunk=3 start=3072 layer=2 kind=moe phase=shared_packed gpu_ms=0.64
[prefill-layer-phase] chunk=3 start=3072 layer=3 kind=attn phase=pre_norm gpu_ms=0.02
[prefill-attn-phase] chunk=3 start=3072 layer=3 phase=proj gpu_ms=2.92
[prefill-attn-phase] chunk=3 start=3072 layer=3 phase=norm gpu_ms=0.29
[prefill-attn-phase] chunk=3 start=3072 layer=3 phase=rope_scatter gpu_ms=0.05
[prefill-attn-packed-shape] layer=3 chunk_start=3072 chunk_p=1024 group=8 packed_rows=4 qt=2 row_groups=256 dispatches=512 nwg=64 partial_rw_mib=2064.00
[prefill-attn-matrix-g8-shape] layer=3 chunk_start=3072 chunk_p=1024 query_rows=1024 query_tiles=1 n_pos=4096 score_tile_scratch_mib=136.00 vt_stride=4096 vt_layer_mib=4.00 vt_update_base=3072 vt_update_rows=1024 vt_update_mib=1.00
[prefill-attn-phase] chunk=3 start=3072 layer=3 phase=body_matrix_kq gpu_ms=2.26
[prefill-attn-phase] chunk=3 start=3072 layer=3 phase=body_matrix_kqv gpu_ms=2.26
[prefill-layer-phase] chunk=3 start=3072 layer=3 kind=attn phase=attn_back gpu_ms=1.39
[prefill-layer-phase] chunk=3 start=3072 layer=3 kind=attn phase=mixer_resid gpu_ms=0.03
[prefill-layer-phase] chunk=3 start=3072 layer=3 kind=moe phase=post_norm gpu_ms=0.02
[prefill-layer-phase] chunk=3 start=3072 layer=3 kind=moe phase=route_fused gpu_ms=0.31
[prefill-layer-phase] chunk=3 start=3072 layer=3 kind=moe phase=routed_swiglu gpu_ms=4.32
[prefill-layer-phase] chunk=3 start=3072 layer=3 kind=moe phase=routed_down gpu_ms=2.72
[prefill-layer-phase] chunk=3 start=3072 layer=3 kind=moe phase=routed_reduce gpu_ms=0.14
[prefill-layer-phase] chunk=3 start=3072 layer=3 kind=moe phase=shared_packed gpu_ms=0.64
[prefill-layer-phase] chunk=3 start=3072 layer=4 kind=gdn phase=pre_norm gpu_ms=0.02
[prefill-layer-phase] chunk=3 start=3072 layer=4 kind=gdn phase=gdn_qkv gpu_ms=2.53
[prefill-layer-phase] chunk=3 start=3072 layer=4 kind=gdn phase=gdn_z gpu_ms=1.29
[prefill-layer-phase] chunk=3 start=3072 layer=4 kind=gdn phase=gdn_beta_alpha gpu_ms=0.17
[prefill-layer-phase] chunk=3 start=3072 layer=4 kind=gdn phase=gdn_alpha_beta gpu_ms=0.01
[prefill-layer-phase] chunk=3 start=3072 layer=4 kind=gdn phase=gdn_prep_conv gpu_ms=0.43
[prefill-layer-phase] chunk=3 start=3072 layer=4 kind=gdn phase=gdn_prep_l2 gpu_ms=0.03
[prefill-layer-phase] chunk=3 start=3072 layer=4 kind=gdn phase=gdn_step gpu_ms=1.58
[prefill-layer-phase] chunk=3 start=3072 layer=4 kind=gdn phase=gdn_gated gpu_ms=0.10
[prefill-layer-phase] chunk=3 start=3072 layer=4 kind=gdn phase=gdn_back gpu_ms=1.30
[prefill-layer-phase] chunk=3 start=3072 layer=4 kind=gdn phase=mixer_resid gpu_ms=0.03
[prefill-layer-phase] chunk=3 start=3072 layer=4 kind=moe phase=post_norm gpu_ms=0.02
[prefill-layer-phase] chunk=3 start=3072 layer=4 kind=moe phase=route_fused gpu_ms=0.31
[prefill-layer-phase] chunk=3 start=3072 layer=4 kind=moe phase=routed_swiglu gpu_ms=4.28
[prefill-layer-phase] chunk=3 start=3072 layer=4 kind=moe phase=routed_down gpu_ms=2.66
[prefill-layer-phase] chunk=3 start=3072 layer=4 kind=moe phase=routed_reduce gpu_ms=0.14
[prefill-layer-phase] chunk=3 start=3072 layer=4 kind=moe phase=shared_packed gpu_ms=0.64
[prefill-layer-phase] chunk=3 start=3072 layer=5 kind=gdn phase=pre_norm gpu_ms=0.02
[prefill-layer-phase] chunk=3 start=3072 layer=5 kind=gdn phase=gdn_qkv gpu_ms=2.53
[prefill-layer-phase] chunk=3 start=3072 layer=5 kind=gdn phase=gdn_z gpu_ms=1.29
[prefill-layer-phase] chunk=3 start=3072 layer=5 kind=gdn phase=gdn_beta_alpha gpu_ms=0.17
[prefill-layer-phase] chunk=3 start=3072 layer=5 kind=gdn phase=gdn_alpha_beta gpu_ms=0.01
[prefill-layer-phase] chunk=3 start=3072 layer=5 kind=gdn phase=gdn_prep_conv gpu_ms=0.43
[prefill-layer-phase] chunk=3 start=3072 layer=5 kind=gdn phase=gdn_prep_l2 gpu_ms=0.03
[prefill-layer-phase] chunk=3 start=3072 layer=5 kind=gdn phase=gdn_step gpu_ms=1.57
[prefill-layer-phase] chunk=3 start=3072 layer=5 kind=gdn phase=gdn_gated gpu_ms=0.10
[prefill-layer-phase] chunk=3 start=3072 layer=5 kind=gdn phase=gdn_back gpu_ms=1.30
[prefill-layer-phase] chunk=3 start=3072 layer=5 kind=gdn phase=mixer_resid gpu_ms=0.03
[prefill-layer-phase] chunk=3 start=3072 layer=5 kind=moe phase=post_norm gpu_ms=0.02
[prefill-layer-phase] chunk=3 start=3072 layer=5 kind=moe phase=route_fused gpu_ms=0.31
[prefill-layer-phase] chunk=3 start=3072 layer=5 kind=moe phase=routed_swiglu gpu_ms=4.36
[prefill-layer-phase] chunk=3 start=3072 layer=5 kind=moe phase=routed_down gpu_ms=2.70
[prefill-layer-phase] chunk=3 start=3072 layer=5 kind=moe phase=routed_reduce gpu_ms=0.13
[prefill-layer-phase] chunk=3 start=3072 layer=5 kind=moe phase=shared_packed gpu_ms=0.64
[prefill-layer-phase] chunk=3 start=3072 layer=6 kind=gdn phase=pre_norm gpu_ms=0.02
[prefill-layer-phase] chunk=3 start=3072 layer=6 kind=gdn phase=gdn_qkv gpu_ms=2.53
[prefill-layer-phase] chunk=3 start=3072 layer=6 kind=gdn phase=gdn_z gpu_ms=1.29
[prefill-layer-phase] chunk=3 start=3072 layer=6 kind=gdn phase=gdn_beta_alpha gpu_ms=0.17
[prefill-layer-phase] chunk=3 start=3072 layer=6 kind=gdn phase=gdn_alpha_beta gpu_ms=0.00
[prefill-layer-phase] chunk=3 start=3072 layer=6 kind=gdn phase=gdn_prep_conv gpu_ms=0.43
[prefill-layer-phase] chunk=3 start=3072 layer=6 kind=gdn phase=gdn_prep_l2 gpu_ms=0.03
[prefill-layer-phase] chunk=3 start=3072 layer=6 kind=gdn phase=gdn_step gpu_ms=1.60
[prefill-layer-phase] chunk=3 start=3072 layer=6 kind=gdn phase=gdn_gated gpu_ms=0.10
[prefill-layer-phase] chunk=3 start=3072 layer=6 kind=gdn phase=gdn_back gpu_ms=1.30
[prefill-layer-phase] chunk=3 start=3072 layer=6 kind=gdn phase=mixer_resid gpu_ms=0.03
[prefill-layer-phase] chunk=3 start=3072 layer=6 kind=moe phase=post_norm gpu_ms=0.02
[prefill-layer-phase] chunk=3 start=3072 layer=6 kind=moe phase=route_fused gpu_ms=0.31
[prefill-layer-phase] chunk=3 start=3072 layer=6 kind=moe phase=routed_swiglu gpu_ms=4.13
[prefill-layer-phase] chunk=3 start=3072 layer=6 kind=moe phase=routed_down gpu_ms=2.50
[prefill-layer-phase] chunk=3 start=3072 layer=6 kind=moe phase=routed_reduce gpu_ms=0.14
[prefill-layer-phase] chunk=3 start=3072 layer=6 kind=moe phase=shared_packed gpu_ms=0.64
[prefill-layer-phase] chunk=3 start=3072 layer=7 kind=attn phase=pre_norm gpu_ms=0.02
[prefill-attn-phase] chunk=3 start=3072 layer=7 phase=proj gpu_ms=2.91
[prefill-attn-phase] chunk=3 start=3072 layer=7 phase=norm gpu_ms=0.29
[prefill-attn-phase] chunk=3 start=3072 layer=7 phase=rope_scatter gpu_ms=0.06
[prefill-attn-packed-shape] layer=7 chunk_start=3072 chunk_p=1024 group=8 packed_rows=4 qt=2 row_groups=256 dispatches=512 nwg=64 partial_rw_mib=2064.00
[prefill-attn-matrix-g8-shape] layer=7 chunk_start=3072 chunk_p=1024 query_rows=1024 query_tiles=1 n_pos=4096 score_tile_scratch_mib=136.00 vt_stride=4096 vt_layer_mib=4.00 vt_update_base=3072 vt_update_rows=1024 vt_update_mib=1.00
[prefill-attn-phase] chunk=3 start=3072 layer=7 phase=body_matrix_kq gpu_ms=2.26
[prefill-attn-phase] chunk=3 start=3072 layer=7 phase=body_matrix_kqv gpu_ms=2.25
[prefill-layer-phase] chunk=3 start=3072 layer=7 kind=attn phase=attn_back gpu_ms=1.39
[prefill-layer-phase] chunk=3 start=3072 layer=7 kind=attn phase=mixer_resid gpu_ms=0.03
[prefill-layer-phase] chunk=3 start=3072 layer=7 kind=moe phase=post_norm gpu_ms=0.02
[prefill-layer-phase] chunk=3 start=3072 layer=7 kind=moe phase=route_fused gpu_ms=0.31
[prefill-layer-phase] chunk=3 start=3072 layer=7 kind=moe phase=routed_swiglu gpu_ms=4.21
[prefill-layer-phase] chunk=3 start=3072 layer=7 kind=moe phase=routed_down gpu_ms=2.54
[prefill-layer-phase] chunk=3 start=3072 layer=7 kind=moe phase=routed_reduce gpu_ms=0.14
[prefill-layer-phase] chunk=3 start=3072 layer=7 kind=moe phase=shared_packed gpu_ms=0.64
[prefill-layer-phase] chunk=3 start=3072 layer=8 kind=gdn phase=pre_norm gpu_ms=0.02
[prefill-layer-phase] chunk=3 start=3072 layer=8 kind=gdn phase=gdn_qkv gpu_ms=2.53
[prefill-layer-phase] chunk=3 start=3072 layer=8 kind=gdn phase=gdn_z gpu_ms=1.29
[prefill-layer-phase] chunk=3 start=3072 layer=8 kind=gdn phase=gdn_beta_alpha gpu_ms=0.18
[prefill-layer-phase] chunk=3 start=3072 layer=8 kind=gdn phase=gdn_alpha_beta gpu_ms=0.01
[prefill-layer-phase] chunk=3 start=3072 layer=8 kind=gdn phase=gdn_prep_conv gpu_ms=0.43
[prefill-layer-phase] chunk=3 start=3072 layer=8 kind=gdn phase=gdn_prep_l2 gpu_ms=0.03
[prefill-layer-phase] chunk=3 start=3072 layer=8 kind=gdn phase=gdn_step gpu_ms=1.58
[prefill-layer-phase] chunk=3 start=3072 layer=8 kind=gdn phase=gdn_gated gpu_ms=0.10
[prefill-layer-phase] chunk=3 start=3072 layer=8 kind=gdn phase=gdn_back gpu_ms=1.30
[prefill-layer-phase] chunk=3 start=3072 layer=8 kind=gdn phase=mixer_resid gpu_ms=0.03
[prefill-layer-phase] chunk=3 start=3072 layer=8 kind=moe phase=post_norm gpu_ms=0.02
[prefill-layer-phase] chunk=3 start=3072 layer=8 kind=moe phase=route_fused gpu_ms=0.31
[prefill-layer-phase] chunk=3 start=3072 layer=8 kind=moe phase=routed_swiglu gpu_ms=4.18
[prefill-layer-phase] chunk=3 start=3072 layer=8 kind=moe phase=routed_down gpu_ms=2.62
[prefill-layer-phase] chunk=3 start=3072 layer=8 kind=moe phase=routed_reduce gpu_ms=0.14
[prefill-layer-phase] chunk=3 start=3072 layer=8 kind=moe phase=shared_packed gpu_ms=0.64
[prefill-layer-phase] chunk=3 start=3072 layer=9 kind=gdn phase=pre_norm gpu_ms=0.02
[prefill-layer-phase] chunk=3 start=3072 layer=9 kind=gdn phase=gdn_qkv gpu_ms=2.53
[prefill-layer-phase] chunk=3 start=3072 layer=9 kind=gdn phase=gdn_z gpu_ms=1.29
[prefill-layer-phase] chunk=3 start=3072 layer=9 kind=gdn phase=gdn_beta_alpha gpu_ms=0.18
[prefill-layer-phase] chunk=3 start=3072 layer=9 kind=gdn phase=gdn_alpha_beta gpu_ms=0.00
[prefill-layer-phase] chunk=3 start=3072 layer=9 kind=gdn phase=gdn_prep_conv gpu_ms=0.43
[prefill-layer-phase] chunk=3 start=3072 layer=9 kind=gdn phase=gdn_prep_l2 gpu_ms=0.03
[prefill-layer-phase] chunk=3 start=3072 layer=9 kind=gdn phase=gdn_step gpu_ms=1.57
[prefill-layer-phase] chunk=3 start=3072 layer=9 kind=gdn phase=gdn_gated gpu_ms=0.10
[prefill-layer-phase] chunk=3 start=3072 layer=9 kind=gdn phase=gdn_back gpu_ms=1.30
[prefill-layer-phase] chunk=3 start=3072 layer=9 kind=gdn phase=mixer_resid gpu_ms=0.03
[prefill-layer-phase] chunk=3 start=3072 layer=9 kind=moe phase=post_norm gpu_ms=0.03
[prefill-layer-phase] chunk=3 start=3072 layer=9 kind=moe phase=route_fused gpu_ms=0.31
[prefill-layer-phase] chunk=3 start=3072 layer=9 kind=moe phase=routed_swiglu gpu_ms=4.20
[prefill-layer-phase] chunk=3 start=3072 layer=9 kind=moe phase=routed_down gpu_ms=2.55
[prefill-layer-phase] chunk=3 start=3072 layer=9 kind=moe phase=routed_reduce gpu_ms=0.14
[prefill-layer-phase] chunk=3 start=3072 layer=9 kind=moe phase=shared_packed gpu_ms=0.64
[prefill-layer-phase] chunk=3 start=3072 layer=10 kind=gdn phase=pre_norm gpu_ms=0.03
[prefill-layer-phase] chunk=3 start=3072 layer=10 kind=gdn phase=gdn_qkv gpu_ms=2.53
[prefill-layer-phase] chunk=3 start=3072 layer=10 kind=gdn phase=gdn_z gpu_ms=1.29
[prefill-layer-phase] chunk=3 start=3072 layer=10 kind=gdn phase=gdn_beta_alpha gpu_ms=0.17
[prefill-layer-phase] chunk=3 start=3072 layer=10 kind=gdn phase=gdn_alpha_beta gpu_ms=0.00
[prefill-layer-phase] chunk=3 start=3072 layer=10 kind=gdn phase=gdn_prep_conv gpu_ms=0.43
[prefill-layer-phase] chunk=3 start=3072 layer=10 kind=gdn phase=gdn_prep_l2 gpu_ms=0.03
[prefill-layer-phase] chunk=3 start=3072 layer=10 kind=gdn phase=gdn_step gpu_ms=1.57
[prefill-layer-phase] chunk=3 start=3072 layer=10 kind=gdn phase=gdn_gated gpu_ms=0.10
[prefill-layer-phase] chunk=3 start=3072 layer=10 kind=gdn phase=gdn_back gpu_ms=1.30
[prefill-layer-phase] chunk=3 start=3072 layer=10 kind=gdn phase=mixer_resid gpu_ms=0.03
[prefill-layer-phase] chunk=3 start=3072 layer=10 kind=moe phase=post_norm gpu_ms=0.02
[prefill-layer-phase] chunk=3 start=3072 layer=10 kind=moe phase=route_fused gpu_ms=0.31
[prefill-layer-phase] chunk=3 start=3072 layer=10 kind=moe phase=routed_swiglu gpu_ms=4.11
[prefill-layer-phase] chunk=3 start=3072 layer=10 kind=moe phase=routed_down gpu_ms=2.46
[prefill-layer-phase] chunk=3 start=3072 layer=10 kind=moe phase=routed_reduce gpu_ms=0.14
[prefill-layer-phase] chunk=3 start=3072 layer=10 kind=moe phase=shared_packed gpu_ms=0.63
[prefill-layer-phase] chunk=3 start=3072 layer=11 kind=attn phase=pre_norm gpu_ms=0.02
[prefill-attn-phase] chunk=3 start=3072 layer=11 phase=proj gpu_ms=2.91
[prefill-attn-phase] chunk=3 start=3072 layer=11 phase=norm gpu_ms=0.29
[prefill-attn-phase] chunk=3 start=3072 layer=11 phase=rope_scatter gpu_ms=0.05
[prefill-attn-packed-shape] layer=11 chunk_start=3072 chunk_p=1024 group=8 packed_rows=4 qt=2 row_groups=256 dispatches=512 nwg=64 partial_rw_mib=2064.00
[prefill-attn-matrix-g8-shape] layer=11 chunk_start=3072 chunk_p=1024 query_rows=1024 query_tiles=1 n_pos=4096 score_tile_scratch_mib=136.00 vt_stride=4096 vt_layer_mib=4.00 vt_update_base=3072 vt_update_rows=1024 vt_update_mib=1.00
[prefill-attn-phase] chunk=3 start=3072 layer=11 phase=body_matrix_kq gpu_ms=2.26
[prefill-attn-phase] chunk=3 start=3072 layer=11 phase=body_matrix_kqv gpu_ms=2.25
[prefill-layer-phase] chunk=3 start=3072 layer=11 kind=attn phase=attn_back gpu_ms=1.39
[prefill-layer-phase] chunk=3 start=3072 layer=11 kind=attn phase=mixer_resid gpu_ms=0.03
[prefill-layer-phase] chunk=3 start=3072 layer=11 kind=moe phase=post_norm gpu_ms=0.02
[prefill-layer-phase] chunk=3 start=3072 layer=11 kind=moe phase=route_fused gpu_ms=0.30
[prefill-layer-phase] chunk=3 start=3072 layer=11 kind=moe phase=routed_swiglu gpu_ms=4.16
[prefill-layer-phase] chunk=3 start=3072 layer=11 kind=moe phase=routed_down gpu_ms=2.53
[prefill-layer-phase] chunk=3 start=3072 layer=11 kind=moe phase=routed_reduce gpu_ms=0.14
[prefill-layer-phase] chunk=3 start=3072 layer=11 kind=moe phase=shared_packed gpu_ms=0.64
[prefill-layer-phase] chunk=3 start=3072 layer=12 kind=gdn phase=pre_norm gpu_ms=0.02
[prefill-layer-phase] chunk=3 start=3072 layer=12 kind=gdn phase=gdn_qkv gpu_ms=2.53
[prefill-layer-phase] chunk=3 start=3072 layer=12 kind=gdn phase=gdn_z gpu_ms=1.29
[prefill-layer-phase] chunk=3 start=3072 layer=12 kind=gdn phase=gdn_beta_alpha gpu_ms=0.17
[prefill-layer-phase] chunk=3 start=3072 layer=12 kind=gdn phase=gdn_alpha_beta gpu_ms=0.00
[prefill-layer-phase] chunk=3 start=3072 layer=12 kind=gdn phase=gdn_prep_conv gpu_ms=0.43
[prefill-layer-phase] chunk=3 start=3072 layer=12 kind=gdn phase=gdn_prep_l2 gpu_ms=0.03
[prefill-layer-phase] chunk=3 start=3072 layer=12 kind=gdn phase=gdn_step gpu_ms=1.57
[prefill-layer-phase] chunk=3 start=3072 layer=12 kind=gdn phase=gdn_gated gpu_ms=0.10
[prefill-layer-phase] chunk=3 start=3072 layer=12 kind=gdn phase=gdn_back gpu_ms=1.30
[prefill-layer-phase] chunk=3 start=3072 layer=12 kind=gdn phase=mixer_resid gpu_ms=0.03
[prefill-layer-phase] chunk=3 start=3072 layer=12 kind=moe phase=post_norm gpu_ms=0.02
[prefill-layer-phase] chunk=3 start=3072 layer=12 kind=moe phase=route_fused gpu_ms=0.31
[prefill-layer-phase] chunk=3 start=3072 layer=12 kind=moe phase=routed_swiglu gpu_ms=4.21
[prefill-layer-phase] chunk=3 start=3072 layer=12 kind=moe phase=routed_down gpu_ms=2.52
[prefill-layer-phase] chunk=3 start=3072 layer=12 kind=moe phase=routed_reduce gpu_ms=0.14
[prefill-layer-phase] chunk=3 start=3072 layer=12 kind=moe phase=shared_packed gpu_ms=0.63
[prefill-layer-phase] chunk=3 start=3072 layer=13 kind=gdn phase=pre_norm gpu_ms=0.02
[prefill-layer-phase] chunk=3 start=3072 layer=13 kind=gdn phase=gdn_qkv gpu_ms=2.53
[prefill-layer-phase] chunk=3 start=3072 layer=13 kind=gdn phase=gdn_z gpu_ms=1.29
[prefill-layer-phase] chunk=3 start=3072 layer=13 kind=gdn phase=gdn_beta_alpha gpu_ms=0.17
[prefill-layer-phase] chunk=3 start=3072 layer=13 kind=gdn phase=gdn_alpha_beta gpu_ms=0.00
[prefill-layer-phase] chunk=3 start=3072 layer=13 kind=gdn phase=gdn_prep_conv gpu_ms=0.43
[prefill-layer-phase] chunk=3 start=3072 layer=13 kind=gdn phase=gdn_prep_l2 gpu_ms=0.03
[prefill-layer-phase] chunk=3 start=3072 layer=13 kind=gdn phase=gdn_step gpu_ms=1.58
[prefill-layer-phase] chunk=3 start=3072 layer=13 kind=gdn phase=gdn_gated gpu_ms=0.10
[prefill-layer-phase] chunk=3 start=3072 layer=13 kind=gdn phase=gdn_back gpu_ms=1.30
[prefill-layer-phase] chunk=3 start=3072 layer=13 kind=gdn phase=mixer_resid gpu_ms=0.03
[prefill-layer-phase] chunk=3 start=3072 layer=13 kind=moe phase=post_norm gpu_ms=0.02
[prefill-layer-phase] chunk=3 start=3072 layer=13 kind=moe phase=route_fused gpu_ms=0.31
[prefill-layer-phase] chunk=3 start=3072 layer=13 kind=moe phase=routed_swiglu gpu_ms=4.07
[prefill-layer-phase] chunk=3 start=3072 layer=13 kind=moe phase=routed_down gpu_ms=2.34
[prefill-layer-phase] chunk=3 start=3072 layer=13 kind=moe phase=routed_reduce gpu_ms=0.14
[prefill-layer-phase] chunk=3 start=3072 layer=13 kind=moe phase=shared_packed gpu_ms=0.64
[prefill-layer-phase] chunk=3 start=3072 layer=14 kind=gdn phase=pre_norm gpu_ms=0.02
[prefill-layer-phase] chunk=3 start=3072 layer=14 kind=gdn phase=gdn_qkv gpu_ms=2.53
[prefill-layer-phase] chunk=3 start=3072 layer=14 kind=gdn phase=gdn_z gpu_ms=1.29
[prefill-layer-phase] chunk=3 start=3072 layer=14 kind=gdn phase=gdn_beta_alpha gpu_ms=0.18
[prefill-layer-phase] chunk=3 start=3072 layer=14 kind=gdn phase=gdn_alpha_beta gpu_ms=0.01
[prefill-layer-phase] chunk=3 start=3072 layer=14 kind=gdn phase=gdn_prep_conv gpu_ms=0.43
[prefill-layer-phase] chunk=3 start=3072 layer=14 kind=gdn phase=gdn_prep_l2 gpu_ms=0.03
[prefill-layer-phase] chunk=3 start=3072 layer=14 kind=gdn phase=gdn_step gpu_ms=1.59
[prefill-layer-phase] chunk=3 start=3072 layer=14 kind=gdn phase=gdn_gated gpu_ms=0.10
[prefill-layer-phase] chunk=3 start=3072 layer=14 kind=gdn phase=gdn_back gpu_ms=1.30
[prefill-layer-phase] chunk=3 start=3072 layer=14 kind=gdn phase=mixer_resid gpu_ms=0.03
[prefill-layer-phase] chunk=3 start=3072 layer=14 kind=moe phase=post_norm gpu_ms=0.02
[prefill-layer-phase] chunk=3 start=3072 layer=14 kind=moe phase=route_fused gpu_ms=0.31
[prefill-layer-phase] chunk=3 start=3072 layer=14 kind=moe phase=routed_swiglu gpu_ms=4.13
[prefill-layer-phase] chunk=3 start=3072 layer=14 kind=moe phase=routed_down gpu_ms=2.45
[prefill-layer-phase] chunk=3 start=3072 layer=14 kind=moe phase=routed_reduce gpu_ms=0.14
[prefill-layer-phase] chunk=3 start=3072 layer=14 kind=moe phase=shared_packed gpu_ms=0.64
[prefill-layer-phase] chunk=3 start=3072 layer=15 kind=attn phase=pre_norm gpu_ms=0.03
[prefill-attn-phase] chunk=3 start=3072 layer=15 phase=proj gpu_ms=2.92
[prefill-attn-phase] chunk=3 start=3072 layer=15 phase=norm gpu_ms=0.29
[prefill-attn-phase] chunk=3 start=3072 layer=15 phase=rope_scatter gpu_ms=0.05
[prefill-attn-packed-shape] layer=15 chunk_start=3072 chunk_p=1024 group=8 packed_rows=4 qt=2 row_groups=256 dispatches=512 nwg=64 partial_rw_mib=2064.00
[prefill-attn-matrix-g8-shape] layer=15 chunk_start=3072 chunk_p=1024 query_rows=1024 query_tiles=1 n_pos=4096 score_tile_scratch_mib=136.00 vt_stride=4096 vt_layer_mib=4.00 vt_update_base=3072 vt_update_rows=1024 vt_update_mib=1.00
[prefill-attn-phase] chunk=3 start=3072 layer=15 phase=body_matrix_kq gpu_ms=2.25
[prefill-attn-phase] chunk=3 start=3072 layer=15 phase=body_matrix_kqv gpu_ms=2.25
[prefill-layer-phase] chunk=3 start=3072 layer=15 kind=attn phase=attn_back gpu_ms=1.39
[prefill-layer-phase] chunk=3 start=3072 layer=15 kind=attn phase=mixer_resid gpu_ms=0.03
[prefill-layer-phase] chunk=3 start=3072 layer=15 kind=moe phase=post_norm gpu_ms=0.03
[prefill-layer-phase] chunk=3 start=3072 layer=15 kind=moe phase=route_fused gpu_ms=0.31
[prefill-layer-phase] chunk=3 start=3072 layer=15 kind=moe phase=routed_swiglu gpu_ms=4.04
[prefill-layer-phase] chunk=3 start=3072 layer=15 kind=moe phase=routed_down gpu_ms=2.45
[prefill-layer-phase] chunk=3 start=3072 layer=15 kind=moe phase=routed_reduce gpu_ms=0.14
[prefill-layer-phase] chunk=3 start=3072 layer=15 kind=moe phase=shared_packed gpu_ms=0.64
[prefill-layer-phase] chunk=3 start=3072 layer=16 kind=gdn phase=pre_norm gpu_ms=0.02
[prefill-layer-phase] chunk=3 start=3072 layer=16 kind=gdn phase=gdn_qkv gpu_ms=2.53
[prefill-layer-phase] chunk=3 start=3072 layer=16 kind=gdn phase=gdn_z gpu_ms=1.29
[prefill-layer-phase] chunk=3 start=3072 layer=16 kind=gdn phase=gdn_beta_alpha gpu_ms=0.18
[prefill-layer-phase] chunk=3 start=3072 layer=16 kind=gdn phase=gdn_alpha_beta gpu_ms=0.01
[prefill-layer-phase] chunk=3 start=3072 layer=16 kind=gdn phase=gdn_prep_conv gpu_ms=0.43
[prefill-layer-phase] chunk=3 start=3072 layer=16 kind=gdn phase=gdn_prep_l2 gpu_ms=0.03
[prefill-layer-phase] chunk=3 start=3072 layer=16 kind=gdn phase=gdn_step gpu_ms=1.56
[prefill-layer-phase] chunk=3 start=3072 layer=16 kind=gdn phase=gdn_gated gpu_ms=0.10
[prefill-layer-phase] chunk=3 start=3072 layer=16 kind=gdn phase=gdn_back gpu_ms=1.30
[prefill-layer-phase] chunk=3 start=3072 layer=16 kind=gdn phase=mixer_resid gpu_ms=0.03
[prefill-layer-phase] chunk=3 start=3072 layer=16 kind=moe phase=post_norm gpu_ms=0.02
[prefill-layer-phase] chunk=3 start=3072 layer=16 kind=moe phase=route_fused gpu_ms=0.31
[prefill-layer-phase] chunk=3 start=3072 layer=16 kind=moe phase=routed_swiglu gpu_ms=3.76
[prefill-layer-phase] chunk=3 start=3072 layer=16 kind=moe phase=routed_down gpu_ms=2.20
[prefill-layer-phase] chunk=3 start=3072 layer=16 kind=moe phase=routed_reduce gpu_ms=0.14
[prefill-layer-phase] chunk=3 start=3072 layer=16 kind=moe phase=shared_packed gpu_ms=0.64
[prefill-layer-phase] chunk=3 start=3072 layer=17 kind=gdn phase=pre_norm gpu_ms=0.02
[prefill-layer-phase] chunk=3 start=3072 layer=17 kind=gdn phase=gdn_qkv gpu_ms=2.53
[prefill-layer-phase] chunk=3 start=3072 layer=17 kind=gdn phase=gdn_z gpu_ms=1.29
[prefill-layer-phase] chunk=3 start=3072 layer=17 kind=gdn phase=gdn_beta_alpha gpu_ms=0.17
[prefill-layer-phase] chunk=3 start=3072 layer=17 kind=gdn phase=gdn_alpha_beta gpu_ms=0.01
[prefill-layer-phase] chunk=3 start=3072 layer=17 kind=gdn phase=gdn_prep_conv gpu_ms=0.43
[prefill-layer-phase] chunk=3 start=3072 layer=17 kind=gdn phase=gdn_prep_l2 gpu_ms=0.03
[prefill-layer-phase] chunk=3 start=3072 layer=17 kind=gdn phase=gdn_step gpu_ms=1.59
[prefill-layer-phase] chunk=3 start=3072 layer=17 kind=gdn phase=gdn_gated gpu_ms=0.10
[prefill-layer-phase] chunk=3 start=3072 layer=17 kind=gdn phase=gdn_back gpu_ms=1.30
[prefill-layer-phase] chunk=3 start=3072 layer=17 kind=gdn phase=mixer_resid gpu_ms=0.03
[prefill-layer-phase] chunk=3 start=3072 layer=17 kind=moe phase=post_norm gpu_ms=0.02
[prefill-layer-phase] chunk=3 start=3072 layer=17 kind=moe phase=route_fused gpu_ms=0.31
[prefill-layer-phase] chunk=3 start=3072 layer=17 kind=moe phase=routed_swiglu gpu_ms=3.92
[prefill-layer-phase] chunk=3 start=3072 layer=17 kind=moe phase=routed_down gpu_ms=2.28
[prefill-layer-phase] chunk=3 start=3072 layer=17 kind=moe phase=routed_reduce gpu_ms=0.14
[prefill-layer-phase] chunk=3 start=3072 layer=17 kind=moe phase=shared_packed gpu_ms=0.64
[prefill-layer-phase] chunk=3 start=3072 layer=18 kind=gdn phase=pre_norm gpu_ms=0.02
[prefill-layer-phase] chunk=3 start=3072 layer=18 kind=gdn phase=gdn_qkv gpu_ms=2.53
[prefill-layer-phase] chunk=3 start=3072 layer=18 kind=gdn phase=gdn_z gpu_ms=1.29
[prefill-layer-phase] chunk=3 start=3072 layer=18 kind=gdn phase=gdn_beta_alpha gpu_ms=0.17
[prefill-layer-phase] chunk=3 start=3072 layer=18 kind=gdn phase=gdn_alpha_beta gpu_ms=0.01
[prefill-layer-phase] chunk=3 start=3072 layer=18 kind=gdn phase=gdn_prep_conv gpu_ms=0.43
[prefill-layer-phase] chunk=3 start=3072 layer=18 kind=gdn phase=gdn_prep_l2 gpu_ms=0.03
[prefill-layer-phase] chunk=3 start=3072 layer=18 kind=gdn phase=gdn_step gpu_ms=1.60
[prefill-layer-phase] chunk=3 start=3072 layer=18 kind=gdn phase=gdn_gated gpu_ms=0.11
[prefill-layer-phase] chunk=3 start=3072 layer=18 kind=gdn phase=gdn_back gpu_ms=1.30
[prefill-layer-phase] chunk=3 start=3072 layer=18 kind=gdn phase=mixer_resid gpu_ms=0.03
[prefill-layer-phase] chunk=3 start=3072 layer=18 kind=moe phase=post_norm gpu_ms=0.02
[prefill-layer-phase] chunk=3 start=3072 layer=18 kind=moe phase=route_fused gpu_ms=0.31
[prefill-layer-phase] chunk=3 start=3072 layer=18 kind=moe phase=routed_swiglu gpu_ms=4.24
[prefill-layer-phase] chunk=3 start=3072 layer=18 kind=moe phase=routed_down gpu_ms=2.46
[prefill-layer-phase] chunk=3 start=3072 layer=18 kind=moe phase=routed_reduce gpu_ms=0.14
[prefill-layer-phase] chunk=3 start=3072 layer=18 kind=moe phase=shared_packed gpu_ms=0.63
[prefill-layer-phase] chunk=3 start=3072 layer=19 kind=attn phase=pre_norm gpu_ms=0.02
[prefill-attn-phase] chunk=3 start=3072 layer=19 phase=proj gpu_ms=2.91
[prefill-attn-phase] chunk=3 start=3072 layer=19 phase=norm gpu_ms=0.29
[prefill-attn-phase] chunk=3 start=3072 layer=19 phase=rope_scatter gpu_ms=0.05
[prefill-attn-packed-shape] layer=19 chunk_start=3072 chunk_p=1024 group=8 packed_rows=4 qt=2 row_groups=256 dispatches=512 nwg=64 partial_rw_mib=2064.00
[prefill-attn-matrix-g8-shape] layer=19 chunk_start=3072 chunk_p=1024 query_rows=1024 query_tiles=1 n_pos=4096 score_tile_scratch_mib=136.00 vt_stride=4096 vt_layer_mib=4.00 vt_update_base=3072 vt_update_rows=1024 vt_update_mib=1.00
[prefill-attn-phase] chunk=3 start=3072 layer=19 phase=body_matrix_kq gpu_ms=2.26
[prefill-attn-phase] chunk=3 start=3072 layer=19 phase=body_matrix_kqv gpu_ms=2.25
[prefill-layer-phase] chunk=3 start=3072 layer=19 kind=attn phase=attn_back gpu_ms=1.39
[prefill-layer-phase] chunk=3 start=3072 layer=19 kind=attn phase=mixer_resid gpu_ms=0.03
[prefill-layer-phase] chunk=3 start=3072 layer=19 kind=moe phase=post_norm gpu_ms=0.02
[prefill-layer-phase] chunk=3 start=3072 layer=19 kind=moe phase=route_fused gpu_ms=0.31
[prefill-layer-phase] chunk=3 start=3072 layer=19 kind=moe phase=routed_swiglu gpu_ms=4.03
[prefill-layer-phase] chunk=3 start=3072 layer=19 kind=moe phase=routed_down gpu_ms=2.40
[prefill-layer-phase] chunk=3 start=3072 layer=19 kind=moe phase=routed_reduce gpu_ms=0.14
[prefill-layer-phase] chunk=3 start=3072 layer=19 kind=moe phase=shared_packed gpu_ms=0.63
[prefill-layer-phase] chunk=3 start=3072 layer=20 kind=gdn phase=pre_norm gpu_ms=0.02
[prefill-layer-phase] chunk=3 start=3072 layer=20 kind=gdn phase=gdn_qkv gpu_ms=2.53
[prefill-layer-phase] chunk=3 start=3072 layer=20 kind=gdn phase=gdn_z gpu_ms=1.29
[prefill-layer-phase] chunk=3 start=3072 layer=20 kind=gdn phase=gdn_beta_alpha gpu_ms=0.18
[prefill-layer-phase] chunk=3 start=3072 layer=20 kind=gdn phase=gdn_alpha_beta gpu_ms=0.00
[prefill-layer-phase] chunk=3 start=3072 layer=20 kind=gdn phase=gdn_prep_conv gpu_ms=0.43
[prefill-layer-phase] chunk=3 start=3072 layer=20 kind=gdn phase=gdn_prep_l2 gpu_ms=0.03
[prefill-layer-phase] chunk=3 start=3072 layer=20 kind=gdn phase=gdn_step gpu_ms=1.56
[prefill-layer-phase] chunk=3 start=3072 layer=20 kind=gdn phase=gdn_gated gpu_ms=0.10
[prefill-layer-phase] chunk=3 start=3072 layer=20 kind=gdn phase=gdn_back gpu_ms=1.30
[prefill-layer-phase] chunk=3 start=3072 layer=20 kind=gdn phase=mixer_resid gpu_ms=0.03
[prefill-layer-phase] chunk=3 start=3072 layer=20 kind=moe phase=post_norm gpu_ms=0.02
[prefill-layer-phase] chunk=3 start=3072 layer=20 kind=moe phase=route_fused gpu_ms=0.31
[prefill-layer-phase] chunk=3 start=3072 layer=20 kind=moe phase=routed_swiglu gpu_ms=4.23
[prefill-layer-phase] chunk=3 start=3072 layer=20 kind=moe phase=routed_down gpu_ms=2.63
[prefill-layer-phase] chunk=3 start=3072 layer=20 kind=moe phase=routed_reduce gpu_ms=0.14
[prefill-layer-phase] chunk=3 start=3072 layer=20 kind=moe phase=shared_packed gpu_ms=0.64
[prefill-layer-phase] chunk=3 start=3072 layer=21 kind=gdn phase=pre_norm gpu_ms=0.02
[prefill-layer-phase] chunk=3 start=3072 layer=21 kind=gdn phase=gdn_qkv gpu_ms=2.53
[prefill-layer-phase] chunk=3 start=3072 layer=21 kind=gdn phase=gdn_z gpu_ms=1.29
[prefill-layer-phase] chunk=3 start=3072 layer=21 kind=gdn phase=gdn_beta_alpha gpu_ms=0.17
[prefill-layer-phase] chunk=3 start=3072 layer=21 kind=gdn phase=gdn_alpha_beta gpu_ms=0.01
[prefill-layer-phase] chunk=3 start=3072 layer=21 kind=gdn phase=gdn_prep_conv gpu_ms=0.43
[prefill-layer-phase] chunk=3 start=3072 layer=21 kind=gdn phase=gdn_prep_l2 gpu_ms=0.03
[prefill-layer-phase] chunk=3 start=3072 layer=21 kind=gdn phase=gdn_step gpu_ms=1.57
[prefill-layer-phase] chunk=3 start=3072 layer=21 kind=gdn phase=gdn_gated gpu_ms=0.10
[prefill-layer-phase] chunk=3 start=3072 layer=21 kind=gdn phase=gdn_back gpu_ms=1.30
[prefill-layer-phase] chunk=3 start=3072 layer=21 kind=gdn phase=mixer_resid gpu_ms=0.03
[prefill-layer-phase] chunk=3 start=3072 layer=21 kind=moe phase=post_norm gpu_ms=0.02
[prefill-layer-phase] chunk=3 start=3072 layer=21 kind=moe phase=route_fused gpu_ms=0.31
[prefill-layer-phase] chunk=3 start=3072 layer=21 kind=moe phase=routed_swiglu gpu_ms=4.14
[prefill-layer-phase] chunk=3 start=3072 layer=21 kind=moe phase=routed_down gpu_ms=2.48
[prefill-layer-phase] chunk=3 start=3072 layer=21 kind=moe phase=routed_reduce gpu_ms=0.14
[prefill-layer-phase] chunk=3 start=3072 layer=21 kind=moe phase=shared_packed gpu_ms=0.64
[prefill-layer-phase] chunk=3 start=3072 layer=22 kind=gdn phase=pre_norm gpu_ms=0.02
[prefill-layer-phase] chunk=3 start=3072 layer=22 kind=gdn phase=gdn_qkv gpu_ms=2.53
[prefill-layer-phase] chunk=3 start=3072 layer=22 kind=gdn phase=gdn_z gpu_ms=1.29
[prefill-layer-phase] chunk=3 start=3072 layer=22 kind=gdn phase=gdn_beta_alpha gpu_ms=0.18
[prefill-layer-phase] chunk=3 start=3072 layer=22 kind=gdn phase=gdn_alpha_beta gpu_ms=0.00
[prefill-layer-phase] chunk=3 start=3072 layer=22 kind=gdn phase=gdn_prep_conv gpu_ms=0.43
[prefill-layer-phase] chunk=3 start=3072 layer=22 kind=gdn phase=gdn_prep_l2 gpu_ms=0.03
[prefill-layer-phase] chunk=3 start=3072 layer=22 kind=gdn phase=gdn_step gpu_ms=1.59
[prefill-layer-phase] chunk=3 start=3072 layer=22 kind=gdn phase=gdn_gated gpu_ms=0.10
[prefill-layer-phase] chunk=3 start=3072 layer=22 kind=gdn phase=gdn_back gpu_ms=1.30
[prefill-layer-phase] chunk=3 start=3072 layer=22 kind=gdn phase=mixer_resid gpu_ms=0.03
[prefill-layer-phase] chunk=3 start=3072 layer=22 kind=moe phase=post_norm gpu_ms=0.02
[prefill-layer-phase] chunk=3 start=3072 layer=22 kind=moe phase=route_fused gpu_ms=0.31
[prefill-layer-phase] chunk=3 start=3072 layer=22 kind=moe phase=routed_swiglu gpu_ms=4.21
[prefill-layer-phase] chunk=3 start=3072 layer=22 kind=moe phase=routed_down gpu_ms=2.47
[prefill-layer-phase] chunk=3 start=3072 layer=22 kind=moe phase=routed_reduce gpu_ms=0.14
[prefill-layer-phase] chunk=3 start=3072 layer=22 kind=moe phase=shared_packed gpu_ms=0.64
[prefill-layer-phase] chunk=3 start=3072 layer=23 kind=attn phase=pre_norm gpu_ms=0.02
[prefill-attn-phase] chunk=3 start=3072 layer=23 phase=proj gpu_ms=2.91
[prefill-attn-phase] chunk=3 start=3072 layer=23 phase=norm gpu_ms=0.29
[prefill-attn-phase] chunk=3 start=3072 layer=23 phase=rope_scatter gpu_ms=0.05
[prefill-attn-packed-shape] layer=23 chunk_start=3072 chunk_p=1024 group=8 packed_rows=4 qt=2 row_groups=256 dispatches=512 nwg=64 partial_rw_mib=2064.00
[prefill-attn-matrix-g8-shape] layer=23 chunk_start=3072 chunk_p=1024 query_rows=1024 query_tiles=1 n_pos=4096 score_tile_scratch_mib=136.00 vt_stride=4096 vt_layer_mib=4.00 vt_update_base=3072 vt_update_rows=1024 vt_update_mib=1.00
[prefill-attn-phase] chunk=3 start=3072 layer=23 phase=body_matrix_kq gpu_ms=2.26
[prefill-attn-phase] chunk=3 start=3072 layer=23 phase=body_matrix_kqv gpu_ms=2.25
[prefill-layer-phase] chunk=3 start=3072 layer=23 kind=attn phase=attn_back gpu_ms=1.39
[prefill-layer-phase] chunk=3 start=3072 layer=23 kind=attn phase=mixer_resid gpu_ms=0.03
[prefill-layer-phase] chunk=3 start=3072 layer=23 kind=moe phase=post_norm gpu_ms=0.02
[prefill-layer-phase] chunk=3 start=3072 layer=23 kind=moe phase=route_fused gpu_ms=0.31
[prefill-layer-phase] chunk=3 start=3072 layer=23 kind=moe phase=routed_swiglu gpu_ms=4.04
[prefill-layer-phase] chunk=3 start=3072 layer=23 kind=moe phase=routed_down gpu_ms=2.34
[prefill-layer-phase] chunk=3 start=3072 layer=23 kind=moe phase=routed_reduce gpu_ms=0.14
[prefill-layer-phase] chunk=3 start=3072 layer=23 kind=moe phase=shared_packed gpu_ms=0.64
[prefill-layer-phase] chunk=3 start=3072 layer=24 kind=gdn phase=pre_norm gpu_ms=0.02
[prefill-layer-phase] chunk=3 start=3072 layer=24 kind=gdn phase=gdn_qkv gpu_ms=2.53
[prefill-layer-phase] chunk=3 start=3072 layer=24 kind=gdn phase=gdn_z gpu_ms=1.29
[prefill-layer-phase] chunk=3 start=3072 layer=24 kind=gdn phase=gdn_beta_alpha gpu_ms=0.17
[prefill-layer-phase] chunk=3 start=3072 layer=24 kind=gdn phase=gdn_alpha_beta gpu_ms=0.01
[prefill-layer-phase] chunk=3 start=3072 layer=24 kind=gdn phase=gdn_prep_conv gpu_ms=0.43
[prefill-layer-phase] chunk=3 start=3072 layer=24 kind=gdn phase=gdn_prep_l2 gpu_ms=0.03
[prefill-layer-phase] chunk=3 start=3072 layer=24 kind=gdn phase=gdn_step gpu_ms=1.60
[prefill-layer-phase] chunk=3 start=3072 layer=24 kind=gdn phase=gdn_gated gpu_ms=0.10
[prefill-layer-phase] chunk=3 start=3072 layer=24 kind=gdn phase=gdn_back gpu_ms=1.30
[prefill-layer-phase] chunk=3 start=3072 layer=24 kind=gdn phase=mixer_resid gpu_ms=0.03
[prefill-layer-phase] chunk=3 start=3072 layer=24 kind=moe phase=post_norm gpu_ms=0.02
[prefill-layer-phase] chunk=3 start=3072 layer=24 kind=moe phase=route_fused gpu_ms=0.31
[prefill-layer-phase] chunk=3 start=3072 layer=24 kind=moe phase=routed_swiglu gpu_ms=4.10
[prefill-layer-phase] chunk=3 start=3072 layer=24 kind=moe phase=routed_down gpu_ms=2.40
[prefill-layer-phase] chunk=3 start=3072 layer=24 kind=moe phase=routed_reduce gpu_ms=0.14
[prefill-layer-phase] chunk=3 start=3072 layer=24 kind=moe phase=shared_packed gpu_ms=0.63
[prefill-layer-phase] chunk=3 start=3072 layer=25 kind=gdn phase=pre_norm gpu_ms=0.02
[prefill-layer-phase] chunk=3 start=3072 layer=25 kind=gdn phase=gdn_qkv gpu_ms=2.53
[prefill-layer-phase] chunk=3 start=3072 layer=25 kind=gdn phase=gdn_z gpu_ms=1.29
[prefill-layer-phase] chunk=3 start=3072 layer=25 kind=gdn phase=gdn_beta_alpha gpu_ms=0.18
[prefill-layer-phase] chunk=3 start=3072 layer=25 kind=gdn phase=gdn_alpha_beta gpu_ms=0.00
[prefill-layer-phase] chunk=3 start=3072 layer=25 kind=gdn phase=gdn_prep_conv gpu_ms=0.43
[prefill-layer-phase] chunk=3 start=3072 layer=25 kind=gdn phase=gdn_prep_l2 gpu_ms=0.03
[prefill-layer-phase] chunk=3 start=3072 layer=25 kind=gdn phase=gdn_step gpu_ms=1.57
[prefill-layer-phase] chunk=3 start=3072 layer=25 kind=gdn phase=gdn_gated gpu_ms=0.11
[prefill-layer-phase] chunk=3 start=3072 layer=25 kind=gdn phase=gdn_back gpu_ms=1.30
[prefill-layer-phase] chunk=3 start=3072 layer=25 kind=gdn phase=mixer_resid gpu_ms=0.03
[prefill-layer-phase] chunk=3 start=3072 layer=25 kind=moe phase=post_norm gpu_ms=0.02
[prefill-layer-phase] chunk=3 start=3072 layer=25 kind=moe phase=route_fused gpu_ms=0.31
[prefill-layer-phase] chunk=3 start=3072 layer=25 kind=moe phase=routed_swiglu gpu_ms=3.95
[prefill-layer-phase] chunk=3 start=3072 layer=25 kind=moe phase=routed_down gpu_ms=2.35
[prefill-layer-phase] chunk=3 start=3072 layer=25 kind=moe phase=routed_reduce gpu_ms=0.14
[prefill-layer-phase] chunk=3 start=3072 layer=25 kind=moe phase=shared_packed gpu_ms=0.64
[prefill-layer-phase] chunk=3 start=3072 layer=26 kind=gdn phase=pre_norm gpu_ms=0.02
[prefill-layer-phase] chunk=3 start=3072 layer=26 kind=gdn phase=gdn_qkv gpu_ms=2.53
[prefill-layer-phase] chunk=3 start=3072 layer=26 kind=gdn phase=gdn_z gpu_ms=1.29
[prefill-layer-phase] chunk=3 start=3072 layer=26 kind=gdn phase=gdn_beta_alpha gpu_ms=0.17
[prefill-layer-phase] chunk=3 start=3072 layer=26 kind=gdn phase=gdn_alpha_beta gpu_ms=0.01
[prefill-layer-phase] chunk=3 start=3072 layer=26 kind=gdn phase=gdn_prep_conv gpu_ms=0.43
[prefill-layer-phase] chunk=3 start=3072 layer=26 kind=gdn phase=gdn_prep_l2 gpu_ms=0.03
[prefill-layer-phase] chunk=3 start=3072 layer=26 kind=gdn phase=gdn_step gpu_ms=1.56
[prefill-layer-phase] chunk=3 start=3072 layer=26 kind=gdn phase=gdn_gated gpu_ms=0.10
[prefill-layer-phase] chunk=3 start=3072 layer=26 kind=gdn phase=gdn_back gpu_ms=1.30
[prefill-layer-phase] chunk=3 start=3072 layer=26 kind=gdn phase=mixer_resid gpu_ms=0.03
[prefill-layer-phase] chunk=3 start=3072 layer=26 kind=moe phase=post_norm gpu_ms=0.02
[prefill-layer-phase] chunk=3 start=3072 layer=26 kind=moe phase=route_fused gpu_ms=0.31
[prefill-layer-phase] chunk=3 start=3072 layer=26 kind=moe phase=routed_swiglu gpu_ms=4.05
[prefill-layer-phase] chunk=3 start=3072 layer=26 kind=moe phase=routed_down gpu_ms=2.49
[prefill-layer-phase] chunk=3 start=3072 layer=26 kind=moe phase=routed_reduce gpu_ms=0.14
[prefill-layer-phase] chunk=3 start=3072 layer=26 kind=moe phase=shared_packed gpu_ms=0.64
[prefill-layer-phase] chunk=3 start=3072 layer=27 kind=attn phase=pre_norm gpu_ms=0.02
[prefill-attn-phase] chunk=3 start=3072 layer=27 phase=proj gpu_ms=2.92
[prefill-attn-phase] chunk=3 start=3072 layer=27 phase=norm gpu_ms=0.29
[prefill-attn-phase] chunk=3 start=3072 layer=27 phase=rope_scatter gpu_ms=0.05
[prefill-attn-packed-shape] layer=27 chunk_start=3072 chunk_p=1024 group=8 packed_rows=4 qt=2 row_groups=256 dispatches=512 nwg=64 partial_rw_mib=2064.00
[prefill-attn-matrix-g8-shape] layer=27 chunk_start=3072 chunk_p=1024 query_rows=1024 query_tiles=1 n_pos=4096 score_tile_scratch_mib=136.00 vt_stride=4096 vt_layer_mib=4.00 vt_update_base=3072 vt_update_rows=1024 vt_update_mib=1.00
[prefill-attn-phase] chunk=3 start=3072 layer=27 phase=body_matrix_kq gpu_ms=2.26
[prefill-attn-phase] chunk=3 start=3072 layer=27 phase=body_matrix_kqv gpu_ms=2.25
[prefill-layer-phase] chunk=3 start=3072 layer=27 kind=attn phase=attn_back gpu_ms=1.39
[prefill-layer-phase] chunk=3 start=3072 layer=27 kind=attn phase=mixer_resid gpu_ms=0.03
[prefill-layer-phase] chunk=3 start=3072 layer=27 kind=moe phase=post_norm gpu_ms=0.02
[prefill-layer-phase] chunk=3 start=3072 layer=27 kind=moe phase=route_fused gpu_ms=0.31
[prefill-layer-phase] chunk=3 start=3072 layer=27 kind=moe phase=routed_swiglu gpu_ms=4.07
[prefill-layer-phase] chunk=3 start=3072 layer=27 kind=moe phase=routed_down gpu_ms=2.42
[prefill-layer-phase] chunk=3 start=3072 layer=27 kind=moe phase=routed_reduce gpu_ms=0.14
[prefill-layer-phase] chunk=3 start=3072 layer=27 kind=moe phase=shared_packed gpu_ms=0.64
[prefill-layer-phase] chunk=3 start=3072 layer=28 kind=gdn phase=pre_norm gpu_ms=0.02
[prefill-layer-phase] chunk=3 start=3072 layer=28 kind=gdn phase=gdn_qkv gpu_ms=2.53
[prefill-layer-phase] chunk=3 start=3072 layer=28 kind=gdn phase=gdn_z gpu_ms=1.29
[prefill-layer-phase] chunk=3 start=3072 layer=28 kind=gdn phase=gdn_beta_alpha gpu_ms=0.17
[prefill-layer-phase] chunk=3 start=3072 layer=28 kind=gdn phase=gdn_alpha_beta gpu_ms=0.00
[prefill-layer-phase] chunk=3 start=3072 layer=28 kind=gdn phase=gdn_prep_conv gpu_ms=0.43
[prefill-layer-phase] chunk=3 start=3072 layer=28 kind=gdn phase=gdn_prep_l2 gpu_ms=0.03
[prefill-layer-phase] chunk=3 start=3072 layer=28 kind=gdn phase=gdn_step gpu_ms=1.59
[prefill-layer-phase] chunk=3 start=3072 layer=28 kind=gdn phase=gdn_gated gpu_ms=0.10
[prefill-layer-phase] chunk=3 start=3072 layer=28 kind=gdn phase=gdn_back gpu_ms=1.30
[prefill-layer-phase] chunk=3 start=3072 layer=28 kind=gdn phase=mixer_resid gpu_ms=0.03
[prefill-layer-phase] chunk=3 start=3072 layer=28 kind=moe phase=post_norm gpu_ms=0.02
[prefill-layer-phase] chunk=3 start=3072 layer=28 kind=moe phase=route_fused gpu_ms=0.31
[prefill-layer-phase] chunk=3 start=3072 layer=28 kind=moe phase=routed_swiglu gpu_ms=3.99
[prefill-layer-phase] chunk=3 start=3072 layer=28 kind=moe phase=routed_down gpu_ms=2.28
[prefill-layer-phase] chunk=3 start=3072 layer=28 kind=moe phase=routed_reduce gpu_ms=0.14
[prefill-layer-phase] chunk=3 start=3072 layer=28 kind=moe phase=shared_packed gpu_ms=0.64
[prefill-layer-phase] chunk=3 start=3072 layer=29 kind=gdn phase=pre_norm gpu_ms=0.02
[prefill-layer-phase] chunk=3 start=3072 layer=29 kind=gdn phase=gdn_qkv gpu_ms=2.53
[prefill-layer-phase] chunk=3 start=3072 layer=29 kind=gdn phase=gdn_z gpu_ms=1.29
[prefill-layer-phase] chunk=3 start=3072 layer=29 kind=gdn phase=gdn_beta_alpha gpu_ms=0.17
[prefill-layer-phase] chunk=3 start=3072 layer=29 kind=gdn phase=gdn_alpha_beta gpu_ms=0.01
[prefill-layer-phase] chunk=3 start=3072 layer=29 kind=gdn phase=gdn_prep_conv gpu_ms=0.43
[prefill-layer-phase] chunk=3 start=3072 layer=29 kind=gdn phase=gdn_prep_l2 gpu_ms=0.03
[prefill-layer-phase] chunk=3 start=3072 layer=29 kind=gdn phase=gdn_step gpu_ms=1.57
[prefill-layer-phase] chunk=3 start=3072 layer=29 kind=gdn phase=gdn_gated gpu_ms=0.10
[prefill-layer-phase] chunk=3 start=3072 layer=29 kind=gdn phase=gdn_back gpu_ms=1.30
[prefill-layer-phase] chunk=3 start=3072 layer=29 kind=gdn phase=mixer_resid gpu_ms=0.03
[prefill-layer-phase] chunk=3 start=3072 layer=29 kind=moe phase=post_norm gpu_ms=0.02
[prefill-layer-phase] chunk=3 start=3072 layer=29 kind=moe phase=route_fused gpu_ms=0.31
[prefill-layer-phase] chunk=3 start=3072 layer=29 kind=moe phase=routed_swiglu gpu_ms=3.89
[prefill-layer-phase] chunk=3 start=3072 layer=29 kind=moe phase=routed_down gpu_ms=2.31
[prefill-layer-phase] chunk=3 start=3072 layer=29 kind=moe phase=routed_reduce gpu_ms=0.14
[prefill-layer-phase] chunk=3 start=3072 layer=29 kind=moe phase=shared_packed gpu_ms=0.64
[prefill-layer-phase] chunk=3 start=3072 layer=30 kind=gdn phase=pre_norm gpu_ms=0.02
[prefill-layer-phase] chunk=3 start=3072 layer=30 kind=gdn phase=gdn_qkv gpu_ms=2.53
[prefill-layer-phase] chunk=3 start=3072 layer=30 kind=gdn phase=gdn_z gpu_ms=1.29
[prefill-layer-phase] chunk=3 start=3072 layer=30 kind=gdn phase=gdn_beta_alpha gpu_ms=0.18
[prefill-layer-phase] chunk=3 start=3072 layer=30 kind=gdn phase=gdn_alpha_beta gpu_ms=0.01
[prefill-layer-phase] chunk=3 start=3072 layer=30 kind=gdn phase=gdn_prep_conv gpu_ms=0.43
[prefill-layer-phase] chunk=3 start=3072 layer=30 kind=gdn phase=gdn_prep_l2 gpu_ms=0.03
[prefill-layer-phase] chunk=3 start=3072 layer=30 kind=gdn phase=gdn_step gpu_ms=1.59
[prefill-layer-phase] chunk=3 start=3072 layer=30 kind=gdn phase=gdn_gated gpu_ms=0.10
[prefill-layer-phase] chunk=3 start=3072 layer=30 kind=gdn phase=gdn_back gpu_ms=1.30
[prefill-layer-phase] chunk=3 start=3072 layer=30 kind=gdn phase=mixer_resid gpu_ms=0.03
[prefill-layer-phase] chunk=3 start=3072 layer=30 kind=moe phase=post_norm gpu_ms=0.02
[prefill-layer-phase] chunk=3 start=3072 layer=30 kind=moe phase=route_fused gpu_ms=0.31
[prefill-layer-phase] chunk=3 start=3072 layer=30 kind=moe phase=routed_swiglu gpu_ms=3.98
[prefill-layer-phase] chunk=3 start=3072 layer=30 kind=moe phase=routed_down gpu_ms=2.48
[prefill-layer-phase] chunk=3 start=3072 layer=30 kind=moe phase=routed_reduce gpu_ms=0.14
[prefill-layer-phase] chunk=3 start=3072 layer=30 kind=moe phase=shared_packed gpu_ms=0.64
[prefill-layer-phase] chunk=3 start=3072 layer=31 kind=attn phase=pre_norm gpu_ms=0.02
[prefill-attn-phase] chunk=3 start=3072 layer=31 phase=proj gpu_ms=2.92
[prefill-attn-phase] chunk=3 start=3072 layer=31 phase=norm gpu_ms=0.29
[prefill-attn-phase] chunk=3 start=3072 layer=31 phase=rope_scatter gpu_ms=0.06
[prefill-attn-packed-shape] layer=31 chunk_start=3072 chunk_p=1024 group=8 packed_rows=4 qt=2 row_groups=256 dispatches=512 nwg=64 partial_rw_mib=2064.00
[prefill-attn-matrix-g8-shape] layer=31 chunk_start=3072 chunk_p=1024 query_rows=1024 query_tiles=1 n_pos=4096 score_tile_scratch_mib=136.00 vt_stride=4096 vt_layer_mib=4.00 vt_update_base=3072 vt_update_rows=1024 vt_update_mib=1.00
[prefill-attn-phase] chunk=3 start=3072 layer=31 phase=body_matrix_kq gpu_ms=2.26
[prefill-attn-phase] chunk=3 start=3072 layer=31 phase=body_matrix_kqv gpu_ms=2.25
[prefill-layer-phase] chunk=3 start=3072 layer=31 kind=attn phase=attn_back gpu_ms=1.39
[prefill-layer-phase] chunk=3 start=3072 layer=31 kind=attn phase=mixer_resid gpu_ms=0.03
[prefill-layer-phase] chunk=3 start=3072 layer=31 kind=moe phase=post_norm gpu_ms=0.02
[prefill-layer-phase] chunk=3 start=3072 layer=31 kind=moe phase=route_fused gpu_ms=0.31
[prefill-layer-phase] chunk=3 start=3072 layer=31 kind=moe phase=routed_swiglu gpu_ms=3.79
[prefill-layer-phase] chunk=3 start=3072 layer=31 kind=moe phase=routed_down gpu_ms=2.22
[prefill-layer-phase] chunk=3 start=3072 layer=31 kind=moe phase=routed_reduce gpu_ms=0.14
[prefill-layer-phase] chunk=3 start=3072 layer=31 kind=moe phase=shared_packed gpu_ms=0.64
[prefill-layer-phase] chunk=3 start=3072 layer=32 kind=gdn phase=pre_norm gpu_ms=0.02
[prefill-layer-phase] chunk=3 start=3072 layer=32 kind=gdn phase=gdn_qkv gpu_ms=2.53
[prefill-layer-phase] chunk=3 start=3072 layer=32 kind=gdn phase=gdn_z gpu_ms=1.29
[prefill-layer-phase] chunk=3 start=3072 layer=32 kind=gdn phase=gdn_beta_alpha gpu_ms=0.17
[prefill-layer-phase] chunk=3 start=3072 layer=32 kind=gdn phase=gdn_alpha_beta gpu_ms=0.00
[prefill-layer-phase] chunk=3 start=3072 layer=32 kind=gdn phase=gdn_prep_conv gpu_ms=0.43
[prefill-layer-phase] chunk=3 start=3072 layer=32 kind=gdn phase=gdn_prep_l2 gpu_ms=0.03
[prefill-layer-phase] chunk=3 start=3072 layer=32 kind=gdn phase=gdn_step gpu_ms=1.56
[prefill-layer-phase] chunk=3 start=3072 layer=32 kind=gdn phase=gdn_gated gpu_ms=0.10
[prefill-layer-phase] chunk=3 start=3072 layer=32 kind=gdn phase=gdn_back gpu_ms=1.30
[prefill-layer-phase] chunk=3 start=3072 layer=32 kind=gdn phase=mixer_resid gpu_ms=0.03
[prefill-layer-phase] chunk=3 start=3072 layer=32 kind=moe phase=post_norm gpu_ms=0.02
[prefill-layer-phase] chunk=3 start=3072 layer=32 kind=moe phase=route_fused gpu_ms=0.30
[prefill-layer-phase] chunk=3 start=3072 layer=32 kind=moe phase=routed_swiglu gpu_ms=3.96
[prefill-layer-phase] chunk=3 start=3072 layer=32 kind=moe phase=routed_down gpu_ms=2.27
[prefill-layer-phase] chunk=3 start=3072 layer=32 kind=moe phase=routed_reduce gpu_ms=0.14
[prefill-layer-phase] chunk=3 start=3072 layer=32 kind=moe phase=shared_packed gpu_ms=0.64
[prefill-layer-phase] chunk=3 start=3072 layer=33 kind=gdn phase=pre_norm gpu_ms=0.02
[prefill-layer-phase] chunk=3 start=3072 layer=33 kind=gdn phase=gdn_qkv gpu_ms=2.53
[prefill-layer-phase] chunk=3 start=3072 layer=33 kind=gdn phase=gdn_z gpu_ms=1.29
[prefill-layer-phase] chunk=3 start=3072 layer=33 kind=gdn phase=gdn_beta_alpha gpu_ms=0.18
[prefill-layer-phase] chunk=3 start=3072 layer=33 kind=gdn phase=gdn_alpha_beta gpu_ms=0.00
[prefill-layer-phase] chunk=3 start=3072 layer=33 kind=gdn phase=gdn_prep_conv gpu_ms=0.43
[prefill-layer-phase] chunk=3 start=3072 layer=33 kind=gdn phase=gdn_prep_l2 gpu_ms=0.03
[prefill-layer-phase] chunk=3 start=3072 layer=33 kind=gdn phase=gdn_step gpu_ms=1.60
[prefill-layer-phase] chunk=3 start=3072 layer=33 kind=gdn phase=gdn_gated gpu_ms=0.10
[prefill-layer-phase] chunk=3 start=3072 layer=33 kind=gdn phase=gdn_back gpu_ms=1.30
[prefill-layer-phase] chunk=3 start=3072 layer=33 kind=gdn phase=mixer_resid gpu_ms=0.03
[prefill-layer-phase] chunk=3 start=3072 layer=33 kind=moe phase=post_norm gpu_ms=0.02
[prefill-layer-phase] chunk=3 start=3072 layer=33 kind=moe phase=route_fused gpu_ms=0.31
[prefill-layer-phase] chunk=3 start=3072 layer=33 kind=moe phase=routed_swiglu gpu_ms=4.02
[prefill-layer-phase] chunk=3 start=3072 layer=33 kind=moe phase=routed_down gpu_ms=2.46
[prefill-layer-phase] chunk=3 start=3072 layer=33 kind=moe phase=routed_reduce gpu_ms=0.14
[prefill-layer-phase] chunk=3 start=3072 layer=33 kind=moe phase=shared_packed gpu_ms=0.64
[prefill-layer-phase] chunk=3 start=3072 layer=34 kind=gdn phase=pre_norm gpu_ms=0.02
[prefill-layer-phase] chunk=3 start=3072 layer=34 kind=gdn phase=gdn_qkv gpu_ms=2.53
[prefill-layer-phase] chunk=3 start=3072 layer=34 kind=gdn phase=gdn_z gpu_ms=1.29
[prefill-layer-phase] chunk=3 start=3072 layer=34 kind=gdn phase=gdn_beta_alpha gpu_ms=0.17
[prefill-layer-phase] chunk=3 start=3072 layer=34 kind=gdn phase=gdn_alpha_beta gpu_ms=0.01
[prefill-layer-phase] chunk=3 start=3072 layer=34 kind=gdn phase=gdn_prep_conv gpu_ms=0.43
[prefill-layer-phase] chunk=3 start=3072 layer=34 kind=gdn phase=gdn_prep_l2 gpu_ms=0.03
[prefill-layer-phase] chunk=3 start=3072 layer=34 kind=gdn phase=gdn_step gpu_ms=1.59
[prefill-layer-phase] chunk=3 start=3072 layer=34 kind=gdn phase=gdn_gated gpu_ms=0.10
[prefill-layer-phase] chunk=3 start=3072 layer=34 kind=gdn phase=gdn_back gpu_ms=1.30
[prefill-layer-phase] chunk=3 start=3072 layer=34 kind=gdn phase=mixer_resid gpu_ms=0.03
[prefill-layer-phase] chunk=3 start=3072 layer=34 kind=moe phase=post_norm gpu_ms=0.02
[prefill-layer-phase] chunk=3 start=3072 layer=34 kind=moe phase=route_fused gpu_ms=0.31
[prefill-layer-phase] chunk=3 start=3072 layer=34 kind=moe phase=routed_swiglu gpu_ms=3.90
[prefill-layer-phase] chunk=3 start=3072 layer=34 kind=moe phase=routed_down gpu_ms=2.19
[prefill-layer-phase] chunk=3 start=3072 layer=34 kind=moe phase=routed_reduce gpu_ms=0.14
[prefill-layer-phase] chunk=3 start=3072 layer=34 kind=moe phase=shared_packed gpu_ms=0.64
[prefill-layer-phase] chunk=3 start=3072 layer=35 kind=attn phase=pre_norm gpu_ms=0.02
[prefill-attn-phase] chunk=3 start=3072 layer=35 phase=proj gpu_ms=2.91
[prefill-attn-phase] chunk=3 start=3072 layer=35 phase=norm gpu_ms=0.30
[prefill-attn-phase] chunk=3 start=3072 layer=35 phase=rope_scatter gpu_ms=0.05
[prefill-attn-packed-shape] layer=35 chunk_start=3072 chunk_p=1024 group=8 packed_rows=4 qt=2 row_groups=256 dispatches=512 nwg=64 partial_rw_mib=2064.00
[prefill-attn-matrix-g8-shape] layer=35 chunk_start=3072 chunk_p=1024 query_rows=1024 query_tiles=1 n_pos=4096 score_tile_scratch_mib=136.00 vt_stride=4096 vt_layer_mib=4.00 vt_update_base=3072 vt_update_rows=1024 vt_update_mib=1.00
[prefill-attn-phase] chunk=3 start=3072 layer=35 phase=body_matrix_kq gpu_ms=2.26
[prefill-attn-phase] chunk=3 start=3072 layer=35 phase=body_matrix_kqv gpu_ms=2.25
[prefill-layer-phase] chunk=3 start=3072 layer=35 kind=attn phase=attn_back gpu_ms=1.39
[prefill-layer-phase] chunk=3 start=3072 layer=35 kind=attn phase=mixer_resid gpu_ms=0.03
[prefill-layer-phase] chunk=3 start=3072 layer=35 kind=moe phase=post_norm gpu_ms=0.02
[prefill-layer-phase] chunk=3 start=3072 layer=35 kind=moe phase=route_fused gpu_ms=0.31
[prefill-layer-phase] chunk=3 start=3072 layer=35 kind=moe phase=routed_swiglu gpu_ms=4.07
[prefill-layer-phase] chunk=3 start=3072 layer=35 kind=moe phase=routed_down gpu_ms=2.51
[prefill-layer-phase] chunk=3 start=3072 layer=35 kind=moe phase=routed_reduce gpu_ms=0.14
[prefill-layer-phase] chunk=3 start=3072 layer=35 kind=moe phase=shared_packed gpu_ms=0.64
[prefill-layer-phase] chunk=3 start=3072 layer=36 kind=gdn phase=pre_norm gpu_ms=0.02
[prefill-layer-phase] chunk=3 start=3072 layer=36 kind=gdn phase=gdn_qkv gpu_ms=2.53
[prefill-layer-phase] chunk=3 start=3072 layer=36 kind=gdn phase=gdn_z gpu_ms=1.29
[prefill-layer-phase] chunk=3 start=3072 layer=36 kind=gdn phase=gdn_beta_alpha gpu_ms=0.17
[prefill-layer-phase] chunk=3 start=3072 layer=36 kind=gdn phase=gdn_alpha_beta gpu_ms=0.00
[prefill-layer-phase] chunk=3 start=3072 layer=36 kind=gdn phase=gdn_prep_conv gpu_ms=0.43
[prefill-layer-phase] chunk=3 start=3072 layer=36 kind=gdn phase=gdn_prep_l2 gpu_ms=0.03
[prefill-layer-phase] chunk=3 start=3072 layer=36 kind=gdn phase=gdn_step gpu_ms=1.59
[prefill-layer-phase] chunk=3 start=3072 layer=36 kind=gdn phase=gdn_gated gpu_ms=0.10
[prefill-layer-phase] chunk=3 start=3072 layer=36 kind=gdn phase=gdn_back gpu_ms=1.30
[prefill-layer-phase] chunk=3 start=3072 layer=36 kind=gdn phase=mixer_resid gpu_ms=0.03
[prefill-layer-phase] chunk=3 start=3072 layer=36 kind=moe phase=post_norm gpu_ms=0.02
[prefill-layer-phase] chunk=3 start=3072 layer=36 kind=moe phase=route_fused gpu_ms=0.31
[prefill-layer-phase] chunk=3 start=3072 layer=36 kind=moe phase=routed_swiglu gpu_ms=4.06
[prefill-layer-phase] chunk=3 start=3072 layer=36 kind=moe phase=routed_down gpu_ms=2.33
[prefill-layer-phase] chunk=3 start=3072 layer=36 kind=moe phase=routed_reduce gpu_ms=0.14
[prefill-layer-phase] chunk=3 start=3072 layer=36 kind=moe phase=shared_packed gpu_ms=0.64
[prefill-layer-phase] chunk=3 start=3072 layer=37 kind=gdn phase=pre_norm gpu_ms=0.02
[prefill-layer-phase] chunk=3 start=3072 layer=37 kind=gdn phase=gdn_qkv gpu_ms=2.53
[prefill-layer-phase] chunk=3 start=3072 layer=37 kind=gdn phase=gdn_z gpu_ms=1.29
[prefill-layer-phase] chunk=3 start=3072 layer=37 kind=gdn phase=gdn_beta_alpha gpu_ms=0.17
[prefill-layer-phase] chunk=3 start=3072 layer=37 kind=gdn phase=gdn_alpha_beta gpu_ms=0.00
[prefill-layer-phase] chunk=3 start=3072 layer=37 kind=gdn phase=gdn_prep_conv gpu_ms=0.43
[prefill-layer-phase] chunk=3 start=3072 layer=37 kind=gdn phase=gdn_prep_l2 gpu_ms=0.03
[prefill-layer-phase] chunk=3 start=3072 layer=37 kind=gdn phase=gdn_step gpu_ms=1.57
[prefill-layer-phase] chunk=3 start=3072 layer=37 kind=gdn phase=gdn_gated gpu_ms=0.10
[prefill-layer-phase] chunk=3 start=3072 layer=37 kind=gdn phase=gdn_back gpu_ms=1.30
[prefill-layer-phase] chunk=3 start=3072 layer=37 kind=gdn phase=mixer_resid gpu_ms=0.03
[prefill-layer-phase] chunk=3 start=3072 layer=37 kind=moe phase=post_norm gpu_ms=0.02
[prefill-layer-phase] chunk=3 start=3072 layer=37 kind=moe phase=route_fused gpu_ms=0.31
[prefill-layer-phase] chunk=3 start=3072 layer=37 kind=moe phase=routed_swiglu gpu_ms=3.76
[prefill-layer-phase] chunk=3 start=3072 layer=37 kind=moe phase=routed_down gpu_ms=2.12
[prefill-layer-phase] chunk=3 start=3072 layer=37 kind=moe phase=routed_reduce gpu_ms=0.15
[prefill-layer-phase] chunk=3 start=3072 layer=37 kind=moe phase=shared_packed gpu_ms=0.64
[prefill-layer-phase] chunk=3 start=3072 layer=38 kind=gdn phase=pre_norm gpu_ms=0.02
[prefill-layer-phase] chunk=3 start=3072 layer=38 kind=gdn phase=gdn_qkv gpu_ms=2.53
[prefill-layer-phase] chunk=3 start=3072 layer=38 kind=gdn phase=gdn_z gpu_ms=1.29
[prefill-layer-phase] chunk=3 start=3072 layer=38 kind=gdn phase=gdn_beta_alpha gpu_ms=0.17
[prefill-layer-phase] chunk=3 start=3072 layer=38 kind=gdn phase=gdn_alpha_beta gpu_ms=0.00
[prefill-layer-phase] chunk=3 start=3072 layer=38 kind=gdn phase=gdn_prep_conv gpu_ms=0.43
[prefill-layer-phase] chunk=3 start=3072 layer=38 kind=gdn phase=gdn_prep_l2 gpu_ms=0.03
[prefill-layer-phase] chunk=3 start=3072 layer=38 kind=gdn phase=gdn_step gpu_ms=1.58
[prefill-layer-phase] chunk=3 start=3072 layer=38 kind=gdn phase=gdn_gated gpu_ms=0.10
[prefill-layer-phase] chunk=3 start=3072 layer=38 kind=gdn phase=gdn_back gpu_ms=1.30
[prefill-layer-phase] chunk=3 start=3072 layer=38 kind=gdn phase=mixer_resid gpu_ms=0.03
[prefill-layer-phase] chunk=3 start=3072 layer=38 kind=moe phase=post_norm gpu_ms=0.02
[prefill-layer-phase] chunk=3 start=3072 layer=38 kind=moe phase=route_fused gpu_ms=0.31
[prefill-layer-phase] chunk=3 start=3072 layer=38 kind=moe phase=routed_swiglu gpu_ms=3.89
[prefill-layer-phase] chunk=3 start=3072 layer=38 kind=moe phase=routed_down gpu_ms=2.03
[prefill-layer-phase] chunk=3 start=3072 layer=38 kind=moe phase=routed_reduce gpu_ms=0.14
[prefill-layer-phase] chunk=3 start=3072 layer=38 kind=moe phase=shared_packed gpu_ms=0.64
[prefill-layer-phase] chunk=3 start=3072 layer=39 kind=attn phase=pre_norm gpu_ms=0.02
[prefill-attn-phase] chunk=3 start=3072 layer=39 phase=proj gpu_ms=2.92
[prefill-attn-phase] chunk=3 start=3072 layer=39 phase=norm gpu_ms=0.29
[prefill-attn-phase] chunk=3 start=3072 layer=39 phase=rope_scatter gpu_ms=0.05
[prefill-attn-packed-shape] layer=39 chunk_start=3072 chunk_p=1024 group=8 packed_rows=4 qt=2 row_groups=256 dispatches=512 nwg=64 partial_rw_mib=2064.00
[prefill-attn-matrix-g8-shape] layer=39 chunk_start=3072 chunk_p=1024 query_rows=1024 query_tiles=1 n_pos=4096 score_tile_scratch_mib=136.00 vt_stride=4096 vt_layer_mib=4.00 vt_update_base=3072 vt_update_rows=1024 vt_update_mib=1.00
[prefill-attn-phase] chunk=3 start=3072 layer=39 phase=body_matrix_kq gpu_ms=2.26
[prefill-attn-phase] chunk=3 start=3072 layer=39 phase=body_matrix_kqv gpu_ms=2.25
[prefill-layer-phase] chunk=3 start=3072 layer=39 kind=attn phase=attn_back gpu_ms=1.39
[prefill-layer-phase] chunk=3 start=3072 layer=39 kind=attn phase=mixer_resid gpu_ms=0.03
[prefill-layer-phase] chunk=3 start=3072 layer=39 kind=moe phase=post_norm gpu_ms=0.02
[prefill-layer-phase] chunk=3 start=3072 layer=39 kind=moe phase=route_fused gpu_ms=0.31
[prefill-layer-phase] chunk=3 start=3072 layer=39 kind=moe phase=routed_swiglu gpu_ms=3.78
[prefill-layer-phase] chunk=3 start=3072 layer=39 kind=moe phase=routed_down gpu_ms=2.05
[prefill-layer-phase] chunk=3 start=3072 layer=39 kind=moe phase=routed_reduce gpu_ms=0.14
[prefill-layer-phase] chunk=3 start=3072 layer=39 kind=moe phase=shared_packed gpu_ms=0.64
[pp] run  1: wall   2879.8 ms  gpu   2411.3 ms  1422.32 t/s
[prefill-layer-phase] chunk=0 start=0 layer=0 kind=gdn phase=pre_norm gpu_ms=0.17
[prefill-layer-phase] chunk=0 start=0 layer=0 kind=gdn phase=gdn_qkv gpu_ms=2.53
[prefill-layer-phase] chunk=0 start=0 layer=0 kind=gdn phase=gdn_z gpu_ms=1.29
[prefill-layer-phase] chunk=0 start=0 layer=0 kind=gdn phase=gdn_beta_alpha gpu_ms=0.17
[prefill-layer-phase] chunk=0 start=0 layer=0 kind=gdn phase=gdn_alpha_beta gpu_ms=0.01
[prefill-layer-phase] chunk=0 start=0 layer=0 kind=gdn phase=gdn_prep_conv gpu_ms=0.44
[prefill-layer-phase] chunk=0 start=0 layer=0 kind=gdn phase=gdn_prep_l2 gpu_ms=0.04
[prefill-layer-phase] chunk=0 start=0 layer=0 kind=gdn phase=gdn_step gpu_ms=1.59
[prefill-layer-phase] chunk=0 start=0 layer=0 kind=gdn phase=gdn_gated gpu_ms=0.12
[prefill-layer-phase] chunk=0 start=0 layer=0 kind=gdn phase=gdn_back gpu_ms=1.30
[prefill-layer-phase] chunk=0 start=0 layer=0 kind=gdn phase=mixer_resid gpu_ms=0.03
[prefill-layer-phase] chunk=0 start=0 layer=0 kind=moe phase=post_norm gpu_ms=0.02
[prefill-layer-phase] chunk=0 start=0 layer=0 kind=moe phase=route_fused gpu_ms=0.31
[prefill-layer-phase] chunk=0 start=0 layer=0 kind=moe phase=routed_swiglu gpu_ms=4.36
[prefill-layer-phase] chunk=0 start=0 layer=0 kind=moe phase=routed_down gpu_ms=2.69
[prefill-layer-phase] chunk=0 start=0 layer=0 kind=moe phase=routed_reduce gpu_ms=0.14
[prefill-layer-phase] chunk=0 start=0 layer=0 kind=moe phase=shared_packed gpu_ms=0.63
[prefill-layer-phase] chunk=0 start=0 layer=1 kind=gdn phase=pre_norm gpu_ms=0.02
[prefill-layer-phase] chunk=0 start=0 layer=1 kind=gdn phase=gdn_qkv gpu_ms=2.53
[prefill-layer-phase] chunk=0 start=0 layer=1 kind=gdn phase=gdn_z gpu_ms=1.29
[prefill-layer-phase] chunk=0 start=0 layer=1 kind=gdn phase=gdn_beta_alpha gpu_ms=0.17
[prefill-layer-phase] chunk=0 start=0 layer=1 kind=gdn phase=gdn_alpha_beta gpu_ms=0.00
[prefill-layer-phase] chunk=0 start=0 layer=1 kind=gdn phase=gdn_prep_conv gpu_ms=0.43
[prefill-layer-phase] chunk=0 start=0 layer=1 kind=gdn phase=gdn_prep_l2 gpu_ms=0.03
[prefill-layer-phase] chunk=0 start=0 layer=1 kind=gdn phase=gdn_step gpu_ms=1.55
[prefill-layer-phase] chunk=0 start=0 layer=1 kind=gdn phase=gdn_gated gpu_ms=0.10
[prefill-layer-phase] chunk=0 start=0 layer=1 kind=gdn phase=gdn_back gpu_ms=1.30
[prefill-layer-phase] chunk=0 start=0 layer=1 kind=gdn phase=mixer_resid gpu_ms=0.03
[prefill-layer-phase] chunk=0 start=0 layer=1 kind=moe phase=post_norm gpu_ms=0.02
[prefill-layer-phase] chunk=0 start=0 layer=1 kind=moe phase=route_fused gpu_ms=0.30
[prefill-layer-phase] chunk=0 start=0 layer=1 kind=moe phase=routed_swiglu gpu_ms=4.46
[prefill-layer-phase] chunk=0 start=0 layer=1 kind=moe phase=routed_down gpu_ms=2.61
[prefill-layer-phase] chunk=0 start=0 layer=1 kind=moe phase=routed_reduce gpu_ms=0.14
[prefill-layer-phase] chunk=0 start=0 layer=1 kind=moe phase=shared_packed gpu_ms=0.64
[prefill-layer-phase] chunk=0 start=0 layer=2 kind=gdn phase=pre_norm gpu_ms=0.02
[prefill-layer-phase] chunk=0 start=0 layer=2 kind=gdn phase=gdn_qkv gpu_ms=2.53
[prefill-layer-phase] chunk=0 start=0 layer=2 kind=gdn phase=gdn_z gpu_ms=1.29
[prefill-layer-phase] chunk=0 start=0 layer=2 kind=gdn phase=gdn_beta_alpha gpu_ms=0.17
[prefill-layer-phase] chunk=0 start=0 layer=2 kind=gdn phase=gdn_alpha_beta gpu_ms=0.00
[prefill-layer-phase] chunk=0 start=0 layer=2 kind=gdn phase=gdn_prep_conv gpu_ms=0.43
[prefill-layer-phase] chunk=0 start=0 layer=2 kind=gdn phase=gdn_prep_l2 gpu_ms=0.04
[prefill-layer-phase] chunk=0 start=0 layer=2 kind=gdn phase=gdn_step gpu_ms=1.53
[prefill-layer-phase] chunk=0 start=0 layer=2 kind=gdn phase=gdn_gated gpu_ms=0.10
[prefill-layer-phase] chunk=0 start=0 layer=2 kind=gdn phase=gdn_back gpu_ms=1.30
[prefill-layer-phase] chunk=0 start=0 layer=2 kind=gdn phase=mixer_resid gpu_ms=0.03
[prefill-layer-phase] chunk=0 start=0 layer=2 kind=moe phase=post_norm gpu_ms=0.02
[prefill-layer-phase] chunk=0 start=0 layer=2 kind=moe phase=route_fused gpu_ms=0.31
[prefill-layer-phase] chunk=0 start=0 layer=2 kind=moe phase=routed_swiglu gpu_ms=4.24
[prefill-layer-phase] chunk=0 start=0 layer=2 kind=moe phase=routed_down gpu_ms=2.65
[prefill-layer-phase] chunk=0 start=0 layer=2 kind=moe phase=routed_reduce gpu_ms=0.14
[prefill-layer-phase] chunk=0 start=0 layer=2 kind=moe phase=shared_packed gpu_ms=0.64
[prefill-layer-phase] chunk=0 start=0 layer=3 kind=attn phase=pre_norm gpu_ms=0.02
[prefill-attn-phase] chunk=0 start=0 layer=3 phase=proj gpu_ms=2.91
[prefill-attn-phase] chunk=0 start=0 layer=3 phase=norm gpu_ms=0.29
[prefill-attn-phase] chunk=0 start=0 layer=3 phase=rope_scatter gpu_ms=0.06
[prefill-attn-packed-shape] layer=3 chunk_start=0 chunk_p=1024 group=8 packed_rows=4 qt=2 row_groups=256 dispatches=512 nwg=64 partial_rw_mib=2064.00
[prefill-attn-matrix-g8-shape] layer=3 chunk_start=0 chunk_p=1024 query_rows=1024 query_tiles=1 n_pos=1024 score_tile_scratch_mib=34.00 vt_stride=4096 vt_layer_mib=4.00 vt_update_base=0 vt_update_rows=1024 vt_update_mib=1.00
[prefill-attn-phase] chunk=0 start=0 layer=3 phase=body_matrix_kq gpu_ms=0.35
[prefill-attn-phase] chunk=0 start=0 layer=3 phase=body_matrix_kqv gpu_ms=0.35
[prefill-layer-phase] chunk=0 start=0 layer=3 kind=attn phase=attn_back gpu_ms=1.40
[prefill-layer-phase] chunk=0 start=0 layer=3 kind=attn phase=mixer_resid gpu_ms=0.03
[prefill-layer-phase] chunk=0 start=0 layer=3 kind=moe phase=post_norm gpu_ms=0.02
[prefill-layer-phase] chunk=0 start=0 layer=3 kind=moe phase=route_fused gpu_ms=0.30
[prefill-layer-phase] chunk=0 start=0 layer=3 kind=moe phase=routed_swiglu gpu_ms=4.28
[prefill-layer-phase] chunk=0 start=0 layer=3 kind=moe phase=routed_down gpu_ms=2.75
[prefill-layer-phase] chunk=0 start=0 layer=3 kind=moe phase=routed_reduce gpu_ms=0.14
[prefill-layer-phase] chunk=0 start=0 layer=3 kind=moe phase=shared_packed gpu_ms=0.64
[prefill-layer-phase] chunk=0 start=0 layer=4 kind=gdn phase=pre_norm gpu_ms=0.02
[prefill-layer-phase] chunk=0 start=0 layer=4 kind=gdn phase=gdn_qkv gpu_ms=2.53
[prefill-layer-phase] chunk=0 start=0 layer=4 kind=gdn phase=gdn_z gpu_ms=1.29
[prefill-layer-phase] chunk=0 start=0 layer=4 kind=gdn phase=gdn_beta_alpha gpu_ms=0.17
[prefill-layer-phase] chunk=0 start=0 layer=4 kind=gdn phase=gdn_alpha_beta gpu_ms=0.00
[prefill-layer-phase] chunk=0 start=0 layer=4 kind=gdn phase=gdn_prep_conv gpu_ms=0.43
[prefill-layer-phase] chunk=0 start=0 layer=4 kind=gdn phase=gdn_prep_l2 gpu_ms=0.03
[prefill-layer-phase] chunk=0 start=0 layer=4 kind=gdn phase=gdn_step gpu_ms=1.54
[prefill-layer-phase] chunk=0 start=0 layer=4 kind=gdn phase=gdn_gated gpu_ms=0.10
[prefill-layer-phase] chunk=0 start=0 layer=4 kind=gdn phase=gdn_back gpu_ms=1.30
[prefill-layer-phase] chunk=0 start=0 layer=4 kind=gdn phase=mixer_resid gpu_ms=0.03
[prefill-layer-phase] chunk=0 start=0 layer=4 kind=moe phase=post_norm gpu_ms=0.02
[prefill-layer-phase] chunk=0 start=0 layer=4 kind=moe phase=route_fused gpu_ms=0.31
[prefill-layer-phase] chunk=0 start=0 layer=4 kind=moe phase=routed_swiglu gpu_ms=4.23
[prefill-layer-phase] chunk=0 start=0 layer=4 kind=moe phase=routed_down gpu_ms=2.58
[prefill-layer-phase] chunk=0 start=0 layer=4 kind=moe phase=routed_reduce gpu_ms=0.14
[prefill-layer-phase] chunk=0 start=0 layer=4 kind=moe phase=shared_packed gpu_ms=0.64
[prefill-layer-phase] chunk=0 start=0 layer=5 kind=gdn phase=pre_norm gpu_ms=0.02
[prefill-layer-phase] chunk=0 start=0 layer=5 kind=gdn phase=gdn_qkv gpu_ms=2.53
[prefill-layer-phase] chunk=0 start=0 layer=5 kind=gdn phase=gdn_z gpu_ms=1.29
[prefill-layer-phase] chunk=0 start=0 layer=5 kind=gdn phase=gdn_beta_alpha gpu_ms=0.17
[prefill-layer-phase] chunk=0 start=0 layer=5 kind=gdn phase=gdn_alpha_beta gpu_ms=0.01
[prefill-layer-phase] chunk=0 start=0 layer=5 kind=gdn phase=gdn_prep_conv gpu_ms=0.43
[prefill-layer-phase] chunk=0 start=0 layer=5 kind=gdn phase=gdn_prep_l2 gpu_ms=0.04
[prefill-layer-phase] chunk=0 start=0 layer=5 kind=gdn phase=gdn_step gpu_ms=1.54
[prefill-layer-phase] chunk=0 start=0 layer=5 kind=gdn phase=gdn_gated gpu_ms=0.10
[prefill-layer-phase] chunk=0 start=0 layer=5 kind=gdn phase=gdn_back gpu_ms=1.30
[prefill-layer-phase] chunk=0 start=0 layer=5 kind=gdn phase=mixer_resid gpu_ms=0.03
[prefill-layer-phase] chunk=0 start=0 layer=5 kind=moe phase=post_norm gpu_ms=0.02
[prefill-layer-phase] chunk=0 start=0 layer=5 kind=moe phase=route_fused gpu_ms=0.30
[prefill-layer-phase] chunk=0 start=0 layer=5 kind=moe phase=routed_swiglu gpu_ms=4.27
[prefill-layer-phase] chunk=0 start=0 layer=5 kind=moe phase=routed_down gpu_ms=2.62
[prefill-layer-phase] chunk=0 start=0 layer=5 kind=moe phase=routed_reduce gpu_ms=0.14
[prefill-layer-phase] chunk=0 start=0 layer=5 kind=moe phase=shared_packed gpu_ms=0.64
[prefill-layer-phase] chunk=0 start=0 layer=6 kind=gdn phase=pre_norm gpu_ms=0.02
[prefill-layer-phase] chunk=0 start=0 layer=6 kind=gdn phase=gdn_qkv gpu_ms=2.53
[prefill-layer-phase] chunk=0 start=0 layer=6 kind=gdn phase=gdn_z gpu_ms=1.29
[prefill-layer-phase] chunk=0 start=0 layer=6 kind=gdn phase=gdn_beta_alpha gpu_ms=0.17
[prefill-layer-phase] chunk=0 start=0 layer=6 kind=gdn phase=gdn_alpha_beta gpu_ms=0.00
[prefill-layer-phase] chunk=0 start=0 layer=6 kind=gdn phase=gdn_prep_conv gpu_ms=0.43
[prefill-layer-phase] chunk=0 start=0 layer=6 kind=gdn phase=gdn_prep_l2 gpu_ms=0.04
[prefill-layer-phase] chunk=0 start=0 layer=6 kind=gdn phase=gdn_step gpu_ms=1.58
[prefill-layer-phase] chunk=0 start=0 layer=6 kind=gdn phase=gdn_gated gpu_ms=0.10
[prefill-layer-phase] chunk=0 start=0 layer=6 kind=gdn phase=gdn_back gpu_ms=1.30
[prefill-layer-phase] chunk=0 start=0 layer=6 kind=gdn phase=mixer_resid gpu_ms=0.03
[prefill-layer-phase] chunk=0 start=0 layer=6 kind=moe phase=post_norm gpu_ms=0.02
[prefill-layer-phase] chunk=0 start=0 layer=6 kind=moe phase=route_fused gpu_ms=0.31
[prefill-layer-phase] chunk=0 start=0 layer=6 kind=moe phase=routed_swiglu gpu_ms=4.25
[prefill-layer-phase] chunk=0 start=0 layer=6 kind=moe phase=routed_down gpu_ms=2.49
[prefill-layer-phase] chunk=0 start=0 layer=6 kind=moe phase=routed_reduce gpu_ms=0.14
[prefill-layer-phase] chunk=0 start=0 layer=6 kind=moe phase=shared_packed gpu_ms=0.64
[prefill-layer-phase] chunk=0 start=0 layer=7 kind=attn phase=pre_norm gpu_ms=0.02
[prefill-attn-phase] chunk=0 start=0 layer=7 phase=proj gpu_ms=2.91
[prefill-attn-phase] chunk=0 start=0 layer=7 phase=norm gpu_ms=0.29
[prefill-attn-phase] chunk=0 start=0 layer=7 phase=rope_scatter gpu_ms=0.06
[prefill-attn-packed-shape] layer=7 chunk_start=0 chunk_p=1024 group=8 packed_rows=4 qt=2 row_groups=256 dispatches=512 nwg=64 partial_rw_mib=2064.00
[prefill-attn-matrix-g8-shape] layer=7 chunk_start=0 chunk_p=1024 query_rows=1024 query_tiles=1 n_pos=1024 score_tile_scratch_mib=34.00 vt_stride=4096 vt_layer_mib=4.00 vt_update_base=0 vt_update_rows=1024 vt_update_mib=1.00
[prefill-attn-phase] chunk=0 start=0 layer=7 phase=body_matrix_kq gpu_ms=0.35
[prefill-attn-phase] chunk=0 start=0 layer=7 phase=body_matrix_kqv gpu_ms=0.35
[prefill-layer-phase] chunk=0 start=0 layer=7 kind=attn phase=attn_back gpu_ms=1.39
[prefill-layer-phase] chunk=0 start=0 layer=7 kind=attn phase=mixer_resid gpu_ms=0.03
[prefill-layer-phase] chunk=0 start=0 layer=7 kind=moe phase=post_norm gpu_ms=0.03
[prefill-layer-phase] chunk=0 start=0 layer=7 kind=moe phase=route_fused gpu_ms=0.31
[prefill-layer-phase] chunk=0 start=0 layer=7 kind=moe phase=routed_swiglu gpu_ms=4.21
[prefill-layer-phase] chunk=0 start=0 layer=7 kind=moe phase=routed_down gpu_ms=2.54
[prefill-layer-phase] chunk=0 start=0 layer=7 kind=moe phase=routed_reduce gpu_ms=0.14
[prefill-layer-phase] chunk=0 start=0 layer=7 kind=moe phase=shared_packed gpu_ms=0.64
[prefill-layer-phase] chunk=0 start=0 layer=8 kind=gdn phase=pre_norm gpu_ms=0.02
[prefill-layer-phase] chunk=0 start=0 layer=8 kind=gdn phase=gdn_qkv gpu_ms=2.53
[prefill-layer-phase] chunk=0 start=0 layer=8 kind=gdn phase=gdn_z gpu_ms=1.29
[prefill-layer-phase] chunk=0 start=0 layer=8 kind=gdn phase=gdn_beta_alpha gpu_ms=0.17
[prefill-layer-phase] chunk=0 start=0 layer=8 kind=gdn phase=gdn_alpha_beta gpu_ms=0.01
[prefill-layer-phase] chunk=0 start=0 layer=8 kind=gdn phase=gdn_prep_conv gpu_ms=0.43
[prefill-layer-phase] chunk=0 start=0 layer=8 kind=gdn phase=gdn_prep_l2 gpu_ms=0.04
[prefill-layer-phase] chunk=0 start=0 layer=8 kind=gdn phase=gdn_step gpu_ms=1.55
[prefill-layer-phase] chunk=0 start=0 layer=8 kind=gdn phase=gdn_gated gpu_ms=0.10
[prefill-layer-phase] chunk=0 start=0 layer=8 kind=gdn phase=gdn_back gpu_ms=1.30
[prefill-layer-phase] chunk=0 start=0 layer=8 kind=gdn phase=mixer_resid gpu_ms=0.04
[prefill-layer-phase] chunk=0 start=0 layer=8 kind=moe phase=post_norm gpu_ms=0.02
[prefill-layer-phase] chunk=0 start=0 layer=8 kind=moe phase=route_fused gpu_ms=0.31
[prefill-layer-phase] chunk=0 start=0 layer=8 kind=moe phase=routed_swiglu gpu_ms=4.35
[prefill-layer-phase] chunk=0 start=0 layer=8 kind=moe phase=routed_down gpu_ms=2.60
[prefill-layer-phase] chunk=0 start=0 layer=8 kind=moe phase=routed_reduce gpu_ms=0.14
[prefill-layer-phase] chunk=0 start=0 layer=8 kind=moe phase=shared_packed gpu_ms=0.64
[prefill-layer-phase] chunk=0 start=0 layer=9 kind=gdn phase=pre_norm gpu_ms=0.02
[prefill-layer-phase] chunk=0 start=0 layer=9 kind=gdn phase=gdn_qkv gpu_ms=2.53
[prefill-layer-phase] chunk=0 start=0 layer=9 kind=gdn phase=gdn_z gpu_ms=1.29
[prefill-layer-phase] chunk=0 start=0 layer=9 kind=gdn phase=gdn_beta_alpha gpu_ms=0.17
[prefill-layer-phase] chunk=0 start=0 layer=9 kind=gdn phase=gdn_alpha_beta gpu_ms=0.01
[prefill-layer-phase] chunk=0 start=0 layer=9 kind=gdn phase=gdn_prep_conv gpu_ms=0.43
[prefill-layer-phase] chunk=0 start=0 layer=9 kind=gdn phase=gdn_prep_l2 gpu_ms=0.04
[prefill-layer-phase] chunk=0 start=0 layer=9 kind=gdn phase=gdn_step gpu_ms=1.53
[prefill-layer-phase] chunk=0 start=0 layer=9 kind=gdn phase=gdn_gated gpu_ms=0.10
[prefill-layer-phase] chunk=0 start=0 layer=9 kind=gdn phase=gdn_back gpu_ms=1.30
[prefill-layer-phase] chunk=0 start=0 layer=9 kind=gdn phase=mixer_resid gpu_ms=0.03
[prefill-layer-phase] chunk=0 start=0 layer=9 kind=moe phase=post_norm gpu_ms=0.02
[prefill-layer-phase] chunk=0 start=0 layer=9 kind=moe phase=route_fused gpu_ms=0.31
[prefill-layer-phase] chunk=0 start=0 layer=9 kind=moe phase=routed_swiglu gpu_ms=4.15
[prefill-layer-phase] chunk=0 start=0 layer=9 kind=moe phase=routed_down gpu_ms=2.49
[prefill-layer-phase] chunk=0 start=0 layer=9 kind=moe phase=routed_reduce gpu_ms=0.14
[prefill-layer-phase] chunk=0 start=0 layer=9 kind=moe phase=shared_packed gpu_ms=0.64
[prefill-layer-phase] chunk=0 start=0 layer=10 kind=gdn phase=pre_norm gpu_ms=0.02
[prefill-layer-phase] chunk=0 start=0 layer=10 kind=gdn phase=gdn_qkv gpu_ms=2.53
[prefill-layer-phase] chunk=0 start=0 layer=10 kind=gdn phase=gdn_z gpu_ms=1.29
[prefill-layer-phase] chunk=0 start=0 layer=10 kind=gdn phase=gdn_beta_alpha gpu_ms=0.17
[prefill-layer-phase] chunk=0 start=0 layer=10 kind=gdn phase=gdn_alpha_beta gpu_ms=0.01
[prefill-layer-phase] chunk=0 start=0 layer=10 kind=gdn phase=gdn_prep_conv gpu_ms=0.43
[prefill-layer-phase] chunk=0 start=0 layer=10 kind=gdn phase=gdn_prep_l2 gpu_ms=0.04
[prefill-layer-phase] chunk=0 start=0 layer=10 kind=gdn phase=gdn_step gpu_ms=1.56
[prefill-layer-phase] chunk=0 start=0 layer=10 kind=gdn phase=gdn_gated gpu_ms=0.10
[prefill-layer-phase] chunk=0 start=0 layer=10 kind=gdn phase=gdn_back gpu_ms=1.30
[prefill-layer-phase] chunk=0 start=0 layer=10 kind=gdn phase=mixer_resid gpu_ms=0.03
[prefill-layer-phase] chunk=0 start=0 layer=10 kind=moe phase=post_norm gpu_ms=0.02
[prefill-layer-phase] chunk=0 start=0 layer=10 kind=moe phase=route_fused gpu_ms=0.30
[prefill-layer-phase] chunk=0 start=0 layer=10 kind=moe phase=routed_swiglu gpu_ms=4.13
[prefill-layer-phase] chunk=0 start=0 layer=10 kind=moe phase=routed_down gpu_ms=2.46
[prefill-layer-phase] chunk=0 start=0 layer=10 kind=moe phase=routed_reduce gpu_ms=0.14
[prefill-layer-phase] chunk=0 start=0 layer=10 kind=moe phase=shared_packed gpu_ms=0.63
[prefill-layer-phase] chunk=0 start=0 layer=11 kind=attn phase=pre_norm gpu_ms=0.02
[prefill-attn-phase] chunk=0 start=0 layer=11 phase=proj gpu_ms=2.91
[prefill-attn-phase] chunk=0 start=0 layer=11 phase=norm gpu_ms=0.29
[prefill-attn-phase] chunk=0 start=0 layer=11 phase=rope_scatter gpu_ms=0.05
[prefill-attn-packed-shape] layer=11 chunk_start=0 chunk_p=1024 group=8 packed_rows=4 qt=2 row_groups=256 dispatches=512 nwg=64 partial_rw_mib=2064.00
[prefill-attn-matrix-g8-shape] layer=11 chunk_start=0 chunk_p=1024 query_rows=1024 query_tiles=1 n_pos=1024 score_tile_scratch_mib=34.00 vt_stride=4096 vt_layer_mib=4.00 vt_update_base=0 vt_update_rows=1024 vt_update_mib=1.00
[prefill-attn-phase] chunk=0 start=0 layer=11 phase=body_matrix_kq gpu_ms=0.35
[prefill-attn-phase] chunk=0 start=0 layer=11 phase=body_matrix_kqv gpu_ms=0.35
[prefill-layer-phase] chunk=0 start=0 layer=11 kind=attn phase=attn_back gpu_ms=1.40
[prefill-layer-phase] chunk=0 start=0 layer=11 kind=attn phase=mixer_resid gpu_ms=0.03
[prefill-layer-phase] chunk=0 start=0 layer=11 kind=moe phase=post_norm gpu_ms=0.02
[prefill-layer-phase] chunk=0 start=0 layer=11 kind=moe phase=route_fused gpu_ms=0.31
[prefill-layer-phase] chunk=0 start=0 layer=11 kind=moe phase=routed_swiglu gpu_ms=4.11
[prefill-layer-phase] chunk=0 start=0 layer=11 kind=moe phase=routed_down gpu_ms=2.49
[prefill-layer-phase] chunk=0 start=0 layer=11 kind=moe phase=routed_reduce gpu_ms=0.14
[prefill-layer-phase] chunk=0 start=0 layer=11 kind=moe phase=shared_packed gpu_ms=0.64
[prefill-layer-phase] chunk=0 start=0 layer=12 kind=gdn phase=pre_norm gpu_ms=0.02
[prefill-layer-phase] chunk=0 start=0 layer=12 kind=gdn phase=gdn_qkv gpu_ms=2.53
[prefill-layer-phase] chunk=0 start=0 layer=12 kind=gdn phase=gdn_z gpu_ms=1.29
[prefill-layer-phase] chunk=0 start=0 layer=12 kind=gdn phase=gdn_beta_alpha gpu_ms=0.17
[prefill-layer-phase] chunk=0 start=0 layer=12 kind=gdn phase=gdn_alpha_beta gpu_ms=0.01
[prefill-layer-phase] chunk=0 start=0 layer=12 kind=gdn phase=gdn_prep_conv gpu_ms=0.43
[prefill-layer-phase] chunk=0 start=0 layer=12 kind=gdn phase=gdn_prep_l2 gpu_ms=0.04
[prefill-layer-phase] chunk=0 start=0 layer=12 kind=gdn phase=gdn_step gpu_ms=1.59
[prefill-layer-phase] chunk=0 start=0 layer=12 kind=gdn phase=gdn_gated gpu_ms=0.10
[prefill-layer-phase] chunk=0 start=0 layer=12 kind=gdn phase=gdn_back gpu_ms=1.30
[prefill-layer-phase] chunk=0 start=0 layer=12 kind=gdn phase=mixer_resid gpu_ms=0.03
[prefill-layer-phase] chunk=0 start=0 layer=12 kind=moe phase=post_norm gpu_ms=0.02
[prefill-layer-phase] chunk=0 start=0 layer=12 kind=moe phase=route_fused gpu_ms=0.31
[prefill-layer-phase] chunk=0 start=0 layer=12 kind=moe phase=routed_swiglu gpu_ms=4.07
[prefill-layer-phase] chunk=0 start=0 layer=12 kind=moe phase=routed_down gpu_ms=2.43
[prefill-layer-phase] chunk=0 start=0 layer=12 kind=moe phase=routed_reduce gpu_ms=0.14
[prefill-layer-phase] chunk=0 start=0 layer=12 kind=moe phase=shared_packed gpu_ms=0.63
[prefill-layer-phase] chunk=0 start=0 layer=13 kind=gdn phase=pre_norm gpu_ms=0.02
[prefill-layer-phase] chunk=0 start=0 layer=13 kind=gdn phase=gdn_qkv gpu_ms=2.53
[prefill-layer-phase] chunk=0 start=0 layer=13 kind=gdn phase=gdn_z gpu_ms=1.29
[prefill-layer-phase] chunk=0 start=0 layer=13 kind=gdn phase=gdn_beta_alpha gpu_ms=0.17
[prefill-layer-phase] chunk=0 start=0 layer=13 kind=gdn phase=gdn_alpha_beta gpu_ms=0.00
[prefill-layer-phase] chunk=0 start=0 layer=13 kind=gdn phase=gdn_prep_conv gpu_ms=0.43
[prefill-layer-phase] chunk=0 start=0 layer=13 kind=gdn phase=gdn_prep_l2 gpu_ms=0.04
[prefill-layer-phase] chunk=0 start=0 layer=13 kind=gdn phase=gdn_step gpu_ms=1.59
[prefill-layer-phase] chunk=0 start=0 layer=13 kind=gdn phase=gdn_gated gpu_ms=0.10
[prefill-layer-phase] chunk=0 start=0 layer=13 kind=gdn phase=gdn_back gpu_ms=1.30
[prefill-layer-phase] chunk=0 start=0 layer=13 kind=gdn phase=mixer_resid gpu_ms=0.03
[prefill-layer-phase] chunk=0 start=0 layer=13 kind=moe phase=post_norm gpu_ms=0.02
[prefill-layer-phase] chunk=0 start=0 layer=13 kind=moe phase=route_fused gpu_ms=0.31
[prefill-layer-phase] chunk=0 start=0 layer=13 kind=moe phase=routed_swiglu gpu_ms=4.13
[prefill-layer-phase] chunk=0 start=0 layer=13 kind=moe phase=routed_down gpu_ms=2.34
[prefill-layer-phase] chunk=0 start=0 layer=13 kind=moe phase=routed_reduce gpu_ms=0.14
[prefill-layer-phase] chunk=0 start=0 layer=13 kind=moe phase=shared_packed gpu_ms=0.64
[prefill-layer-phase] chunk=0 start=0 layer=14 kind=gdn phase=pre_norm gpu_ms=0.02
[prefill-layer-phase] chunk=0 start=0 layer=14 kind=gdn phase=gdn_qkv gpu_ms=2.53
[prefill-layer-phase] chunk=0 start=0 layer=14 kind=gdn phase=gdn_z gpu_ms=1.29
[prefill-layer-phase] chunk=0 start=0 layer=14 kind=gdn phase=gdn_beta_alpha gpu_ms=0.17
[prefill-layer-phase] chunk=0 start=0 layer=14 kind=gdn phase=gdn_alpha_beta gpu_ms=0.00
[prefill-layer-phase] chunk=0 start=0 layer=14 kind=gdn phase=gdn_prep_conv gpu_ms=0.43
[prefill-layer-phase] chunk=0 start=0 layer=14 kind=gdn phase=gdn_prep_l2 gpu_ms=0.04
[prefill-layer-phase] chunk=0 start=0 layer=14 kind=gdn phase=gdn_step gpu_ms=1.56
[prefill-layer-phase] chunk=0 start=0 layer=14 kind=gdn phase=gdn_gated gpu_ms=0.10
[prefill-layer-phase] chunk=0 start=0 layer=14 kind=gdn phase=gdn_back gpu_ms=1.30
[prefill-layer-phase] chunk=0 start=0 layer=14 kind=gdn phase=mixer_resid gpu_ms=0.03
[prefill-layer-phase] chunk=0 start=0 layer=14 kind=moe phase=post_norm gpu_ms=0.03
[prefill-layer-phase] chunk=0 start=0 layer=14 kind=moe phase=route_fused gpu_ms=0.31
[prefill-layer-phase] chunk=0 start=0 layer=14 kind=moe phase=routed_swiglu gpu_ms=4.05
[prefill-layer-phase] chunk=0 start=0 layer=14 kind=moe phase=routed_down gpu_ms=2.37
[prefill-layer-phase] chunk=0 start=0 layer=14 kind=moe phase=routed_reduce gpu_ms=0.14
[prefill-layer-phase] chunk=0 start=0 layer=14 kind=moe phase=shared_packed gpu_ms=0.64
[prefill-layer-phase] chunk=0 start=0 layer=15 kind=attn phase=pre_norm gpu_ms=0.02
[prefill-attn-phase] chunk=0 start=0 layer=15 phase=proj gpu_ms=2.92
[prefill-attn-phase] chunk=0 start=0 layer=15 phase=norm gpu_ms=0.29
[prefill-attn-phase] chunk=0 start=0 layer=15 phase=rope_scatter gpu_ms=0.05
[prefill-attn-packed-shape] layer=15 chunk_start=0 chunk_p=1024 group=8 packed_rows=4 qt=2 row_groups=256 dispatches=512 nwg=64 partial_rw_mib=2064.00
[prefill-attn-matrix-g8-shape] layer=15 chunk_start=0 chunk_p=1024 query_rows=1024 query_tiles=1 n_pos=1024 score_tile_scratch_mib=34.00 vt_stride=4096 vt_layer_mib=4.00 vt_update_base=0 vt_update_rows=1024 vt_update_mib=1.00
[prefill-attn-phase] chunk=0 start=0 layer=15 phase=body_matrix_kq gpu_ms=0.35
[prefill-attn-phase] chunk=0 start=0 layer=15 phase=body_matrix_kqv gpu_ms=0.35
[prefill-layer-phase] chunk=0 start=0 layer=15 kind=attn phase=attn_back gpu_ms=1.40
[prefill-layer-phase] chunk=0 start=0 layer=15 kind=attn phase=mixer_resid gpu_ms=0.03
[prefill-layer-phase] chunk=0 start=0 layer=15 kind=moe phase=post_norm gpu_ms=0.02
[prefill-layer-phase] chunk=0 start=0 layer=15 kind=moe phase=route_fused gpu_ms=0.31
[prefill-layer-phase] chunk=0 start=0 layer=15 kind=moe phase=routed_swiglu gpu_ms=3.95
[prefill-layer-phase] chunk=0 start=0 layer=15 kind=moe phase=routed_down gpu_ms=2.32
[prefill-layer-phase] chunk=0 start=0 layer=15 kind=moe phase=routed_reduce gpu_ms=0.14
[prefill-layer-phase] chunk=0 start=0 layer=15 kind=moe phase=shared_packed gpu_ms=0.64
[prefill-layer-phase] chunk=0 start=0 layer=16 kind=gdn phase=pre_norm gpu_ms=0.02
[prefill-layer-phase] chunk=0 start=0 layer=16 kind=gdn phase=gdn_qkv gpu_ms=2.53
[prefill-layer-phase] chunk=0 start=0 layer=16 kind=gdn phase=gdn_z gpu_ms=1.29
[prefill-layer-phase] chunk=0 start=0 layer=16 kind=gdn phase=gdn_beta_alpha gpu_ms=0.17
[prefill-layer-phase] chunk=0 start=0 layer=16 kind=gdn phase=gdn_alpha_beta gpu_ms=0.01
[prefill-layer-phase] chunk=0 start=0 layer=16 kind=gdn phase=gdn_prep_conv gpu_ms=0.43
[prefill-layer-phase] chunk=0 start=0 layer=16 kind=gdn phase=gdn_prep_l2 gpu_ms=0.03
[prefill-layer-phase] chunk=0 start=0 layer=16 kind=gdn phase=gdn_step gpu_ms=1.57
[prefill-layer-phase] chunk=0 start=0 layer=16 kind=gdn phase=gdn_gated gpu_ms=0.10
[prefill-layer-phase] chunk=0 start=0 layer=16 kind=gdn phase=gdn_back gpu_ms=1.30
[prefill-layer-phase] chunk=0 start=0 layer=16 kind=gdn phase=mixer_resid gpu_ms=0.03
[prefill-layer-phase] chunk=0 start=0 layer=16 kind=moe phase=post_norm gpu_ms=0.02
[prefill-layer-phase] chunk=0 start=0 layer=16 kind=moe phase=route_fused gpu_ms=0.31
[prefill-layer-phase] chunk=0 start=0 layer=16 kind=moe phase=routed_swiglu gpu_ms=3.90
[prefill-layer-phase] chunk=0 start=0 layer=16 kind=moe phase=routed_down gpu_ms=2.22
[prefill-layer-phase] chunk=0 start=0 layer=16 kind=moe phase=routed_reduce gpu_ms=0.15
[prefill-layer-phase] chunk=0 start=0 layer=16 kind=moe phase=shared_packed gpu_ms=0.63
[prefill-layer-phase] chunk=0 start=0 layer=17 kind=gdn phase=pre_norm gpu_ms=0.03
[prefill-layer-phase] chunk=0 start=0 layer=17 kind=gdn phase=gdn_qkv gpu_ms=2.53
[prefill-layer-phase] chunk=0 start=0 layer=17 kind=gdn phase=gdn_z gpu_ms=1.29
[prefill-layer-phase] chunk=0 start=0 layer=17 kind=gdn phase=gdn_beta_alpha gpu_ms=0.17
[prefill-layer-phase] chunk=0 start=0 layer=17 kind=gdn phase=gdn_alpha_beta gpu_ms=0.01
[prefill-layer-phase] chunk=0 start=0 layer=17 kind=gdn phase=gdn_prep_conv gpu_ms=0.43
[prefill-layer-phase] chunk=0 start=0 layer=17 kind=gdn phase=gdn_prep_l2 gpu_ms=0.04
[prefill-layer-phase] chunk=0 start=0 layer=17 kind=gdn phase=gdn_step gpu_ms=1.58
[prefill-layer-phase] chunk=0 start=0 layer=17 kind=gdn phase=gdn_gated gpu_ms=0.10
[prefill-layer-phase] chunk=0 start=0 layer=17 kind=gdn phase=gdn_back gpu_ms=1.30
[prefill-layer-phase] chunk=0 start=0 layer=17 kind=gdn phase=mixer_resid gpu_ms=0.03
[prefill-layer-phase] chunk=0 start=0 layer=17 kind=moe phase=post_norm gpu_ms=0.02
[prefill-layer-phase] chunk=0 start=0 layer=17 kind=moe phase=route_fused gpu_ms=0.31
[prefill-layer-phase] chunk=0 start=0 layer=17 kind=moe phase=routed_swiglu gpu_ms=3.86
[prefill-layer-phase] chunk=0 start=0 layer=17 kind=moe phase=routed_down gpu_ms=2.21
[prefill-layer-phase] chunk=0 start=0 layer=17 kind=moe phase=routed_reduce gpu_ms=0.14
[prefill-layer-phase] chunk=0 start=0 layer=17 kind=moe phase=shared_packed gpu_ms=0.64
[prefill-layer-phase] chunk=0 start=0 layer=18 kind=gdn phase=pre_norm gpu_ms=0.02
[prefill-layer-phase] chunk=0 start=0 layer=18 kind=gdn phase=gdn_qkv gpu_ms=2.53
[prefill-layer-phase] chunk=0 start=0 layer=18 kind=gdn phase=gdn_z gpu_ms=1.29
[prefill-layer-phase] chunk=0 start=0 layer=18 kind=gdn phase=gdn_beta_alpha gpu_ms=0.17
[prefill-layer-phase] chunk=0 start=0 layer=18 kind=gdn phase=gdn_alpha_beta gpu_ms=0.00
[prefill-layer-phase] chunk=0 start=0 layer=18 kind=gdn phase=gdn_prep_conv gpu_ms=0.43
[prefill-layer-phase] chunk=0 start=0 layer=18 kind=gdn phase=gdn_prep_l2 gpu_ms=0.04
[prefill-layer-phase] chunk=0 start=0 layer=18 kind=gdn phase=gdn_step gpu_ms=1.55
[prefill-layer-phase] chunk=0 start=0 layer=18 kind=gdn phase=gdn_gated gpu_ms=0.10
[prefill-layer-phase] chunk=0 start=0 layer=18 kind=gdn phase=gdn_back gpu_ms=1.30
[prefill-layer-phase] chunk=0 start=0 layer=18 kind=gdn phase=mixer_resid gpu_ms=0.03
[prefill-layer-phase] chunk=0 start=0 layer=18 kind=moe phase=post_norm gpu_ms=0.02
[prefill-layer-phase] chunk=0 start=0 layer=18 kind=moe phase=route_fused gpu_ms=0.31
[prefill-layer-phase] chunk=0 start=0 layer=18 kind=moe phase=routed_swiglu gpu_ms=4.00
[prefill-layer-phase] chunk=0 start=0 layer=18 kind=moe phase=routed_down gpu_ms=2.39
[prefill-layer-phase] chunk=0 start=0 layer=18 kind=moe phase=routed_reduce gpu_ms=0.14
[prefill-layer-phase] chunk=0 start=0 layer=18 kind=moe phase=shared_packed gpu_ms=0.63
[prefill-layer-phase] chunk=0 start=0 layer=19 kind=attn phase=pre_norm gpu_ms=0.02
[prefill-attn-phase] chunk=0 start=0 layer=19 phase=proj gpu_ms=2.91
[prefill-attn-phase] chunk=0 start=0 layer=19 phase=norm gpu_ms=0.29
[prefill-attn-phase] chunk=0 start=0 layer=19 phase=rope_scatter gpu_ms=0.05
[prefill-attn-packed-shape] layer=19 chunk_start=0 chunk_p=1024 group=8 packed_rows=4 qt=2 row_groups=256 dispatches=512 nwg=64 partial_rw_mib=2064.00
[prefill-attn-matrix-g8-shape] layer=19 chunk_start=0 chunk_p=1024 query_rows=1024 query_tiles=1 n_pos=1024 score_tile_scratch_mib=34.00 vt_stride=4096 vt_layer_mib=4.00 vt_update_base=0 vt_update_rows=1024 vt_update_mib=1.00
[prefill-attn-phase] chunk=0 start=0 layer=19 phase=body_matrix_kq gpu_ms=0.36
[prefill-attn-phase] chunk=0 start=0 layer=19 phase=body_matrix_kqv gpu_ms=0.35
[prefill-layer-phase] chunk=0 start=0 layer=19 kind=attn phase=attn_back gpu_ms=1.40
[prefill-layer-phase] chunk=0 start=0 layer=19 kind=attn phase=mixer_resid gpu_ms=0.03
[prefill-layer-phase] chunk=0 start=0 layer=19 kind=moe phase=post_norm gpu_ms=0.02
[prefill-layer-phase] chunk=0 start=0 layer=19 kind=moe phase=route_fused gpu_ms=0.31
[prefill-layer-phase] chunk=0 start=0 layer=19 kind=moe phase=routed_swiglu gpu_ms=4.15
[prefill-layer-phase] chunk=0 start=0 layer=19 kind=moe phase=routed_down gpu_ms=2.34
[prefill-layer-phase] chunk=0 start=0 layer=19 kind=moe phase=routed_reduce gpu_ms=0.14
[prefill-layer-phase] chunk=0 start=0 layer=19 kind=moe phase=shared_packed gpu_ms=0.64
[prefill-layer-phase] chunk=0 start=0 layer=20 kind=gdn phase=pre_norm gpu_ms=0.02
[prefill-layer-phase] chunk=0 start=0 layer=20 kind=gdn phase=gdn_qkv gpu_ms=2.53
[prefill-layer-phase] chunk=0 start=0 layer=20 kind=gdn phase=gdn_z gpu_ms=1.29
[prefill-layer-phase] chunk=0 start=0 layer=20 kind=gdn phase=gdn_beta_alpha gpu_ms=0.17
[prefill-layer-phase] chunk=0 start=0 layer=20 kind=gdn phase=gdn_alpha_beta gpu_ms=0.00
[prefill-layer-phase] chunk=0 start=0 layer=20 kind=gdn phase=gdn_prep_conv gpu_ms=0.43
[prefill-layer-phase] chunk=0 start=0 layer=20 kind=gdn phase=gdn_prep_l2 gpu_ms=0.04
[prefill-layer-phase] chunk=0 start=0 layer=20 kind=gdn phase=gdn_step gpu_ms=1.56
[prefill-layer-phase] chunk=0 start=0 layer=20 kind=gdn phase=gdn_gated gpu_ms=0.10
[prefill-layer-phase] chunk=0 start=0 layer=20 kind=gdn phase=gdn_back gpu_ms=1.30
[prefill-layer-phase] chunk=0 start=0 layer=20 kind=gdn phase=mixer_resid gpu_ms=0.04
[prefill-layer-phase] chunk=0 start=0 layer=20 kind=moe phase=post_norm gpu_ms=0.02
[prefill-layer-phase] chunk=0 start=0 layer=20 kind=moe phase=route_fused gpu_ms=0.31
[prefill-layer-phase] chunk=0 start=0 layer=20 kind=moe phase=routed_swiglu gpu_ms=4.37
[prefill-layer-phase] chunk=0 start=0 layer=20 kind=moe phase=routed_down gpu_ms=2.61
[prefill-layer-phase] chunk=0 start=0 layer=20 kind=moe phase=routed_reduce gpu_ms=0.14
[prefill-layer-phase] chunk=0 start=0 layer=20 kind=moe phase=shared_packed gpu_ms=0.64
[prefill-layer-phase] chunk=0 start=0 layer=21 kind=gdn phase=pre_norm gpu_ms=0.02
[prefill-layer-phase] chunk=0 start=0 layer=21 kind=gdn phase=gdn_qkv gpu_ms=2.53
[prefill-layer-phase] chunk=0 start=0 layer=21 kind=gdn phase=gdn_z gpu_ms=1.29
[prefill-layer-phase] chunk=0 start=0 layer=21 kind=gdn phase=gdn_beta_alpha gpu_ms=0.17
[prefill-layer-phase] chunk=0 start=0 layer=21 kind=gdn phase=gdn_alpha_beta gpu_ms=0.01
[prefill-layer-phase] chunk=0 start=0 layer=21 kind=gdn phase=gdn_prep_conv gpu_ms=0.43
[prefill-layer-phase] chunk=0 start=0 layer=21 kind=gdn phase=gdn_prep_l2 gpu_ms=0.04
[prefill-layer-phase] chunk=0 start=0 layer=21 kind=gdn phase=gdn_step gpu_ms=1.57
[prefill-layer-phase] chunk=0 start=0 layer=21 kind=gdn phase=gdn_gated gpu_ms=0.10
[prefill-layer-phase] chunk=0 start=0 layer=21 kind=gdn phase=gdn_back gpu_ms=1.30
[prefill-layer-phase] chunk=0 start=0 layer=21 kind=gdn phase=mixer_resid gpu_ms=0.03
[prefill-layer-phase] chunk=0 start=0 layer=21 kind=moe phase=post_norm gpu_ms=0.02
[prefill-layer-phase] chunk=0 start=0 layer=21 kind=moe phase=route_fused gpu_ms=0.31
[prefill-layer-phase] chunk=0 start=0 layer=21 kind=moe phase=routed_swiglu gpu_ms=4.18
[prefill-layer-phase] chunk=0 start=0 layer=21 kind=moe phase=routed_down gpu_ms=2.48
[prefill-layer-phase] chunk=0 start=0 layer=21 kind=moe phase=routed_reduce gpu_ms=0.14
[prefill-layer-phase] chunk=0 start=0 layer=21 kind=moe phase=shared_packed gpu_ms=0.64
[prefill-layer-phase] chunk=0 start=0 layer=22 kind=gdn phase=pre_norm gpu_ms=0.02
[prefill-layer-phase] chunk=0 start=0 layer=22 kind=gdn phase=gdn_qkv gpu_ms=2.53
[prefill-layer-phase] chunk=0 start=0 layer=22 kind=gdn phase=gdn_z gpu_ms=1.29
[prefill-layer-phase] chunk=0 start=0 layer=22 kind=gdn phase=gdn_beta_alpha gpu_ms=0.17
[prefill-layer-phase] chunk=0 start=0 layer=22 kind=gdn phase=gdn_alpha_beta gpu_ms=0.00
[prefill-layer-phase] chunk=0 start=0 layer=22 kind=gdn phase=gdn_prep_conv gpu_ms=0.43
[prefill-layer-phase] chunk=0 start=0 layer=22 kind=gdn phase=gdn_prep_l2 gpu_ms=0.04
[prefill-layer-phase] chunk=0 start=0 layer=22 kind=gdn phase=gdn_step gpu_ms=1.57
[prefill-layer-phase] chunk=0 start=0 layer=22 kind=gdn phase=gdn_gated gpu_ms=0.10
[prefill-layer-phase] chunk=0 start=0 layer=22 kind=gdn phase=gdn_back gpu_ms=1.30
[prefill-layer-phase] chunk=0 start=0 layer=22 kind=gdn phase=mixer_resid gpu_ms=0.03
[prefill-layer-phase] chunk=0 start=0 layer=22 kind=moe phase=post_norm gpu_ms=0.02
[prefill-layer-phase] chunk=0 start=0 layer=22 kind=moe phase=route_fused gpu_ms=0.31
[prefill-layer-phase] chunk=0 start=0 layer=22 kind=moe phase=routed_swiglu gpu_ms=4.08
[prefill-layer-phase] chunk=0 start=0 layer=22 kind=moe phase=routed_down gpu_ms=2.43
[prefill-layer-phase] chunk=0 start=0 layer=22 kind=moe phase=routed_reduce gpu_ms=0.14
[prefill-layer-phase] chunk=0 start=0 layer=22 kind=moe phase=shared_packed gpu_ms=0.64
[prefill-layer-phase] chunk=0 start=0 layer=23 kind=attn phase=pre_norm gpu_ms=0.02
[prefill-attn-phase] chunk=0 start=0 layer=23 phase=proj gpu_ms=2.91
[prefill-attn-phase] chunk=0 start=0 layer=23 phase=norm gpu_ms=0.29
[prefill-attn-phase] chunk=0 start=0 layer=23 phase=rope_scatter gpu_ms=0.06
[prefill-attn-packed-shape] layer=23 chunk_start=0 chunk_p=1024 group=8 packed_rows=4 qt=2 row_groups=256 dispatches=512 nwg=64 partial_rw_mib=2064.00
[prefill-attn-matrix-g8-shape] layer=23 chunk_start=0 chunk_p=1024 query_rows=1024 query_tiles=1 n_pos=1024 score_tile_scratch_mib=34.00 vt_stride=4096 vt_layer_mib=4.00 vt_update_base=0 vt_update_rows=1024 vt_update_mib=1.00
[prefill-attn-phase] chunk=0 start=0 layer=23 phase=body_matrix_kq gpu_ms=0.36
[prefill-attn-phase] chunk=0 start=0 layer=23 phase=body_matrix_kqv gpu_ms=0.35
[prefill-layer-phase] chunk=0 start=0 layer=23 kind=attn phase=attn_back gpu_ms=1.40
[prefill-layer-phase] chunk=0 start=0 layer=23 kind=attn phase=mixer_resid gpu_ms=0.03
[prefill-layer-phase] chunk=0 start=0 layer=23 kind=moe phase=post_norm gpu_ms=0.02
[prefill-layer-phase] chunk=0 start=0 layer=23 kind=moe phase=route_fused gpu_ms=0.31
[prefill-layer-phase] chunk=0 start=0 layer=23 kind=moe phase=routed_swiglu gpu_ms=3.95
[prefill-layer-phase] chunk=0 start=0 layer=23 kind=moe phase=routed_down gpu_ms=2.31
[prefill-layer-phase] chunk=0 start=0 layer=23 kind=moe phase=routed_reduce gpu_ms=0.14
[prefill-layer-phase] chunk=0 start=0 layer=23 kind=moe phase=shared_packed gpu_ms=0.64
[prefill-layer-phase] chunk=0 start=0 layer=24 kind=gdn phase=pre_norm gpu_ms=0.02
[prefill-layer-phase] chunk=0 start=0 layer=24 kind=gdn phase=gdn_qkv gpu_ms=2.53
[prefill-layer-phase] chunk=0 start=0 layer=24 kind=gdn phase=gdn_z gpu_ms=1.29
[prefill-layer-phase] chunk=0 start=0 layer=24 kind=gdn phase=gdn_beta_alpha gpu_ms=0.17
[prefill-layer-phase] chunk=0 start=0 layer=24 kind=gdn phase=gdn_alpha_beta gpu_ms=0.00
[prefill-layer-phase] chunk=0 start=0 layer=24 kind=gdn phase=gdn_prep_conv gpu_ms=0.43
[prefill-layer-phase] chunk=0 start=0 layer=24 kind=gdn phase=gdn_prep_l2 gpu_ms=0.04
[prefill-layer-phase] chunk=0 start=0 layer=24 kind=gdn phase=gdn_step gpu_ms=1.55
[prefill-layer-phase] chunk=0 start=0 layer=24 kind=gdn phase=gdn_gated gpu_ms=0.10
[prefill-layer-phase] chunk=0 start=0 layer=24 kind=gdn phase=gdn_back gpu_ms=1.30
[prefill-layer-phase] chunk=0 start=0 layer=24 kind=gdn phase=mixer_resid gpu_ms=0.03
[prefill-layer-phase] chunk=0 start=0 layer=24 kind=moe phase=post_norm gpu_ms=0.02
[prefill-layer-phase] chunk=0 start=0 layer=24 kind=moe phase=route_fused gpu_ms=0.31
[prefill-layer-phase] chunk=0 start=0 layer=24 kind=moe phase=routed_swiglu gpu_ms=4.05
[prefill-layer-phase] chunk=0 start=0 layer=24 kind=moe phase=routed_down gpu_ms=2.37
[prefill-layer-phase] chunk=0 start=0 layer=24 kind=moe phase=routed_reduce gpu_ms=0.14
[prefill-layer-phase] chunk=0 start=0 layer=24 kind=moe phase=shared_packed gpu_ms=0.64
[prefill-layer-phase] chunk=0 start=0 layer=25 kind=gdn phase=pre_norm gpu_ms=0.02
[prefill-layer-phase] chunk=0 start=0 layer=25 kind=gdn phase=gdn_qkv gpu_ms=2.53
[prefill-layer-phase] chunk=0 start=0 layer=25 kind=gdn phase=gdn_z gpu_ms=1.29
[prefill-layer-phase] chunk=0 start=0 layer=25 kind=gdn phase=gdn_beta_alpha gpu_ms=0.17
[prefill-layer-phase] chunk=0 start=0 layer=25 kind=gdn phase=gdn_alpha_beta gpu_ms=0.01
[prefill-layer-phase] chunk=0 start=0 layer=25 kind=gdn phase=gdn_prep_conv gpu_ms=0.43
[prefill-layer-phase] chunk=0 start=0 layer=25 kind=gdn phase=gdn_prep_l2 gpu_ms=0.04
[prefill-layer-phase] chunk=0 start=0 layer=25 kind=gdn phase=gdn_step gpu_ms=1.58
[prefill-layer-phase] chunk=0 start=0 layer=25 kind=gdn phase=gdn_gated gpu_ms=0.10
[prefill-layer-phase] chunk=0 start=0 layer=25 kind=gdn phase=gdn_back gpu_ms=1.30
[prefill-layer-phase] chunk=0 start=0 layer=25 kind=gdn phase=mixer_resid gpu_ms=0.03
[prefill-layer-phase] chunk=0 start=0 layer=25 kind=moe phase=post_norm gpu_ms=0.02
[prefill-layer-phase] chunk=0 start=0 layer=25 kind=moe phase=route_fused gpu_ms=0.31
[prefill-layer-phase] chunk=0 start=0 layer=25 kind=moe phase=routed_swiglu gpu_ms=3.96
[prefill-layer-phase] chunk=0 start=0 layer=25 kind=moe phase=routed_down gpu_ms=2.32
[prefill-layer-phase] chunk=0 start=0 layer=25 kind=moe phase=routed_reduce gpu_ms=0.15
[prefill-layer-phase] chunk=0 start=0 layer=25 kind=moe phase=shared_packed gpu_ms=0.64
[prefill-layer-phase] chunk=0 start=0 layer=26 kind=gdn phase=pre_norm gpu_ms=0.02
[prefill-layer-phase] chunk=0 start=0 layer=26 kind=gdn phase=gdn_qkv gpu_ms=2.53
[prefill-layer-phase] chunk=0 start=0 layer=26 kind=gdn phase=gdn_z gpu_ms=1.29
[prefill-layer-phase] chunk=0 start=0 layer=26 kind=gdn phase=gdn_beta_alpha gpu_ms=0.17
[prefill-layer-phase] chunk=0 start=0 layer=26 kind=gdn phase=gdn_alpha_beta gpu_ms=0.01
[prefill-layer-phase] chunk=0 start=0 layer=26 kind=gdn phase=gdn_prep_conv gpu_ms=0.43
[prefill-layer-phase] chunk=0 start=0 layer=26 kind=gdn phase=gdn_prep_l2 gpu_ms=0.04
[prefill-layer-phase] chunk=0 start=0 layer=26 kind=gdn phase=gdn_step gpu_ms=1.56
[prefill-layer-phase] chunk=0 start=0 layer=26 kind=gdn phase=gdn_gated gpu_ms=0.10
[prefill-layer-phase] chunk=0 start=0 layer=26 kind=gdn phase=gdn_back gpu_ms=1.30
[prefill-layer-phase] chunk=0 start=0 layer=26 kind=gdn phase=mixer_resid gpu_ms=0.03
[prefill-layer-phase] chunk=0 start=0 layer=26 kind=moe phase=post_norm gpu_ms=0.02
[prefill-layer-phase] chunk=0 start=0 layer=26 kind=moe phase=route_fused gpu_ms=0.31
[prefill-layer-phase] chunk=0 start=0 layer=26 kind=moe phase=routed_swiglu gpu_ms=3.99
[prefill-layer-phase] chunk=0 start=0 layer=26 kind=moe phase=routed_down gpu_ms=2.43
[prefill-layer-phase] chunk=0 start=0 layer=26 kind=moe phase=routed_reduce gpu_ms=0.14
[prefill-layer-phase] chunk=0 start=0 layer=26 kind=moe phase=shared_packed gpu_ms=0.64
[prefill-layer-phase] chunk=0 start=0 layer=27 kind=attn phase=pre_norm gpu_ms=0.02
[prefill-attn-phase] chunk=0 start=0 layer=27 phase=proj gpu_ms=2.92
[prefill-attn-phase] chunk=0 start=0 layer=27 phase=norm gpu_ms=0.29
[prefill-attn-phase] chunk=0 start=0 layer=27 phase=rope_scatter gpu_ms=0.05
[prefill-attn-packed-shape] layer=27 chunk_start=0 chunk_p=1024 group=8 packed_rows=4 qt=2 row_groups=256 dispatches=512 nwg=64 partial_rw_mib=2064.00
[prefill-attn-matrix-g8-shape] layer=27 chunk_start=0 chunk_p=1024 query_rows=1024 query_tiles=1 n_pos=1024 score_tile_scratch_mib=34.00 vt_stride=4096 vt_layer_mib=4.00 vt_update_base=0 vt_update_rows=1024 vt_update_mib=1.00
[prefill-attn-phase] chunk=0 start=0 layer=27 phase=body_matrix_kq gpu_ms=0.35
[prefill-attn-phase] chunk=0 start=0 layer=27 phase=body_matrix_kqv gpu_ms=0.35
[prefill-layer-phase] chunk=0 start=0 layer=27 kind=attn phase=attn_back gpu_ms=1.40
[prefill-layer-phase] chunk=0 start=0 layer=27 kind=attn phase=mixer_resid gpu_ms=0.03
[prefill-layer-phase] chunk=0 start=0 layer=27 kind=moe phase=post_norm gpu_ms=0.02
[prefill-layer-phase] chunk=0 start=0 layer=27 kind=moe phase=route_fused gpu_ms=0.31
[prefill-layer-phase] chunk=0 start=0 layer=27 kind=moe phase=routed_swiglu gpu_ms=3.99
[prefill-layer-phase] chunk=0 start=0 layer=27 kind=moe phase=routed_down gpu_ms=2.35
[prefill-layer-phase] chunk=0 start=0 layer=27 kind=moe phase=routed_reduce gpu_ms=0.14
[prefill-layer-phase] chunk=0 start=0 layer=27 kind=moe phase=shared_packed gpu_ms=0.64
[prefill-layer-phase] chunk=0 start=0 layer=28 kind=gdn phase=pre_norm gpu_ms=0.02
[prefill-layer-phase] chunk=0 start=0 layer=28 kind=gdn phase=gdn_qkv gpu_ms=2.53
[prefill-layer-phase] chunk=0 start=0 layer=28 kind=gdn phase=gdn_z gpu_ms=1.29
[prefill-layer-phase] chunk=0 start=0 layer=28 kind=gdn phase=gdn_beta_alpha gpu_ms=0.17
[prefill-layer-phase] chunk=0 start=0 layer=28 kind=gdn phase=gdn_alpha_beta gpu_ms=0.01
[prefill-layer-phase] chunk=0 start=0 layer=28 kind=gdn phase=gdn_prep_conv gpu_ms=0.43
[prefill-layer-phase] chunk=0 start=0 layer=28 kind=gdn phase=gdn_prep_l2 gpu_ms=0.04
[prefill-layer-phase] chunk=0 start=0 layer=28 kind=gdn phase=gdn_step gpu_ms=1.53
[prefill-layer-phase] chunk=0 start=0 layer=28 kind=gdn phase=gdn_gated gpu_ms=0.10
[prefill-layer-phase] chunk=0 start=0 layer=28 kind=gdn phase=gdn_back gpu_ms=1.30
[prefill-layer-phase] chunk=0 start=0 layer=28 kind=gdn phase=mixer_resid gpu_ms=0.03
[prefill-layer-phase] chunk=0 start=0 layer=28 kind=moe phase=post_norm gpu_ms=0.02
[prefill-layer-phase] chunk=0 start=0 layer=28 kind=moe phase=route_fused gpu_ms=0.31
[prefill-layer-phase] chunk=0 start=0 layer=28 kind=moe phase=routed_swiglu gpu_ms=3.85
[prefill-layer-phase] chunk=0 start=0 layer=28 kind=moe phase=routed_down gpu_ms=2.27
[prefill-layer-phase] chunk=0 start=0 layer=28 kind=moe phase=routed_reduce gpu_ms=0.15
[prefill-layer-phase] chunk=0 start=0 layer=28 kind=moe phase=shared_packed gpu_ms=0.64
[prefill-layer-phase] chunk=0 start=0 layer=29 kind=gdn phase=pre_norm gpu_ms=0.02
[prefill-layer-phase] chunk=0 start=0 layer=29 kind=gdn phase=gdn_qkv gpu_ms=2.53
[prefill-layer-phase] chunk=0 start=0 layer=29 kind=gdn phase=gdn_z gpu_ms=1.29
[prefill-layer-phase] chunk=0 start=0 layer=29 kind=gdn phase=gdn_beta_alpha gpu_ms=0.17
[prefill-layer-phase] chunk=0 start=0 layer=29 kind=gdn phase=gdn_alpha_beta gpu_ms=0.00
[prefill-layer-phase] chunk=0 start=0 layer=29 kind=gdn phase=gdn_prep_conv gpu_ms=0.43
[prefill-layer-phase] chunk=0 start=0 layer=29 kind=gdn phase=gdn_prep_l2 gpu_ms=0.04
[prefill-layer-phase] chunk=0 start=0 layer=29 kind=gdn phase=gdn_step gpu_ms=1.55
[prefill-layer-phase] chunk=0 start=0 layer=29 kind=gdn phase=gdn_gated gpu_ms=0.10
[prefill-layer-phase] chunk=0 start=0 layer=29 kind=gdn phase=gdn_back gpu_ms=1.30
[prefill-layer-phase] chunk=0 start=0 layer=29 kind=gdn phase=mixer_resid gpu_ms=0.04
[prefill-layer-phase] chunk=0 start=0 layer=29 kind=moe phase=post_norm gpu_ms=0.02
[prefill-layer-phase] chunk=0 start=0 layer=29 kind=moe phase=route_fused gpu_ms=0.31
[prefill-layer-phase] chunk=0 start=0 layer=29 kind=moe phase=routed_swiglu gpu_ms=4.02
[prefill-layer-phase] chunk=0 start=0 layer=29 kind=moe phase=routed_down gpu_ms=2.33
[prefill-layer-phase] chunk=0 start=0 layer=29 kind=moe phase=routed_reduce gpu_ms=0.15
[prefill-layer-phase] chunk=0 start=0 layer=29 kind=moe phase=shared_packed gpu_ms=0.64
[prefill-layer-phase] chunk=0 start=0 layer=30 kind=gdn phase=pre_norm gpu_ms=0.02
[prefill-layer-phase] chunk=0 start=0 layer=30 kind=gdn phase=gdn_qkv gpu_ms=2.53
[prefill-layer-phase] chunk=0 start=0 layer=30 kind=gdn phase=gdn_z gpu_ms=1.29
[prefill-layer-phase] chunk=0 start=0 layer=30 kind=gdn phase=gdn_beta_alpha gpu_ms=0.17
[prefill-layer-phase] chunk=0 start=0 layer=30 kind=gdn phase=gdn_alpha_beta gpu_ms=0.01
[prefill-layer-phase] chunk=0 start=0 layer=30 kind=gdn phase=gdn_prep_conv gpu_ms=0.43
[prefill-layer-phase] chunk=0 start=0 layer=30 kind=gdn phase=gdn_prep_l2 gpu_ms=0.04
[prefill-layer-phase] chunk=0 start=0 layer=30 kind=gdn phase=gdn_step gpu_ms=1.56
[prefill-layer-phase] chunk=0 start=0 layer=30 kind=gdn phase=gdn_gated gpu_ms=0.10
[prefill-layer-phase] chunk=0 start=0 layer=30 kind=gdn phase=gdn_back gpu_ms=1.30
[prefill-layer-phase] chunk=0 start=0 layer=30 kind=gdn phase=mixer_resid gpu_ms=0.03
[prefill-layer-phase] chunk=0 start=0 layer=30 kind=moe phase=post_norm gpu_ms=0.02
[prefill-layer-phase] chunk=0 start=0 layer=30 kind=moe phase=route_fused gpu_ms=0.31
[prefill-layer-phase] chunk=0 start=0 layer=30 kind=moe phase=routed_swiglu gpu_ms=3.97
[prefill-layer-phase] chunk=0 start=0 layer=30 kind=moe phase=routed_down gpu_ms=2.40
[prefill-layer-phase] chunk=0 start=0 layer=30 kind=moe phase=routed_reduce gpu_ms=0.14
[prefill-layer-phase] chunk=0 start=0 layer=30 kind=moe phase=shared_packed gpu_ms=0.64
[prefill-layer-phase] chunk=0 start=0 layer=31 kind=attn phase=pre_norm gpu_ms=0.02
[prefill-attn-phase] chunk=0 start=0 layer=31 phase=proj gpu_ms=2.91
[prefill-attn-phase] chunk=0 start=0 layer=31 phase=norm gpu_ms=0.29
[prefill-attn-phase] chunk=0 start=0 layer=31 phase=rope_scatter gpu_ms=0.05
[prefill-attn-packed-shape] layer=31 chunk_start=0 chunk_p=1024 group=8 packed_rows=4 qt=2 row_groups=256 dispatches=512 nwg=64 partial_rw_mib=2064.00
[prefill-attn-matrix-g8-shape] layer=31 chunk_start=0 chunk_p=1024 query_rows=1024 query_tiles=1 n_pos=1024 score_tile_scratch_mib=34.00 vt_stride=4096 vt_layer_mib=4.00 vt_update_base=0 vt_update_rows=1024 vt_update_mib=1.00
[prefill-attn-phase] chunk=0 start=0 layer=31 phase=body_matrix_kq gpu_ms=0.35
[prefill-attn-phase] chunk=0 start=0 layer=31 phase=body_matrix_kqv gpu_ms=0.35
[prefill-layer-phase] chunk=0 start=0 layer=31 kind=attn phase=attn_back gpu_ms=1.40
[prefill-layer-phase] chunk=0 start=0 layer=31 kind=attn phase=mixer_resid gpu_ms=0.03
[prefill-layer-phase] chunk=0 start=0 layer=31 kind=moe phase=post_norm gpu_ms=0.02
[prefill-layer-phase] chunk=0 start=0 layer=31 kind=moe phase=route_fused gpu_ms=0.31
[prefill-layer-phase] chunk=0 start=0 layer=31 kind=moe phase=routed_swiglu gpu_ms=4.03
[prefill-layer-phase] chunk=0 start=0 layer=31 kind=moe phase=routed_down gpu_ms=2.29
[prefill-layer-phase] chunk=0 start=0 layer=31 kind=moe phase=routed_reduce gpu_ms=0.14
[prefill-layer-phase] chunk=0 start=0 layer=31 kind=moe phase=shared_packed gpu_ms=0.64
[prefill-layer-phase] chunk=0 start=0 layer=32 kind=gdn phase=pre_norm gpu_ms=0.02
[prefill-layer-phase] chunk=0 start=0 layer=32 kind=gdn phase=gdn_qkv gpu_ms=2.53
[prefill-layer-phase] chunk=0 start=0 layer=32 kind=gdn phase=gdn_z gpu_ms=1.29
[prefill-layer-phase] chunk=0 start=0 layer=32 kind=gdn phase=gdn_beta_alpha gpu_ms=0.17
[prefill-layer-phase] chunk=0 start=0 layer=32 kind=gdn phase=gdn_alpha_beta gpu_ms=0.00
[prefill-layer-phase] chunk=0 start=0 layer=32 kind=gdn phase=gdn_prep_conv gpu_ms=0.43
[prefill-layer-phase] chunk=0 start=0 layer=32 kind=gdn phase=gdn_prep_l2 gpu_ms=0.04
[prefill-layer-phase] chunk=0 start=0 layer=32 kind=gdn phase=gdn_step gpu_ms=1.58
[prefill-layer-phase] chunk=0 start=0 layer=32 kind=gdn phase=gdn_gated gpu_ms=0.10
[prefill-layer-phase] chunk=0 start=0 layer=32 kind=gdn phase=gdn_back gpu_ms=1.30
[prefill-layer-phase] chunk=0 start=0 layer=32 kind=gdn phase=mixer_resid gpu_ms=0.03
[prefill-layer-phase] chunk=0 start=0 layer=32 kind=moe phase=post_norm gpu_ms=0.02
[prefill-layer-phase] chunk=0 start=0 layer=32 kind=moe phase=route_fused gpu_ms=0.31
[prefill-layer-phase] chunk=0 start=0 layer=32 kind=moe phase=routed_swiglu gpu_ms=3.85
[prefill-layer-phase] chunk=0 start=0 layer=32 kind=moe phase=routed_down gpu_ms=2.27
[prefill-layer-phase] chunk=0 start=0 layer=32 kind=moe phase=routed_reduce gpu_ms=0.14
[prefill-layer-phase] chunk=0 start=0 layer=32 kind=moe phase=shared_packed gpu_ms=0.64
[prefill-layer-phase] chunk=0 start=0 layer=33 kind=gdn phase=pre_norm gpu_ms=0.02
[prefill-layer-phase] chunk=0 start=0 layer=33 kind=gdn phase=gdn_qkv gpu_ms=2.53
[prefill-layer-phase] chunk=0 start=0 layer=33 kind=gdn phase=gdn_z gpu_ms=1.29
[prefill-layer-phase] chunk=0 start=0 layer=33 kind=gdn phase=gdn_beta_alpha gpu_ms=0.17
[prefill-layer-phase] chunk=0 start=0 layer=33 kind=gdn phase=gdn_alpha_beta gpu_ms=0.00
[prefill-layer-phase] chunk=0 start=0 layer=33 kind=gdn phase=gdn_prep_conv gpu_ms=0.43
[prefill-layer-phase] chunk=0 start=0 layer=33 kind=gdn phase=gdn_prep_l2 gpu_ms=0.04
[prefill-layer-phase] chunk=0 start=0 layer=33 kind=gdn phase=gdn_step gpu_ms=1.59
[prefill-layer-phase] chunk=0 start=0 layer=33 kind=gdn phase=gdn_gated gpu_ms=0.10
[prefill-layer-phase] chunk=0 start=0 layer=33 kind=gdn phase=gdn_back gpu_ms=1.30
[prefill-layer-phase] chunk=0 start=0 layer=33 kind=gdn phase=mixer_resid gpu_ms=0.03
[prefill-layer-phase] chunk=0 start=0 layer=33 kind=moe phase=post_norm gpu_ms=0.02
[prefill-layer-phase] chunk=0 start=0 layer=33 kind=moe phase=route_fused gpu_ms=0.31
[prefill-layer-phase] chunk=0 start=0 layer=33 kind=moe phase=routed_swiglu gpu_ms=4.08
[prefill-layer-phase] chunk=0 start=0 layer=33 kind=moe phase=routed_down gpu_ms=2.47
[prefill-layer-phase] chunk=0 start=0 layer=33 kind=moe phase=routed_reduce gpu_ms=0.14
[prefill-layer-phase] chunk=0 start=0 layer=33 kind=moe phase=shared_packed gpu_ms=0.64
[prefill-layer-phase] chunk=0 start=0 layer=34 kind=gdn phase=pre_norm gpu_ms=0.02
[prefill-layer-phase] chunk=0 start=0 layer=34 kind=gdn phase=gdn_qkv gpu_ms=2.53
[prefill-layer-phase] chunk=0 start=0 layer=34 kind=gdn phase=gdn_z gpu_ms=1.29
[prefill-layer-phase] chunk=0 start=0 layer=34 kind=gdn phase=gdn_beta_alpha gpu_ms=0.17
[prefill-layer-phase] chunk=0 start=0 layer=34 kind=gdn phase=gdn_alpha_beta gpu_ms=0.01
[prefill-layer-phase] chunk=0 start=0 layer=34 kind=gdn phase=gdn_prep_conv gpu_ms=0.43
[prefill-layer-phase] chunk=0 start=0 layer=34 kind=gdn phase=gdn_prep_l2 gpu_ms=0.03
[prefill-layer-phase] chunk=0 start=0 layer=34 kind=gdn phase=gdn_step gpu_ms=1.55
[prefill-layer-phase] chunk=0 start=0 layer=34 kind=gdn phase=gdn_gated gpu_ms=0.10
[prefill-layer-phase] chunk=0 start=0 layer=34 kind=gdn phase=gdn_back gpu_ms=1.30
[prefill-layer-phase] chunk=0 start=0 layer=34 kind=gdn phase=mixer_resid gpu_ms=0.03
[prefill-layer-phase] chunk=0 start=0 layer=34 kind=moe phase=post_norm gpu_ms=0.02
[prefill-layer-phase] chunk=0 start=0 layer=34 kind=moe phase=route_fused gpu_ms=0.31
[prefill-layer-phase] chunk=0 start=0 layer=34 kind=moe phase=routed_swiglu gpu_ms=3.95
[prefill-layer-phase] chunk=0 start=0 layer=34 kind=moe phase=routed_down gpu_ms=2.15
[prefill-layer-phase] chunk=0 start=0 layer=34 kind=moe phase=routed_reduce gpu_ms=0.14
[prefill-layer-phase] chunk=0 start=0 layer=34 kind=moe phase=shared_packed gpu_ms=0.64
[prefill-layer-phase] chunk=0 start=0 layer=35 kind=attn phase=pre_norm gpu_ms=0.02
[prefill-attn-phase] chunk=0 start=0 layer=35 phase=proj gpu_ms=2.91
[prefill-attn-phase] chunk=0 start=0 layer=35 phase=norm gpu_ms=0.29
[prefill-attn-phase] chunk=0 start=0 layer=35 phase=rope_scatter gpu_ms=0.05
[prefill-attn-packed-shape] layer=35 chunk_start=0 chunk_p=1024 group=8 packed_rows=4 qt=2 row_groups=256 dispatches=512 nwg=64 partial_rw_mib=2064.00
[prefill-attn-matrix-g8-shape] layer=35 chunk_start=0 chunk_p=1024 query_rows=1024 query_tiles=1 n_pos=1024 score_tile_scratch_mib=34.00 vt_stride=4096 vt_layer_mib=4.00 vt_update_base=0 vt_update_rows=1024 vt_update_mib=1.00
[prefill-attn-phase] chunk=0 start=0 layer=35 phase=body_matrix_kq gpu_ms=0.35
[prefill-attn-phase] chunk=0 start=0 layer=35 phase=body_matrix_kqv gpu_ms=0.35
[prefill-layer-phase] chunk=0 start=0 layer=35 kind=attn phase=attn_back gpu_ms=1.40
[prefill-layer-phase] chunk=0 start=0 layer=35 kind=attn phase=mixer_resid gpu_ms=0.03
[prefill-layer-phase] chunk=0 start=0 layer=35 kind=moe phase=post_norm gpu_ms=0.02
[prefill-layer-phase] chunk=0 start=0 layer=35 kind=moe phase=route_fused gpu_ms=0.31
[prefill-layer-phase] chunk=0 start=0 layer=35 kind=moe phase=routed_swiglu gpu_ms=4.07
[prefill-layer-phase] chunk=0 start=0 layer=35 kind=moe phase=routed_down gpu_ms=2.46
[prefill-layer-phase] chunk=0 start=0 layer=35 kind=moe phase=routed_reduce gpu_ms=0.14
[prefill-layer-phase] chunk=0 start=0 layer=35 kind=moe phase=shared_packed gpu_ms=0.63
[prefill-layer-phase] chunk=0 start=0 layer=36 kind=gdn phase=pre_norm gpu_ms=0.02
[prefill-layer-phase] chunk=0 start=0 layer=36 kind=gdn phase=gdn_qkv gpu_ms=2.53
[prefill-layer-phase] chunk=0 start=0 layer=36 kind=gdn phase=gdn_z gpu_ms=1.29
[prefill-layer-phase] chunk=0 start=0 layer=36 kind=gdn phase=gdn_beta_alpha gpu_ms=0.17
[prefill-layer-phase] chunk=0 start=0 layer=36 kind=gdn phase=gdn_alpha_beta gpu_ms=0.00
[prefill-layer-phase] chunk=0 start=0 layer=36 kind=gdn phase=gdn_prep_conv gpu_ms=0.43
[prefill-layer-phase] chunk=0 start=0 layer=36 kind=gdn phase=gdn_prep_l2 gpu_ms=0.04
[prefill-layer-phase] chunk=0 start=0 layer=36 kind=gdn phase=gdn_step gpu_ms=1.58
[prefill-layer-phase] chunk=0 start=0 layer=36 kind=gdn phase=gdn_gated gpu_ms=0.10
[prefill-layer-phase] chunk=0 start=0 layer=36 kind=gdn phase=gdn_back gpu_ms=1.30
[prefill-layer-phase] chunk=0 start=0 layer=36 kind=gdn phase=mixer_resid gpu_ms=0.03
[prefill-layer-phase] chunk=0 start=0 layer=36 kind=moe phase=post_norm gpu_ms=0.02
[prefill-layer-phase] chunk=0 start=0 layer=36 kind=moe phase=route_fused gpu_ms=0.31
[prefill-layer-phase] chunk=0 start=0 layer=36 kind=moe phase=routed_swiglu gpu_ms=4.04
[prefill-layer-phase] chunk=0 start=0 layer=36 kind=moe phase=routed_down gpu_ms=2.32
[prefill-layer-phase] chunk=0 start=0 layer=36 kind=moe phase=routed_reduce gpu_ms=0.14
[prefill-layer-phase] chunk=0 start=0 layer=36 kind=moe phase=shared_packed gpu_ms=0.64
[prefill-layer-phase] chunk=0 start=0 layer=37 kind=gdn phase=pre_norm gpu_ms=0.02
[prefill-layer-phase] chunk=0 start=0 layer=37 kind=gdn phase=gdn_qkv gpu_ms=2.53
[prefill-layer-phase] chunk=0 start=0 layer=37 kind=gdn phase=gdn_z gpu_ms=1.29
[prefill-layer-phase] chunk=0 start=0 layer=37 kind=gdn phase=gdn_beta_alpha gpu_ms=0.17
[prefill-layer-phase] chunk=0 start=0 layer=37 kind=gdn phase=gdn_alpha_beta gpu_ms=0.00
[prefill-layer-phase] chunk=0 start=0 layer=37 kind=gdn phase=gdn_prep_conv gpu_ms=0.43
[prefill-layer-phase] chunk=0 start=0 layer=37 kind=gdn phase=gdn_prep_l2 gpu_ms=0.04
[prefill-layer-phase] chunk=0 start=0 layer=37 kind=gdn phase=gdn_step gpu_ms=1.59
[prefill-layer-phase] chunk=0 start=0 layer=37 kind=gdn phase=gdn_gated gpu_ms=0.10
[prefill-layer-phase] chunk=0 start=0 layer=37 kind=gdn phase=gdn_back gpu_ms=1.30
[prefill-layer-phase] chunk=0 start=0 layer=37 kind=gdn phase=mixer_resid gpu_ms=0.03
[prefill-layer-phase] chunk=0 start=0 layer=37 kind=moe phase=post_norm gpu_ms=0.02
[prefill-layer-phase] chunk=0 start=0 layer=37 kind=moe phase=route_fused gpu_ms=0.31
[prefill-layer-phase] chunk=0 start=0 layer=37 kind=moe phase=routed_swiglu gpu_ms=3.89
[prefill-layer-phase] chunk=0 start=0 layer=37 kind=moe phase=routed_down gpu_ms=2.22
[prefill-layer-phase] chunk=0 start=0 layer=37 kind=moe phase=routed_reduce gpu_ms=0.15
[prefill-layer-phase] chunk=0 start=0 layer=37 kind=moe phase=shared_packed gpu_ms=0.64
[prefill-layer-phase] chunk=0 start=0 layer=38 kind=gdn phase=pre_norm gpu_ms=0.03
[prefill-layer-phase] chunk=0 start=0 layer=38 kind=gdn phase=gdn_qkv gpu_ms=2.53
[prefill-layer-phase] chunk=0 start=0 layer=38 kind=gdn phase=gdn_z gpu_ms=1.29
[prefill-layer-phase] chunk=0 start=0 layer=38 kind=gdn phase=gdn_beta_alpha gpu_ms=0.17
[prefill-layer-phase] chunk=0 start=0 layer=38 kind=gdn phase=gdn_alpha_beta gpu_ms=0.00
[prefill-layer-phase] chunk=0 start=0 layer=38 kind=gdn phase=gdn_prep_conv gpu_ms=0.43
[prefill-layer-phase] chunk=0 start=0 layer=38 kind=gdn phase=gdn_prep_l2 gpu_ms=0.04
[prefill-layer-phase] chunk=0 start=0 layer=38 kind=gdn phase=gdn_step gpu_ms=1.57
[prefill-layer-phase] chunk=0 start=0 layer=38 kind=gdn phase=gdn_gated gpu_ms=0.10
[prefill-layer-phase] chunk=0 start=0 layer=38 kind=gdn phase=gdn_back gpu_ms=1.30
[prefill-layer-phase] chunk=0 start=0 layer=38 kind=gdn phase=mixer_resid gpu_ms=0.04
[prefill-layer-phase] chunk=0 start=0 layer=38 kind=moe phase=post_norm gpu_ms=0.02
[prefill-layer-phase] chunk=0 start=0 layer=38 kind=moe phase=route_fused gpu_ms=0.31
[prefill-layer-phase] chunk=0 start=0 layer=38 kind=moe phase=routed_swiglu gpu_ms=4.06
[prefill-layer-phase] chunk=0 start=0 layer=38 kind=moe phase=routed_down gpu_ms=2.11
[prefill-layer-phase] chunk=0 start=0 layer=38 kind=moe phase=routed_reduce gpu_ms=0.15
[prefill-layer-phase] chunk=0 start=0 layer=38 kind=moe phase=shared_packed gpu_ms=0.64
[prefill-layer-phase] chunk=0 start=0 layer=39 kind=attn phase=pre_norm gpu_ms=0.02
[prefill-attn-phase] chunk=0 start=0 layer=39 phase=proj gpu_ms=2.91
[prefill-attn-phase] chunk=0 start=0 layer=39 phase=norm gpu_ms=0.29
[prefill-attn-phase] chunk=0 start=0 layer=39 phase=rope_scatter gpu_ms=0.05
[prefill-attn-packed-shape] layer=39 chunk_start=0 chunk_p=1024 group=8 packed_rows=4 qt=2 row_groups=256 dispatches=512 nwg=64 partial_rw_mib=2064.00
[prefill-attn-matrix-g8-shape] layer=39 chunk_start=0 chunk_p=1024 query_rows=1024 query_tiles=1 n_pos=1024 score_tile_scratch_mib=34.00 vt_stride=4096 vt_layer_mib=4.00 vt_update_base=0 vt_update_rows=1024 vt_update_mib=1.00
[prefill-attn-phase] chunk=0 start=0 layer=39 phase=body_matrix_kq gpu_ms=0.35
[prefill-attn-phase] chunk=0 start=0 layer=39 phase=body_matrix_kqv gpu_ms=0.35
[prefill-layer-phase] chunk=0 start=0 layer=39 kind=attn phase=attn_back gpu_ms=1.40
[prefill-layer-phase] chunk=0 start=0 layer=39 kind=attn phase=mixer_resid gpu_ms=0.03
[prefill-layer-phase] chunk=0 start=0 layer=39 kind=moe phase=post_norm gpu_ms=0.02
[prefill-layer-phase] chunk=0 start=0 layer=39 kind=moe phase=route_fused gpu_ms=0.31
[prefill-layer-phase] chunk=0 start=0 layer=39 kind=moe phase=routed_swiglu gpu_ms=3.88
[prefill-layer-phase] chunk=0 start=0 layer=39 kind=moe phase=routed_down gpu_ms=2.08
[prefill-layer-phase] chunk=0 start=0 layer=39 kind=moe phase=routed_reduce gpu_ms=0.14
[prefill-layer-phase] chunk=0 start=0 layer=39 kind=moe phase=shared_packed gpu_ms=0.64
[prefill-layer-phase] chunk=1 start=1024 layer=0 kind=gdn phase=pre_norm gpu_ms=0.15
[prefill-layer-phase] chunk=1 start=1024 layer=0 kind=gdn phase=gdn_qkv gpu_ms=2.53
[prefill-layer-phase] chunk=1 start=1024 layer=0 kind=gdn phase=gdn_z gpu_ms=1.29
[prefill-layer-phase] chunk=1 start=1024 layer=0 kind=gdn phase=gdn_beta_alpha gpu_ms=0.17
[prefill-layer-phase] chunk=1 start=1024 layer=0 kind=gdn phase=gdn_alpha_beta gpu_ms=0.01
[prefill-layer-phase] chunk=1 start=1024 layer=0 kind=gdn phase=gdn_prep_conv gpu_ms=0.43
[prefill-layer-phase] chunk=1 start=1024 layer=0 kind=gdn phase=gdn_prep_l2 gpu_ms=0.04
[prefill-layer-phase] chunk=1 start=1024 layer=0 kind=gdn phase=gdn_step gpu_ms=1.57
[prefill-layer-phase] chunk=1 start=1024 layer=0 kind=gdn phase=gdn_gated gpu_ms=0.10
[prefill-layer-phase] chunk=1 start=1024 layer=0 kind=gdn phase=gdn_back gpu_ms=1.30
[prefill-layer-phase] chunk=1 start=1024 layer=0 kind=gdn phase=mixer_resid gpu_ms=0.03
[prefill-layer-phase] chunk=1 start=1024 layer=0 kind=moe phase=post_norm gpu_ms=0.02
[prefill-layer-phase] chunk=1 start=1024 layer=0 kind=moe phase=route_fused gpu_ms=0.31
[prefill-layer-phase] chunk=1 start=1024 layer=0 kind=moe phase=routed_swiglu gpu_ms=4.48
[prefill-layer-phase] chunk=1 start=1024 layer=0 kind=moe phase=routed_down gpu_ms=2.73
[prefill-layer-phase] chunk=1 start=1024 layer=0 kind=moe phase=routed_reduce gpu_ms=0.14
[prefill-layer-phase] chunk=1 start=1024 layer=0 kind=moe phase=shared_packed gpu_ms=0.64
[prefill-layer-phase] chunk=1 start=1024 layer=1 kind=gdn phase=pre_norm gpu_ms=0.02
[prefill-layer-phase] chunk=1 start=1024 layer=1 kind=gdn phase=gdn_qkv gpu_ms=2.53
[prefill-layer-phase] chunk=1 start=1024 layer=1 kind=gdn phase=gdn_z gpu_ms=1.29
[prefill-layer-phase] chunk=1 start=1024 layer=1 kind=gdn phase=gdn_beta_alpha gpu_ms=0.17
[prefill-layer-phase] chunk=1 start=1024 layer=1 kind=gdn phase=gdn_alpha_beta gpu_ms=0.01
[prefill-layer-phase] chunk=1 start=1024 layer=1 kind=gdn phase=gdn_prep_conv gpu_ms=0.43
[prefill-layer-phase] chunk=1 start=1024 layer=1 kind=gdn phase=gdn_prep_l2 gpu_ms=0.04
[prefill-layer-phase] chunk=1 start=1024 layer=1 kind=gdn phase=gdn_step gpu_ms=1.55
[prefill-layer-phase] chunk=1 start=1024 layer=1 kind=gdn phase=gdn_gated gpu_ms=0.10
[prefill-layer-phase] chunk=1 start=1024 layer=1 kind=gdn phase=gdn_back gpu_ms=1.30
[prefill-layer-phase] chunk=1 start=1024 layer=1 kind=gdn phase=mixer_resid gpu_ms=0.03
[prefill-layer-phase] chunk=1 start=1024 layer=1 kind=moe phase=post_norm gpu_ms=0.02
[prefill-layer-phase] chunk=1 start=1024 layer=1 kind=moe phase=route_fused gpu_ms=0.31
[prefill-layer-phase] chunk=1 start=1024 layer=1 kind=moe phase=routed_swiglu gpu_ms=4.34
[prefill-layer-phase] chunk=1 start=1024 layer=1 kind=moe phase=routed_down gpu_ms=2.57
[prefill-layer-phase] chunk=1 start=1024 layer=1 kind=moe phase=routed_reduce gpu_ms=0.14
[prefill-layer-phase] chunk=1 start=1024 layer=1 kind=moe phase=shared_packed gpu_ms=0.64
[prefill-layer-phase] chunk=1 start=1024 layer=2 kind=gdn phase=pre_norm gpu_ms=0.02
[prefill-layer-phase] chunk=1 start=1024 layer=2 kind=gdn phase=gdn_qkv gpu_ms=2.53
[prefill-layer-phase] chunk=1 start=1024 layer=2 kind=gdn phase=gdn_z gpu_ms=1.29
[prefill-layer-phase] chunk=1 start=1024 layer=2 kind=gdn phase=gdn_beta_alpha gpu_ms=0.17
[prefill-layer-phase] chunk=1 start=1024 layer=2 kind=gdn phase=gdn_alpha_beta gpu_ms=0.01
[prefill-layer-phase] chunk=1 start=1024 layer=2 kind=gdn phase=gdn_prep_conv gpu_ms=0.43
[prefill-layer-phase] chunk=1 start=1024 layer=2 kind=gdn phase=gdn_prep_l2 gpu_ms=0.04
[prefill-layer-phase] chunk=1 start=1024 layer=2 kind=gdn phase=gdn_step gpu_ms=1.57
[prefill-layer-phase] chunk=1 start=1024 layer=2 kind=gdn phase=gdn_gated gpu_ms=0.10
[prefill-layer-phase] chunk=1 start=1024 layer=2 kind=gdn phase=gdn_back gpu_ms=1.30
[prefill-layer-phase] chunk=1 start=1024 layer=2 kind=gdn phase=mixer_resid gpu_ms=0.03
[prefill-layer-phase] chunk=1 start=1024 layer=2 kind=moe phase=post_norm gpu_ms=0.02
[prefill-layer-phase] chunk=1 start=1024 layer=2 kind=moe phase=route_fused gpu_ms=0.31
[prefill-layer-phase] chunk=1 start=1024 layer=2 kind=moe phase=routed_swiglu gpu_ms=4.28
[prefill-layer-phase] chunk=1 start=1024 layer=2 kind=moe phase=routed_down gpu_ms=2.64
[prefill-layer-phase] chunk=1 start=1024 layer=2 kind=moe phase=routed_reduce gpu_ms=0.14
[prefill-layer-phase] chunk=1 start=1024 layer=2 kind=moe phase=shared_packed gpu_ms=0.63
[prefill-layer-phase] chunk=1 start=1024 layer=3 kind=attn phase=pre_norm gpu_ms=0.02
[prefill-attn-phase] chunk=1 start=1024 layer=3 phase=proj gpu_ms=2.91
[prefill-attn-phase] chunk=1 start=1024 layer=3 phase=norm gpu_ms=0.29
[prefill-attn-phase] chunk=1 start=1024 layer=3 phase=rope_scatter gpu_ms=0.05
[prefill-attn-packed-shape] layer=3 chunk_start=1024 chunk_p=1024 group=8 packed_rows=4 qt=2 row_groups=256 dispatches=512 nwg=64 partial_rw_mib=2064.00
[prefill-attn-matrix-g8-shape] layer=3 chunk_start=1024 chunk_p=1024 query_rows=1024 query_tiles=1 n_pos=2048 score_tile_scratch_mib=68.00 vt_stride=4096 vt_layer_mib=4.00 vt_update_base=1024 vt_update_rows=1024 vt_update_mib=1.00
[prefill-attn-phase] chunk=1 start=1024 layer=3 phase=body_matrix_kq gpu_ms=0.99
[prefill-attn-phase] chunk=1 start=1024 layer=3 phase=body_matrix_kqv gpu_ms=0.98
[prefill-layer-phase] chunk=1 start=1024 layer=3 kind=attn phase=attn_back gpu_ms=1.39
[prefill-layer-phase] chunk=1 start=1024 layer=3 kind=attn phase=mixer_resid gpu_ms=0.03
[prefill-layer-phase] chunk=1 start=1024 layer=3 kind=moe phase=post_norm gpu_ms=0.02
[prefill-layer-phase] chunk=1 start=1024 layer=3 kind=moe phase=route_fused gpu_ms=0.31
[prefill-layer-phase] chunk=1 start=1024 layer=3 kind=moe phase=routed_swiglu gpu_ms=4.42
[prefill-layer-phase] chunk=1 start=1024 layer=3 kind=moe phase=routed_down gpu_ms=2.76
[prefill-layer-phase] chunk=1 start=1024 layer=3 kind=moe phase=routed_reduce gpu_ms=0.14
[prefill-layer-phase] chunk=1 start=1024 layer=3 kind=moe phase=shared_packed gpu_ms=0.64
[prefill-layer-phase] chunk=1 start=1024 layer=4 kind=gdn phase=pre_norm gpu_ms=0.02
[prefill-layer-phase] chunk=1 start=1024 layer=4 kind=gdn phase=gdn_qkv gpu_ms=2.53
[prefill-layer-phase] chunk=1 start=1024 layer=4 kind=gdn phase=gdn_z gpu_ms=1.29
[prefill-layer-phase] chunk=1 start=1024 layer=4 kind=gdn phase=gdn_beta_alpha gpu_ms=0.17
[prefill-layer-phase] chunk=1 start=1024 layer=4 kind=gdn phase=gdn_alpha_beta gpu_ms=0.01
[prefill-layer-phase] chunk=1 start=1024 layer=4 kind=gdn phase=gdn_prep_conv gpu_ms=0.43
[prefill-layer-phase] chunk=1 start=1024 layer=4 kind=gdn phase=gdn_prep_l2 gpu_ms=0.04
[prefill-layer-phase] chunk=1 start=1024 layer=4 kind=gdn phase=gdn_step gpu_ms=1.55
[prefill-layer-phase] chunk=1 start=1024 layer=4 kind=gdn phase=gdn_gated gpu_ms=0.10
[prefill-layer-phase] chunk=1 start=1024 layer=4 kind=gdn phase=gdn_back gpu_ms=1.30
[prefill-layer-phase] chunk=1 start=1024 layer=4 kind=gdn phase=mixer_resid gpu_ms=0.03
[prefill-layer-phase] chunk=1 start=1024 layer=4 kind=moe phase=post_norm gpu_ms=0.02
[prefill-layer-phase] chunk=1 start=1024 layer=4 kind=moe phase=route_fused gpu_ms=0.31
[prefill-layer-phase] chunk=1 start=1024 layer=4 kind=moe phase=routed_swiglu gpu_ms=4.28
[prefill-layer-phase] chunk=1 start=1024 layer=4 kind=moe phase=routed_down gpu_ms=2.61
[prefill-layer-phase] chunk=1 start=1024 layer=4 kind=moe phase=routed_reduce gpu_ms=0.14
[prefill-layer-phase] chunk=1 start=1024 layer=4 kind=moe phase=shared_packed gpu_ms=0.64
[prefill-layer-phase] chunk=1 start=1024 layer=5 kind=gdn phase=pre_norm gpu_ms=0.02
[prefill-layer-phase] chunk=1 start=1024 layer=5 kind=gdn phase=gdn_qkv gpu_ms=2.53
[prefill-layer-phase] chunk=1 start=1024 layer=5 kind=gdn phase=gdn_z gpu_ms=1.29
[prefill-layer-phase] chunk=1 start=1024 layer=5 kind=gdn phase=gdn_beta_alpha gpu_ms=0.17
[prefill-layer-phase] chunk=1 start=1024 layer=5 kind=gdn phase=gdn_alpha_beta gpu_ms=0.01
[prefill-layer-phase] chunk=1 start=1024 layer=5 kind=gdn phase=gdn_prep_conv gpu_ms=0.43
[prefill-layer-phase] chunk=1 start=1024 layer=5 kind=gdn phase=gdn_prep_l2 gpu_ms=0.04
[prefill-layer-phase] chunk=1 start=1024 layer=5 kind=gdn phase=gdn_step gpu_ms=1.58
[prefill-layer-phase] chunk=1 start=1024 layer=5 kind=gdn phase=gdn_gated gpu_ms=0.10
[prefill-layer-phase] chunk=1 start=1024 layer=5 kind=gdn phase=gdn_back gpu_ms=1.30
[prefill-layer-phase] chunk=1 start=1024 layer=5 kind=gdn phase=mixer_resid gpu_ms=0.03
[prefill-layer-phase] chunk=1 start=1024 layer=5 kind=moe phase=post_norm gpu_ms=0.02
[prefill-layer-phase] chunk=1 start=1024 layer=5 kind=moe phase=route_fused gpu_ms=0.31
[prefill-layer-phase] chunk=1 start=1024 layer=5 kind=moe phase=routed_swiglu gpu_ms=4.14
[prefill-layer-phase] chunk=1 start=1024 layer=5 kind=moe phase=routed_down gpu_ms=2.56
[prefill-layer-phase] chunk=1 start=1024 layer=5 kind=moe phase=routed_reduce gpu_ms=0.14
[prefill-layer-phase] chunk=1 start=1024 layer=5 kind=moe phase=shared_packed gpu_ms=0.64
[prefill-layer-phase] chunk=1 start=1024 layer=6 kind=gdn phase=pre_norm gpu_ms=0.02
[prefill-layer-phase] chunk=1 start=1024 layer=6 kind=gdn phase=gdn_qkv gpu_ms=2.53
[prefill-layer-phase] chunk=1 start=1024 layer=6 kind=gdn phase=gdn_z gpu_ms=1.29
[prefill-layer-phase] chunk=1 start=1024 layer=6 kind=gdn phase=gdn_beta_alpha gpu_ms=0.17
[prefill-layer-phase] chunk=1 start=1024 layer=6 kind=gdn phase=gdn_alpha_beta gpu_ms=0.01
[prefill-layer-phase] chunk=1 start=1024 layer=6 kind=gdn phase=gdn_prep_conv gpu_ms=0.43
[prefill-layer-phase] chunk=1 start=1024 layer=6 kind=gdn phase=gdn_prep_l2 gpu_ms=0.04
[prefill-layer-phase] chunk=1 start=1024 layer=6 kind=gdn phase=gdn_step gpu_ms=1.57
[prefill-layer-phase] chunk=1 start=1024 layer=6 kind=gdn phase=gdn_gated gpu_ms=0.10
[prefill-layer-phase] chunk=1 start=1024 layer=6 kind=gdn phase=gdn_back gpu_ms=1.30
[prefill-layer-phase] chunk=1 start=1024 layer=6 kind=gdn phase=mixer_resid gpu_ms=0.03
[prefill-layer-phase] chunk=1 start=1024 layer=6 kind=moe phase=post_norm gpu_ms=0.02
[prefill-layer-phase] chunk=1 start=1024 layer=6 kind=moe phase=route_fused gpu_ms=0.31
[prefill-layer-phase] chunk=1 start=1024 layer=6 kind=moe phase=routed_swiglu gpu_ms=4.17
[prefill-layer-phase] chunk=1 start=1024 layer=6 kind=moe phase=routed_down gpu_ms=2.50
[prefill-layer-phase] chunk=1 start=1024 layer=6 kind=moe phase=routed_reduce gpu_ms=0.14
[prefill-layer-phase] chunk=1 start=1024 layer=6 kind=moe phase=shared_packed gpu_ms=0.64
[prefill-layer-phase] chunk=1 start=1024 layer=7 kind=attn phase=pre_norm gpu_ms=0.02
[prefill-attn-phase] chunk=1 start=1024 layer=7 phase=proj gpu_ms=2.92
[prefill-attn-phase] chunk=1 start=1024 layer=7 phase=norm gpu_ms=0.29
[prefill-attn-phase] chunk=1 start=1024 layer=7 phase=rope_scatter gpu_ms=0.05
[prefill-attn-packed-shape] layer=7 chunk_start=1024 chunk_p=1024 group=8 packed_rows=4 qt=2 row_groups=256 dispatches=512 nwg=64 partial_rw_mib=2064.00
[prefill-attn-matrix-g8-shape] layer=7 chunk_start=1024 chunk_p=1024 query_rows=1024 query_tiles=1 n_pos=2048 score_tile_scratch_mib=68.00 vt_stride=4096 vt_layer_mib=4.00 vt_update_base=1024 vt_update_rows=1024 vt_update_mib=1.00
[prefill-attn-phase] chunk=1 start=1024 layer=7 phase=body_matrix_kq gpu_ms=0.99
[prefill-attn-phase] chunk=1 start=1024 layer=7 phase=body_matrix_kqv gpu_ms=0.98
[prefill-layer-phase] chunk=1 start=1024 layer=7 kind=attn phase=attn_back gpu_ms=1.39
[prefill-layer-phase] chunk=1 start=1024 layer=7 kind=attn phase=mixer_resid gpu_ms=0.03
[prefill-layer-phase] chunk=1 start=1024 layer=7 kind=moe phase=post_norm gpu_ms=0.02
[prefill-layer-phase] chunk=1 start=1024 layer=7 kind=moe phase=route_fused gpu_ms=0.30
[prefill-layer-phase] chunk=1 start=1024 layer=7 kind=moe phase=routed_swiglu gpu_ms=4.25
[prefill-layer-phase] chunk=1 start=1024 layer=7 kind=moe phase=routed_down gpu_ms=2.57
[prefill-layer-phase] chunk=1 start=1024 layer=7 kind=moe phase=routed_reduce gpu_ms=0.14
[prefill-layer-phase] chunk=1 start=1024 layer=7 kind=moe phase=shared_packed gpu_ms=0.64
[prefill-layer-phase] chunk=1 start=1024 layer=8 kind=gdn phase=pre_norm gpu_ms=0.02
[prefill-layer-phase] chunk=1 start=1024 layer=8 kind=gdn phase=gdn_qkv gpu_ms=2.53
[prefill-layer-phase] chunk=1 start=1024 layer=8 kind=gdn phase=gdn_z gpu_ms=1.29
[prefill-layer-phase] chunk=1 start=1024 layer=8 kind=gdn phase=gdn_beta_alpha gpu_ms=0.17
[prefill-layer-phase] chunk=1 start=1024 layer=8 kind=gdn phase=gdn_alpha_beta gpu_ms=0.01
[prefill-layer-phase] chunk=1 start=1024 layer=8 kind=gdn phase=gdn_prep_conv gpu_ms=0.43
[prefill-layer-phase] chunk=1 start=1024 layer=8 kind=gdn phase=gdn_prep_l2 gpu_ms=0.04
[prefill-layer-phase] chunk=1 start=1024 layer=8 kind=gdn phase=gdn_step gpu_ms=1.57
[prefill-layer-phase] chunk=1 start=1024 layer=8 kind=gdn phase=gdn_gated gpu_ms=0.10
[prefill-layer-phase] chunk=1 start=1024 layer=8 kind=gdn phase=gdn_back gpu_ms=1.30
[prefill-layer-phase] chunk=1 start=1024 layer=8 kind=gdn phase=mixer_resid gpu_ms=0.03
[prefill-layer-phase] chunk=1 start=1024 layer=8 kind=moe phase=post_norm gpu_ms=0.02
[prefill-layer-phase] chunk=1 start=1024 layer=8 kind=moe phase=route_fused gpu_ms=0.31
[prefill-layer-phase] chunk=1 start=1024 layer=8 kind=moe phase=routed_swiglu gpu_ms=4.39
[prefill-layer-phase] chunk=1 start=1024 layer=8 kind=moe phase=routed_down gpu_ms=2.64
[prefill-layer-phase] chunk=1 start=1024 layer=8 kind=moe phase=routed_reduce gpu_ms=0.14
[prefill-layer-phase] chunk=1 start=1024 layer=8 kind=moe phase=shared_packed gpu_ms=0.64
[prefill-layer-phase] chunk=1 start=1024 layer=9 kind=gdn phase=pre_norm gpu_ms=0.02
[prefill-layer-phase] chunk=1 start=1024 layer=9 kind=gdn phase=gdn_qkv gpu_ms=2.53
[prefill-layer-phase] chunk=1 start=1024 layer=9 kind=gdn phase=gdn_z gpu_ms=1.29
[prefill-layer-phase] chunk=1 start=1024 layer=9 kind=gdn phase=gdn_beta_alpha gpu_ms=0.17
[prefill-layer-phase] chunk=1 start=1024 layer=9 kind=gdn phase=gdn_alpha_beta gpu_ms=0.01
[prefill-layer-phase] chunk=1 start=1024 layer=9 kind=gdn phase=gdn_prep_conv gpu_ms=0.43
[prefill-layer-phase] chunk=1 start=1024 layer=9 kind=gdn phase=gdn_prep_l2 gpu_ms=0.04
[prefill-layer-phase] chunk=1 start=1024 layer=9 kind=gdn phase=gdn_step gpu_ms=1.58
[prefill-layer-phase] chunk=1 start=1024 layer=9 kind=gdn phase=gdn_gated gpu_ms=0.10
[prefill-layer-phase] chunk=1 start=1024 layer=9 kind=gdn phase=gdn_back gpu_ms=1.30
[prefill-layer-phase] chunk=1 start=1024 layer=9 kind=gdn phase=mixer_resid gpu_ms=0.03
[prefill-layer-phase] chunk=1 start=1024 layer=9 kind=moe phase=post_norm gpu_ms=0.03
[prefill-layer-phase] chunk=1 start=1024 layer=9 kind=moe phase=route_fused gpu_ms=0.31
[prefill-layer-phase] chunk=1 start=1024 layer=9 kind=moe phase=routed_swiglu gpu_ms=4.18
[prefill-layer-phase] chunk=1 start=1024 layer=9 kind=moe phase=routed_down gpu_ms=2.55
[prefill-layer-phase] chunk=1 start=1024 layer=9 kind=moe phase=routed_reduce gpu_ms=0.14
[prefill-layer-phase] chunk=1 start=1024 layer=9 kind=moe phase=shared_packed gpu_ms=0.64
[prefill-layer-phase] chunk=1 start=1024 layer=10 kind=gdn phase=pre_norm gpu_ms=0.02
[prefill-layer-phase] chunk=1 start=1024 layer=10 kind=gdn phase=gdn_qkv gpu_ms=2.53
[prefill-layer-phase] chunk=1 start=1024 layer=10 kind=gdn phase=gdn_z gpu_ms=1.29
[prefill-layer-phase] chunk=1 start=1024 layer=10 kind=gdn phase=gdn_beta_alpha gpu_ms=0.17
[prefill-layer-phase] chunk=1 start=1024 layer=10 kind=gdn phase=gdn_alpha_beta gpu_ms=0.01
[prefill-layer-phase] chunk=1 start=1024 layer=10 kind=gdn phase=gdn_prep_conv gpu_ms=0.43
[prefill-layer-phase] chunk=1 start=1024 layer=10 kind=gdn phase=gdn_prep_l2 gpu_ms=0.04
[prefill-layer-phase] chunk=1 start=1024 layer=10 kind=gdn phase=gdn_step gpu_ms=1.59
[prefill-layer-phase] chunk=1 start=1024 layer=10 kind=gdn phase=gdn_gated gpu_ms=0.10
[prefill-layer-phase] chunk=1 start=1024 layer=10 kind=gdn phase=gdn_back gpu_ms=1.30
[prefill-layer-phase] chunk=1 start=1024 layer=10 kind=gdn phase=mixer_resid gpu_ms=0.03
[prefill-layer-phase] chunk=1 start=1024 layer=10 kind=moe phase=post_norm gpu_ms=0.02
[prefill-layer-phase] chunk=1 start=1024 layer=10 kind=moe phase=route_fused gpu_ms=0.30
[prefill-layer-phase] chunk=1 start=1024 layer=10 kind=moe phase=routed_swiglu gpu_ms=4.14
[prefill-layer-phase] chunk=1 start=1024 layer=10 kind=moe phase=routed_down gpu_ms=2.44
[prefill-layer-phase] chunk=1 start=1024 layer=10 kind=moe phase=routed_reduce gpu_ms=0.14
[prefill-layer-phase] chunk=1 start=1024 layer=10 kind=moe phase=shared_packed gpu_ms=0.64
[prefill-layer-phase] chunk=1 start=1024 layer=11 kind=attn phase=pre_norm gpu_ms=0.02
[prefill-attn-phase] chunk=1 start=1024 layer=11 phase=proj gpu_ms=2.92
[prefill-attn-phase] chunk=1 start=1024 layer=11 phase=norm gpu_ms=0.29
[prefill-attn-phase] chunk=1 start=1024 layer=11 phase=rope_scatter gpu_ms=0.05
[prefill-attn-packed-shape] layer=11 chunk_start=1024 chunk_p=1024 group=8 packed_rows=4 qt=2 row_groups=256 dispatches=512 nwg=64 partial_rw_mib=2064.00
[prefill-attn-matrix-g8-shape] layer=11 chunk_start=1024 chunk_p=1024 query_rows=1024 query_tiles=1 n_pos=2048 score_tile_scratch_mib=68.00 vt_stride=4096 vt_layer_mib=4.00 vt_update_base=1024 vt_update_rows=1024 vt_update_mib=1.00
[prefill-attn-phase] chunk=1 start=1024 layer=11 phase=body_matrix_kq gpu_ms=0.99
[prefill-attn-phase] chunk=1 start=1024 layer=11 phase=body_matrix_kqv gpu_ms=0.98
[prefill-layer-phase] chunk=1 start=1024 layer=11 kind=attn phase=attn_back gpu_ms=1.39
[prefill-layer-phase] chunk=1 start=1024 layer=11 kind=attn phase=mixer_resid gpu_ms=0.03
[prefill-layer-phase] chunk=1 start=1024 layer=11 kind=moe phase=post_norm gpu_ms=0.02
[prefill-layer-phase] chunk=1 start=1024 layer=11 kind=moe phase=route_fused gpu_ms=0.31
[prefill-layer-phase] chunk=1 start=1024 layer=11 kind=moe phase=routed_swiglu gpu_ms=4.09
[prefill-layer-phase] chunk=1 start=1024 layer=11 kind=moe phase=routed_down gpu_ms=2.52
[prefill-layer-phase] chunk=1 start=1024 layer=11 kind=moe phase=routed_reduce gpu_ms=0.14
[prefill-layer-phase] chunk=1 start=1024 layer=11 kind=moe phase=shared_packed gpu_ms=0.64
[prefill-layer-phase] chunk=1 start=1024 layer=12 kind=gdn phase=pre_norm gpu_ms=0.02
[prefill-layer-phase] chunk=1 start=1024 layer=12 kind=gdn phase=gdn_qkv gpu_ms=2.53
[prefill-layer-phase] chunk=1 start=1024 layer=12 kind=gdn phase=gdn_z gpu_ms=1.29
[prefill-layer-phase] chunk=1 start=1024 layer=12 kind=gdn phase=gdn_beta_alpha gpu_ms=0.17
[prefill-layer-phase] chunk=1 start=1024 layer=12 kind=gdn phase=gdn_alpha_beta gpu_ms=0.01
[prefill-layer-phase] chunk=1 start=1024 layer=12 kind=gdn phase=gdn_prep_conv gpu_ms=0.43
[prefill-layer-phase] chunk=1 start=1024 layer=12 kind=gdn phase=gdn_prep_l2 gpu_ms=0.04
[prefill-layer-phase] chunk=1 start=1024 layer=12 kind=gdn phase=gdn_step gpu_ms=1.57
[prefill-layer-phase] chunk=1 start=1024 layer=12 kind=gdn phase=gdn_gated gpu_ms=0.10
[prefill-layer-phase] chunk=1 start=1024 layer=12 kind=gdn phase=gdn_back gpu_ms=1.30
[prefill-layer-phase] chunk=1 start=1024 layer=12 kind=gdn phase=mixer_resid gpu_ms=0.03
[prefill-layer-phase] chunk=1 start=1024 layer=12 kind=moe phase=post_norm gpu_ms=0.02
[prefill-layer-phase] chunk=1 start=1024 layer=12 kind=moe phase=route_fused gpu_ms=0.31
[prefill-layer-phase] chunk=1 start=1024 layer=12 kind=moe phase=routed_swiglu gpu_ms=4.14
[prefill-layer-phase] chunk=1 start=1024 layer=12 kind=moe phase=routed_down gpu_ms=2.50
[prefill-layer-phase] chunk=1 start=1024 layer=12 kind=moe phase=routed_reduce gpu_ms=0.14
[prefill-layer-phase] chunk=1 start=1024 layer=12 kind=moe phase=shared_packed gpu_ms=0.64
[prefill-layer-phase] chunk=1 start=1024 layer=13 kind=gdn phase=pre_norm gpu_ms=0.02
[prefill-layer-phase] chunk=1 start=1024 layer=13 kind=gdn phase=gdn_qkv gpu_ms=2.53
[prefill-layer-phase] chunk=1 start=1024 layer=13 kind=gdn phase=gdn_z gpu_ms=1.29
[prefill-layer-phase] chunk=1 start=1024 layer=13 kind=gdn phase=gdn_beta_alpha gpu_ms=0.17
[prefill-layer-phase] chunk=1 start=1024 layer=13 kind=gdn phase=gdn_alpha_beta gpu_ms=0.00
[prefill-layer-phase] chunk=1 start=1024 layer=13 kind=gdn phase=gdn_prep_conv gpu_ms=0.43
[prefill-layer-phase] chunk=1 start=1024 layer=13 kind=gdn phase=gdn_prep_l2 gpu_ms=0.03
[prefill-layer-phase] chunk=1 start=1024 layer=13 kind=gdn phase=gdn_step gpu_ms=1.58
[prefill-layer-phase] chunk=1 start=1024 layer=13 kind=gdn phase=gdn_gated gpu_ms=0.10
[prefill-layer-phase] chunk=1 start=1024 layer=13 kind=gdn phase=gdn_back gpu_ms=1.30
[prefill-layer-phase] chunk=1 start=1024 layer=13 kind=gdn phase=mixer_resid gpu_ms=0.03
[prefill-layer-phase] chunk=1 start=1024 layer=13 kind=moe phase=post_norm gpu_ms=0.02
[prefill-layer-phase] chunk=1 start=1024 layer=13 kind=moe phase=route_fused gpu_ms=0.31
[prefill-layer-phase] chunk=1 start=1024 layer=13 kind=moe phase=routed_swiglu gpu_ms=4.18
[prefill-layer-phase] chunk=1 start=1024 layer=13 kind=moe phase=routed_down gpu_ms=2.37
[prefill-layer-phase] chunk=1 start=1024 layer=13 kind=moe phase=routed_reduce gpu_ms=0.14
[prefill-layer-phase] chunk=1 start=1024 layer=13 kind=moe phase=shared_packed gpu_ms=0.64
[prefill-layer-phase] chunk=1 start=1024 layer=14 kind=gdn phase=pre_norm gpu_ms=0.02
[prefill-layer-phase] chunk=1 start=1024 layer=14 kind=gdn phase=gdn_qkv gpu_ms=2.53
[prefill-layer-phase] chunk=1 start=1024 layer=14 kind=gdn phase=gdn_z gpu_ms=1.29
[prefill-layer-phase] chunk=1 start=1024 layer=14 kind=gdn phase=gdn_beta_alpha gpu_ms=0.17
[prefill-layer-phase] chunk=1 start=1024 layer=14 kind=gdn phase=gdn_alpha_beta gpu_ms=0.00
[prefill-layer-phase] chunk=1 start=1024 layer=14 kind=gdn phase=gdn_prep_conv gpu_ms=0.43
[prefill-layer-phase] chunk=1 start=1024 layer=14 kind=gdn phase=gdn_prep_l2 gpu_ms=0.04
[prefill-layer-phase] chunk=1 start=1024 layer=14 kind=gdn phase=gdn_step gpu_ms=1.59
[prefill-layer-phase] chunk=1 start=1024 layer=14 kind=gdn phase=gdn_gated gpu_ms=0.10
[prefill-layer-phase] chunk=1 start=1024 layer=14 kind=gdn phase=gdn_back gpu_ms=1.30
[prefill-layer-phase] chunk=1 start=1024 layer=14 kind=gdn phase=mixer_resid gpu_ms=0.03
[prefill-layer-phase] chunk=1 start=1024 layer=14 kind=moe phase=post_norm gpu_ms=0.02
[prefill-layer-phase] chunk=1 start=1024 layer=14 kind=moe phase=route_fused gpu_ms=0.31
[prefill-layer-phase] chunk=1 start=1024 layer=14 kind=moe phase=routed_swiglu gpu_ms=4.02
[prefill-layer-phase] chunk=1 start=1024 layer=14 kind=moe phase=routed_down gpu_ms=2.41
[prefill-layer-phase] chunk=1 start=1024 layer=14 kind=moe phase=routed_reduce gpu_ms=0.14
[prefill-layer-phase] chunk=1 start=1024 layer=14 kind=moe phase=shared_packed gpu_ms=0.64
[prefill-layer-phase] chunk=1 start=1024 layer=15 kind=attn phase=pre_norm gpu_ms=0.02
[prefill-attn-phase] chunk=1 start=1024 layer=15 phase=proj gpu_ms=2.92
[prefill-attn-phase] chunk=1 start=1024 layer=15 phase=norm gpu_ms=0.29
[prefill-attn-phase] chunk=1 start=1024 layer=15 phase=rope_scatter gpu_ms=0.06
[prefill-attn-packed-shape] layer=15 chunk_start=1024 chunk_p=1024 group=8 packed_rows=4 qt=2 row_groups=256 dispatches=512 nwg=64 partial_rw_mib=2064.00
[prefill-attn-matrix-g8-shape] layer=15 chunk_start=1024 chunk_p=1024 query_rows=1024 query_tiles=1 n_pos=2048 score_tile_scratch_mib=68.00 vt_stride=4096 vt_layer_mib=4.00 vt_update_base=1024 vt_update_rows=1024 vt_update_mib=1.00
[prefill-attn-phase] chunk=1 start=1024 layer=15 phase=body_matrix_kq gpu_ms=0.99
[prefill-attn-phase] chunk=1 start=1024 layer=15 phase=body_matrix_kqv gpu_ms=0.98
[prefill-layer-phase] chunk=1 start=1024 layer=15 kind=attn phase=attn_back gpu_ms=1.38
[prefill-layer-phase] chunk=1 start=1024 layer=15 kind=attn phase=mixer_resid gpu_ms=0.03
[prefill-layer-phase] chunk=1 start=1024 layer=15 kind=moe phase=post_norm gpu_ms=0.02
[prefill-layer-phase] chunk=1 start=1024 layer=15 kind=moe phase=route_fused gpu_ms=0.31
[prefill-layer-phase] chunk=1 start=1024 layer=15 kind=moe phase=routed_swiglu gpu_ms=4.16
[prefill-layer-phase] chunk=1 start=1024 layer=15 kind=moe phase=routed_down gpu_ms=2.47
[prefill-layer-phase] chunk=1 start=1024 layer=15 kind=moe phase=routed_reduce gpu_ms=0.14
[prefill-layer-phase] chunk=1 start=1024 layer=15 kind=moe phase=shared_packed gpu_ms=0.64
[prefill-layer-phase] chunk=1 start=1024 layer=16 kind=gdn phase=pre_norm gpu_ms=0.02
[prefill-layer-phase] chunk=1 start=1024 layer=16 kind=gdn phase=gdn_qkv gpu_ms=2.53
[prefill-layer-phase] chunk=1 start=1024 layer=16 kind=gdn phase=gdn_z gpu_ms=1.29
[prefill-layer-phase] chunk=1 start=1024 layer=16 kind=gdn phase=gdn_beta_alpha gpu_ms=0.17
[prefill-layer-phase] chunk=1 start=1024 layer=16 kind=gdn phase=gdn_alpha_beta gpu_ms=0.00
[prefill-layer-phase] chunk=1 start=1024 layer=16 kind=gdn phase=gdn_prep_conv gpu_ms=0.43
[prefill-layer-phase] chunk=1 start=1024 layer=16 kind=gdn phase=gdn_prep_l2 gpu_ms=0.04
[prefill-layer-phase] chunk=1 start=1024 layer=16 kind=gdn phase=gdn_step gpu_ms=1.56
[prefill-layer-phase] chunk=1 start=1024 layer=16 kind=gdn phase=gdn_gated gpu_ms=0.10
[prefill-layer-phase] chunk=1 start=1024 layer=16 kind=gdn phase=gdn_back gpu_ms=1.30
[prefill-layer-phase] chunk=1 start=1024 layer=16 kind=gdn phase=mixer_resid gpu_ms=0.03
[prefill-layer-phase] chunk=1 start=1024 layer=16 kind=moe phase=post_norm gpu_ms=0.02
[prefill-layer-phase] chunk=1 start=1024 layer=16 kind=moe phase=route_fused gpu_ms=0.31
[prefill-layer-phase] chunk=1 start=1024 layer=16 kind=moe phase=routed_swiglu gpu_ms=3.86
[prefill-layer-phase] chunk=1 start=1024 layer=16 kind=moe phase=routed_down gpu_ms=2.21
[prefill-layer-phase] chunk=1 start=1024 layer=16 kind=moe phase=routed_reduce gpu_ms=0.14
[prefill-layer-phase] chunk=1 start=1024 layer=16 kind=moe phase=shared_packed gpu_ms=0.64
[prefill-layer-phase] chunk=1 start=1024 layer=17 kind=gdn phase=pre_norm gpu_ms=0.02
[prefill-layer-phase] chunk=1 start=1024 layer=17 kind=gdn phase=gdn_qkv gpu_ms=2.53
[prefill-layer-phase] chunk=1 start=1024 layer=17 kind=gdn phase=gdn_z gpu_ms=1.29
[prefill-layer-phase] chunk=1 start=1024 layer=17 kind=gdn phase=gdn_beta_alpha gpu_ms=0.17
[prefill-layer-phase] chunk=1 start=1024 layer=17 kind=gdn phase=gdn_alpha_beta gpu_ms=0.01
[prefill-layer-phase] chunk=1 start=1024 layer=17 kind=gdn phase=gdn_prep_conv gpu_ms=0.43
[prefill-layer-phase] chunk=1 start=1024 layer=17 kind=gdn phase=gdn_prep_l2 gpu_ms=0.04
[prefill-layer-phase] chunk=1 start=1024 layer=17 kind=gdn phase=gdn_step gpu_ms=1.59
[prefill-layer-phase] chunk=1 start=1024 layer=17 kind=gdn phase=gdn_gated gpu_ms=0.10
[prefill-layer-phase] chunk=1 start=1024 layer=17 kind=gdn phase=gdn_back gpu_ms=1.30
[prefill-layer-phase] chunk=1 start=1024 layer=17 kind=gdn phase=mixer_resid gpu_ms=0.03
[prefill-layer-phase] chunk=1 start=1024 layer=17 kind=moe phase=post_norm gpu_ms=0.02
[prefill-layer-phase] chunk=1 start=1024 layer=17 kind=moe phase=route_fused gpu_ms=0.31
[prefill-layer-phase] chunk=1 start=1024 layer=17 kind=moe phase=routed_swiglu gpu_ms=3.92
[prefill-layer-phase] chunk=1 start=1024 layer=17 kind=moe phase=routed_down gpu_ms=2.30
[prefill-layer-phase] chunk=1 start=1024 layer=17 kind=moe phase=routed_reduce gpu_ms=0.14
[prefill-layer-phase] chunk=1 start=1024 layer=17 kind=moe phase=shared_packed gpu_ms=0.64
[prefill-layer-phase] chunk=1 start=1024 layer=18 kind=gdn phase=pre_norm gpu_ms=0.02
[prefill-layer-phase] chunk=1 start=1024 layer=18 kind=gdn phase=gdn_qkv gpu_ms=2.53
[prefill-layer-phase] chunk=1 start=1024 layer=18 kind=gdn phase=gdn_z gpu_ms=1.29
[prefill-layer-phase] chunk=1 start=1024 layer=18 kind=gdn phase=gdn_beta_alpha gpu_ms=0.17
[prefill-layer-phase] chunk=1 start=1024 layer=18 kind=gdn phase=gdn_alpha_beta gpu_ms=0.00
[prefill-layer-phase] chunk=1 start=1024 layer=18 kind=gdn phase=gdn_prep_conv gpu_ms=0.43
[prefill-layer-phase] chunk=1 start=1024 layer=18 kind=gdn phase=gdn_prep_l2 gpu_ms=0.04
[prefill-layer-phase] chunk=1 start=1024 layer=18 kind=gdn phase=gdn_step gpu_ms=1.53
[prefill-layer-phase] chunk=1 start=1024 layer=18 kind=gdn phase=gdn_gated gpu_ms=0.10
[prefill-layer-phase] chunk=1 start=1024 layer=18 kind=gdn phase=gdn_back gpu_ms=1.30
[prefill-layer-phase] chunk=1 start=1024 layer=18 kind=gdn phase=mixer_resid gpu_ms=0.03
[prefill-layer-phase] chunk=1 start=1024 layer=18 kind=moe phase=post_norm gpu_ms=0.02
[prefill-layer-phase] chunk=1 start=1024 layer=18 kind=moe phase=route_fused gpu_ms=0.31
[prefill-layer-phase] chunk=1 start=1024 layer=18 kind=moe phase=routed_swiglu gpu_ms=4.07
[prefill-layer-phase] chunk=1 start=1024 layer=18 kind=moe phase=routed_down gpu_ms=2.44
[prefill-layer-phase] chunk=1 start=1024 layer=18 kind=moe phase=routed_reduce gpu_ms=0.14
[prefill-layer-phase] chunk=1 start=1024 layer=18 kind=moe phase=shared_packed gpu_ms=0.64
[prefill-layer-phase] chunk=1 start=1024 layer=19 kind=attn phase=pre_norm gpu_ms=0.02
[prefill-attn-phase] chunk=1 start=1024 layer=19 phase=proj gpu_ms=2.91
[prefill-attn-phase] chunk=1 start=1024 layer=19 phase=norm gpu_ms=0.29
[prefill-attn-phase] chunk=1 start=1024 layer=19 phase=rope_scatter gpu_ms=0.05
[prefill-attn-packed-shape] layer=19 chunk_start=1024 chunk_p=1024 group=8 packed_rows=4 qt=2 row_groups=256 dispatches=512 nwg=64 partial_rw_mib=2064.00
[prefill-attn-matrix-g8-shape] layer=19 chunk_start=1024 chunk_p=1024 query_rows=1024 query_tiles=1 n_pos=2048 score_tile_scratch_mib=68.00 vt_stride=4096 vt_layer_mib=4.00 vt_update_base=1024 vt_update_rows=1024 vt_update_mib=1.00
[prefill-attn-phase] chunk=1 start=1024 layer=19 phase=body_matrix_kq gpu_ms=0.99
[prefill-attn-phase] chunk=1 start=1024 layer=19 phase=body_matrix_kqv gpu_ms=0.98
[prefill-layer-phase] chunk=1 start=1024 layer=19 kind=attn phase=attn_back gpu_ms=1.39
[prefill-layer-phase] chunk=1 start=1024 layer=19 kind=attn phase=mixer_resid gpu_ms=0.03
[prefill-layer-phase] chunk=1 start=1024 layer=19 kind=moe phase=post_norm gpu_ms=0.02
[prefill-layer-phase] chunk=1 start=1024 layer=19 kind=moe phase=route_fused gpu_ms=0.31
[prefill-layer-phase] chunk=1 start=1024 layer=19 kind=moe phase=routed_swiglu gpu_ms=4.11
[prefill-layer-phase] chunk=1 start=1024 layer=19 kind=moe phase=routed_down gpu_ms=2.36
[prefill-layer-phase] chunk=1 start=1024 layer=19 kind=moe phase=routed_reduce gpu_ms=0.14
[prefill-layer-phase] chunk=1 start=1024 layer=19 kind=moe phase=shared_packed gpu_ms=0.64
[prefill-layer-phase] chunk=1 start=1024 layer=20 kind=gdn phase=pre_norm gpu_ms=0.02
[prefill-layer-phase] chunk=1 start=1024 layer=20 kind=gdn phase=gdn_qkv gpu_ms=2.53
[prefill-layer-phase] chunk=1 start=1024 layer=20 kind=gdn phase=gdn_z gpu_ms=1.29
[prefill-layer-phase] chunk=1 start=1024 layer=20 kind=gdn phase=gdn_beta_alpha gpu_ms=0.17
[prefill-layer-phase] chunk=1 start=1024 layer=20 kind=gdn phase=gdn_alpha_beta gpu_ms=0.00
[prefill-layer-phase] chunk=1 start=1024 layer=20 kind=gdn phase=gdn_prep_conv gpu_ms=0.43
[prefill-layer-phase] chunk=1 start=1024 layer=20 kind=gdn phase=gdn_prep_l2 gpu_ms=0.04
[prefill-layer-phase] chunk=1 start=1024 layer=20 kind=gdn phase=gdn_step gpu_ms=1.56
[prefill-layer-phase] chunk=1 start=1024 layer=20 kind=gdn phase=gdn_gated gpu_ms=0.10
[prefill-layer-phase] chunk=1 start=1024 layer=20 kind=gdn phase=gdn_back gpu_ms=1.30
[prefill-layer-phase] chunk=1 start=1024 layer=20 kind=gdn phase=mixer_resid gpu_ms=0.04
[prefill-layer-phase] chunk=1 start=1024 layer=20 kind=moe phase=post_norm gpu_ms=0.02
[prefill-layer-phase] chunk=1 start=1024 layer=20 kind=moe phase=route_fused gpu_ms=0.31
[prefill-layer-phase] chunk=1 start=1024 layer=20 kind=moe phase=routed_swiglu gpu_ms=4.28
[prefill-layer-phase] chunk=1 start=1024 layer=20 kind=moe phase=routed_down gpu_ms=2.63
[prefill-layer-phase] chunk=1 start=1024 layer=20 kind=moe phase=routed_reduce gpu_ms=0.14
[prefill-layer-phase] chunk=1 start=1024 layer=20 kind=moe phase=shared_packed gpu_ms=0.64
[prefill-layer-phase] chunk=1 start=1024 layer=21 kind=gdn phase=pre_norm gpu_ms=0.02
[prefill-layer-phase] chunk=1 start=1024 layer=21 kind=gdn phase=gdn_qkv gpu_ms=2.53
[prefill-layer-phase] chunk=1 start=1024 layer=21 kind=gdn phase=gdn_z gpu_ms=1.29
[prefill-layer-phase] chunk=1 start=1024 layer=21 kind=gdn phase=gdn_beta_alpha gpu_ms=0.17
[prefill-layer-phase] chunk=1 start=1024 layer=21 kind=gdn phase=gdn_alpha_beta gpu_ms=0.01
[prefill-layer-phase] chunk=1 start=1024 layer=21 kind=gdn phase=gdn_prep_conv gpu_ms=0.43
[prefill-layer-phase] chunk=1 start=1024 layer=21 kind=gdn phase=gdn_prep_l2 gpu_ms=0.04
[prefill-layer-phase] chunk=1 start=1024 layer=21 kind=gdn phase=gdn_step gpu_ms=1.55
[prefill-layer-phase] chunk=1 start=1024 layer=21 kind=gdn phase=gdn_gated gpu_ms=0.10
[prefill-layer-phase] chunk=1 start=1024 layer=21 kind=gdn phase=gdn_back gpu_ms=1.30
[prefill-layer-phase] chunk=1 start=1024 layer=21 kind=gdn phase=mixer_resid gpu_ms=0.03
[prefill-layer-phase] chunk=1 start=1024 layer=21 kind=moe phase=post_norm gpu_ms=0.03
[prefill-layer-phase] chunk=1 start=1024 layer=21 kind=moe phase=route_fused gpu_ms=0.31
[prefill-layer-phase] chunk=1 start=1024 layer=21 kind=moe phase=routed_swiglu gpu_ms=4.28
[prefill-layer-phase] chunk=1 start=1024 layer=21 kind=moe phase=routed_down gpu_ms=2.50
[prefill-layer-phase] chunk=1 start=1024 layer=21 kind=moe phase=routed_reduce gpu_ms=0.14
[prefill-layer-phase] chunk=1 start=1024 layer=21 kind=moe phase=shared_packed gpu_ms=0.64
[prefill-layer-phase] chunk=1 start=1024 layer=22 kind=gdn phase=pre_norm gpu_ms=0.02
[prefill-layer-phase] chunk=1 start=1024 layer=22 kind=gdn phase=gdn_qkv gpu_ms=2.53
[prefill-layer-phase] chunk=1 start=1024 layer=22 kind=gdn phase=gdn_z gpu_ms=1.29
[prefill-layer-phase] chunk=1 start=1024 layer=22 kind=gdn phase=gdn_beta_alpha gpu_ms=0.17
[prefill-layer-phase] chunk=1 start=1024 layer=22 kind=gdn phase=gdn_alpha_beta gpu_ms=0.01
[prefill-layer-phase] chunk=1 start=1024 layer=22 kind=gdn phase=gdn_prep_conv gpu_ms=0.43
[prefill-layer-phase] chunk=1 start=1024 layer=22 kind=gdn phase=gdn_prep_l2 gpu_ms=0.04
[prefill-layer-phase] chunk=1 start=1024 layer=22 kind=gdn phase=gdn_step gpu_ms=1.57
[prefill-layer-phase] chunk=1 start=1024 layer=22 kind=gdn phase=gdn_gated gpu_ms=0.10
[prefill-layer-phase] chunk=1 start=1024 layer=22 kind=gdn phase=gdn_back gpu_ms=1.30
[prefill-layer-phase] chunk=1 start=1024 layer=22 kind=gdn phase=mixer_resid gpu_ms=0.03
[prefill-layer-phase] chunk=1 start=1024 layer=22 kind=moe phase=post_norm gpu_ms=0.02
[prefill-layer-phase] chunk=1 start=1024 layer=22 kind=moe phase=route_fused gpu_ms=0.31
[prefill-layer-phase] chunk=1 start=1024 layer=22 kind=moe phase=routed_swiglu gpu_ms=4.10
[prefill-layer-phase] chunk=1 start=1024 layer=22 kind=moe phase=routed_down gpu_ms=2.42
[prefill-layer-phase] chunk=1 start=1024 layer=22 kind=moe phase=routed_reduce gpu_ms=0.14
[prefill-layer-phase] chunk=1 start=1024 layer=22 kind=moe phase=shared_packed gpu_ms=0.64
[prefill-layer-phase] chunk=1 start=1024 layer=23 kind=attn phase=pre_norm gpu_ms=0.02
[prefill-attn-phase] chunk=1 start=1024 layer=23 phase=proj gpu_ms=2.91
[prefill-attn-phase] chunk=1 start=1024 layer=23 phase=norm gpu_ms=0.29
[prefill-attn-phase] chunk=1 start=1024 layer=23 phase=rope_scatter gpu_ms=0.05
[prefill-attn-packed-shape] layer=23 chunk_start=1024 chunk_p=1024 group=8 packed_rows=4 qt=2 row_groups=256 dispatches=512 nwg=64 partial_rw_mib=2064.00
[prefill-attn-matrix-g8-shape] layer=23 chunk_start=1024 chunk_p=1024 query_rows=1024 query_tiles=1 n_pos=2048 score_tile_scratch_mib=68.00 vt_stride=4096 vt_layer_mib=4.00 vt_update_base=1024 vt_update_rows=1024 vt_update_mib=1.00
[prefill-attn-phase] chunk=1 start=1024 layer=23 phase=body_matrix_kq gpu_ms=0.99
[prefill-attn-phase] chunk=1 start=1024 layer=23 phase=body_matrix_kqv gpu_ms=0.98
[prefill-layer-phase] chunk=1 start=1024 layer=23 kind=attn phase=attn_back gpu_ms=1.39
[prefill-layer-phase] chunk=1 start=1024 layer=23 kind=attn phase=mixer_resid gpu_ms=0.03
[prefill-layer-phase] chunk=1 start=1024 layer=23 kind=moe phase=post_norm gpu_ms=0.02
[prefill-layer-phase] chunk=1 start=1024 layer=23 kind=moe phase=route_fused gpu_ms=0.31
[prefill-layer-phase] chunk=1 start=1024 layer=23 kind=moe phase=routed_swiglu gpu_ms=4.15
[prefill-layer-phase] chunk=1 start=1024 layer=23 kind=moe phase=routed_down gpu_ms=2.40
[prefill-layer-phase] chunk=1 start=1024 layer=23 kind=moe phase=routed_reduce gpu_ms=0.14
[prefill-layer-phase] chunk=1 start=1024 layer=23 kind=moe phase=shared_packed gpu_ms=0.64
[prefill-layer-phase] chunk=1 start=1024 layer=24 kind=gdn phase=pre_norm gpu_ms=0.02
[prefill-layer-phase] chunk=1 start=1024 layer=24 kind=gdn phase=gdn_qkv gpu_ms=2.53
[prefill-layer-phase] chunk=1 start=1024 layer=24 kind=gdn phase=gdn_z gpu_ms=1.29
[prefill-layer-phase] chunk=1 start=1024 layer=24 kind=gdn phase=gdn_beta_alpha gpu_ms=0.17
[prefill-layer-phase] chunk=1 start=1024 layer=24 kind=gdn phase=gdn_alpha_beta gpu_ms=0.01
[prefill-layer-phase] chunk=1 start=1024 layer=24 kind=gdn phase=gdn_prep_conv gpu_ms=0.43
[prefill-layer-phase] chunk=1 start=1024 layer=24 kind=gdn phase=gdn_prep_l2 gpu_ms=0.04
[prefill-layer-phase] chunk=1 start=1024 layer=24 kind=gdn phase=gdn_step gpu_ms=1.55
[prefill-layer-phase] chunk=1 start=1024 layer=24 kind=gdn phase=gdn_gated gpu_ms=0.10
[prefill-layer-phase] chunk=1 start=1024 layer=24 kind=gdn phase=gdn_back gpu_ms=1.30
[prefill-layer-phase] chunk=1 start=1024 layer=24 kind=gdn phase=mixer_resid gpu_ms=0.03
[prefill-layer-phase] chunk=1 start=1024 layer=24 kind=moe phase=post_norm gpu_ms=0.02
[prefill-layer-phase] chunk=1 start=1024 layer=24 kind=moe phase=route_fused gpu_ms=0.31
[prefill-layer-phase] chunk=1 start=1024 layer=24 kind=moe phase=routed_swiglu gpu_ms=4.11
[prefill-layer-phase] chunk=1 start=1024 layer=24 kind=moe phase=routed_down gpu_ms=2.37
[prefill-layer-phase] chunk=1 start=1024 layer=24 kind=moe phase=routed_reduce gpu_ms=0.14
[prefill-layer-phase] chunk=1 start=1024 layer=24 kind=moe phase=shared_packed gpu_ms=0.64
[prefill-layer-phase] chunk=1 start=1024 layer=25 kind=gdn phase=pre_norm gpu_ms=0.02
[prefill-layer-phase] chunk=1 start=1024 layer=25 kind=gdn phase=gdn_qkv gpu_ms=2.53
[prefill-layer-phase] chunk=1 start=1024 layer=25 kind=gdn phase=gdn_z gpu_ms=1.29
[prefill-layer-phase] chunk=1 start=1024 layer=25 kind=gdn phase=gdn_beta_alpha gpu_ms=0.17
[prefill-layer-phase] chunk=1 start=1024 layer=25 kind=gdn phase=gdn_alpha_beta gpu_ms=0.01
[prefill-layer-phase] chunk=1 start=1024 layer=25 kind=gdn phase=gdn_prep_conv gpu_ms=0.43
[prefill-layer-phase] chunk=1 start=1024 layer=25 kind=gdn phase=gdn_prep_l2 gpu_ms=0.04
[prefill-layer-phase] chunk=1 start=1024 layer=25 kind=gdn phase=gdn_step gpu_ms=1.59
[prefill-layer-phase] chunk=1 start=1024 layer=25 kind=gdn phase=gdn_gated gpu_ms=0.10
[prefill-layer-phase] chunk=1 start=1024 layer=25 kind=gdn phase=gdn_back gpu_ms=1.30
[prefill-layer-phase] chunk=1 start=1024 layer=25 kind=gdn phase=mixer_resid gpu_ms=0.03
[prefill-layer-phase] chunk=1 start=1024 layer=25 kind=moe phase=post_norm gpu_ms=0.02
[prefill-layer-phase] chunk=1 start=1024 layer=25 kind=moe phase=route_fused gpu_ms=0.31
[prefill-layer-phase] chunk=1 start=1024 layer=25 kind=moe phase=routed_swiglu gpu_ms=4.08
[prefill-layer-phase] chunk=1 start=1024 layer=25 kind=moe phase=routed_down gpu_ms=2.35
[prefill-layer-phase] chunk=1 start=1024 layer=25 kind=moe phase=routed_reduce gpu_ms=0.15
[prefill-layer-phase] chunk=1 start=1024 layer=25 kind=moe phase=shared_packed gpu_ms=0.64
[prefill-layer-phase] chunk=1 start=1024 layer=26 kind=gdn phase=pre_norm gpu_ms=0.02
[prefill-layer-phase] chunk=1 start=1024 layer=26 kind=gdn phase=gdn_qkv gpu_ms=2.53
[prefill-layer-phase] chunk=1 start=1024 layer=26 kind=gdn phase=gdn_z gpu_ms=1.29
[prefill-layer-phase] chunk=1 start=1024 layer=26 kind=gdn phase=gdn_beta_alpha gpu_ms=0.17
[prefill-layer-phase] chunk=1 start=1024 layer=26 kind=gdn phase=gdn_alpha_beta gpu_ms=0.01
[prefill-layer-phase] chunk=1 start=1024 layer=26 kind=gdn phase=gdn_prep_conv gpu_ms=0.43
[prefill-layer-phase] chunk=1 start=1024 layer=26 kind=gdn phase=gdn_prep_l2 gpu_ms=0.04
[prefill-layer-phase] chunk=1 start=1024 layer=26 kind=gdn phase=gdn_step gpu_ms=1.56
[prefill-layer-phase] chunk=1 start=1024 layer=26 kind=gdn phase=gdn_gated gpu_ms=0.10
[prefill-layer-phase] chunk=1 start=1024 layer=26 kind=gdn phase=gdn_back gpu_ms=1.30
[prefill-layer-phase] chunk=1 start=1024 layer=26 kind=gdn phase=mixer_resid gpu_ms=0.03
[prefill-layer-phase] chunk=1 start=1024 layer=26 kind=moe phase=post_norm gpu_ms=0.02
[prefill-layer-phase] chunk=1 start=1024 layer=26 kind=moe phase=route_fused gpu_ms=0.31
[prefill-layer-phase] chunk=1 start=1024 layer=26 kind=moe phase=routed_swiglu gpu_ms=4.06
[prefill-layer-phase] chunk=1 start=1024 layer=26 kind=moe phase=routed_down gpu_ms=2.44
[prefill-layer-phase] chunk=1 start=1024 layer=26 kind=moe phase=routed_reduce gpu_ms=0.14
[prefill-layer-phase] chunk=1 start=1024 layer=26 kind=moe phase=shared_packed gpu_ms=0.64
[prefill-layer-phase] chunk=1 start=1024 layer=27 kind=attn phase=pre_norm gpu_ms=0.02
[prefill-attn-phase] chunk=1 start=1024 layer=27 phase=proj gpu_ms=2.91
[prefill-attn-phase] chunk=1 start=1024 layer=27 phase=norm gpu_ms=0.29
[prefill-attn-phase] chunk=1 start=1024 layer=27 phase=rope_scatter gpu_ms=0.05
[prefill-attn-packed-shape] layer=27 chunk_start=1024 chunk_p=1024 group=8 packed_rows=4 qt=2 row_groups=256 dispatches=512 nwg=64 partial_rw_mib=2064.00
[prefill-attn-matrix-g8-shape] layer=27 chunk_start=1024 chunk_p=1024 query_rows=1024 query_tiles=1 n_pos=2048 score_tile_scratch_mib=68.00 vt_stride=4096 vt_layer_mib=4.00 vt_update_base=1024 vt_update_rows=1024 vt_update_mib=1.00
[prefill-attn-phase] chunk=1 start=1024 layer=27 phase=body_matrix_kq gpu_ms=0.99
[prefill-attn-phase] chunk=1 start=1024 layer=27 phase=body_matrix_kqv gpu_ms=0.98
[prefill-layer-phase] chunk=1 start=1024 layer=27 kind=attn phase=attn_back gpu_ms=1.39
[prefill-layer-phase] chunk=1 start=1024 layer=27 kind=attn phase=mixer_resid gpu_ms=0.03
[prefill-layer-phase] chunk=1 start=1024 layer=27 kind=moe phase=post_norm gpu_ms=0.02
[prefill-layer-phase] chunk=1 start=1024 layer=27 kind=moe phase=route_fused gpu_ms=0.31
[prefill-layer-phase] chunk=1 start=1024 layer=27 kind=moe phase=routed_swiglu gpu_ms=4.09
[prefill-layer-phase] chunk=1 start=1024 layer=27 kind=moe phase=routed_down gpu_ms=2.41
[prefill-layer-phase] chunk=1 start=1024 layer=27 kind=moe phase=routed_reduce gpu_ms=0.14
[prefill-layer-phase] chunk=1 start=1024 layer=27 kind=moe phase=shared_packed gpu_ms=0.64
[prefill-layer-phase] chunk=1 start=1024 layer=28 kind=gdn phase=pre_norm gpu_ms=0.02
[prefill-layer-phase] chunk=1 start=1024 layer=28 kind=gdn phase=gdn_qkv gpu_ms=2.53
[prefill-layer-phase] chunk=1 start=1024 layer=28 kind=gdn phase=gdn_z gpu_ms=1.29
[prefill-layer-phase] chunk=1 start=1024 layer=28 kind=gdn phase=gdn_beta_alpha gpu_ms=0.17
[prefill-layer-phase] chunk=1 start=1024 layer=28 kind=gdn phase=gdn_alpha_beta gpu_ms=0.01
[prefill-layer-phase] chunk=1 start=1024 layer=28 kind=gdn phase=gdn_prep_conv gpu_ms=0.43
[prefill-layer-phase] chunk=1 start=1024 layer=28 kind=gdn phase=gdn_prep_l2 gpu_ms=0.04
[prefill-layer-phase] chunk=1 start=1024 layer=28 kind=gdn phase=gdn_step gpu_ms=1.54
[prefill-layer-phase] chunk=1 start=1024 layer=28 kind=gdn phase=gdn_gated gpu_ms=0.10
[prefill-layer-phase] chunk=1 start=1024 layer=28 kind=gdn phase=gdn_back gpu_ms=1.30
[prefill-layer-phase] chunk=1 start=1024 layer=28 kind=gdn phase=mixer_resid gpu_ms=0.03
[prefill-layer-phase] chunk=1 start=1024 layer=28 kind=moe phase=post_norm gpu_ms=0.02
[prefill-layer-phase] chunk=1 start=1024 layer=28 kind=moe phase=route_fused gpu_ms=0.31
[prefill-layer-phase] chunk=1 start=1024 layer=28 kind=moe phase=routed_swiglu gpu_ms=3.96
[prefill-layer-phase] chunk=1 start=1024 layer=28 kind=moe phase=routed_down gpu_ms=2.28
[prefill-layer-phase] chunk=1 start=1024 layer=28 kind=moe phase=routed_reduce gpu_ms=0.15
[prefill-layer-phase] chunk=1 start=1024 layer=28 kind=moe phase=shared_packed gpu_ms=0.64
[prefill-layer-phase] chunk=1 start=1024 layer=29 kind=gdn phase=pre_norm gpu_ms=0.02
[prefill-layer-phase] chunk=1 start=1024 layer=29 kind=gdn phase=gdn_qkv gpu_ms=2.53
[prefill-layer-phase] chunk=1 start=1024 layer=29 kind=gdn phase=gdn_z gpu_ms=1.29
[prefill-layer-phase] chunk=1 start=1024 layer=29 kind=gdn phase=gdn_beta_alpha gpu_ms=0.17
[prefill-layer-phase] chunk=1 start=1024 layer=29 kind=gdn phase=gdn_alpha_beta gpu_ms=0.00
[prefill-layer-phase] chunk=1 start=1024 layer=29 kind=gdn phase=gdn_prep_conv gpu_ms=0.43
[prefill-layer-phase] chunk=1 start=1024 layer=29 kind=gdn phase=gdn_prep_l2 gpu_ms=0.04
[prefill-layer-phase] chunk=1 start=1024 layer=29 kind=gdn phase=gdn_step gpu_ms=1.55
[prefill-layer-phase] chunk=1 start=1024 layer=29 kind=gdn phase=gdn_gated gpu_ms=0.10
[prefill-layer-phase] chunk=1 start=1024 layer=29 kind=gdn phase=gdn_back gpu_ms=1.30
[prefill-layer-phase] chunk=1 start=1024 layer=29 kind=gdn phase=mixer_resid gpu_ms=0.03
[prefill-layer-phase] chunk=1 start=1024 layer=29 kind=moe phase=post_norm gpu_ms=0.02
[prefill-layer-phase] chunk=1 start=1024 layer=29 kind=moe phase=route_fused gpu_ms=0.31
[prefill-layer-phase] chunk=1 start=1024 layer=29 kind=moe phase=routed_swiglu gpu_ms=3.96
[prefill-layer-phase] chunk=1 start=1024 layer=29 kind=moe phase=routed_down gpu_ms=2.36
[prefill-layer-phase] chunk=1 start=1024 layer=29 kind=moe phase=routed_reduce gpu_ms=0.15
[prefill-layer-phase] chunk=1 start=1024 layer=29 kind=moe phase=shared_packed gpu_ms=0.64
[prefill-layer-phase] chunk=1 start=1024 layer=30 kind=gdn phase=pre_norm gpu_ms=0.02
[prefill-layer-phase] chunk=1 start=1024 layer=30 kind=gdn phase=gdn_qkv gpu_ms=2.53
[prefill-layer-phase] chunk=1 start=1024 layer=30 kind=gdn phase=gdn_z gpu_ms=1.29
[prefill-layer-phase] chunk=1 start=1024 layer=30 kind=gdn phase=gdn_beta_alpha gpu_ms=0.17
[prefill-layer-phase] chunk=1 start=1024 layer=30 kind=gdn phase=gdn_alpha_beta gpu_ms=0.01
[prefill-layer-phase] chunk=1 start=1024 layer=30 kind=gdn phase=gdn_prep_conv gpu_ms=0.43
[prefill-layer-phase] chunk=1 start=1024 layer=30 kind=gdn phase=gdn_prep_l2 gpu_ms=0.04
[prefill-layer-phase] chunk=1 start=1024 layer=30 kind=gdn phase=gdn_step gpu_ms=1.57
[prefill-layer-phase] chunk=1 start=1024 layer=30 kind=gdn phase=gdn_gated gpu_ms=0.10
[prefill-layer-phase] chunk=1 start=1024 layer=30 kind=gdn phase=gdn_back gpu_ms=1.30
[prefill-layer-phase] chunk=1 start=1024 layer=30 kind=gdn phase=mixer_resid gpu_ms=0.04
[prefill-layer-phase] chunk=1 start=1024 layer=30 kind=moe phase=post_norm gpu_ms=0.02
[prefill-layer-phase] chunk=1 start=1024 layer=30 kind=moe phase=route_fused gpu_ms=0.31
[prefill-layer-phase] chunk=1 start=1024 layer=30 kind=moe phase=routed_swiglu gpu_ms=4.06
[prefill-layer-phase] chunk=1 start=1024 layer=30 kind=moe phase=routed_down gpu_ms=2.46
[prefill-layer-phase] chunk=1 start=1024 layer=30 kind=moe phase=routed_reduce gpu_ms=0.14
[prefill-layer-phase] chunk=1 start=1024 layer=30 kind=moe phase=shared_packed gpu_ms=0.64
[prefill-layer-phase] chunk=1 start=1024 layer=31 kind=attn phase=pre_norm gpu_ms=0.02
[prefill-attn-phase] chunk=1 start=1024 layer=31 phase=proj gpu_ms=2.91
[prefill-attn-phase] chunk=1 start=1024 layer=31 phase=norm gpu_ms=0.29
[prefill-attn-phase] chunk=1 start=1024 layer=31 phase=rope_scatter gpu_ms=0.05
[prefill-attn-packed-shape] layer=31 chunk_start=1024 chunk_p=1024 group=8 packed_rows=4 qt=2 row_groups=256 dispatches=512 nwg=64 partial_rw_mib=2064.00
[prefill-attn-matrix-g8-shape] layer=31 chunk_start=1024 chunk_p=1024 query_rows=1024 query_tiles=1 n_pos=2048 score_tile_scratch_mib=68.00 vt_stride=4096 vt_layer_mib=4.00 vt_update_base=1024 vt_update_rows=1024 vt_update_mib=1.00
[prefill-attn-phase] chunk=1 start=1024 layer=31 phase=body_matrix_kq gpu_ms=0.99
[prefill-attn-phase] chunk=1 start=1024 layer=31 phase=body_matrix_kqv gpu_ms=0.98
[prefill-layer-phase] chunk=1 start=1024 layer=31 kind=attn phase=attn_back gpu_ms=1.39
[prefill-layer-phase] chunk=1 start=1024 layer=31 kind=attn phase=mixer_resid gpu_ms=0.03
[prefill-layer-phase] chunk=1 start=1024 layer=31 kind=moe phase=post_norm gpu_ms=0.02
[prefill-layer-phase] chunk=1 start=1024 layer=31 kind=moe phase=route_fused gpu_ms=0.31
[prefill-layer-phase] chunk=1 start=1024 layer=31 kind=moe phase=routed_swiglu gpu_ms=3.94
[prefill-layer-phase] chunk=1 start=1024 layer=31 kind=moe phase=routed_down gpu_ms=2.25
[prefill-layer-phase] chunk=1 start=1024 layer=31 kind=moe phase=routed_reduce gpu_ms=0.14
[prefill-layer-phase] chunk=1 start=1024 layer=31 kind=moe phase=shared_packed gpu_ms=0.64
[prefill-layer-phase] chunk=1 start=1024 layer=32 kind=gdn phase=pre_norm gpu_ms=0.02
[prefill-layer-phase] chunk=1 start=1024 layer=32 kind=gdn phase=gdn_qkv gpu_ms=2.53
[prefill-layer-phase] chunk=1 start=1024 layer=32 kind=gdn phase=gdn_z gpu_ms=1.29
[prefill-layer-phase] chunk=1 start=1024 layer=32 kind=gdn phase=gdn_beta_alpha gpu_ms=0.17
[prefill-layer-phase] chunk=1 start=1024 layer=32 kind=gdn phase=gdn_alpha_beta gpu_ms=0.00
[prefill-layer-phase] chunk=1 start=1024 layer=32 kind=gdn phase=gdn_prep_conv gpu_ms=0.43
[prefill-layer-phase] chunk=1 start=1024 layer=32 kind=gdn phase=gdn_prep_l2 gpu_ms=0.04
[prefill-layer-phase] chunk=1 start=1024 layer=32 kind=gdn phase=gdn_step gpu_ms=1.56
[prefill-layer-phase] chunk=1 start=1024 layer=32 kind=gdn phase=gdn_gated gpu_ms=0.10
[prefill-layer-phase] chunk=1 start=1024 layer=32 kind=gdn phase=gdn_back gpu_ms=1.30
[prefill-layer-phase] chunk=1 start=1024 layer=32 kind=gdn phase=mixer_resid gpu_ms=0.03
[prefill-layer-phase] chunk=1 start=1024 layer=32 kind=moe phase=post_norm gpu_ms=0.02
[prefill-layer-phase] chunk=1 start=1024 layer=32 kind=moe phase=route_fused gpu_ms=0.31
[prefill-layer-phase] chunk=1 start=1024 layer=32 kind=moe phase=routed_swiglu gpu_ms=3.98
[prefill-layer-phase] chunk=1 start=1024 layer=32 kind=moe phase=routed_down gpu_ms=2.33
[prefill-layer-phase] chunk=1 start=1024 layer=32 kind=moe phase=routed_reduce gpu_ms=0.14
[prefill-layer-phase] chunk=1 start=1024 layer=32 kind=moe phase=shared_packed gpu_ms=0.63
[prefill-layer-phase] chunk=1 start=1024 layer=33 kind=gdn phase=pre_norm gpu_ms=0.02
[prefill-layer-phase] chunk=1 start=1024 layer=33 kind=gdn phase=gdn_qkv gpu_ms=2.53
[prefill-layer-phase] chunk=1 start=1024 layer=33 kind=gdn phase=gdn_z gpu_ms=1.29
[prefill-layer-phase] chunk=1 start=1024 layer=33 kind=gdn phase=gdn_beta_alpha gpu_ms=0.17
[prefill-layer-phase] chunk=1 start=1024 layer=33 kind=gdn phase=gdn_alpha_beta gpu_ms=0.00
[prefill-layer-phase] chunk=1 start=1024 layer=33 kind=gdn phase=gdn_prep_conv gpu_ms=0.43
[prefill-layer-phase] chunk=1 start=1024 layer=33 kind=gdn phase=gdn_prep_l2 gpu_ms=0.04
[prefill-layer-phase] chunk=1 start=1024 layer=33 kind=gdn phase=gdn_step gpu_ms=1.58
[prefill-layer-phase] chunk=1 start=1024 layer=33 kind=gdn phase=gdn_gated gpu_ms=0.10
[prefill-layer-phase] chunk=1 start=1024 layer=33 kind=gdn phase=gdn_back gpu_ms=1.30
[prefill-layer-phase] chunk=1 start=1024 layer=33 kind=gdn phase=mixer_resid gpu_ms=0.03
[prefill-layer-phase] chunk=1 start=1024 layer=33 kind=moe phase=post_norm gpu_ms=0.02
[prefill-layer-phase] chunk=1 start=1024 layer=33 kind=moe phase=route_fused gpu_ms=0.31
[prefill-layer-phase] chunk=1 start=1024 layer=33 kind=moe phase=routed_swiglu gpu_ms=4.11
[prefill-layer-phase] chunk=1 start=1024 layer=33 kind=moe phase=routed_down gpu_ms=2.51
[prefill-layer-phase] chunk=1 start=1024 layer=33 kind=moe phase=routed_reduce gpu_ms=0.14
[prefill-layer-phase] chunk=1 start=1024 layer=33 kind=moe phase=shared_packed gpu_ms=0.64
[prefill-layer-phase] chunk=1 start=1024 layer=34 kind=gdn phase=pre_norm gpu_ms=0.02
[prefill-layer-phase] chunk=1 start=1024 layer=34 kind=gdn phase=gdn_qkv gpu_ms=2.53
[prefill-layer-phase] chunk=1 start=1024 layer=34 kind=gdn phase=gdn_z gpu_ms=1.29
[prefill-layer-phase] chunk=1 start=1024 layer=34 kind=gdn phase=gdn_beta_alpha gpu_ms=0.17
[prefill-layer-phase] chunk=1 start=1024 layer=34 kind=gdn phase=gdn_alpha_beta gpu_ms=0.01
[prefill-layer-phase] chunk=1 start=1024 layer=34 kind=gdn phase=gdn_prep_conv gpu_ms=0.43
[prefill-layer-phase] chunk=1 start=1024 layer=34 kind=gdn phase=gdn_prep_l2 gpu_ms=0.04
[prefill-layer-phase] chunk=1 start=1024 layer=34 kind=gdn phase=gdn_step gpu_ms=1.56
[prefill-layer-phase] chunk=1 start=1024 layer=34 kind=gdn phase=gdn_gated gpu_ms=0.10
[prefill-layer-phase] chunk=1 start=1024 layer=34 kind=gdn phase=gdn_back gpu_ms=1.30
[prefill-layer-phase] chunk=1 start=1024 layer=34 kind=gdn phase=mixer_resid gpu_ms=0.03
[prefill-layer-phase] chunk=1 start=1024 layer=34 kind=moe phase=post_norm gpu_ms=0.02
[prefill-layer-phase] chunk=1 start=1024 layer=34 kind=moe phase=route_fused gpu_ms=0.31
[prefill-layer-phase] chunk=1 start=1024 layer=34 kind=moe phase=routed_swiglu gpu_ms=3.88
[prefill-layer-phase] chunk=1 start=1024 layer=34 kind=moe phase=routed_down gpu_ms=2.20
[prefill-layer-phase] chunk=1 start=1024 layer=34 kind=moe phase=routed_reduce gpu_ms=0.14
[prefill-layer-phase] chunk=1 start=1024 layer=34 kind=moe phase=shared_packed gpu_ms=0.64
[prefill-layer-phase] chunk=1 start=1024 layer=35 kind=attn phase=pre_norm gpu_ms=0.02
[prefill-attn-phase] chunk=1 start=1024 layer=35 phase=proj gpu_ms=2.92
[prefill-attn-phase] chunk=1 start=1024 layer=35 phase=norm gpu_ms=0.29
[prefill-attn-phase] chunk=1 start=1024 layer=35 phase=rope_scatter gpu_ms=0.05
[prefill-attn-packed-shape] layer=35 chunk_start=1024 chunk_p=1024 group=8 packed_rows=4 qt=2 row_groups=256 dispatches=512 nwg=64 partial_rw_mib=2064.00
[prefill-attn-matrix-g8-shape] layer=35 chunk_start=1024 chunk_p=1024 query_rows=1024 query_tiles=1 n_pos=2048 score_tile_scratch_mib=68.00 vt_stride=4096 vt_layer_mib=4.00 vt_update_base=1024 vt_update_rows=1024 vt_update_mib=1.00
[prefill-attn-phase] chunk=1 start=1024 layer=35 phase=body_matrix_kq gpu_ms=0.99
[prefill-attn-phase] chunk=1 start=1024 layer=35 phase=body_matrix_kqv gpu_ms=0.98
[prefill-layer-phase] chunk=1 start=1024 layer=35 kind=attn phase=attn_back gpu_ms=1.39
[prefill-layer-phase] chunk=1 start=1024 layer=35 kind=attn phase=mixer_resid gpu_ms=0.03
[prefill-layer-phase] chunk=1 start=1024 layer=35 kind=moe phase=post_norm gpu_ms=0.02
[prefill-layer-phase] chunk=1 start=1024 layer=35 kind=moe phase=route_fused gpu_ms=0.31
[prefill-layer-phase] chunk=1 start=1024 layer=35 kind=moe phase=routed_swiglu gpu_ms=4.20
[prefill-layer-phase] chunk=1 start=1024 layer=35 kind=moe phase=routed_down gpu_ms=2.50
[prefill-layer-phase] chunk=1 start=1024 layer=35 kind=moe phase=routed_reduce gpu_ms=0.14
[prefill-layer-phase] chunk=1 start=1024 layer=35 kind=moe phase=shared_packed gpu_ms=0.63
[prefill-layer-phase] chunk=1 start=1024 layer=36 kind=gdn phase=pre_norm gpu_ms=0.02
[prefill-layer-phase] chunk=1 start=1024 layer=36 kind=gdn phase=gdn_qkv gpu_ms=2.53
[prefill-layer-phase] chunk=1 start=1024 layer=36 kind=gdn phase=gdn_z gpu_ms=1.29
[prefill-layer-phase] chunk=1 start=1024 layer=36 kind=gdn phase=gdn_beta_alpha gpu_ms=0.17
[prefill-layer-phase] chunk=1 start=1024 layer=36 kind=gdn phase=gdn_alpha_beta gpu_ms=0.01
[prefill-layer-phase] chunk=1 start=1024 layer=36 kind=gdn phase=gdn_prep_conv gpu_ms=0.43
[prefill-layer-phase] chunk=1 start=1024 layer=36 kind=gdn phase=gdn_prep_l2 gpu_ms=0.04
[prefill-layer-phase] chunk=1 start=1024 layer=36 kind=gdn phase=gdn_step gpu_ms=1.56
[prefill-layer-phase] chunk=1 start=1024 layer=36 kind=gdn phase=gdn_gated gpu_ms=0.10
[prefill-layer-phase] chunk=1 start=1024 layer=36 kind=gdn phase=gdn_back gpu_ms=1.30
[prefill-layer-phase] chunk=1 start=1024 layer=36 kind=gdn phase=mixer_resid gpu_ms=0.03
[prefill-layer-phase] chunk=1 start=1024 layer=36 kind=moe phase=post_norm gpu_ms=0.02
[prefill-layer-phase] chunk=1 start=1024 layer=36 kind=moe phase=route_fused gpu_ms=0.30
[prefill-layer-phase] chunk=1 start=1024 layer=36 kind=moe phase=routed_swiglu gpu_ms=4.07
[prefill-layer-phase] chunk=1 start=1024 layer=36 kind=moe phase=routed_down gpu_ms=2.38
[prefill-layer-phase] chunk=1 start=1024 layer=36 kind=moe phase=routed_reduce gpu_ms=0.14
[prefill-layer-phase] chunk=1 start=1024 layer=36 kind=moe phase=shared_packed gpu_ms=0.64
[prefill-layer-phase] chunk=1 start=1024 layer=37 kind=gdn phase=pre_norm gpu_ms=0.02
[prefill-layer-phase] chunk=1 start=1024 layer=37 kind=gdn phase=gdn_qkv gpu_ms=2.53
[prefill-layer-phase] chunk=1 start=1024 layer=37 kind=gdn phase=gdn_z gpu_ms=1.29
[prefill-layer-phase] chunk=1 start=1024 layer=37 kind=gdn phase=gdn_beta_alpha gpu_ms=0.17
[prefill-layer-phase] chunk=1 start=1024 layer=37 kind=gdn phase=gdn_alpha_beta gpu_ms=0.01
[prefill-layer-phase] chunk=1 start=1024 layer=37 kind=gdn phase=gdn_prep_conv gpu_ms=0.43
[prefill-layer-phase] chunk=1 start=1024 layer=37 kind=gdn phase=gdn_prep_l2 gpu_ms=0.04
[prefill-layer-phase] chunk=1 start=1024 layer=37 kind=gdn phase=gdn_step gpu_ms=1.55
[prefill-layer-phase] chunk=1 start=1024 layer=37 kind=gdn phase=gdn_gated gpu_ms=0.10
[prefill-layer-phase] chunk=1 start=1024 layer=37 kind=gdn phase=gdn_back gpu_ms=1.30
[prefill-layer-phase] chunk=1 start=1024 layer=37 kind=gdn phase=mixer_resid gpu_ms=0.03
[prefill-layer-phase] chunk=1 start=1024 layer=37 kind=moe phase=post_norm gpu_ms=0.02
[prefill-layer-phase] chunk=1 start=1024 layer=37 kind=moe phase=route_fused gpu_ms=0.31
[prefill-layer-phase] chunk=1 start=1024 layer=37 kind=moe phase=routed_swiglu gpu_ms=3.78
[prefill-layer-phase] chunk=1 start=1024 layer=37 kind=moe phase=routed_down gpu_ms=2.15
[prefill-layer-phase] chunk=1 start=1024 layer=37 kind=moe phase=routed_reduce gpu_ms=0.15
[prefill-layer-phase] chunk=1 start=1024 layer=37 kind=moe phase=shared_packed gpu_ms=0.64
[prefill-layer-phase] chunk=1 start=1024 layer=38 kind=gdn phase=pre_norm gpu_ms=0.02
[prefill-layer-phase] chunk=1 start=1024 layer=38 kind=gdn phase=gdn_qkv gpu_ms=2.53
[prefill-layer-phase] chunk=1 start=1024 layer=38 kind=gdn phase=gdn_z gpu_ms=1.29
[prefill-layer-phase] chunk=1 start=1024 layer=38 kind=gdn phase=gdn_beta_alpha gpu_ms=0.17
[prefill-layer-phase] chunk=1 start=1024 layer=38 kind=gdn phase=gdn_alpha_beta gpu_ms=0.00
[prefill-layer-phase] chunk=1 start=1024 layer=38 kind=gdn phase=gdn_prep_conv gpu_ms=0.43
[prefill-layer-phase] chunk=1 start=1024 layer=38 kind=gdn phase=gdn_prep_l2 gpu_ms=0.04
[prefill-layer-phase] chunk=1 start=1024 layer=38 kind=gdn phase=gdn_step gpu_ms=1.57
[prefill-layer-phase] chunk=1 start=1024 layer=38 kind=gdn phase=gdn_gated gpu_ms=0.10
[prefill-layer-phase] chunk=1 start=1024 layer=38 kind=gdn phase=gdn_back gpu_ms=1.30
[prefill-layer-phase] chunk=1 start=1024 layer=38 kind=gdn phase=mixer_resid gpu_ms=0.03
[prefill-layer-phase] chunk=1 start=1024 layer=38 kind=moe phase=post_norm gpu_ms=0.02
[prefill-layer-phase] chunk=1 start=1024 layer=38 kind=moe phase=route_fused gpu_ms=0.31
[prefill-layer-phase] chunk=1 start=1024 layer=38 kind=moe phase=routed_swiglu gpu_ms=3.93
[prefill-layer-phase] chunk=1 start=1024 layer=38 kind=moe phase=routed_down gpu_ms=2.13
[prefill-layer-phase] chunk=1 start=1024 layer=38 kind=moe phase=routed_reduce gpu_ms=0.15
[prefill-layer-phase] chunk=1 start=1024 layer=38 kind=moe phase=shared_packed gpu_ms=0.64
[prefill-layer-phase] chunk=1 start=1024 layer=39 kind=attn phase=pre_norm gpu_ms=0.02
[prefill-attn-phase] chunk=1 start=1024 layer=39 phase=proj gpu_ms=2.91
[prefill-attn-phase] chunk=1 start=1024 layer=39 phase=norm gpu_ms=0.29
[prefill-attn-phase] chunk=1 start=1024 layer=39 phase=rope_scatter gpu_ms=0.05
[prefill-attn-packed-shape] layer=39 chunk_start=1024 chunk_p=1024 group=8 packed_rows=4 qt=2 row_groups=256 dispatches=512 nwg=64 partial_rw_mib=2064.00
[prefill-attn-matrix-g8-shape] layer=39 chunk_start=1024 chunk_p=1024 query_rows=1024 query_tiles=1 n_pos=2048 score_tile_scratch_mib=68.00 vt_stride=4096 vt_layer_mib=4.00 vt_update_base=1024 vt_update_rows=1024 vt_update_mib=1.00
[prefill-attn-phase] chunk=1 start=1024 layer=39 phase=body_matrix_kq gpu_ms=0.99
[prefill-attn-phase] chunk=1 start=1024 layer=39 phase=body_matrix_kqv gpu_ms=0.98
[prefill-layer-phase] chunk=1 start=1024 layer=39 kind=attn phase=attn_back gpu_ms=1.39
[prefill-layer-phase] chunk=1 start=1024 layer=39 kind=attn phase=mixer_resid gpu_ms=0.03
[prefill-layer-phase] chunk=1 start=1024 layer=39 kind=moe phase=post_norm gpu_ms=0.02
[prefill-layer-phase] chunk=1 start=1024 layer=39 kind=moe phase=route_fused gpu_ms=0.30
[prefill-layer-phase] chunk=1 start=1024 layer=39 kind=moe phase=routed_swiglu gpu_ms=3.86
[prefill-layer-phase] chunk=1 start=1024 layer=39 kind=moe phase=routed_down gpu_ms=2.07
[prefill-layer-phase] chunk=1 start=1024 layer=39 kind=moe phase=routed_reduce gpu_ms=0.14
[prefill-layer-phase] chunk=1 start=1024 layer=39 kind=moe phase=shared_packed gpu_ms=0.64
[prefill-layer-phase] chunk=2 start=2048 layer=0 kind=gdn phase=pre_norm gpu_ms=0.15
[prefill-layer-phase] chunk=2 start=2048 layer=0 kind=gdn phase=gdn_qkv gpu_ms=2.53
[prefill-layer-phase] chunk=2 start=2048 layer=0 kind=gdn phase=gdn_z gpu_ms=1.29
[prefill-layer-phase] chunk=2 start=2048 layer=0 kind=gdn phase=gdn_beta_alpha gpu_ms=0.26
[prefill-layer-phase] chunk=2 start=2048 layer=0 kind=gdn phase=gdn_alpha_beta gpu_ms=0.01
[prefill-layer-phase] chunk=2 start=2048 layer=0 kind=gdn phase=gdn_prep_conv gpu_ms=0.43
[prefill-layer-phase] chunk=2 start=2048 layer=0 kind=gdn phase=gdn_prep_l2 gpu_ms=0.04
[prefill-layer-phase] chunk=2 start=2048 layer=0 kind=gdn phase=gdn_step gpu_ms=1.55
[prefill-layer-phase] chunk=2 start=2048 layer=0 kind=gdn phase=gdn_gated gpu_ms=0.10
[prefill-layer-phase] chunk=2 start=2048 layer=0 kind=gdn phase=gdn_back gpu_ms=1.30
[prefill-layer-phase] chunk=2 start=2048 layer=0 kind=gdn phase=mixer_resid gpu_ms=0.03
[prefill-layer-phase] chunk=2 start=2048 layer=0 kind=moe phase=post_norm gpu_ms=0.02
[prefill-layer-phase] chunk=2 start=2048 layer=0 kind=moe phase=route_fused gpu_ms=0.31
[prefill-layer-phase] chunk=2 start=2048 layer=0 kind=moe phase=routed_swiglu gpu_ms=4.40
[prefill-layer-phase] chunk=2 start=2048 layer=0 kind=moe phase=routed_down gpu_ms=2.65
[prefill-layer-phase] chunk=2 start=2048 layer=0 kind=moe phase=routed_reduce gpu_ms=0.14
[prefill-layer-phase] chunk=2 start=2048 layer=0 kind=moe phase=shared_packed gpu_ms=0.64
[prefill-layer-phase] chunk=2 start=2048 layer=1 kind=gdn phase=pre_norm gpu_ms=0.02
[prefill-layer-phase] chunk=2 start=2048 layer=1 kind=gdn phase=gdn_qkv gpu_ms=2.53
[prefill-layer-phase] chunk=2 start=2048 layer=1 kind=gdn phase=gdn_z gpu_ms=1.29
[prefill-layer-phase] chunk=2 start=2048 layer=1 kind=gdn phase=gdn_beta_alpha gpu_ms=0.17
[prefill-layer-phase] chunk=2 start=2048 layer=1 kind=gdn phase=gdn_alpha_beta gpu_ms=0.00
[prefill-layer-phase] chunk=2 start=2048 layer=1 kind=gdn phase=gdn_prep_conv gpu_ms=0.43
[prefill-layer-phase] chunk=2 start=2048 layer=1 kind=gdn phase=gdn_prep_l2 gpu_ms=0.04
[prefill-layer-phase] chunk=2 start=2048 layer=1 kind=gdn phase=gdn_step gpu_ms=1.55
[prefill-layer-phase] chunk=2 start=2048 layer=1 kind=gdn phase=gdn_gated gpu_ms=0.10
[prefill-layer-phase] chunk=2 start=2048 layer=1 kind=gdn phase=gdn_back gpu_ms=1.30
[prefill-layer-phase] chunk=2 start=2048 layer=1 kind=gdn phase=mixer_resid gpu_ms=0.03
[prefill-layer-phase] chunk=2 start=2048 layer=1 kind=moe phase=post_norm gpu_ms=0.02
[prefill-layer-phase] chunk=2 start=2048 layer=1 kind=moe phase=route_fused gpu_ms=0.31
[prefill-layer-phase] chunk=2 start=2048 layer=1 kind=moe phase=routed_swiglu gpu_ms=4.29
[prefill-layer-phase] chunk=2 start=2048 layer=1 kind=moe phase=routed_down gpu_ms=2.52
[prefill-layer-phase] chunk=2 start=2048 layer=1 kind=moe phase=routed_reduce gpu_ms=0.14
[prefill-layer-phase] chunk=2 start=2048 layer=1 kind=moe phase=shared_packed gpu_ms=0.64
[prefill-layer-phase] chunk=2 start=2048 layer=2 kind=gdn phase=pre_norm gpu_ms=0.02
[prefill-layer-phase] chunk=2 start=2048 layer=2 kind=gdn phase=gdn_qkv gpu_ms=2.53
[prefill-layer-phase] chunk=2 start=2048 layer=2 kind=gdn phase=gdn_z gpu_ms=1.29
[prefill-layer-phase] chunk=2 start=2048 layer=2 kind=gdn phase=gdn_beta_alpha gpu_ms=0.17
[prefill-layer-phase] chunk=2 start=2048 layer=2 kind=gdn phase=gdn_alpha_beta gpu_ms=0.01
[prefill-layer-phase] chunk=2 start=2048 layer=2 kind=gdn phase=gdn_prep_conv gpu_ms=0.43
[prefill-layer-phase] chunk=2 start=2048 layer=2 kind=gdn phase=gdn_prep_l2 gpu_ms=0.04
[prefill-layer-phase] chunk=2 start=2048 layer=2 kind=gdn phase=gdn_step gpu_ms=1.55
[prefill-layer-phase] chunk=2 start=2048 layer=2 kind=gdn phase=gdn_gated gpu_ms=0.10
[prefill-layer-phase] chunk=2 start=2048 layer=2 kind=gdn phase=gdn_back gpu_ms=1.30
[prefill-layer-phase] chunk=2 start=2048 layer=2 kind=gdn phase=mixer_resid gpu_ms=0.03
[prefill-layer-phase] chunk=2 start=2048 layer=2 kind=moe phase=post_norm gpu_ms=0.02
[prefill-layer-phase] chunk=2 start=2048 layer=2 kind=moe phase=route_fused gpu_ms=0.31
[prefill-layer-phase] chunk=2 start=2048 layer=2 kind=moe phase=routed_swiglu gpu_ms=4.33
[prefill-layer-phase] chunk=2 start=2048 layer=2 kind=moe phase=routed_down gpu_ms=2.63
[prefill-layer-phase] chunk=2 start=2048 layer=2 kind=moe phase=routed_reduce gpu_ms=0.14
[prefill-layer-phase] chunk=2 start=2048 layer=2 kind=moe phase=shared_packed gpu_ms=0.64
[prefill-layer-phase] chunk=2 start=2048 layer=3 kind=attn phase=pre_norm gpu_ms=0.02
[prefill-attn-phase] chunk=2 start=2048 layer=3 phase=proj gpu_ms=2.92
[prefill-attn-phase] chunk=2 start=2048 layer=3 phase=norm gpu_ms=0.29
[prefill-attn-phase] chunk=2 start=2048 layer=3 phase=rope_scatter gpu_ms=0.05
[prefill-attn-packed-shape] layer=3 chunk_start=2048 chunk_p=1024 group=8 packed_rows=4 qt=2 row_groups=256 dispatches=512 nwg=64 partial_rw_mib=2064.00
[prefill-attn-matrix-g8-shape] layer=3 chunk_start=2048 chunk_p=1024 query_rows=1024 query_tiles=1 n_pos=3072 score_tile_scratch_mib=102.00 vt_stride=4096 vt_layer_mib=4.00 vt_update_base=2048 vt_update_rows=1024 vt_update_mib=1.00
[prefill-attn-phase] chunk=2 start=2048 layer=3 phase=body_matrix_kq gpu_ms=1.62
[prefill-attn-phase] chunk=2 start=2048 layer=3 phase=body_matrix_kqv gpu_ms=1.62
[prefill-layer-phase] chunk=2 start=2048 layer=3 kind=attn phase=attn_back gpu_ms=1.39
[prefill-layer-phase] chunk=2 start=2048 layer=3 kind=attn phase=mixer_resid gpu_ms=0.03
[prefill-layer-phase] chunk=2 start=2048 layer=3 kind=moe phase=post_norm gpu_ms=0.02
[prefill-layer-phase] chunk=2 start=2048 layer=3 kind=moe phase=route_fused gpu_ms=0.31
[prefill-layer-phase] chunk=2 start=2048 layer=3 kind=moe phase=routed_swiglu gpu_ms=4.30
[prefill-layer-phase] chunk=2 start=2048 layer=3 kind=moe phase=routed_down gpu_ms=2.72
[prefill-layer-phase] chunk=2 start=2048 layer=3 kind=moe phase=routed_reduce gpu_ms=0.14
[prefill-layer-phase] chunk=2 start=2048 layer=3 kind=moe phase=shared_packed gpu_ms=0.64
[prefill-layer-phase] chunk=2 start=2048 layer=4 kind=gdn phase=pre_norm gpu_ms=0.02
[prefill-layer-phase] chunk=2 start=2048 layer=4 kind=gdn phase=gdn_qkv gpu_ms=2.53
[prefill-layer-phase] chunk=2 start=2048 layer=4 kind=gdn phase=gdn_z gpu_ms=1.29
[prefill-layer-phase] chunk=2 start=2048 layer=4 kind=gdn phase=gdn_beta_alpha gpu_ms=0.17
[prefill-layer-phase] chunk=2 start=2048 layer=4 kind=gdn phase=gdn_alpha_beta gpu_ms=0.01
[prefill-layer-phase] chunk=2 start=2048 layer=4 kind=gdn phase=gdn_prep_conv gpu_ms=0.43
[prefill-layer-phase] chunk=2 start=2048 layer=4 kind=gdn phase=gdn_prep_l2 gpu_ms=0.04
[prefill-layer-phase] chunk=2 start=2048 layer=4 kind=gdn phase=gdn_step gpu_ms=1.58
[prefill-layer-phase] chunk=2 start=2048 layer=4 kind=gdn phase=gdn_gated gpu_ms=0.10
[prefill-layer-phase] chunk=2 start=2048 layer=4 kind=gdn phase=gdn_back gpu_ms=1.30
[prefill-layer-phase] chunk=2 start=2048 layer=4 kind=gdn phase=mixer_resid gpu_ms=0.03
[prefill-layer-phase] chunk=2 start=2048 layer=4 kind=moe phase=post_norm gpu_ms=0.02
[prefill-layer-phase] chunk=2 start=2048 layer=4 kind=moe phase=route_fused gpu_ms=0.31
[prefill-layer-phase] chunk=2 start=2048 layer=4 kind=moe phase=routed_swiglu gpu_ms=4.30
[prefill-layer-phase] chunk=2 start=2048 layer=4 kind=moe phase=routed_down gpu_ms=2.64
[prefill-layer-phase] chunk=2 start=2048 layer=4 kind=moe phase=routed_reduce gpu_ms=0.14
[prefill-layer-phase] chunk=2 start=2048 layer=4 kind=moe phase=shared_packed gpu_ms=0.64
[prefill-layer-phase] chunk=2 start=2048 layer=5 kind=gdn phase=pre_norm gpu_ms=0.02
[prefill-layer-phase] chunk=2 start=2048 layer=5 kind=gdn phase=gdn_qkv gpu_ms=2.53
[prefill-layer-phase] chunk=2 start=2048 layer=5 kind=gdn phase=gdn_z gpu_ms=1.29
[prefill-layer-phase] chunk=2 start=2048 layer=5 kind=gdn phase=gdn_beta_alpha gpu_ms=0.17
[prefill-layer-phase] chunk=2 start=2048 layer=5 kind=gdn phase=gdn_alpha_beta gpu_ms=0.01
[prefill-layer-phase] chunk=2 start=2048 layer=5 kind=gdn phase=gdn_prep_conv gpu_ms=0.43
[prefill-layer-phase] chunk=2 start=2048 layer=5 kind=gdn phase=gdn_prep_l2 gpu_ms=0.03
[prefill-layer-phase] chunk=2 start=2048 layer=5 kind=gdn phase=gdn_step gpu_ms=1.56
[prefill-layer-phase] chunk=2 start=2048 layer=5 kind=gdn phase=gdn_gated gpu_ms=0.10
[prefill-layer-phase] chunk=2 start=2048 layer=5 kind=gdn phase=gdn_back gpu_ms=1.30
[prefill-layer-phase] chunk=2 start=2048 layer=5 kind=gdn phase=mixer_resid gpu_ms=0.03
[prefill-layer-phase] chunk=2 start=2048 layer=5 kind=moe phase=post_norm gpu_ms=0.02
[prefill-layer-phase] chunk=2 start=2048 layer=5 kind=moe phase=route_fused gpu_ms=0.31
[prefill-layer-phase] chunk=2 start=2048 layer=5 kind=moe phase=routed_swiglu gpu_ms=4.25
[prefill-layer-phase] chunk=2 start=2048 layer=5 kind=moe phase=routed_down gpu_ms=2.59
[prefill-layer-phase] chunk=2 start=2048 layer=5 kind=moe phase=routed_reduce gpu_ms=0.14
[prefill-layer-phase] chunk=2 start=2048 layer=5 kind=moe phase=shared_packed gpu_ms=0.64
[prefill-layer-phase] chunk=2 start=2048 layer=6 kind=gdn phase=pre_norm gpu_ms=0.02
[prefill-layer-phase] chunk=2 start=2048 layer=6 kind=gdn phase=gdn_qkv gpu_ms=2.53
[prefill-layer-phase] chunk=2 start=2048 layer=6 kind=gdn phase=gdn_z gpu_ms=1.29
[prefill-layer-phase] chunk=2 start=2048 layer=6 kind=gdn phase=gdn_beta_alpha gpu_ms=0.17
[prefill-layer-phase] chunk=2 start=2048 layer=6 kind=gdn phase=gdn_alpha_beta gpu_ms=0.00
[prefill-layer-phase] chunk=2 start=2048 layer=6 kind=gdn phase=gdn_prep_conv gpu_ms=0.43
[prefill-layer-phase] chunk=2 start=2048 layer=6 kind=gdn phase=gdn_prep_l2 gpu_ms=0.04
[prefill-layer-phase] chunk=2 start=2048 layer=6 kind=gdn phase=gdn_step gpu_ms=1.57
[prefill-layer-phase] chunk=2 start=2048 layer=6 kind=gdn phase=gdn_gated gpu_ms=0.10
[prefill-layer-phase] chunk=2 start=2048 layer=6 kind=gdn phase=gdn_back gpu_ms=1.30
[prefill-layer-phase] chunk=2 start=2048 layer=6 kind=gdn phase=mixer_resid gpu_ms=0.03
[prefill-layer-phase] chunk=2 start=2048 layer=6 kind=moe phase=post_norm gpu_ms=0.02
[prefill-layer-phase] chunk=2 start=2048 layer=6 kind=moe phase=route_fused gpu_ms=0.31
[prefill-layer-phase] chunk=2 start=2048 layer=6 kind=moe phase=routed_swiglu gpu_ms=4.14
[prefill-layer-phase] chunk=2 start=2048 layer=6 kind=moe phase=routed_down gpu_ms=2.50
[prefill-layer-phase] chunk=2 start=2048 layer=6 kind=moe phase=routed_reduce gpu_ms=0.14
[prefill-layer-phase] chunk=2 start=2048 layer=6 kind=moe phase=shared_packed gpu_ms=0.64
[prefill-layer-phase] chunk=2 start=2048 layer=7 kind=attn phase=pre_norm gpu_ms=0.02
[prefill-attn-phase] chunk=2 start=2048 layer=7 phase=proj gpu_ms=2.91
[prefill-attn-phase] chunk=2 start=2048 layer=7 phase=norm gpu_ms=0.29
[prefill-attn-phase] chunk=2 start=2048 layer=7 phase=rope_scatter gpu_ms=0.06
[prefill-attn-packed-shape] layer=7 chunk_start=2048 chunk_p=1024 group=8 packed_rows=4 qt=2 row_groups=256 dispatches=512 nwg=64 partial_rw_mib=2064.00
[prefill-attn-matrix-g8-shape] layer=7 chunk_start=2048 chunk_p=1024 query_rows=1024 query_tiles=1 n_pos=3072 score_tile_scratch_mib=102.00 vt_stride=4096 vt_layer_mib=4.00 vt_update_base=2048 vt_update_rows=1024 vt_update_mib=1.00
[prefill-attn-phase] chunk=2 start=2048 layer=7 phase=body_matrix_kq gpu_ms=1.62
[prefill-attn-phase] chunk=2 start=2048 layer=7 phase=body_matrix_kqv gpu_ms=1.62
[prefill-layer-phase] chunk=2 start=2048 layer=7 kind=attn phase=attn_back gpu_ms=1.39
[prefill-layer-phase] chunk=2 start=2048 layer=7 kind=attn phase=mixer_resid gpu_ms=0.03
[prefill-layer-phase] chunk=2 start=2048 layer=7 kind=moe phase=post_norm gpu_ms=0.02
[prefill-layer-phase] chunk=2 start=2048 layer=7 kind=moe phase=route_fused gpu_ms=0.31
[prefill-layer-phase] chunk=2 start=2048 layer=7 kind=moe phase=routed_swiglu gpu_ms=4.20
[prefill-layer-phase] chunk=2 start=2048 layer=7 kind=moe phase=routed_down gpu_ms=2.56
[prefill-layer-phase] chunk=2 start=2048 layer=7 kind=moe phase=routed_reduce gpu_ms=0.14
[prefill-layer-phase] chunk=2 start=2048 layer=7 kind=moe phase=shared_packed gpu_ms=0.64
[prefill-layer-phase] chunk=2 start=2048 layer=8 kind=gdn phase=pre_norm gpu_ms=0.02
[prefill-layer-phase] chunk=2 start=2048 layer=8 kind=gdn phase=gdn_qkv gpu_ms=2.53
[prefill-layer-phase] chunk=2 start=2048 layer=8 kind=gdn phase=gdn_z gpu_ms=1.29
[prefill-layer-phase] chunk=2 start=2048 layer=8 kind=gdn phase=gdn_beta_alpha gpu_ms=0.17
[prefill-layer-phase] chunk=2 start=2048 layer=8 kind=gdn phase=gdn_alpha_beta gpu_ms=0.01
[prefill-layer-phase] chunk=2 start=2048 layer=8 kind=gdn phase=gdn_prep_conv gpu_ms=0.43
[prefill-layer-phase] chunk=2 start=2048 layer=8 kind=gdn phase=gdn_prep_l2 gpu_ms=0.04
[prefill-layer-phase] chunk=2 start=2048 layer=8 kind=gdn phase=gdn_step gpu_ms=1.56
[prefill-layer-phase] chunk=2 start=2048 layer=8 kind=gdn phase=gdn_gated gpu_ms=0.10
[prefill-layer-phase] chunk=2 start=2048 layer=8 kind=gdn phase=gdn_back gpu_ms=1.30
[prefill-layer-phase] chunk=2 start=2048 layer=8 kind=gdn phase=mixer_resid gpu_ms=0.03
[prefill-layer-phase] chunk=2 start=2048 layer=8 kind=moe phase=post_norm gpu_ms=0.02
[prefill-layer-phase] chunk=2 start=2048 layer=8 kind=moe phase=route_fused gpu_ms=0.31
[prefill-layer-phase] chunk=2 start=2048 layer=8 kind=moe phase=routed_swiglu gpu_ms=4.17
[prefill-layer-phase] chunk=2 start=2048 layer=8 kind=moe phase=routed_down gpu_ms=2.59
[prefill-layer-phase] chunk=2 start=2048 layer=8 kind=moe phase=routed_reduce gpu_ms=0.14
[prefill-layer-phase] chunk=2 start=2048 layer=8 kind=moe phase=shared_packed gpu_ms=0.64
[prefill-layer-phase] chunk=2 start=2048 layer=9 kind=gdn phase=pre_norm gpu_ms=0.02
[prefill-layer-phase] chunk=2 start=2048 layer=9 kind=gdn phase=gdn_qkv gpu_ms=2.53
[prefill-layer-phase] chunk=2 start=2048 layer=9 kind=gdn phase=gdn_z gpu_ms=1.29
[prefill-layer-phase] chunk=2 start=2048 layer=9 kind=gdn phase=gdn_beta_alpha gpu_ms=0.17
[prefill-layer-phase] chunk=2 start=2048 layer=9 kind=gdn phase=gdn_alpha_beta gpu_ms=0.01
[prefill-layer-phase] chunk=2 start=2048 layer=9 kind=gdn phase=gdn_prep_conv gpu_ms=0.43
[prefill-layer-phase] chunk=2 start=2048 layer=9 kind=gdn phase=gdn_prep_l2 gpu_ms=0.04
[prefill-layer-phase] chunk=2 start=2048 layer=9 kind=gdn phase=gdn_step gpu_ms=1.55
[prefill-layer-phase] chunk=2 start=2048 layer=9 kind=gdn phase=gdn_gated gpu_ms=0.10
[prefill-layer-phase] chunk=2 start=2048 layer=9 kind=gdn phase=gdn_back gpu_ms=1.30
[prefill-layer-phase] chunk=2 start=2048 layer=9 kind=gdn phase=mixer_resid gpu_ms=0.03
[prefill-layer-phase] chunk=2 start=2048 layer=9 kind=moe phase=post_norm gpu_ms=0.02
[prefill-layer-phase] chunk=2 start=2048 layer=9 kind=moe phase=route_fused gpu_ms=0.30
[prefill-layer-phase] chunk=2 start=2048 layer=9 kind=moe phase=routed_swiglu gpu_ms=4.12
[prefill-layer-phase] chunk=2 start=2048 layer=9 kind=moe phase=routed_down gpu_ms=2.53
[prefill-layer-phase] chunk=2 start=2048 layer=9 kind=moe phase=routed_reduce gpu_ms=0.14
[prefill-layer-phase] chunk=2 start=2048 layer=9 kind=moe phase=shared_packed gpu_ms=0.64
[prefill-layer-phase] chunk=2 start=2048 layer=10 kind=gdn phase=pre_norm gpu_ms=0.02
[prefill-layer-phase] chunk=2 start=2048 layer=10 kind=gdn phase=gdn_qkv gpu_ms=2.53
[prefill-layer-phase] chunk=2 start=2048 layer=10 kind=gdn phase=gdn_z gpu_ms=1.29
[prefill-layer-phase] chunk=2 start=2048 layer=10 kind=gdn phase=gdn_beta_alpha gpu_ms=0.17
[prefill-layer-phase] chunk=2 start=2048 layer=10 kind=gdn phase=gdn_alpha_beta gpu_ms=0.01
[prefill-layer-phase] chunk=2 start=2048 layer=10 kind=gdn phase=gdn_prep_conv gpu_ms=0.43
[prefill-layer-phase] chunk=2 start=2048 layer=10 kind=gdn phase=gdn_prep_l2 gpu_ms=0.04
[prefill-layer-phase] chunk=2 start=2048 layer=10 kind=gdn phase=gdn_step gpu_ms=1.57
[prefill-layer-phase] chunk=2 start=2048 layer=10 kind=gdn phase=gdn_gated gpu_ms=0.10
[prefill-layer-phase] chunk=2 start=2048 layer=10 kind=gdn phase=gdn_back gpu_ms=1.30
[prefill-layer-phase] chunk=2 start=2048 layer=10 kind=gdn phase=mixer_resid gpu_ms=0.03
[prefill-layer-phase] chunk=2 start=2048 layer=10 kind=moe phase=post_norm gpu_ms=0.03
[prefill-layer-phase] chunk=2 start=2048 layer=10 kind=moe phase=route_fused gpu_ms=0.31
[prefill-layer-phase] chunk=2 start=2048 layer=10 kind=moe phase=routed_swiglu gpu_ms=4.18
[prefill-layer-phase] chunk=2 start=2048 layer=10 kind=moe phase=routed_down gpu_ms=2.44
[prefill-layer-phase] chunk=2 start=2048 layer=10 kind=moe phase=routed_reduce gpu_ms=0.14
[prefill-layer-phase] chunk=2 start=2048 layer=10 kind=moe phase=shared_packed gpu_ms=0.64
[prefill-layer-phase] chunk=2 start=2048 layer=11 kind=attn phase=pre_norm gpu_ms=0.02
[prefill-attn-phase] chunk=2 start=2048 layer=11 phase=proj gpu_ms=2.91
[prefill-attn-phase] chunk=2 start=2048 layer=11 phase=norm gpu_ms=0.29
[prefill-attn-phase] chunk=2 start=2048 layer=11 phase=rope_scatter gpu_ms=0.05
[prefill-attn-packed-shape] layer=11 chunk_start=2048 chunk_p=1024 group=8 packed_rows=4 qt=2 row_groups=256 dispatches=512 nwg=64 partial_rw_mib=2064.00
[prefill-attn-matrix-g8-shape] layer=11 chunk_start=2048 chunk_p=1024 query_rows=1024 query_tiles=1 n_pos=3072 score_tile_scratch_mib=102.00 vt_stride=4096 vt_layer_mib=4.00 vt_update_base=2048 vt_update_rows=1024 vt_update_mib=1.00
[prefill-attn-phase] chunk=2 start=2048 layer=11 phase=body_matrix_kq gpu_ms=1.62
[prefill-attn-phase] chunk=2 start=2048 layer=11 phase=body_matrix_kqv gpu_ms=1.62
[prefill-layer-phase] chunk=2 start=2048 layer=11 kind=attn phase=attn_back gpu_ms=1.39
[prefill-layer-phase] chunk=2 start=2048 layer=11 kind=attn phase=mixer_resid gpu_ms=0.03
[prefill-layer-phase] chunk=2 start=2048 layer=11 kind=moe phase=post_norm gpu_ms=0.02
[prefill-layer-phase] chunk=2 start=2048 layer=11 kind=moe phase=route_fused gpu_ms=0.31
[prefill-layer-phase] chunk=2 start=2048 layer=11 kind=moe phase=routed_swiglu gpu_ms=4.09
[prefill-layer-phase] chunk=2 start=2048 layer=11 kind=moe phase=routed_down gpu_ms=2.51
[prefill-layer-phase] chunk=2 start=2048 layer=11 kind=moe phase=routed_reduce gpu_ms=0.14
[prefill-layer-phase] chunk=2 start=2048 layer=11 kind=moe phase=shared_packed gpu_ms=0.64
[prefill-layer-phase] chunk=2 start=2048 layer=12 kind=gdn phase=pre_norm gpu_ms=0.02
[prefill-layer-phase] chunk=2 start=2048 layer=12 kind=gdn phase=gdn_qkv gpu_ms=2.53
[prefill-layer-phase] chunk=2 start=2048 layer=12 kind=gdn phase=gdn_z gpu_ms=1.29
[prefill-layer-phase] chunk=2 start=2048 layer=12 kind=gdn phase=gdn_beta_alpha gpu_ms=0.17
[prefill-layer-phase] chunk=2 start=2048 layer=12 kind=gdn phase=gdn_alpha_beta gpu_ms=0.01
[prefill-layer-phase] chunk=2 start=2048 layer=12 kind=gdn phase=gdn_prep_conv gpu_ms=0.43
[prefill-layer-phase] chunk=2 start=2048 layer=12 kind=gdn phase=gdn_prep_l2 gpu_ms=0.04
[prefill-layer-phase] chunk=2 start=2048 layer=12 kind=gdn phase=gdn_step gpu_ms=1.54
[prefill-layer-phase] chunk=2 start=2048 layer=12 kind=gdn phase=gdn_gated gpu_ms=0.10
[prefill-layer-phase] chunk=2 start=2048 layer=12 kind=gdn phase=gdn_back gpu_ms=1.30
[prefill-layer-phase] chunk=2 start=2048 layer=12 kind=gdn phase=mixer_resid gpu_ms=0.03
[prefill-layer-phase] chunk=2 start=2048 layer=12 kind=moe phase=post_norm gpu_ms=0.02
[prefill-layer-phase] chunk=2 start=2048 layer=12 kind=moe phase=route_fused gpu_ms=0.31
[prefill-layer-phase] chunk=2 start=2048 layer=12 kind=moe phase=routed_swiglu gpu_ms=4.10
[prefill-layer-phase] chunk=2 start=2048 layer=12 kind=moe phase=routed_down gpu_ms=2.46
[prefill-layer-phase] chunk=2 start=2048 layer=12 kind=moe phase=routed_reduce gpu_ms=0.14
[prefill-layer-phase] chunk=2 start=2048 layer=12 kind=moe phase=shared_packed gpu_ms=0.64
[prefill-layer-phase] chunk=2 start=2048 layer=13 kind=gdn phase=pre_norm gpu_ms=0.03
[prefill-layer-phase] chunk=2 start=2048 layer=13 kind=gdn phase=gdn_qkv gpu_ms=2.53
[prefill-layer-phase] chunk=2 start=2048 layer=13 kind=gdn phase=gdn_z gpu_ms=1.29
[prefill-layer-phase] chunk=2 start=2048 layer=13 kind=gdn phase=gdn_beta_alpha gpu_ms=0.17
[prefill-layer-phase] chunk=2 start=2048 layer=13 kind=gdn phase=gdn_alpha_beta gpu_ms=0.00
[prefill-layer-phase] chunk=2 start=2048 layer=13 kind=gdn phase=gdn_prep_conv gpu_ms=0.43
[prefill-layer-phase] chunk=2 start=2048 layer=13 kind=gdn phase=gdn_prep_l2 gpu_ms=0.04
[prefill-layer-phase] chunk=2 start=2048 layer=13 kind=gdn phase=gdn_step gpu_ms=1.56
[prefill-layer-phase] chunk=2 start=2048 layer=13 kind=gdn phase=gdn_gated gpu_ms=0.10
[prefill-layer-phase] chunk=2 start=2048 layer=13 kind=gdn phase=gdn_back gpu_ms=1.30
[prefill-layer-phase] chunk=2 start=2048 layer=13 kind=gdn phase=mixer_resid gpu_ms=0.03
[prefill-layer-phase] chunk=2 start=2048 layer=13 kind=moe phase=post_norm gpu_ms=0.02
[prefill-layer-phase] chunk=2 start=2048 layer=13 kind=moe phase=route_fused gpu_ms=0.30
[prefill-layer-phase] chunk=2 start=2048 layer=13 kind=moe phase=routed_swiglu gpu_ms=4.11
[prefill-layer-phase] chunk=2 start=2048 layer=13 kind=moe phase=routed_down gpu_ms=2.32
[prefill-layer-phase] chunk=2 start=2048 layer=13 kind=moe phase=routed_reduce gpu_ms=0.14
[prefill-layer-phase] chunk=2 start=2048 layer=13 kind=moe phase=shared_packed gpu_ms=0.64
[prefill-layer-phase] chunk=2 start=2048 layer=14 kind=gdn phase=pre_norm gpu_ms=0.02
[prefill-layer-phase] chunk=2 start=2048 layer=14 kind=gdn phase=gdn_qkv gpu_ms=2.53
[prefill-layer-phase] chunk=2 start=2048 layer=14 kind=gdn phase=gdn_z gpu_ms=1.29
[prefill-layer-phase] chunk=2 start=2048 layer=14 kind=gdn phase=gdn_beta_alpha gpu_ms=0.17
[prefill-layer-phase] chunk=2 start=2048 layer=14 kind=gdn phase=gdn_alpha_beta gpu_ms=0.01
[prefill-layer-phase] chunk=2 start=2048 layer=14 kind=gdn phase=gdn_prep_conv gpu_ms=0.43
[prefill-layer-phase] chunk=2 start=2048 layer=14 kind=gdn phase=gdn_prep_l2 gpu_ms=0.04
[prefill-layer-phase] chunk=2 start=2048 layer=14 kind=gdn phase=gdn_step gpu_ms=1.57
[prefill-layer-phase] chunk=2 start=2048 layer=14 kind=gdn phase=gdn_gated gpu_ms=0.10
[prefill-layer-phase] chunk=2 start=2048 layer=14 kind=gdn phase=gdn_back gpu_ms=1.30
[prefill-layer-phase] chunk=2 start=2048 layer=14 kind=gdn phase=mixer_resid gpu_ms=0.03
[prefill-layer-phase] chunk=2 start=2048 layer=14 kind=moe phase=post_norm gpu_ms=0.02
[prefill-layer-phase] chunk=2 start=2048 layer=14 kind=moe phase=route_fused gpu_ms=0.30
[prefill-layer-phase] chunk=2 start=2048 layer=14 kind=moe phase=routed_swiglu gpu_ms=4.07
[prefill-layer-phase] chunk=2 start=2048 layer=14 kind=moe phase=routed_down gpu_ms=2.40
[prefill-layer-phase] chunk=2 start=2048 layer=14 kind=moe phase=routed_reduce gpu_ms=0.14
[prefill-layer-phase] chunk=2 start=2048 layer=14 kind=moe phase=shared_packed gpu_ms=0.64
[prefill-layer-phase] chunk=2 start=2048 layer=15 kind=attn phase=pre_norm gpu_ms=0.02
[prefill-attn-phase] chunk=2 start=2048 layer=15 phase=proj gpu_ms=2.92
[prefill-attn-phase] chunk=2 start=2048 layer=15 phase=norm gpu_ms=0.29
[prefill-attn-phase] chunk=2 start=2048 layer=15 phase=rope_scatter gpu_ms=0.05
[prefill-attn-packed-shape] layer=15 chunk_start=2048 chunk_p=1024 group=8 packed_rows=4 qt=2 row_groups=256 dispatches=512 nwg=64 partial_rw_mib=2064.00
[prefill-attn-matrix-g8-shape] layer=15 chunk_start=2048 chunk_p=1024 query_rows=1024 query_tiles=1 n_pos=3072 score_tile_scratch_mib=102.00 vt_stride=4096 vt_layer_mib=4.00 vt_update_base=2048 vt_update_rows=1024 vt_update_mib=1.00
[prefill-attn-phase] chunk=2 start=2048 layer=15 phase=body_matrix_kq gpu_ms=1.62
[prefill-attn-phase] chunk=2 start=2048 layer=15 phase=body_matrix_kqv gpu_ms=1.62
[prefill-layer-phase] chunk=2 start=2048 layer=15 kind=attn phase=attn_back gpu_ms=1.39
[prefill-layer-phase] chunk=2 start=2048 layer=15 kind=attn phase=mixer_resid gpu_ms=0.03
[prefill-layer-phase] chunk=2 start=2048 layer=15 kind=moe phase=post_norm gpu_ms=0.02
[prefill-layer-phase] chunk=2 start=2048 layer=15 kind=moe phase=route_fused gpu_ms=0.31
[prefill-layer-phase] chunk=2 start=2048 layer=15 kind=moe phase=routed_swiglu gpu_ms=4.09
[prefill-layer-phase] chunk=2 start=2048 layer=15 kind=moe phase=routed_down gpu_ms=2.47
[prefill-layer-phase] chunk=2 start=2048 layer=15 kind=moe phase=routed_reduce gpu_ms=0.14
[prefill-layer-phase] chunk=2 start=2048 layer=15 kind=moe phase=shared_packed gpu_ms=0.63
[prefill-layer-phase] chunk=2 start=2048 layer=16 kind=gdn phase=pre_norm gpu_ms=0.02
[prefill-layer-phase] chunk=2 start=2048 layer=16 kind=gdn phase=gdn_qkv gpu_ms=2.53
[prefill-layer-phase] chunk=2 start=2048 layer=16 kind=gdn phase=gdn_z gpu_ms=1.29
[prefill-layer-phase] chunk=2 start=2048 layer=16 kind=gdn phase=gdn_beta_alpha gpu_ms=0.17
[prefill-layer-phase] chunk=2 start=2048 layer=16 kind=gdn phase=gdn_alpha_beta gpu_ms=0.01
[prefill-layer-phase] chunk=2 start=2048 layer=16 kind=gdn phase=gdn_prep_conv gpu_ms=0.43
[prefill-layer-phase] chunk=2 start=2048 layer=16 kind=gdn phase=gdn_prep_l2 gpu_ms=0.04
[prefill-layer-phase] chunk=2 start=2048 layer=16 kind=gdn phase=gdn_step gpu_ms=1.58
[prefill-layer-phase] chunk=2 start=2048 layer=16 kind=gdn phase=gdn_gated gpu_ms=0.10
[prefill-layer-phase] chunk=2 start=2048 layer=16 kind=gdn phase=gdn_back gpu_ms=1.30
[prefill-layer-phase] chunk=2 start=2048 layer=16 kind=gdn phase=mixer_resid gpu_ms=0.03
[prefill-layer-phase] chunk=2 start=2048 layer=16 kind=moe phase=post_norm gpu_ms=0.02
[prefill-layer-phase] chunk=2 start=2048 layer=16 kind=moe phase=route_fused gpu_ms=0.31
[prefill-layer-phase] chunk=2 start=2048 layer=16 kind=moe phase=routed_swiglu gpu_ms=3.89
[prefill-layer-phase] chunk=2 start=2048 layer=16 kind=moe phase=routed_down gpu_ms=2.22
[prefill-layer-phase] chunk=2 start=2048 layer=16 kind=moe phase=routed_reduce gpu_ms=0.14
[prefill-layer-phase] chunk=2 start=2048 layer=16 kind=moe phase=shared_packed gpu_ms=0.64
[prefill-layer-phase] chunk=2 start=2048 layer=17 kind=gdn phase=pre_norm gpu_ms=0.02
[prefill-layer-phase] chunk=2 start=2048 layer=17 kind=gdn phase=gdn_qkv gpu_ms=2.53
[prefill-layer-phase] chunk=2 start=2048 layer=17 kind=gdn phase=gdn_z gpu_ms=1.29
[prefill-layer-phase] chunk=2 start=2048 layer=17 kind=gdn phase=gdn_beta_alpha gpu_ms=0.17
[prefill-layer-phase] chunk=2 start=2048 layer=17 kind=gdn phase=gdn_alpha_beta gpu_ms=0.01
[prefill-layer-phase] chunk=2 start=2048 layer=17 kind=gdn phase=gdn_prep_conv gpu_ms=0.43
[prefill-layer-phase] chunk=2 start=2048 layer=17 kind=gdn phase=gdn_prep_l2 gpu_ms=0.04
[prefill-layer-phase] chunk=2 start=2048 layer=17 kind=gdn phase=gdn_step gpu_ms=1.56
[prefill-layer-phase] chunk=2 start=2048 layer=17 kind=gdn phase=gdn_gated gpu_ms=0.10
[prefill-layer-phase] chunk=2 start=2048 layer=17 kind=gdn phase=gdn_back gpu_ms=1.30
[prefill-layer-phase] chunk=2 start=2048 layer=17 kind=gdn phase=mixer_resid gpu_ms=0.03
[prefill-layer-phase] chunk=2 start=2048 layer=17 kind=moe phase=post_norm gpu_ms=0.02
[prefill-layer-phase] chunk=2 start=2048 layer=17 kind=moe phase=route_fused gpu_ms=0.30
[prefill-layer-phase] chunk=2 start=2048 layer=17 kind=moe phase=routed_swiglu gpu_ms=3.94
[prefill-layer-phase] chunk=2 start=2048 layer=17 kind=moe phase=routed_down gpu_ms=2.28
[prefill-layer-phase] chunk=2 start=2048 layer=17 kind=moe phase=routed_reduce gpu_ms=0.14
[prefill-layer-phase] chunk=2 start=2048 layer=17 kind=moe phase=shared_packed gpu_ms=0.63
[prefill-layer-phase] chunk=2 start=2048 layer=18 kind=gdn phase=pre_norm gpu_ms=0.02
[prefill-layer-phase] chunk=2 start=2048 layer=18 kind=gdn phase=gdn_qkv gpu_ms=2.53
[prefill-layer-phase] chunk=2 start=2048 layer=18 kind=gdn phase=gdn_z gpu_ms=1.29
[prefill-layer-phase] chunk=2 start=2048 layer=18 kind=gdn phase=gdn_beta_alpha gpu_ms=0.17
[prefill-layer-phase] chunk=2 start=2048 layer=18 kind=gdn phase=gdn_alpha_beta gpu_ms=0.01
[prefill-layer-phase] chunk=2 start=2048 layer=18 kind=gdn phase=gdn_prep_conv gpu_ms=0.43
[prefill-layer-phase] chunk=2 start=2048 layer=18 kind=gdn phase=gdn_prep_l2 gpu_ms=0.03
[prefill-layer-phase] chunk=2 start=2048 layer=18 kind=gdn phase=gdn_step gpu_ms=1.56
[prefill-layer-phase] chunk=2 start=2048 layer=18 kind=gdn phase=gdn_gated gpu_ms=0.10
[prefill-layer-phase] chunk=2 start=2048 layer=18 kind=gdn phase=gdn_back gpu_ms=1.30
[prefill-layer-phase] chunk=2 start=2048 layer=18 kind=gdn phase=mixer_resid gpu_ms=0.03
[prefill-layer-phase] chunk=2 start=2048 layer=18 kind=moe phase=post_norm gpu_ms=0.02
[prefill-layer-phase] chunk=2 start=2048 layer=18 kind=moe phase=route_fused gpu_ms=0.31
[prefill-layer-phase] chunk=2 start=2048 layer=18 kind=moe phase=routed_swiglu gpu_ms=4.05
[prefill-layer-phase] chunk=2 start=2048 layer=18 kind=moe phase=routed_down gpu_ms=2.44
[prefill-layer-phase] chunk=2 start=2048 layer=18 kind=moe phase=routed_reduce gpu_ms=0.14
[prefill-layer-phase] chunk=2 start=2048 layer=18 kind=moe phase=shared_packed gpu_ms=0.64
[prefill-layer-phase] chunk=2 start=2048 layer=19 kind=attn phase=pre_norm gpu_ms=0.02
[prefill-attn-phase] chunk=2 start=2048 layer=19 phase=proj gpu_ms=2.92
[prefill-attn-phase] chunk=2 start=2048 layer=19 phase=norm gpu_ms=0.29
[prefill-attn-phase] chunk=2 start=2048 layer=19 phase=rope_scatter gpu_ms=0.05
[prefill-attn-packed-shape] layer=19 chunk_start=2048 chunk_p=1024 group=8 packed_rows=4 qt=2 row_groups=256 dispatches=512 nwg=64 partial_rw_mib=2064.00
[prefill-attn-matrix-g8-shape] layer=19 chunk_start=2048 chunk_p=1024 query_rows=1024 query_tiles=1 n_pos=3072 score_tile_scratch_mib=102.00 vt_stride=4096 vt_layer_mib=4.00 vt_update_base=2048 vt_update_rows=1024 vt_update_mib=1.00
[prefill-attn-phase] chunk=2 start=2048 layer=19 phase=body_matrix_kq gpu_ms=1.62
[prefill-attn-phase] chunk=2 start=2048 layer=19 phase=body_matrix_kqv gpu_ms=1.62
[prefill-layer-phase] chunk=2 start=2048 layer=19 kind=attn phase=attn_back gpu_ms=1.39
[prefill-layer-phase] chunk=2 start=2048 layer=19 kind=attn phase=mixer_resid gpu_ms=0.03
[prefill-layer-phase] chunk=2 start=2048 layer=19 kind=moe phase=post_norm gpu_ms=0.02
[prefill-layer-phase] chunk=2 start=2048 layer=19 kind=moe phase=route_fused gpu_ms=0.31
[prefill-layer-phase] chunk=2 start=2048 layer=19 kind=moe phase=routed_swiglu gpu_ms=3.99
[prefill-layer-phase] chunk=2 start=2048 layer=19 kind=moe phase=routed_down gpu_ms=2.33
[prefill-layer-phase] chunk=2 start=2048 layer=19 kind=moe phase=routed_reduce gpu_ms=0.14
[prefill-layer-phase] chunk=2 start=2048 layer=19 kind=moe phase=shared_packed gpu_ms=0.64
[prefill-layer-phase] chunk=2 start=2048 layer=20 kind=gdn phase=pre_norm gpu_ms=0.02
[prefill-layer-phase] chunk=2 start=2048 layer=20 kind=gdn phase=gdn_qkv gpu_ms=2.53
[prefill-layer-phase] chunk=2 start=2048 layer=20 kind=gdn phase=gdn_z gpu_ms=1.29
[prefill-layer-phase] chunk=2 start=2048 layer=20 kind=gdn phase=gdn_beta_alpha gpu_ms=0.17
[prefill-layer-phase] chunk=2 start=2048 layer=20 kind=gdn phase=gdn_alpha_beta gpu_ms=0.00
[prefill-layer-phase] chunk=2 start=2048 layer=20 kind=gdn phase=gdn_prep_conv gpu_ms=0.43
[prefill-layer-phase] chunk=2 start=2048 layer=20 kind=gdn phase=gdn_prep_l2 gpu_ms=0.04
[prefill-layer-phase] chunk=2 start=2048 layer=20 kind=gdn phase=gdn_step gpu_ms=1.59
[prefill-layer-phase] chunk=2 start=2048 layer=20 kind=gdn phase=gdn_gated gpu_ms=0.10
[prefill-layer-phase] chunk=2 start=2048 layer=20 kind=gdn phase=gdn_back gpu_ms=1.30
[prefill-layer-phase] chunk=2 start=2048 layer=20 kind=gdn phase=mixer_resid gpu_ms=0.03
[prefill-layer-phase] chunk=2 start=2048 layer=20 kind=moe phase=post_norm gpu_ms=0.02
[prefill-layer-phase] chunk=2 start=2048 layer=20 kind=moe phase=route_fused gpu_ms=0.30
[prefill-layer-phase] chunk=2 start=2048 layer=20 kind=moe phase=routed_swiglu gpu_ms=4.32
[prefill-layer-phase] chunk=2 start=2048 layer=20 kind=moe phase=routed_down gpu_ms=2.64
[prefill-layer-phase] chunk=2 start=2048 layer=20 kind=moe phase=routed_reduce gpu_ms=0.14
[prefill-layer-phase] chunk=2 start=2048 layer=20 kind=moe phase=shared_packed gpu_ms=0.64
[prefill-layer-phase] chunk=2 start=2048 layer=21 kind=gdn phase=pre_norm gpu_ms=0.02
[prefill-layer-phase] chunk=2 start=2048 layer=21 kind=gdn phase=gdn_qkv gpu_ms=2.53
[prefill-layer-phase] chunk=2 start=2048 layer=21 kind=gdn phase=gdn_z gpu_ms=1.29
[prefill-layer-phase] chunk=2 start=2048 layer=21 kind=gdn phase=gdn_beta_alpha gpu_ms=0.17
[prefill-layer-phase] chunk=2 start=2048 layer=21 kind=gdn phase=gdn_alpha_beta gpu_ms=0.01
[prefill-layer-phase] chunk=2 start=2048 layer=21 kind=gdn phase=gdn_prep_conv gpu_ms=0.43
[prefill-layer-phase] chunk=2 start=2048 layer=21 kind=gdn phase=gdn_prep_l2 gpu_ms=0.04
[prefill-layer-phase] chunk=2 start=2048 layer=21 kind=gdn phase=gdn_step gpu_ms=1.56
[prefill-layer-phase] chunk=2 start=2048 layer=21 kind=gdn phase=gdn_gated gpu_ms=0.10
[prefill-layer-phase] chunk=2 start=2048 layer=21 kind=gdn phase=gdn_back gpu_ms=1.30
[prefill-layer-phase] chunk=2 start=2048 layer=21 kind=gdn phase=mixer_resid gpu_ms=0.03
[prefill-layer-phase] chunk=2 start=2048 layer=21 kind=moe phase=post_norm gpu_ms=0.02
[prefill-layer-phase] chunk=2 start=2048 layer=21 kind=moe phase=route_fused gpu_ms=0.31
[prefill-layer-phase] chunk=2 start=2048 layer=21 kind=moe phase=routed_swiglu gpu_ms=4.13
[prefill-layer-phase] chunk=2 start=2048 layer=21 kind=moe phase=routed_down gpu_ms=2.48
[prefill-layer-phase] chunk=2 start=2048 layer=21 kind=moe phase=routed_reduce gpu_ms=0.14
[prefill-layer-phase] chunk=2 start=2048 layer=21 kind=moe phase=shared_packed gpu_ms=0.64
[prefill-layer-phase] chunk=2 start=2048 layer=22 kind=gdn phase=pre_norm gpu_ms=0.02
[prefill-layer-phase] chunk=2 start=2048 layer=22 kind=gdn phase=gdn_qkv gpu_ms=2.53
[prefill-layer-phase] chunk=2 start=2048 layer=22 kind=gdn phase=gdn_z gpu_ms=1.29
[prefill-layer-phase] chunk=2 start=2048 layer=22 kind=gdn phase=gdn_beta_alpha gpu_ms=0.17
[prefill-layer-phase] chunk=2 start=2048 layer=22 kind=gdn phase=gdn_alpha_beta gpu_ms=0.00
[prefill-layer-phase] chunk=2 start=2048 layer=22 kind=gdn phase=gdn_prep_conv gpu_ms=0.43
[prefill-layer-phase] chunk=2 start=2048 layer=22 kind=gdn phase=gdn_prep_l2 gpu_ms=0.04
[prefill-layer-phase] chunk=2 start=2048 layer=22 kind=gdn phase=gdn_step gpu_ms=1.58
[prefill-layer-phase] chunk=2 start=2048 layer=22 kind=gdn phase=gdn_gated gpu_ms=0.10
[prefill-layer-phase] chunk=2 start=2048 layer=22 kind=gdn phase=gdn_back gpu_ms=1.30
[prefill-layer-phase] chunk=2 start=2048 layer=22 kind=gdn phase=mixer_resid gpu_ms=0.03
[prefill-layer-phase] chunk=2 start=2048 layer=22 kind=moe phase=post_norm gpu_ms=0.02
[prefill-layer-phase] chunk=2 start=2048 layer=22 kind=moe phase=route_fused gpu_ms=0.31
[prefill-layer-phase] chunk=2 start=2048 layer=22 kind=moe phase=routed_swiglu gpu_ms=4.30
[prefill-layer-phase] chunk=2 start=2048 layer=22 kind=moe phase=routed_down gpu_ms=2.49
[prefill-layer-phase] chunk=2 start=2048 layer=22 kind=moe phase=routed_reduce gpu_ms=0.14
[prefill-layer-phase] chunk=2 start=2048 layer=22 kind=moe phase=shared_packed gpu_ms=0.63
[prefill-layer-phase] chunk=2 start=2048 layer=23 kind=attn phase=pre_norm gpu_ms=0.02
[prefill-attn-phase] chunk=2 start=2048 layer=23 phase=proj gpu_ms=2.91
[prefill-attn-phase] chunk=2 start=2048 layer=23 phase=norm gpu_ms=0.29
[prefill-attn-phase] chunk=2 start=2048 layer=23 phase=rope_scatter gpu_ms=0.05
[prefill-attn-packed-shape] layer=23 chunk_start=2048 chunk_p=1024 group=8 packed_rows=4 qt=2 row_groups=256 dispatches=512 nwg=64 partial_rw_mib=2064.00
[prefill-attn-matrix-g8-shape] layer=23 chunk_start=2048 chunk_p=1024 query_rows=1024 query_tiles=1 n_pos=3072 score_tile_scratch_mib=102.00 vt_stride=4096 vt_layer_mib=4.00 vt_update_base=2048 vt_update_rows=1024 vt_update_mib=1.00
[prefill-attn-phase] chunk=2 start=2048 layer=23 phase=body_matrix_kq gpu_ms=1.62
[prefill-attn-phase] chunk=2 start=2048 layer=23 phase=body_matrix_kqv gpu_ms=1.62
[prefill-layer-phase] chunk=2 start=2048 layer=23 kind=attn phase=attn_back gpu_ms=1.39
[prefill-layer-phase] chunk=2 start=2048 layer=23 kind=attn phase=mixer_resid gpu_ms=0.03
[prefill-layer-phase] chunk=2 start=2048 layer=23 kind=moe phase=post_norm gpu_ms=0.02
[prefill-layer-phase] chunk=2 start=2048 layer=23 kind=moe phase=route_fused gpu_ms=0.31
[prefill-layer-phase] chunk=2 start=2048 layer=23 kind=moe phase=routed_swiglu gpu_ms=4.03
[prefill-layer-phase] chunk=2 start=2048 layer=23 kind=moe phase=routed_down gpu_ms=2.33
[prefill-layer-phase] chunk=2 start=2048 layer=23 kind=moe phase=routed_reduce gpu_ms=0.14
[prefill-layer-phase] chunk=2 start=2048 layer=23 kind=moe phase=shared_packed gpu_ms=0.64
[prefill-layer-phase] chunk=2 start=2048 layer=24 kind=gdn phase=pre_norm gpu_ms=0.02
[prefill-layer-phase] chunk=2 start=2048 layer=24 kind=gdn phase=gdn_qkv gpu_ms=2.53
[prefill-layer-phase] chunk=2 start=2048 layer=24 kind=gdn phase=gdn_z gpu_ms=1.29
[prefill-layer-phase] chunk=2 start=2048 layer=24 kind=gdn phase=gdn_beta_alpha gpu_ms=0.17
[prefill-layer-phase] chunk=2 start=2048 layer=24 kind=gdn phase=gdn_alpha_beta gpu_ms=0.01
[prefill-layer-phase] chunk=2 start=2048 layer=24 kind=gdn phase=gdn_prep_conv gpu_ms=0.43
[prefill-layer-phase] chunk=2 start=2048 layer=24 kind=gdn phase=gdn_prep_l2 gpu_ms=0.04
[prefill-layer-phase] chunk=2 start=2048 layer=24 kind=gdn phase=gdn_step gpu_ms=1.57
[prefill-layer-phase] chunk=2 start=2048 layer=24 kind=gdn phase=gdn_gated gpu_ms=0.10
[prefill-layer-phase] chunk=2 start=2048 layer=24 kind=gdn phase=gdn_back gpu_ms=1.30
[prefill-layer-phase] chunk=2 start=2048 layer=24 kind=gdn phase=mixer_resid gpu_ms=0.03
[prefill-layer-phase] chunk=2 start=2048 layer=24 kind=moe phase=post_norm gpu_ms=0.02
[prefill-layer-phase] chunk=2 start=2048 layer=24 kind=moe phase=route_fused gpu_ms=0.31
[prefill-layer-phase] chunk=2 start=2048 layer=24 kind=moe phase=routed_swiglu gpu_ms=4.07
[prefill-layer-phase] chunk=2 start=2048 layer=24 kind=moe phase=routed_down gpu_ms=2.42
[prefill-layer-phase] chunk=2 start=2048 layer=24 kind=moe phase=routed_reduce gpu_ms=0.14
[prefill-layer-phase] chunk=2 start=2048 layer=24 kind=moe phase=shared_packed gpu_ms=0.64
[prefill-layer-phase] chunk=2 start=2048 layer=25 kind=gdn phase=pre_norm gpu_ms=0.02
[prefill-layer-phase] chunk=2 start=2048 layer=25 kind=gdn phase=gdn_qkv gpu_ms=2.53
[prefill-layer-phase] chunk=2 start=2048 layer=25 kind=gdn phase=gdn_z gpu_ms=1.29
[prefill-layer-phase] chunk=2 start=2048 layer=25 kind=gdn phase=gdn_beta_alpha gpu_ms=0.17
[prefill-layer-phase] chunk=2 start=2048 layer=25 kind=gdn phase=gdn_alpha_beta gpu_ms=0.00
[prefill-layer-phase] chunk=2 start=2048 layer=25 kind=gdn phase=gdn_prep_conv gpu_ms=0.43
[prefill-layer-phase] chunk=2 start=2048 layer=25 kind=gdn phase=gdn_prep_l2 gpu_ms=0.04
[prefill-layer-phase] chunk=2 start=2048 layer=25 kind=gdn phase=gdn_step gpu_ms=1.55
[prefill-layer-phase] chunk=2 start=2048 layer=25 kind=gdn phase=gdn_gated gpu_ms=0.10
[prefill-layer-phase] chunk=2 start=2048 layer=25 kind=gdn phase=gdn_back gpu_ms=1.30
[prefill-layer-phase] chunk=2 start=2048 layer=25 kind=gdn phase=mixer_resid gpu_ms=0.03
[prefill-layer-phase] chunk=2 start=2048 layer=25 kind=moe phase=post_norm gpu_ms=0.02
[prefill-layer-phase] chunk=2 start=2048 layer=25 kind=moe phase=route_fused gpu_ms=0.31
[prefill-layer-phase] chunk=2 start=2048 layer=25 kind=moe phase=routed_swiglu gpu_ms=4.08
[prefill-layer-phase] chunk=2 start=2048 layer=25 kind=moe phase=routed_down gpu_ms=2.36
[prefill-layer-phase] chunk=2 start=2048 layer=25 kind=moe phase=routed_reduce gpu_ms=0.14
[prefill-layer-phase] chunk=2 start=2048 layer=25 kind=moe phase=shared_packed gpu_ms=0.64
[prefill-layer-phase] chunk=2 start=2048 layer=26 kind=gdn phase=pre_norm gpu_ms=0.02
[prefill-layer-phase] chunk=2 start=2048 layer=26 kind=gdn phase=gdn_qkv gpu_ms=2.53
[prefill-layer-phase] chunk=2 start=2048 layer=26 kind=gdn phase=gdn_z gpu_ms=1.29
[prefill-layer-phase] chunk=2 start=2048 layer=26 kind=gdn phase=gdn_beta_alpha gpu_ms=0.17
[prefill-layer-phase] chunk=2 start=2048 layer=26 kind=gdn phase=gdn_alpha_beta gpu_ms=0.01
[prefill-layer-phase] chunk=2 start=2048 layer=26 kind=gdn phase=gdn_prep_conv gpu_ms=0.43
[prefill-layer-phase] chunk=2 start=2048 layer=26 kind=gdn phase=gdn_prep_l2 gpu_ms=0.03
[prefill-layer-phase] chunk=2 start=2048 layer=26 kind=gdn phase=gdn_step gpu_ms=1.55
[prefill-layer-phase] chunk=2 start=2048 layer=26 kind=gdn phase=gdn_gated gpu_ms=0.10
[prefill-layer-phase] chunk=2 start=2048 layer=26 kind=gdn phase=gdn_back gpu_ms=1.30
[prefill-layer-phase] chunk=2 start=2048 layer=26 kind=gdn phase=mixer_resid gpu_ms=0.03
[prefill-layer-phase] chunk=2 start=2048 layer=26 kind=moe phase=post_norm gpu_ms=0.02
[prefill-layer-phase] chunk=2 start=2048 layer=26 kind=moe phase=route_fused gpu_ms=0.31
[prefill-layer-phase] chunk=2 start=2048 layer=26 kind=moe phase=routed_swiglu gpu_ms=3.99
[prefill-layer-phase] chunk=2 start=2048 layer=26 kind=moe phase=routed_down gpu_ms=2.47
[prefill-layer-phase] chunk=2 start=2048 layer=26 kind=moe phase=routed_reduce gpu_ms=0.14
[prefill-layer-phase] chunk=2 start=2048 layer=26 kind=moe phase=shared_packed gpu_ms=0.64
[prefill-layer-phase] chunk=2 start=2048 layer=27 kind=attn phase=pre_norm gpu_ms=0.02
[prefill-attn-phase] chunk=2 start=2048 layer=27 phase=proj gpu_ms=2.92
[prefill-attn-phase] chunk=2 start=2048 layer=27 phase=norm gpu_ms=0.29
[prefill-attn-phase] chunk=2 start=2048 layer=27 phase=rope_scatter gpu_ms=0.05
[prefill-attn-packed-shape] layer=27 chunk_start=2048 chunk_p=1024 group=8 packed_rows=4 qt=2 row_groups=256 dispatches=512 nwg=64 partial_rw_mib=2064.00
[prefill-attn-matrix-g8-shape] layer=27 chunk_start=2048 chunk_p=1024 query_rows=1024 query_tiles=1 n_pos=3072 score_tile_scratch_mib=102.00 vt_stride=4096 vt_layer_mib=4.00 vt_update_base=2048 vt_update_rows=1024 vt_update_mib=1.00
[prefill-attn-phase] chunk=2 start=2048 layer=27 phase=body_matrix_kq gpu_ms=1.62
[prefill-attn-phase] chunk=2 start=2048 layer=27 phase=body_matrix_kqv gpu_ms=1.62
[prefill-layer-phase] chunk=2 start=2048 layer=27 kind=attn phase=attn_back gpu_ms=1.39
[prefill-layer-phase] chunk=2 start=2048 layer=27 kind=attn phase=mixer_resid gpu_ms=0.03
[prefill-layer-phase] chunk=2 start=2048 layer=27 kind=moe phase=post_norm gpu_ms=0.02
[prefill-layer-phase] chunk=2 start=2048 layer=27 kind=moe phase=route_fused gpu_ms=0.31
[prefill-layer-phase] chunk=2 start=2048 layer=27 kind=moe phase=routed_swiglu gpu_ms=4.09
[prefill-layer-phase] chunk=2 start=2048 layer=27 kind=moe phase=routed_down gpu_ms=2.40
[prefill-layer-phase] chunk=2 start=2048 layer=27 kind=moe phase=routed_reduce gpu_ms=0.14
[prefill-layer-phase] chunk=2 start=2048 layer=27 kind=moe phase=shared_packed gpu_ms=0.63
[prefill-layer-phase] chunk=2 start=2048 layer=28 kind=gdn phase=pre_norm gpu_ms=0.03
[prefill-layer-phase] chunk=2 start=2048 layer=28 kind=gdn phase=gdn_qkv gpu_ms=2.53
[prefill-layer-phase] chunk=2 start=2048 layer=28 kind=gdn phase=gdn_z gpu_ms=1.29
[prefill-layer-phase] chunk=2 start=2048 layer=28 kind=gdn phase=gdn_beta_alpha gpu_ms=0.17
[prefill-layer-phase] chunk=2 start=2048 layer=28 kind=gdn phase=gdn_alpha_beta gpu_ms=0.01
[prefill-layer-phase] chunk=2 start=2048 layer=28 kind=gdn phase=gdn_prep_conv gpu_ms=0.43
[prefill-layer-phase] chunk=2 start=2048 layer=28 kind=gdn phase=gdn_prep_l2 gpu_ms=0.04
[prefill-layer-phase] chunk=2 start=2048 layer=28 kind=gdn phase=gdn_step gpu_ms=1.59
[prefill-layer-phase] chunk=2 start=2048 layer=28 kind=gdn phase=gdn_gated gpu_ms=0.10
[prefill-layer-phase] chunk=2 start=2048 layer=28 kind=gdn phase=gdn_back gpu_ms=1.30
[prefill-layer-phase] chunk=2 start=2048 layer=28 kind=gdn phase=mixer_resid gpu_ms=0.03
[prefill-layer-phase] chunk=2 start=2048 layer=28 kind=moe phase=post_norm gpu_ms=0.02
[prefill-layer-phase] chunk=2 start=2048 layer=28 kind=moe phase=route_fused gpu_ms=0.31
[prefill-layer-phase] chunk=2 start=2048 layer=28 kind=moe phase=routed_swiglu gpu_ms=3.99
[prefill-layer-phase] chunk=2 start=2048 layer=28 kind=moe phase=routed_down gpu_ms=2.24
[prefill-layer-phase] chunk=2 start=2048 layer=28 kind=moe phase=routed_reduce gpu_ms=0.15
[prefill-layer-phase] chunk=2 start=2048 layer=28 kind=moe phase=shared_packed gpu_ms=0.64
[prefill-layer-phase] chunk=2 start=2048 layer=29 kind=gdn phase=pre_norm gpu_ms=0.02
[prefill-layer-phase] chunk=2 start=2048 layer=29 kind=gdn phase=gdn_qkv gpu_ms=2.53
[prefill-layer-phase] chunk=2 start=2048 layer=29 kind=gdn phase=gdn_z gpu_ms=1.29
[prefill-layer-phase] chunk=2 start=2048 layer=29 kind=gdn phase=gdn_beta_alpha gpu_ms=0.17
[prefill-layer-phase] chunk=2 start=2048 layer=29 kind=gdn phase=gdn_alpha_beta gpu_ms=0.01
[prefill-layer-phase] chunk=2 start=2048 layer=29 kind=gdn phase=gdn_prep_conv gpu_ms=0.43
[prefill-layer-phase] chunk=2 start=2048 layer=29 kind=gdn phase=gdn_prep_l2 gpu_ms=0.04
[prefill-layer-phase] chunk=2 start=2048 layer=29 kind=gdn phase=gdn_step gpu_ms=1.57
[prefill-layer-phase] chunk=2 start=2048 layer=29 kind=gdn phase=gdn_gated gpu_ms=0.10
[prefill-layer-phase] chunk=2 start=2048 layer=29 kind=gdn phase=gdn_back gpu_ms=1.30
[prefill-layer-phase] chunk=2 start=2048 layer=29 kind=gdn phase=mixer_resid gpu_ms=0.03
[prefill-layer-phase] chunk=2 start=2048 layer=29 kind=moe phase=post_norm gpu_ms=0.03
[prefill-layer-phase] chunk=2 start=2048 layer=29 kind=moe phase=route_fused gpu_ms=0.31
[prefill-layer-phase] chunk=2 start=2048 layer=29 kind=moe phase=routed_swiglu gpu_ms=4.01
[prefill-layer-phase] chunk=2 start=2048 layer=29 kind=moe phase=routed_down gpu_ms=2.30
[prefill-layer-phase] chunk=2 start=2048 layer=29 kind=moe phase=routed_reduce gpu_ms=0.14
[prefill-layer-phase] chunk=2 start=2048 layer=29 kind=moe phase=shared_packed gpu_ms=0.64
[prefill-layer-phase] chunk=2 start=2048 layer=30 kind=gdn phase=pre_norm gpu_ms=0.02
[prefill-layer-phase] chunk=2 start=2048 layer=30 kind=gdn phase=gdn_qkv gpu_ms=2.53
[prefill-layer-phase] chunk=2 start=2048 layer=30 kind=gdn phase=gdn_z gpu_ms=1.29
[prefill-layer-phase] chunk=2 start=2048 layer=30 kind=gdn phase=gdn_beta_alpha gpu_ms=0.17
[prefill-layer-phase] chunk=2 start=2048 layer=30 kind=gdn phase=gdn_alpha_beta gpu_ms=0.01
[prefill-layer-phase] chunk=2 start=2048 layer=30 kind=gdn phase=gdn_prep_conv gpu_ms=0.43
[prefill-layer-phase] chunk=2 start=2048 layer=30 kind=gdn phase=gdn_prep_l2 gpu_ms=0.04
[prefill-layer-phase] chunk=2 start=2048 layer=30 kind=gdn phase=gdn_step gpu_ms=1.53
[prefill-layer-phase] chunk=2 start=2048 layer=30 kind=gdn phase=gdn_gated gpu_ms=0.10
[prefill-layer-phase] chunk=2 start=2048 layer=30 kind=gdn phase=gdn_back gpu_ms=1.30
[prefill-layer-phase] chunk=2 start=2048 layer=30 kind=gdn phase=mixer_resid gpu_ms=0.03
[prefill-layer-phase] chunk=2 start=2048 layer=30 kind=moe phase=post_norm gpu_ms=0.02
[prefill-layer-phase] chunk=2 start=2048 layer=30 kind=moe phase=route_fused gpu_ms=0.31
[prefill-layer-phase] chunk=2 start=2048 layer=30 kind=moe phase=routed_swiglu gpu_ms=3.99
[prefill-layer-phase] chunk=2 start=2048 layer=30 kind=moe phase=routed_down gpu_ms=2.44
[prefill-layer-phase] chunk=2 start=2048 layer=30 kind=moe phase=routed_reduce gpu_ms=0.14
[prefill-layer-phase] chunk=2 start=2048 layer=30 kind=moe phase=shared_packed gpu_ms=0.64
[prefill-layer-phase] chunk=2 start=2048 layer=31 kind=attn phase=pre_norm gpu_ms=0.02
[prefill-attn-phase] chunk=2 start=2048 layer=31 phase=proj gpu_ms=2.91
[prefill-attn-phase] chunk=2 start=2048 layer=31 phase=norm gpu_ms=0.29
[prefill-attn-phase] chunk=2 start=2048 layer=31 phase=rope_scatter gpu_ms=0.05
[prefill-attn-packed-shape] layer=31 chunk_start=2048 chunk_p=1024 group=8 packed_rows=4 qt=2 row_groups=256 dispatches=512 nwg=64 partial_rw_mib=2064.00
[prefill-attn-matrix-g8-shape] layer=31 chunk_start=2048 chunk_p=1024 query_rows=1024 query_tiles=1 n_pos=3072 score_tile_scratch_mib=102.00 vt_stride=4096 vt_layer_mib=4.00 vt_update_base=2048 vt_update_rows=1024 vt_update_mib=1.00
[prefill-attn-phase] chunk=2 start=2048 layer=31 phase=body_matrix_kq gpu_ms=1.62
[prefill-attn-phase] chunk=2 start=2048 layer=31 phase=body_matrix_kqv gpu_ms=1.62
[prefill-layer-phase] chunk=2 start=2048 layer=31 kind=attn phase=attn_back gpu_ms=1.39
[prefill-layer-phase] chunk=2 start=2048 layer=31 kind=attn phase=mixer_resid gpu_ms=0.03
[prefill-layer-phase] chunk=2 start=2048 layer=31 kind=moe phase=post_norm gpu_ms=0.02
[prefill-layer-phase] chunk=2 start=2048 layer=31 kind=moe phase=route_fused gpu_ms=0.31
[prefill-layer-phase] chunk=2 start=2048 layer=31 kind=moe phase=routed_swiglu gpu_ms=3.88
[prefill-layer-phase] chunk=2 start=2048 layer=31 kind=moe phase=routed_down gpu_ms=2.28
[prefill-layer-phase] chunk=2 start=2048 layer=31 kind=moe phase=routed_reduce gpu_ms=0.14
[prefill-layer-phase] chunk=2 start=2048 layer=31 kind=moe phase=shared_packed gpu_ms=0.64
[prefill-layer-phase] chunk=2 start=2048 layer=32 kind=gdn phase=pre_norm gpu_ms=0.02
[prefill-layer-phase] chunk=2 start=2048 layer=32 kind=gdn phase=gdn_qkv gpu_ms=2.53
[prefill-layer-phase] chunk=2 start=2048 layer=32 kind=gdn phase=gdn_z gpu_ms=1.29
[prefill-layer-phase] chunk=2 start=2048 layer=32 kind=gdn phase=gdn_beta_alpha gpu_ms=0.17
[prefill-layer-phase] chunk=2 start=2048 layer=32 kind=gdn phase=gdn_alpha_beta gpu_ms=0.00
[prefill-layer-phase] chunk=2 start=2048 layer=32 kind=gdn phase=gdn_prep_conv gpu_ms=0.43
[prefill-layer-phase] chunk=2 start=2048 layer=32 kind=gdn phase=gdn_prep_l2 gpu_ms=0.04
[prefill-layer-phase] chunk=2 start=2048 layer=32 kind=gdn phase=gdn_step gpu_ms=1.57
[prefill-layer-phase] chunk=2 start=2048 layer=32 kind=gdn phase=gdn_gated gpu_ms=0.10
[prefill-layer-phase] chunk=2 start=2048 layer=32 kind=gdn phase=gdn_back gpu_ms=1.30
[prefill-layer-phase] chunk=2 start=2048 layer=32 kind=gdn phase=mixer_resid gpu_ms=0.03
[prefill-layer-phase] chunk=2 start=2048 layer=32 kind=moe phase=post_norm gpu_ms=0.02
[prefill-layer-phase] chunk=2 start=2048 layer=32 kind=moe phase=route_fused gpu_ms=0.30
[prefill-layer-phase] chunk=2 start=2048 layer=32 kind=moe phase=routed_swiglu gpu_ms=3.92
[prefill-layer-phase] chunk=2 start=2048 layer=32 kind=moe phase=routed_down gpu_ms=2.23
[prefill-layer-phase] chunk=2 start=2048 layer=32 kind=moe phase=routed_reduce gpu_ms=0.14
[prefill-layer-phase] chunk=2 start=2048 layer=32 kind=moe phase=shared_packed gpu_ms=0.64
[prefill-layer-phase] chunk=2 start=2048 layer=33 kind=gdn phase=pre_norm gpu_ms=0.02
[prefill-layer-phase] chunk=2 start=2048 layer=33 kind=gdn phase=gdn_qkv gpu_ms=2.53
[prefill-layer-phase] chunk=2 start=2048 layer=33 kind=gdn phase=gdn_z gpu_ms=1.29
[prefill-layer-phase] chunk=2 start=2048 layer=33 kind=gdn phase=gdn_beta_alpha gpu_ms=0.17
[prefill-layer-phase] chunk=2 start=2048 layer=33 kind=gdn phase=gdn_alpha_beta gpu_ms=0.01
[prefill-layer-phase] chunk=2 start=2048 layer=33 kind=gdn phase=gdn_prep_conv gpu_ms=0.43
[prefill-layer-phase] chunk=2 start=2048 layer=33 kind=gdn phase=gdn_prep_l2 gpu_ms=0.04
[prefill-layer-phase] chunk=2 start=2048 layer=33 kind=gdn phase=gdn_step gpu_ms=1.56
[prefill-layer-phase] chunk=2 start=2048 layer=33 kind=gdn phase=gdn_gated gpu_ms=0.10
[prefill-layer-phase] chunk=2 start=2048 layer=33 kind=gdn phase=gdn_back gpu_ms=1.30
[prefill-layer-phase] chunk=2 start=2048 layer=33 kind=gdn phase=mixer_resid gpu_ms=0.03
[prefill-layer-phase] chunk=2 start=2048 layer=33 kind=moe phase=post_norm gpu_ms=0.02
[prefill-layer-phase] chunk=2 start=2048 layer=33 kind=moe phase=route_fused gpu_ms=0.31
[prefill-layer-phase] chunk=2 start=2048 layer=33 kind=moe phase=routed_swiglu gpu_ms=4.04
[prefill-layer-phase] chunk=2 start=2048 layer=33 kind=moe phase=routed_down gpu_ms=2.46
[prefill-layer-phase] chunk=2 start=2048 layer=33 kind=moe phase=routed_reduce gpu_ms=0.14
[prefill-layer-phase] chunk=2 start=2048 layer=33 kind=moe phase=shared_packed gpu_ms=0.64
[prefill-layer-phase] chunk=2 start=2048 layer=34 kind=gdn phase=pre_norm gpu_ms=0.02
[prefill-layer-phase] chunk=2 start=2048 layer=34 kind=gdn phase=gdn_qkv gpu_ms=2.53
[prefill-layer-phase] chunk=2 start=2048 layer=34 kind=gdn phase=gdn_z gpu_ms=1.29
[prefill-layer-phase] chunk=2 start=2048 layer=34 kind=gdn phase=gdn_beta_alpha gpu_ms=0.17
[prefill-layer-phase] chunk=2 start=2048 layer=34 kind=gdn phase=gdn_alpha_beta gpu_ms=0.00
[prefill-layer-phase] chunk=2 start=2048 layer=34 kind=gdn phase=gdn_prep_conv gpu_ms=0.43
[prefill-layer-phase] chunk=2 start=2048 layer=34 kind=gdn phase=gdn_prep_l2 gpu_ms=0.04
[prefill-layer-phase] chunk=2 start=2048 layer=34 kind=gdn phase=gdn_step gpu_ms=1.54
[prefill-layer-phase] chunk=2 start=2048 layer=34 kind=gdn phase=gdn_gated gpu_ms=0.10
[prefill-layer-phase] chunk=2 start=2048 layer=34 kind=gdn phase=gdn_back gpu_ms=1.30
[prefill-layer-phase] chunk=2 start=2048 layer=34 kind=gdn phase=mixer_resid gpu_ms=0.03
[prefill-layer-phase] chunk=2 start=2048 layer=34 kind=moe phase=post_norm gpu_ms=0.02
[prefill-layer-phase] chunk=2 start=2048 layer=34 kind=moe phase=route_fused gpu_ms=0.31
[prefill-layer-phase] chunk=2 start=2048 layer=34 kind=moe phase=routed_swiglu gpu_ms=3.97
[prefill-layer-phase] chunk=2 start=2048 layer=34 kind=moe phase=routed_down gpu_ms=2.24
[prefill-layer-phase] chunk=2 start=2048 layer=34 kind=moe phase=routed_reduce gpu_ms=0.14
[prefill-layer-phase] chunk=2 start=2048 layer=34 kind=moe phase=shared_packed gpu_ms=0.64
[prefill-layer-phase] chunk=2 start=2048 layer=35 kind=attn phase=pre_norm gpu_ms=0.02
[prefill-attn-phase] chunk=2 start=2048 layer=35 phase=proj gpu_ms=2.91
[prefill-attn-phase] chunk=2 start=2048 layer=35 phase=norm gpu_ms=0.29
[prefill-attn-phase] chunk=2 start=2048 layer=35 phase=rope_scatter gpu_ms=0.05
[prefill-attn-packed-shape] layer=35 chunk_start=2048 chunk_p=1024 group=8 packed_rows=4 qt=2 row_groups=256 dispatches=512 nwg=64 partial_rw_mib=2064.00
[prefill-attn-matrix-g8-shape] layer=35 chunk_start=2048 chunk_p=1024 query_rows=1024 query_tiles=1 n_pos=3072 score_tile_scratch_mib=102.00 vt_stride=4096 vt_layer_mib=4.00 vt_update_base=2048 vt_update_rows=1024 vt_update_mib=1.00
[prefill-attn-phase] chunk=2 start=2048 layer=35 phase=body_matrix_kq gpu_ms=1.62
[prefill-attn-phase] chunk=2 start=2048 layer=35 phase=body_matrix_kqv gpu_ms=1.62
[prefill-layer-phase] chunk=2 start=2048 layer=35 kind=attn phase=attn_back gpu_ms=1.39
[prefill-layer-phase] chunk=2 start=2048 layer=35 kind=attn phase=mixer_resid gpu_ms=0.03
[prefill-layer-phase] chunk=2 start=2048 layer=35 kind=moe phase=post_norm gpu_ms=0.02
[prefill-layer-phase] chunk=2 start=2048 layer=35 kind=moe phase=route_fused gpu_ms=0.31
[prefill-layer-phase] chunk=2 start=2048 layer=35 kind=moe phase=routed_swiglu gpu_ms=4.13
[prefill-layer-phase] chunk=2 start=2048 layer=35 kind=moe phase=routed_down gpu_ms=2.50
[prefill-layer-phase] chunk=2 start=2048 layer=35 kind=moe phase=routed_reduce gpu_ms=0.14
[prefill-layer-phase] chunk=2 start=2048 layer=35 kind=moe phase=shared_packed gpu_ms=0.64
[prefill-layer-phase] chunk=2 start=2048 layer=36 kind=gdn phase=pre_norm gpu_ms=0.02
[prefill-layer-phase] chunk=2 start=2048 layer=36 kind=gdn phase=gdn_qkv gpu_ms=2.53
[prefill-layer-phase] chunk=2 start=2048 layer=36 kind=gdn phase=gdn_z gpu_ms=1.29
[prefill-layer-phase] chunk=2 start=2048 layer=36 kind=gdn phase=gdn_beta_alpha gpu_ms=0.17
[prefill-layer-phase] chunk=2 start=2048 layer=36 kind=gdn phase=gdn_alpha_beta gpu_ms=0.01
[prefill-layer-phase] chunk=2 start=2048 layer=36 kind=gdn phase=gdn_prep_conv gpu_ms=0.43
[prefill-layer-phase] chunk=2 start=2048 layer=36 kind=gdn phase=gdn_prep_l2 gpu_ms=0.04
[prefill-layer-phase] chunk=2 start=2048 layer=36 kind=gdn phase=gdn_step gpu_ms=1.56
[prefill-layer-phase] chunk=2 start=2048 layer=36 kind=gdn phase=gdn_gated gpu_ms=0.10
[prefill-layer-phase] chunk=2 start=2048 layer=36 kind=gdn phase=gdn_back gpu_ms=1.30
[prefill-layer-phase] chunk=2 start=2048 layer=36 kind=gdn phase=mixer_resid gpu_ms=0.03
[prefill-layer-phase] chunk=2 start=2048 layer=36 kind=moe phase=post_norm gpu_ms=0.02
[prefill-layer-phase] chunk=2 start=2048 layer=36 kind=moe phase=route_fused gpu_ms=0.31
[prefill-layer-phase] chunk=2 start=2048 layer=36 kind=moe phase=routed_swiglu gpu_ms=4.06
[prefill-layer-phase] chunk=2 start=2048 layer=36 kind=moe phase=routed_down gpu_ms=2.35
[prefill-layer-phase] chunk=2 start=2048 layer=36 kind=moe phase=routed_reduce gpu_ms=0.14
[prefill-layer-phase] chunk=2 start=2048 layer=36 kind=moe phase=shared_packed gpu_ms=0.64
[prefill-layer-phase] chunk=2 start=2048 layer=37 kind=gdn phase=pre_norm gpu_ms=0.02
[prefill-layer-phase] chunk=2 start=2048 layer=37 kind=gdn phase=gdn_qkv gpu_ms=2.53
[prefill-layer-phase] chunk=2 start=2048 layer=37 kind=gdn phase=gdn_z gpu_ms=1.29
[prefill-layer-phase] chunk=2 start=2048 layer=37 kind=gdn phase=gdn_beta_alpha gpu_ms=0.17
[prefill-layer-phase] chunk=2 start=2048 layer=37 kind=gdn phase=gdn_alpha_beta gpu_ms=0.00
[prefill-layer-phase] chunk=2 start=2048 layer=37 kind=gdn phase=gdn_prep_conv gpu_ms=0.43
[prefill-layer-phase] chunk=2 start=2048 layer=37 kind=gdn phase=gdn_prep_l2 gpu_ms=0.04
[prefill-layer-phase] chunk=2 start=2048 layer=37 kind=gdn phase=gdn_step gpu_ms=1.55
[prefill-layer-phase] chunk=2 start=2048 layer=37 kind=gdn phase=gdn_gated gpu_ms=0.10
[prefill-layer-phase] chunk=2 start=2048 layer=37 kind=gdn phase=gdn_back gpu_ms=1.30
[prefill-layer-phase] chunk=2 start=2048 layer=37 kind=gdn phase=mixer_resid gpu_ms=0.04
[prefill-layer-phase] chunk=2 start=2048 layer=37 kind=moe phase=post_norm gpu_ms=0.02
[prefill-layer-phase] chunk=2 start=2048 layer=37 kind=moe phase=route_fused gpu_ms=0.31
[prefill-layer-phase] chunk=2 start=2048 layer=37 kind=moe phase=routed_swiglu gpu_ms=3.89
[prefill-layer-phase] chunk=2 start=2048 layer=37 kind=moe phase=routed_down gpu_ms=2.17
[prefill-layer-phase] chunk=2 start=2048 layer=37 kind=moe phase=routed_reduce gpu_ms=0.15
[prefill-layer-phase] chunk=2 start=2048 layer=37 kind=moe phase=shared_packed gpu_ms=0.63
[prefill-layer-phase] chunk=2 start=2048 layer=38 kind=gdn phase=pre_norm gpu_ms=0.02
[prefill-layer-phase] chunk=2 start=2048 layer=38 kind=gdn phase=gdn_qkv gpu_ms=2.53
[prefill-layer-phase] chunk=2 start=2048 layer=38 kind=gdn phase=gdn_z gpu_ms=1.29
[prefill-layer-phase] chunk=2 start=2048 layer=38 kind=gdn phase=gdn_beta_alpha gpu_ms=0.17
[prefill-layer-phase] chunk=2 start=2048 layer=38 kind=gdn phase=gdn_alpha_beta gpu_ms=0.00
[prefill-layer-phase] chunk=2 start=2048 layer=38 kind=gdn phase=gdn_prep_conv gpu_ms=0.43
[prefill-layer-phase] chunk=2 start=2048 layer=38 kind=gdn phase=gdn_prep_l2 gpu_ms=0.04
[prefill-layer-phase] chunk=2 start=2048 layer=38 kind=gdn phase=gdn_step gpu_ms=1.57
[prefill-layer-phase] chunk=2 start=2048 layer=38 kind=gdn phase=gdn_gated gpu_ms=0.10
[prefill-layer-phase] chunk=2 start=2048 layer=38 kind=gdn phase=gdn_back gpu_ms=1.30
[prefill-layer-phase] chunk=2 start=2048 layer=38 kind=gdn phase=mixer_resid gpu_ms=0.03
[prefill-layer-phase] chunk=2 start=2048 layer=38 kind=moe phase=post_norm gpu_ms=0.02
[prefill-layer-phase] chunk=2 start=2048 layer=38 kind=moe phase=route_fused gpu_ms=0.31
[prefill-layer-phase] chunk=2 start=2048 layer=38 kind=moe phase=routed_swiglu gpu_ms=3.99
[prefill-layer-phase] chunk=2 start=2048 layer=38 kind=moe phase=routed_down gpu_ms=2.07
[prefill-layer-phase] chunk=2 start=2048 layer=38 kind=moe phase=routed_reduce gpu_ms=0.14
[prefill-layer-phase] chunk=2 start=2048 layer=38 kind=moe phase=shared_packed gpu_ms=0.64
[prefill-layer-phase] chunk=2 start=2048 layer=39 kind=attn phase=pre_norm gpu_ms=0.02
[prefill-attn-phase] chunk=2 start=2048 layer=39 phase=proj gpu_ms=2.92
[prefill-attn-phase] chunk=2 start=2048 layer=39 phase=norm gpu_ms=0.29
[prefill-attn-phase] chunk=2 start=2048 layer=39 phase=rope_scatter gpu_ms=0.06
[prefill-attn-packed-shape] layer=39 chunk_start=2048 chunk_p=1024 group=8 packed_rows=4 qt=2 row_groups=256 dispatches=512 nwg=64 partial_rw_mib=2064.00
[prefill-attn-matrix-g8-shape] layer=39 chunk_start=2048 chunk_p=1024 query_rows=1024 query_tiles=1 n_pos=3072 score_tile_scratch_mib=102.00 vt_stride=4096 vt_layer_mib=4.00 vt_update_base=2048 vt_update_rows=1024 vt_update_mib=1.00
[prefill-attn-phase] chunk=2 start=2048 layer=39 phase=body_matrix_kq gpu_ms=1.62
[prefill-attn-phase] chunk=2 start=2048 layer=39 phase=body_matrix_kqv gpu_ms=1.62
[prefill-layer-phase] chunk=2 start=2048 layer=39 kind=attn phase=attn_back gpu_ms=1.39
[prefill-layer-phase] chunk=2 start=2048 layer=39 kind=attn phase=mixer_resid gpu_ms=0.03
[prefill-layer-phase] chunk=2 start=2048 layer=39 kind=moe phase=post_norm gpu_ms=0.02
[prefill-layer-phase] chunk=2 start=2048 layer=39 kind=moe phase=route_fused gpu_ms=0.31
[prefill-layer-phase] chunk=2 start=2048 layer=39 kind=moe phase=routed_swiglu gpu_ms=3.81
[prefill-layer-phase] chunk=2 start=2048 layer=39 kind=moe phase=routed_down gpu_ms=2.02
[prefill-layer-phase] chunk=2 start=2048 layer=39 kind=moe phase=routed_reduce gpu_ms=0.14
[prefill-layer-phase] chunk=2 start=2048 layer=39 kind=moe phase=shared_packed gpu_ms=0.64
[prefill-layer-phase] chunk=3 start=3072 layer=0 kind=gdn phase=pre_norm gpu_ms=0.15
[prefill-layer-phase] chunk=3 start=3072 layer=0 kind=gdn phase=gdn_qkv gpu_ms=2.53
[prefill-layer-phase] chunk=3 start=3072 layer=0 kind=gdn phase=gdn_z gpu_ms=1.29
[prefill-layer-phase] chunk=3 start=3072 layer=0 kind=gdn phase=gdn_beta_alpha gpu_ms=0.17
[prefill-layer-phase] chunk=3 start=3072 layer=0 kind=gdn phase=gdn_alpha_beta gpu_ms=0.01
[prefill-layer-phase] chunk=3 start=3072 layer=0 kind=gdn phase=gdn_prep_conv gpu_ms=0.43
[prefill-layer-phase] chunk=3 start=3072 layer=0 kind=gdn phase=gdn_prep_l2 gpu_ms=0.04
[prefill-layer-phase] chunk=3 start=3072 layer=0 kind=gdn phase=gdn_step gpu_ms=1.57
[prefill-layer-phase] chunk=3 start=3072 layer=0 kind=gdn phase=gdn_gated gpu_ms=0.10
[prefill-layer-phase] chunk=3 start=3072 layer=0 kind=gdn phase=gdn_back gpu_ms=1.30
[prefill-layer-phase] chunk=3 start=3072 layer=0 kind=gdn phase=mixer_resid gpu_ms=0.03
[prefill-layer-phase] chunk=3 start=3072 layer=0 kind=moe phase=post_norm gpu_ms=0.02
[prefill-layer-phase] chunk=3 start=3072 layer=0 kind=moe phase=route_fused gpu_ms=0.31
[prefill-layer-phase] chunk=3 start=3072 layer=0 kind=moe phase=routed_swiglu gpu_ms=4.39
[prefill-layer-phase] chunk=3 start=3072 layer=0 kind=moe phase=routed_down gpu_ms=2.67
[prefill-layer-phase] chunk=3 start=3072 layer=0 kind=moe phase=routed_reduce gpu_ms=0.14
[prefill-layer-phase] chunk=3 start=3072 layer=0 kind=moe phase=shared_packed gpu_ms=0.64
[prefill-layer-phase] chunk=3 start=3072 layer=1 kind=gdn phase=pre_norm gpu_ms=0.02
[prefill-layer-phase] chunk=3 start=3072 layer=1 kind=gdn phase=gdn_qkv gpu_ms=2.53
[prefill-layer-phase] chunk=3 start=3072 layer=1 kind=gdn phase=gdn_z gpu_ms=1.29
[prefill-layer-phase] chunk=3 start=3072 layer=1 kind=gdn phase=gdn_beta_alpha gpu_ms=0.17
[prefill-layer-phase] chunk=3 start=3072 layer=1 kind=gdn phase=gdn_alpha_beta gpu_ms=0.01
[prefill-layer-phase] chunk=3 start=3072 layer=1 kind=gdn phase=gdn_prep_conv gpu_ms=0.43
[prefill-layer-phase] chunk=3 start=3072 layer=1 kind=gdn phase=gdn_prep_l2 gpu_ms=0.04
[prefill-layer-phase] chunk=3 start=3072 layer=1 kind=gdn phase=gdn_step gpu_ms=1.56
[prefill-layer-phase] chunk=3 start=3072 layer=1 kind=gdn phase=gdn_gated gpu_ms=0.10
[prefill-layer-phase] chunk=3 start=3072 layer=1 kind=gdn phase=gdn_back gpu_ms=1.30
[prefill-layer-phase] chunk=3 start=3072 layer=1 kind=gdn phase=mixer_resid gpu_ms=0.03
[prefill-layer-phase] chunk=3 start=3072 layer=1 kind=moe phase=post_norm gpu_ms=0.02
[prefill-layer-phase] chunk=3 start=3072 layer=1 kind=moe phase=route_fused gpu_ms=0.31
[prefill-layer-phase] chunk=3 start=3072 layer=1 kind=moe phase=routed_swiglu gpu_ms=4.30
[prefill-layer-phase] chunk=3 start=3072 layer=1 kind=moe phase=routed_down gpu_ms=2.58
[prefill-layer-phase] chunk=3 start=3072 layer=1 kind=moe phase=routed_reduce gpu_ms=0.14
[prefill-layer-phase] chunk=3 start=3072 layer=1 kind=moe phase=shared_packed gpu_ms=0.64
[prefill-layer-phase] chunk=3 start=3072 layer=2 kind=gdn phase=pre_norm gpu_ms=0.02
[prefill-layer-phase] chunk=3 start=3072 layer=2 kind=gdn phase=gdn_qkv gpu_ms=2.53
[prefill-layer-phase] chunk=3 start=3072 layer=2 kind=gdn phase=gdn_z gpu_ms=1.29
[prefill-layer-phase] chunk=3 start=3072 layer=2 kind=gdn phase=gdn_beta_alpha gpu_ms=0.17
[prefill-layer-phase] chunk=3 start=3072 layer=2 kind=gdn phase=gdn_alpha_beta gpu_ms=0.01
[prefill-layer-phase] chunk=3 start=3072 layer=2 kind=gdn phase=gdn_prep_conv gpu_ms=0.43
[prefill-layer-phase] chunk=3 start=3072 layer=2 kind=gdn phase=gdn_prep_l2 gpu_ms=0.04
[prefill-layer-phase] chunk=3 start=3072 layer=2 kind=gdn phase=gdn_step gpu_ms=1.57
[prefill-layer-phase] chunk=3 start=3072 layer=2 kind=gdn phase=gdn_gated gpu_ms=0.10
[prefill-layer-phase] chunk=3 start=3072 layer=2 kind=gdn phase=gdn_back gpu_ms=1.30
[prefill-layer-phase] chunk=3 start=3072 layer=2 kind=gdn phase=mixer_resid gpu_ms=0.03
[prefill-layer-phase] chunk=3 start=3072 layer=2 kind=moe phase=post_norm gpu_ms=0.02
[prefill-layer-phase] chunk=3 start=3072 layer=2 kind=moe phase=route_fused gpu_ms=0.31
[prefill-layer-phase] chunk=3 start=3072 layer=2 kind=moe phase=routed_swiglu gpu_ms=4.35
[prefill-layer-phase] chunk=3 start=3072 layer=2 kind=moe phase=routed_down gpu_ms=2.65
[prefill-layer-phase] chunk=3 start=3072 layer=2 kind=moe phase=routed_reduce gpu_ms=0.14
[prefill-layer-phase] chunk=3 start=3072 layer=2 kind=moe phase=shared_packed gpu_ms=0.64
[prefill-layer-phase] chunk=3 start=3072 layer=3 kind=attn phase=pre_norm gpu_ms=0.02
[prefill-attn-phase] chunk=3 start=3072 layer=3 phase=proj gpu_ms=2.92
[prefill-attn-phase] chunk=3 start=3072 layer=3 phase=norm gpu_ms=0.29
[prefill-attn-phase] chunk=3 start=3072 layer=3 phase=rope_scatter gpu_ms=0.05
[prefill-attn-packed-shape] layer=3 chunk_start=3072 chunk_p=1024 group=8 packed_rows=4 qt=2 row_groups=256 dispatches=512 nwg=64 partial_rw_mib=2064.00
[prefill-attn-matrix-g8-shape] layer=3 chunk_start=3072 chunk_p=1024 query_rows=1024 query_tiles=1 n_pos=4096 score_tile_scratch_mib=136.00 vt_stride=4096 vt_layer_mib=4.00 vt_update_base=3072 vt_update_rows=1024 vt_update_mib=1.00
[prefill-attn-phase] chunk=3 start=3072 layer=3 phase=body_matrix_kq gpu_ms=2.26
[prefill-attn-phase] chunk=3 start=3072 layer=3 phase=body_matrix_kqv gpu_ms=2.25
[prefill-layer-phase] chunk=3 start=3072 layer=3 kind=attn phase=attn_back gpu_ms=1.39
[prefill-layer-phase] chunk=3 start=3072 layer=3 kind=attn phase=mixer_resid gpu_ms=0.03
[prefill-layer-phase] chunk=3 start=3072 layer=3 kind=moe phase=post_norm gpu_ms=0.02
[prefill-layer-phase] chunk=3 start=3072 layer=3 kind=moe phase=route_fused gpu_ms=0.31
[prefill-layer-phase] chunk=3 start=3072 layer=3 kind=moe phase=routed_swiglu gpu_ms=4.37
[prefill-layer-phase] chunk=3 start=3072 layer=3 kind=moe phase=routed_down gpu_ms=2.72
[prefill-layer-phase] chunk=3 start=3072 layer=3 kind=moe phase=routed_reduce gpu_ms=0.14
[prefill-layer-phase] chunk=3 start=3072 layer=3 kind=moe phase=shared_packed gpu_ms=0.64
[prefill-layer-phase] chunk=3 start=3072 layer=4 kind=gdn phase=pre_norm gpu_ms=0.02
[prefill-layer-phase] chunk=3 start=3072 layer=4 kind=gdn phase=gdn_qkv gpu_ms=2.53
[prefill-layer-phase] chunk=3 start=3072 layer=4 kind=gdn phase=gdn_z gpu_ms=1.29
[prefill-layer-phase] chunk=3 start=3072 layer=4 kind=gdn phase=gdn_beta_alpha gpu_ms=0.17
[prefill-layer-phase] chunk=3 start=3072 layer=4 kind=gdn phase=gdn_alpha_beta gpu_ms=0.01
[prefill-layer-phase] chunk=3 start=3072 layer=4 kind=gdn phase=gdn_prep_conv gpu_ms=0.43
[prefill-layer-phase] chunk=3 start=3072 layer=4 kind=gdn phase=gdn_prep_l2 gpu_ms=0.04
[prefill-layer-phase] chunk=3 start=3072 layer=4 kind=gdn phase=gdn_step gpu_ms=1.55
[prefill-layer-phase] chunk=3 start=3072 layer=4 kind=gdn phase=gdn_gated gpu_ms=0.10
[prefill-layer-phase] chunk=3 start=3072 layer=4 kind=gdn phase=gdn_back gpu_ms=1.30
[prefill-layer-phase] chunk=3 start=3072 layer=4 kind=gdn phase=mixer_resid gpu_ms=0.03
[prefill-layer-phase] chunk=3 start=3072 layer=4 kind=moe phase=post_norm gpu_ms=0.02
[prefill-layer-phase] chunk=3 start=3072 layer=4 kind=moe phase=route_fused gpu_ms=0.31
[prefill-layer-phase] chunk=3 start=3072 layer=4 kind=moe phase=routed_swiglu gpu_ms=4.30
[prefill-layer-phase] chunk=3 start=3072 layer=4 kind=moe phase=routed_down gpu_ms=2.66
[prefill-layer-phase] chunk=3 start=3072 layer=4 kind=moe phase=routed_reduce gpu_ms=0.14
[prefill-layer-phase] chunk=3 start=3072 layer=4 kind=moe phase=shared_packed gpu_ms=0.64
[prefill-layer-phase] chunk=3 start=3072 layer=5 kind=gdn phase=pre_norm gpu_ms=0.02
[prefill-layer-phase] chunk=3 start=3072 layer=5 kind=gdn phase=gdn_qkv gpu_ms=2.53
[prefill-layer-phase] chunk=3 start=3072 layer=5 kind=gdn phase=gdn_z gpu_ms=1.29
[prefill-layer-phase] chunk=3 start=3072 layer=5 kind=gdn phase=gdn_beta_alpha gpu_ms=0.17
[prefill-layer-phase] chunk=3 start=3072 layer=5 kind=gdn phase=gdn_alpha_beta gpu_ms=0.01
[prefill-layer-phase] chunk=3 start=3072 layer=5 kind=gdn phase=gdn_prep_conv gpu_ms=0.43
[prefill-layer-phase] chunk=3 start=3072 layer=5 kind=gdn phase=gdn_prep_l2 gpu_ms=0.04
[prefill-layer-phase] chunk=3 start=3072 layer=5 kind=gdn phase=gdn_step gpu_ms=1.60
[prefill-layer-phase] chunk=3 start=3072 layer=5 kind=gdn phase=gdn_gated gpu_ms=0.10
[prefill-layer-phase] chunk=3 start=3072 layer=5 kind=gdn phase=gdn_back gpu_ms=1.30
[prefill-layer-phase] chunk=3 start=3072 layer=5 kind=gdn phase=mixer_resid gpu_ms=0.03
[prefill-layer-phase] chunk=3 start=3072 layer=5 kind=moe phase=post_norm gpu_ms=0.02
[prefill-layer-phase] chunk=3 start=3072 layer=5 kind=moe phase=route_fused gpu_ms=0.31
[prefill-layer-phase] chunk=3 start=3072 layer=5 kind=moe phase=routed_swiglu gpu_ms=4.36
[prefill-layer-phase] chunk=3 start=3072 layer=5 kind=moe phase=routed_down gpu_ms=2.70
[prefill-layer-phase] chunk=3 start=3072 layer=5 kind=moe phase=routed_reduce gpu_ms=0.14
[prefill-layer-phase] chunk=3 start=3072 layer=5 kind=moe phase=shared_packed gpu_ms=0.64
[prefill-layer-phase] chunk=3 start=3072 layer=6 kind=gdn phase=pre_norm gpu_ms=0.02
[prefill-layer-phase] chunk=3 start=3072 layer=6 kind=gdn phase=gdn_qkv gpu_ms=2.53
[prefill-layer-phase] chunk=3 start=3072 layer=6 kind=gdn phase=gdn_z gpu_ms=1.29
[prefill-layer-phase] chunk=3 start=3072 layer=6 kind=gdn phase=gdn_beta_alpha gpu_ms=0.17
[prefill-layer-phase] chunk=3 start=3072 layer=6 kind=gdn phase=gdn_alpha_beta gpu_ms=0.01
[prefill-layer-phase] chunk=3 start=3072 layer=6 kind=gdn phase=gdn_prep_conv gpu_ms=0.43
[prefill-layer-phase] chunk=3 start=3072 layer=6 kind=gdn phase=gdn_prep_l2 gpu_ms=0.04
[prefill-layer-phase] chunk=3 start=3072 layer=6 kind=gdn phase=gdn_step gpu_ms=1.56
[prefill-layer-phase] chunk=3 start=3072 layer=6 kind=gdn phase=gdn_gated gpu_ms=0.10
[prefill-layer-phase] chunk=3 start=3072 layer=6 kind=gdn phase=gdn_back gpu_ms=1.30
[prefill-layer-phase] chunk=3 start=3072 layer=6 kind=gdn phase=mixer_resid gpu_ms=0.03
[prefill-layer-phase] chunk=3 start=3072 layer=6 kind=moe phase=post_norm gpu_ms=0.02
[prefill-layer-phase] chunk=3 start=3072 layer=6 kind=moe phase=route_fused gpu_ms=0.31
[prefill-layer-phase] chunk=3 start=3072 layer=6 kind=moe phase=routed_swiglu gpu_ms=4.17
[prefill-layer-phase] chunk=3 start=3072 layer=6 kind=moe phase=routed_down gpu_ms=2.51
[prefill-layer-phase] chunk=3 start=3072 layer=6 kind=moe phase=routed_reduce gpu_ms=0.14
[prefill-layer-phase] chunk=3 start=3072 layer=6 kind=moe phase=shared_packed gpu_ms=0.64
[prefill-layer-phase] chunk=3 start=3072 layer=7 kind=attn phase=pre_norm gpu_ms=0.03
[prefill-attn-phase] chunk=3 start=3072 layer=7 phase=proj gpu_ms=2.92
[prefill-attn-phase] chunk=3 start=3072 layer=7 phase=norm gpu_ms=0.29
[prefill-attn-phase] chunk=3 start=3072 layer=7 phase=rope_scatter gpu_ms=0.05
[prefill-attn-packed-shape] layer=7 chunk_start=3072 chunk_p=1024 group=8 packed_rows=4 qt=2 row_groups=256 dispatches=512 nwg=64 partial_rw_mib=2064.00
[prefill-attn-matrix-g8-shape] layer=7 chunk_start=3072 chunk_p=1024 query_rows=1024 query_tiles=1 n_pos=4096 score_tile_scratch_mib=136.00 vt_stride=4096 vt_layer_mib=4.00 vt_update_base=3072 vt_update_rows=1024 vt_update_mib=1.00
[prefill-attn-phase] chunk=3 start=3072 layer=7 phase=body_matrix_kq gpu_ms=2.26
[prefill-attn-phase] chunk=3 start=3072 layer=7 phase=body_matrix_kqv gpu_ms=2.25
[prefill-layer-phase] chunk=3 start=3072 layer=7 kind=attn phase=attn_back gpu_ms=1.39
[prefill-layer-phase] chunk=3 start=3072 layer=7 kind=attn phase=mixer_resid gpu_ms=0.03
[prefill-layer-phase] chunk=3 start=3072 layer=7 kind=moe phase=post_norm gpu_ms=0.02
[prefill-layer-phase] chunk=3 start=3072 layer=7 kind=moe phase=route_fused gpu_ms=0.30
[prefill-layer-phase] chunk=3 start=3072 layer=7 kind=moe phase=routed_swiglu gpu_ms=4.15
[prefill-layer-phase] chunk=3 start=3072 layer=7 kind=moe phase=routed_down gpu_ms=2.53
[prefill-layer-phase] chunk=3 start=3072 layer=7 kind=moe phase=routed_reduce gpu_ms=0.14
[prefill-layer-phase] chunk=3 start=3072 layer=7 kind=moe phase=shared_packed gpu_ms=0.63
[prefill-layer-phase] chunk=3 start=3072 layer=8 kind=gdn phase=pre_norm gpu_ms=0.02
[prefill-layer-phase] chunk=3 start=3072 layer=8 kind=gdn phase=gdn_qkv gpu_ms=2.53
[prefill-layer-phase] chunk=3 start=3072 layer=8 kind=gdn phase=gdn_z gpu_ms=1.29
[prefill-layer-phase] chunk=3 start=3072 layer=8 kind=gdn phase=gdn_beta_alpha gpu_ms=0.17
[prefill-layer-phase] chunk=3 start=3072 layer=8 kind=gdn phase=gdn_alpha_beta gpu_ms=0.01
[prefill-layer-phase] chunk=3 start=3072 layer=8 kind=gdn phase=gdn_prep_conv gpu_ms=0.43
[prefill-layer-phase] chunk=3 start=3072 layer=8 kind=gdn phase=gdn_prep_l2 gpu_ms=0.04
[prefill-layer-phase] chunk=3 start=3072 layer=8 kind=gdn phase=gdn_step gpu_ms=1.56
[prefill-layer-phase] chunk=3 start=3072 layer=8 kind=gdn phase=gdn_gated gpu_ms=0.10
[prefill-layer-phase] chunk=3 start=3072 layer=8 kind=gdn phase=gdn_back gpu_ms=1.30
[prefill-layer-phase] chunk=3 start=3072 layer=8 kind=gdn phase=mixer_resid gpu_ms=0.03
[prefill-layer-phase] chunk=3 start=3072 layer=8 kind=moe phase=post_norm gpu_ms=0.02
[prefill-layer-phase] chunk=3 start=3072 layer=8 kind=moe phase=route_fused gpu_ms=0.31
[prefill-layer-phase] chunk=3 start=3072 layer=8 kind=moe phase=routed_swiglu gpu_ms=4.20
[prefill-layer-phase] chunk=3 start=3072 layer=8 kind=moe phase=routed_down gpu_ms=2.63
[prefill-layer-phase] chunk=3 start=3072 layer=8 kind=moe phase=routed_reduce gpu_ms=0.14
[prefill-layer-phase] chunk=3 start=3072 layer=8 kind=moe phase=shared_packed gpu_ms=0.64
[prefill-layer-phase] chunk=3 start=3072 layer=9 kind=gdn phase=pre_norm gpu_ms=0.02
[prefill-layer-phase] chunk=3 start=3072 layer=9 kind=gdn phase=gdn_qkv gpu_ms=2.53
[prefill-layer-phase] chunk=3 start=3072 layer=9 kind=gdn phase=gdn_z gpu_ms=1.29
[prefill-layer-phase] chunk=3 start=3072 layer=9 kind=gdn phase=gdn_beta_alpha gpu_ms=0.17
[prefill-layer-phase] chunk=3 start=3072 layer=9 kind=gdn phase=gdn_alpha_beta gpu_ms=0.01
[prefill-layer-phase] chunk=3 start=3072 layer=9 kind=gdn phase=gdn_prep_conv gpu_ms=0.43
[prefill-layer-phase] chunk=3 start=3072 layer=9 kind=gdn phase=gdn_prep_l2 gpu_ms=0.03
[prefill-layer-phase] chunk=3 start=3072 layer=9 kind=gdn phase=gdn_step gpu_ms=1.55
[prefill-layer-phase] chunk=3 start=3072 layer=9 kind=gdn phase=gdn_gated gpu_ms=0.10
[prefill-layer-phase] chunk=3 start=3072 layer=9 kind=gdn phase=gdn_back gpu_ms=1.30
[prefill-layer-phase] chunk=3 start=3072 layer=9 kind=gdn phase=mixer_resid gpu_ms=0.03
[prefill-layer-phase] chunk=3 start=3072 layer=9 kind=moe phase=post_norm gpu_ms=0.02
[prefill-layer-phase] chunk=3 start=3072 layer=9 kind=moe phase=route_fused gpu_ms=0.31
[prefill-layer-phase] chunk=3 start=3072 layer=9 kind=moe phase=routed_swiglu gpu_ms=4.23
[prefill-layer-phase] chunk=3 start=3072 layer=9 kind=moe phase=routed_down gpu_ms=2.54
[prefill-layer-phase] chunk=3 start=3072 layer=9 kind=moe phase=routed_reduce gpu_ms=0.14
[prefill-layer-phase] chunk=3 start=3072 layer=9 kind=moe phase=shared_packed gpu_ms=0.64
[prefill-layer-phase] chunk=3 start=3072 layer=10 kind=gdn phase=pre_norm gpu_ms=0.02
[prefill-layer-phase] chunk=3 start=3072 layer=10 kind=gdn phase=gdn_qkv gpu_ms=2.53
[prefill-layer-phase] chunk=3 start=3072 layer=10 kind=gdn phase=gdn_z gpu_ms=1.29
[prefill-layer-phase] chunk=3 start=3072 layer=10 kind=gdn phase=gdn_beta_alpha gpu_ms=0.17
[prefill-layer-phase] chunk=3 start=3072 layer=10 kind=gdn phase=gdn_alpha_beta gpu_ms=0.01
[prefill-layer-phase] chunk=3 start=3072 layer=10 kind=gdn phase=gdn_prep_conv gpu_ms=0.43
[prefill-layer-phase] chunk=3 start=3072 layer=10 kind=gdn phase=gdn_prep_l2 gpu_ms=0.04
[prefill-layer-phase] chunk=3 start=3072 layer=10 kind=gdn phase=gdn_step gpu_ms=1.58
[prefill-layer-phase] chunk=3 start=3072 layer=10 kind=gdn phase=gdn_gated gpu_ms=0.10
[prefill-layer-phase] chunk=3 start=3072 layer=10 kind=gdn phase=gdn_back gpu_ms=1.30
[prefill-layer-phase] chunk=3 start=3072 layer=10 kind=gdn phase=mixer_resid gpu_ms=0.03
[prefill-layer-phase] chunk=3 start=3072 layer=10 kind=moe phase=post_norm gpu_ms=0.02
[prefill-layer-phase] chunk=3 start=3072 layer=10 kind=moe phase=route_fused gpu_ms=0.31
[prefill-layer-phase] chunk=3 start=3072 layer=10 kind=moe phase=routed_swiglu gpu_ms=4.11
[prefill-layer-phase] chunk=3 start=3072 layer=10 kind=moe phase=routed_down gpu_ms=2.46
[prefill-layer-phase] chunk=3 start=3072 layer=10 kind=moe phase=routed_reduce gpu_ms=0.14
[prefill-layer-phase] chunk=3 start=3072 layer=10 kind=moe phase=shared_packed gpu_ms=0.64
[prefill-layer-phase] chunk=3 start=3072 layer=11 kind=attn phase=pre_norm gpu_ms=0.02
[prefill-attn-phase] chunk=3 start=3072 layer=11 phase=proj gpu_ms=2.92
[prefill-attn-phase] chunk=3 start=3072 layer=11 phase=norm gpu_ms=0.29
[prefill-attn-phase] chunk=3 start=3072 layer=11 phase=rope_scatter gpu_ms=0.05
[prefill-attn-packed-shape] layer=11 chunk_start=3072 chunk_p=1024 group=8 packed_rows=4 qt=2 row_groups=256 dispatches=512 nwg=64 partial_rw_mib=2064.00
[prefill-attn-matrix-g8-shape] layer=11 chunk_start=3072 chunk_p=1024 query_rows=1024 query_tiles=1 n_pos=4096 score_tile_scratch_mib=136.00 vt_stride=4096 vt_layer_mib=4.00 vt_update_base=3072 vt_update_rows=1024 vt_update_mib=1.00
[prefill-attn-phase] chunk=3 start=3072 layer=11 phase=body_matrix_kq gpu_ms=2.26
[prefill-attn-phase] chunk=3 start=3072 layer=11 phase=body_matrix_kqv gpu_ms=2.25
[prefill-layer-phase] chunk=3 start=3072 layer=11 kind=attn phase=attn_back gpu_ms=1.39
[prefill-layer-phase] chunk=3 start=3072 layer=11 kind=attn phase=mixer_resid gpu_ms=0.03
[prefill-layer-phase] chunk=3 start=3072 layer=11 kind=moe phase=post_norm gpu_ms=0.02
[prefill-layer-phase] chunk=3 start=3072 layer=11 kind=moe phase=route_fused gpu_ms=0.31
[prefill-layer-phase] chunk=3 start=3072 layer=11 kind=moe phase=routed_swiglu gpu_ms=4.23
[prefill-layer-phase] chunk=3 start=3072 layer=11 kind=moe phase=routed_down gpu_ms=2.54
[prefill-layer-phase] chunk=3 start=3072 layer=11 kind=moe phase=routed_reduce gpu_ms=0.14
[prefill-layer-phase] chunk=3 start=3072 layer=11 kind=moe phase=shared_packed gpu_ms=0.64
[prefill-layer-phase] chunk=3 start=3072 layer=12 kind=gdn phase=pre_norm gpu_ms=0.02
[prefill-layer-phase] chunk=3 start=3072 layer=12 kind=gdn phase=gdn_qkv gpu_ms=2.53
[prefill-layer-phase] chunk=3 start=3072 layer=12 kind=gdn phase=gdn_z gpu_ms=1.29
[prefill-layer-phase] chunk=3 start=3072 layer=12 kind=gdn phase=gdn_beta_alpha gpu_ms=0.17
[prefill-layer-phase] chunk=3 start=3072 layer=12 kind=gdn phase=gdn_alpha_beta gpu_ms=0.01
[prefill-layer-phase] chunk=3 start=3072 layer=12 kind=gdn phase=gdn_prep_conv gpu_ms=0.43
[prefill-layer-phase] chunk=3 start=3072 layer=12 kind=gdn phase=gdn_prep_l2 gpu_ms=0.04
[prefill-layer-phase] chunk=3 start=3072 layer=12 kind=gdn phase=gdn_step gpu_ms=1.59
[prefill-layer-phase] chunk=3 start=3072 layer=12 kind=gdn phase=gdn_gated gpu_ms=0.10
[prefill-layer-phase] chunk=3 start=3072 layer=12 kind=gdn phase=gdn_back gpu_ms=1.30
[prefill-layer-phase] chunk=3 start=3072 layer=12 kind=gdn phase=mixer_resid gpu_ms=0.03
[prefill-layer-phase] chunk=3 start=3072 layer=12 kind=moe phase=post_norm gpu_ms=0.02
[prefill-layer-phase] chunk=3 start=3072 layer=12 kind=moe phase=route_fused gpu_ms=0.31
[prefill-layer-phase] chunk=3 start=3072 layer=12 kind=moe phase=routed_swiglu gpu_ms=4.20
[prefill-layer-phase] chunk=3 start=3072 layer=12 kind=moe phase=routed_down gpu_ms=2.52
[prefill-layer-phase] chunk=3 start=3072 layer=12 kind=moe phase=routed_reduce gpu_ms=0.14
[prefill-layer-phase] chunk=3 start=3072 layer=12 kind=moe phase=shared_packed gpu_ms=0.64
[prefill-layer-phase] chunk=3 start=3072 layer=13 kind=gdn phase=pre_norm gpu_ms=0.02
[prefill-layer-phase] chunk=3 start=3072 layer=13 kind=gdn phase=gdn_qkv gpu_ms=2.53
[prefill-layer-phase] chunk=3 start=3072 layer=13 kind=gdn phase=gdn_z gpu_ms=1.29
[prefill-layer-phase] chunk=3 start=3072 layer=13 kind=gdn phase=gdn_beta_alpha gpu_ms=0.17
[prefill-layer-phase] chunk=3 start=3072 layer=13 kind=gdn phase=gdn_alpha_beta gpu_ms=0.00
[prefill-layer-phase] chunk=3 start=3072 layer=13 kind=gdn phase=gdn_prep_conv gpu_ms=0.43
[prefill-layer-phase] chunk=3 start=3072 layer=13 kind=gdn phase=gdn_prep_l2 gpu_ms=0.03
[prefill-layer-phase] chunk=3 start=3072 layer=13 kind=gdn phase=gdn_step gpu_ms=1.55
[prefill-layer-phase] chunk=3 start=3072 layer=13 kind=gdn phase=gdn_gated gpu_ms=0.10
[prefill-layer-phase] chunk=3 start=3072 layer=13 kind=gdn phase=gdn_back gpu_ms=1.30
[prefill-layer-phase] chunk=3 start=3072 layer=13 kind=gdn phase=mixer_resid gpu_ms=0.03
[prefill-layer-phase] chunk=3 start=3072 layer=13 kind=moe phase=post_norm gpu_ms=0.02
[prefill-layer-phase] chunk=3 start=3072 layer=13 kind=moe phase=route_fused gpu_ms=0.30
[prefill-layer-phase] chunk=3 start=3072 layer=13 kind=moe phase=routed_swiglu gpu_ms=4.13
[prefill-layer-phase] chunk=3 start=3072 layer=13 kind=moe phase=routed_down gpu_ms=2.34
[prefill-layer-phase] chunk=3 start=3072 layer=13 kind=moe phase=routed_reduce gpu_ms=0.14
[prefill-layer-phase] chunk=3 start=3072 layer=13 kind=moe phase=shared_packed gpu_ms=0.64
[prefill-layer-phase] chunk=3 start=3072 layer=14 kind=gdn phase=pre_norm gpu_ms=0.02
[prefill-layer-phase] chunk=3 start=3072 layer=14 kind=gdn phase=gdn_qkv gpu_ms=2.53
[prefill-layer-phase] chunk=3 start=3072 layer=14 kind=gdn phase=gdn_z gpu_ms=1.29
[prefill-layer-phase] chunk=3 start=3072 layer=14 kind=gdn phase=gdn_beta_alpha gpu_ms=0.17
[prefill-layer-phase] chunk=3 start=3072 layer=14 kind=gdn phase=gdn_alpha_beta gpu_ms=0.00
[prefill-layer-phase] chunk=3 start=3072 layer=14 kind=gdn phase=gdn_prep_conv gpu_ms=0.43
[prefill-layer-phase] chunk=3 start=3072 layer=14 kind=gdn phase=gdn_prep_l2 gpu_ms=0.04
[prefill-layer-phase] chunk=3 start=3072 layer=14 kind=gdn phase=gdn_step gpu_ms=1.58
[prefill-layer-phase] chunk=3 start=3072 layer=14 kind=gdn phase=gdn_gated gpu_ms=0.10
[prefill-layer-phase] chunk=3 start=3072 layer=14 kind=gdn phase=gdn_back gpu_ms=1.30
[prefill-layer-phase] chunk=3 start=3072 layer=14 kind=gdn phase=mixer_resid gpu_ms=0.03
[prefill-layer-phase] chunk=3 start=3072 layer=14 kind=moe phase=post_norm gpu_ms=0.02
[prefill-layer-phase] chunk=3 start=3072 layer=14 kind=moe phase=route_fused gpu_ms=0.31
[prefill-layer-phase] chunk=3 start=3072 layer=14 kind=moe phase=routed_swiglu gpu_ms=4.18
[prefill-layer-phase] chunk=3 start=3072 layer=14 kind=moe phase=routed_down gpu_ms=2.45
[prefill-layer-phase] chunk=3 start=3072 layer=14 kind=moe phase=routed_reduce gpu_ms=0.14
[prefill-layer-phase] chunk=3 start=3072 layer=14 kind=moe phase=shared_packed gpu_ms=0.64
[prefill-layer-phase] chunk=3 start=3072 layer=15 kind=attn phase=pre_norm gpu_ms=0.02
[prefill-attn-phase] chunk=3 start=3072 layer=15 phase=proj gpu_ms=2.92
[prefill-attn-phase] chunk=3 start=3072 layer=15 phase=norm gpu_ms=0.29
[prefill-attn-phase] chunk=3 start=3072 layer=15 phase=rope_scatter gpu_ms=0.06
[prefill-attn-packed-shape] layer=15 chunk_start=3072 chunk_p=1024 group=8 packed_rows=4 qt=2 row_groups=256 dispatches=512 nwg=64 partial_rw_mib=2064.00
[prefill-attn-matrix-g8-shape] layer=15 chunk_start=3072 chunk_p=1024 query_rows=1024 query_tiles=1 n_pos=4096 score_tile_scratch_mib=136.00 vt_stride=4096 vt_layer_mib=4.00 vt_update_base=3072 vt_update_rows=1024 vt_update_mib=1.00
[prefill-attn-phase] chunk=3 start=3072 layer=15 phase=body_matrix_kq gpu_ms=2.25
[prefill-attn-phase] chunk=3 start=3072 layer=15 phase=body_matrix_kqv gpu_ms=2.25
[prefill-layer-phase] chunk=3 start=3072 layer=15 kind=attn phase=attn_back gpu_ms=1.39
[prefill-layer-phase] chunk=3 start=3072 layer=15 kind=attn phase=mixer_resid gpu_ms=0.03
[prefill-layer-phase] chunk=3 start=3072 layer=15 kind=moe phase=post_norm gpu_ms=0.02
[prefill-layer-phase] chunk=3 start=3072 layer=15 kind=moe phase=route_fused gpu_ms=0.31
[prefill-layer-phase] chunk=3 start=3072 layer=15 kind=moe phase=routed_swiglu gpu_ms=4.10
[prefill-layer-phase] chunk=3 start=3072 layer=15 kind=moe phase=routed_down gpu_ms=2.43
[prefill-layer-phase] chunk=3 start=3072 layer=15 kind=moe phase=routed_reduce gpu_ms=0.14
[prefill-layer-phase] chunk=3 start=3072 layer=15 kind=moe phase=shared_packed gpu_ms=0.64
[prefill-layer-phase] chunk=3 start=3072 layer=16 kind=gdn phase=pre_norm gpu_ms=0.02
[prefill-layer-phase] chunk=3 start=3072 layer=16 kind=gdn phase=gdn_qkv gpu_ms=2.53
[prefill-layer-phase] chunk=3 start=3072 layer=16 kind=gdn phase=gdn_z gpu_ms=1.29
[prefill-layer-phase] chunk=3 start=3072 layer=16 kind=gdn phase=gdn_beta_alpha gpu_ms=0.17
[prefill-layer-phase] chunk=3 start=3072 layer=16 kind=gdn phase=gdn_alpha_beta gpu_ms=0.00
[prefill-layer-phase] chunk=3 start=3072 layer=16 kind=gdn phase=gdn_prep_conv gpu_ms=0.43
[prefill-layer-phase] chunk=3 start=3072 layer=16 kind=gdn phase=gdn_prep_l2 gpu_ms=0.04
[prefill-layer-phase] chunk=3 start=3072 layer=16 kind=gdn phase=gdn_step gpu_ms=1.58
[prefill-layer-phase] chunk=3 start=3072 layer=16 kind=gdn phase=gdn_gated gpu_ms=0.10
[prefill-layer-phase] chunk=3 start=3072 layer=16 kind=gdn phase=gdn_back gpu_ms=1.30
[prefill-layer-phase] chunk=3 start=3072 layer=16 kind=gdn phase=mixer_resid gpu_ms=0.03
[prefill-layer-phase] chunk=3 start=3072 layer=16 kind=moe phase=post_norm gpu_ms=0.02
[prefill-layer-phase] chunk=3 start=3072 layer=16 kind=moe phase=route_fused gpu_ms=0.31
[prefill-layer-phase] chunk=3 start=3072 layer=16 kind=moe phase=routed_swiglu gpu_ms=3.81
[prefill-layer-phase] chunk=3 start=3072 layer=16 kind=moe phase=routed_down gpu_ms=2.19
[prefill-layer-phase] chunk=3 start=3072 layer=16 kind=moe phase=routed_reduce gpu_ms=0.14
[prefill-layer-phase] chunk=3 start=3072 layer=16 kind=moe phase=shared_packed gpu_ms=0.64
[prefill-layer-phase] chunk=3 start=3072 layer=17 kind=gdn phase=pre_norm gpu_ms=0.02
[prefill-layer-phase] chunk=3 start=3072 layer=17 kind=gdn phase=gdn_qkv gpu_ms=2.53
[prefill-layer-phase] chunk=3 start=3072 layer=17 kind=gdn phase=gdn_z gpu_ms=1.29
[prefill-layer-phase] chunk=3 start=3072 layer=17 kind=gdn phase=gdn_beta_alpha gpu_ms=0.17
[prefill-layer-phase] chunk=3 start=3072 layer=17 kind=gdn phase=gdn_alpha_beta gpu_ms=0.00
[prefill-layer-phase] chunk=3 start=3072 layer=17 kind=gdn phase=gdn_prep_conv gpu_ms=0.43
[prefill-layer-phase] chunk=3 start=3072 layer=17 kind=gdn phase=gdn_prep_l2 gpu_ms=0.04
[prefill-layer-phase] chunk=3 start=3072 layer=17 kind=gdn phase=gdn_step gpu_ms=1.58
[prefill-layer-phase] chunk=3 start=3072 layer=17 kind=gdn phase=gdn_gated gpu_ms=0.10
[prefill-layer-phase] chunk=3 start=3072 layer=17 kind=gdn phase=gdn_back gpu_ms=1.30
[prefill-layer-phase] chunk=3 start=3072 layer=17 kind=gdn phase=mixer_resid gpu_ms=0.03
[prefill-layer-phase] chunk=3 start=3072 layer=17 kind=moe phase=post_norm gpu_ms=0.02
[prefill-layer-phase] chunk=3 start=3072 layer=17 kind=moe phase=route_fused gpu_ms=0.31
[prefill-layer-phase] chunk=3 start=3072 layer=17 kind=moe phase=routed_swiglu gpu_ms=3.91
[prefill-layer-phase] chunk=3 start=3072 layer=17 kind=moe phase=routed_down gpu_ms=2.28
[prefill-layer-phase] chunk=3 start=3072 layer=17 kind=moe phase=routed_reduce gpu_ms=0.14
[prefill-layer-phase] chunk=3 start=3072 layer=17 kind=moe phase=shared_packed gpu_ms=0.64
[prefill-layer-phase] chunk=3 start=3072 layer=18 kind=gdn phase=pre_norm gpu_ms=0.02
[prefill-layer-phase] chunk=3 start=3072 layer=18 kind=gdn phase=gdn_qkv gpu_ms=2.53
[prefill-layer-phase] chunk=3 start=3072 layer=18 kind=gdn phase=gdn_z gpu_ms=1.29
[prefill-layer-phase] chunk=3 start=3072 layer=18 kind=gdn phase=gdn_beta_alpha gpu_ms=0.17
[prefill-layer-phase] chunk=3 start=3072 layer=18 kind=gdn phase=gdn_alpha_beta gpu_ms=0.01
[prefill-layer-phase] chunk=3 start=3072 layer=18 kind=gdn phase=gdn_prep_conv gpu_ms=0.43
[prefill-layer-phase] chunk=3 start=3072 layer=18 kind=gdn phase=gdn_prep_l2 gpu_ms=0.04
[prefill-layer-phase] chunk=3 start=3072 layer=18 kind=gdn phase=gdn_step gpu_ms=1.57
[prefill-layer-phase] chunk=3 start=3072 layer=18 kind=gdn phase=gdn_gated gpu_ms=0.10
[prefill-layer-phase] chunk=3 start=3072 layer=18 kind=gdn phase=gdn_back gpu_ms=1.30
[prefill-layer-phase] chunk=3 start=3072 layer=18 kind=gdn phase=mixer_resid gpu_ms=0.04
[prefill-layer-phase] chunk=3 start=3072 layer=18 kind=moe phase=post_norm gpu_ms=0.02
[prefill-layer-phase] chunk=3 start=3072 layer=18 kind=moe phase=route_fused gpu_ms=0.31
[prefill-layer-phase] chunk=3 start=3072 layer=18 kind=moe phase=routed_swiglu gpu_ms=4.08
[prefill-layer-phase] chunk=3 start=3072 layer=18 kind=moe phase=routed_down gpu_ms=2.46
[prefill-layer-phase] chunk=3 start=3072 layer=18 kind=moe phase=routed_reduce gpu_ms=0.14
[prefill-layer-phase] chunk=3 start=3072 layer=18 kind=moe phase=shared_packed gpu_ms=0.64
[prefill-layer-phase] chunk=3 start=3072 layer=19 kind=attn phase=pre_norm gpu_ms=0.02
[prefill-attn-phase] chunk=3 start=3072 layer=19 phase=proj gpu_ms=2.92
[prefill-attn-phase] chunk=3 start=3072 layer=19 phase=norm gpu_ms=0.29
[prefill-attn-phase] chunk=3 start=3072 layer=19 phase=rope_scatter gpu_ms=0.05
[prefill-attn-packed-shape] layer=19 chunk_start=3072 chunk_p=1024 group=8 packed_rows=4 qt=2 row_groups=256 dispatches=512 nwg=64 partial_rw_mib=2064.00
[prefill-attn-matrix-g8-shape] layer=19 chunk_start=3072 chunk_p=1024 query_rows=1024 query_tiles=1 n_pos=4096 score_tile_scratch_mib=136.00 vt_stride=4096 vt_layer_mib=4.00 vt_update_base=3072 vt_update_rows=1024 vt_update_mib=1.00
[prefill-attn-phase] chunk=3 start=3072 layer=19 phase=body_matrix_kq gpu_ms=2.26
[prefill-attn-phase] chunk=3 start=3072 layer=19 phase=body_matrix_kqv gpu_ms=2.25
[prefill-layer-phase] chunk=3 start=3072 layer=19 kind=attn phase=attn_back gpu_ms=1.39
[prefill-layer-phase] chunk=3 start=3072 layer=19 kind=attn phase=mixer_resid gpu_ms=0.03
[prefill-layer-phase] chunk=3 start=3072 layer=19 kind=moe phase=post_norm gpu_ms=0.02
[prefill-layer-phase] chunk=3 start=3072 layer=19 kind=moe phase=route_fused gpu_ms=0.31
[prefill-layer-phase] chunk=3 start=3072 layer=19 kind=moe phase=routed_swiglu gpu_ms=4.18
[prefill-layer-phase] chunk=3 start=3072 layer=19 kind=moe phase=routed_down gpu_ms=2.40
[prefill-layer-phase] chunk=3 start=3072 layer=19 kind=moe phase=routed_reduce gpu_ms=0.14
[prefill-layer-phase] chunk=3 start=3072 layer=19 kind=moe phase=shared_packed gpu_ms=0.63
[prefill-layer-phase] chunk=3 start=3072 layer=20 kind=gdn phase=pre_norm gpu_ms=0.02
[prefill-layer-phase] chunk=3 start=3072 layer=20 kind=gdn phase=gdn_qkv gpu_ms=2.53
[prefill-layer-phase] chunk=3 start=3072 layer=20 kind=gdn phase=gdn_z gpu_ms=1.29
[prefill-layer-phase] chunk=3 start=3072 layer=20 kind=gdn phase=gdn_beta_alpha gpu_ms=0.17
[prefill-layer-phase] chunk=3 start=3072 layer=20 kind=gdn phase=gdn_alpha_beta gpu_ms=0.00
[prefill-layer-phase] chunk=3 start=3072 layer=20 kind=gdn phase=gdn_prep_conv gpu_ms=0.43
[prefill-layer-phase] chunk=3 start=3072 layer=20 kind=gdn phase=gdn_prep_l2 gpu_ms=0.04
[prefill-layer-phase] chunk=3 start=3072 layer=20 kind=gdn phase=gdn_step gpu_ms=1.57
[prefill-layer-phase] chunk=3 start=3072 layer=20 kind=gdn phase=gdn_gated gpu_ms=0.10
[prefill-layer-phase] chunk=3 start=3072 layer=20 kind=gdn phase=gdn_back gpu_ms=1.30
[prefill-layer-phase] chunk=3 start=3072 layer=20 kind=gdn phase=mixer_resid gpu_ms=0.03
[prefill-layer-phase] chunk=3 start=3072 layer=20 kind=moe phase=post_norm gpu_ms=0.02
[prefill-layer-phase] chunk=3 start=3072 layer=20 kind=moe phase=route_fused gpu_ms=0.31
[prefill-layer-phase] chunk=3 start=3072 layer=20 kind=moe phase=routed_swiglu gpu_ms=4.36
[prefill-layer-phase] chunk=3 start=3072 layer=20 kind=moe phase=routed_down gpu_ms=2.64
[prefill-layer-phase] chunk=3 start=3072 layer=20 kind=moe phase=routed_reduce gpu_ms=0.14
[prefill-layer-phase] chunk=3 start=3072 layer=20 kind=moe phase=shared_packed gpu_ms=0.64
[prefill-layer-phase] chunk=3 start=3072 layer=21 kind=gdn phase=pre_norm gpu_ms=0.02
[prefill-layer-phase] chunk=3 start=3072 layer=21 kind=gdn phase=gdn_qkv gpu_ms=2.53
[prefill-layer-phase] chunk=3 start=3072 layer=21 kind=gdn phase=gdn_z gpu_ms=1.29
[prefill-layer-phase] chunk=3 start=3072 layer=21 kind=gdn phase=gdn_beta_alpha gpu_ms=0.17
[prefill-layer-phase] chunk=3 start=3072 layer=21 kind=gdn phase=gdn_alpha_beta gpu_ms=0.01
[prefill-layer-phase] chunk=3 start=3072 layer=21 kind=gdn phase=gdn_prep_conv gpu_ms=0.43
[prefill-layer-phase] chunk=3 start=3072 layer=21 kind=gdn phase=gdn_prep_l2 gpu_ms=0.04
[prefill-layer-phase] chunk=3 start=3072 layer=21 kind=gdn phase=gdn_step gpu_ms=1.56
[prefill-layer-phase] chunk=3 start=3072 layer=21 kind=gdn phase=gdn_gated gpu_ms=0.10
[prefill-layer-phase] chunk=3 start=3072 layer=21 kind=gdn phase=gdn_back gpu_ms=1.30
[prefill-layer-phase] chunk=3 start=3072 layer=21 kind=gdn phase=mixer_resid gpu_ms=0.03
[prefill-layer-phase] chunk=3 start=3072 layer=21 kind=moe phase=post_norm gpu_ms=0.02
[prefill-layer-phase] chunk=3 start=3072 layer=21 kind=moe phase=route_fused gpu_ms=0.31
[prefill-layer-phase] chunk=3 start=3072 layer=21 kind=moe phase=routed_swiglu gpu_ms=4.19
[prefill-layer-phase] chunk=3 start=3072 layer=21 kind=moe phase=routed_down gpu_ms=2.48
[prefill-layer-phase] chunk=3 start=3072 layer=21 kind=moe phase=routed_reduce gpu_ms=0.14
[prefill-layer-phase] chunk=3 start=3072 layer=21 kind=moe phase=shared_packed gpu_ms=0.64
[prefill-layer-phase] chunk=3 start=3072 layer=22 kind=gdn phase=pre_norm gpu_ms=0.02
[prefill-layer-phase] chunk=3 start=3072 layer=22 kind=gdn phase=gdn_qkv gpu_ms=2.53
[prefill-layer-phase] chunk=3 start=3072 layer=22 kind=gdn phase=gdn_z gpu_ms=1.29
[prefill-layer-phase] chunk=3 start=3072 layer=22 kind=gdn phase=gdn_beta_alpha gpu_ms=0.17
[prefill-layer-phase] chunk=3 start=3072 layer=22 kind=gdn phase=gdn_alpha_beta gpu_ms=0.00
[prefill-layer-phase] chunk=3 start=3072 layer=22 kind=gdn phase=gdn_prep_conv gpu_ms=0.43
[prefill-layer-phase] chunk=3 start=3072 layer=22 kind=gdn phase=gdn_prep_l2 gpu_ms=0.04
[prefill-layer-phase] chunk=3 start=3072 layer=22 kind=gdn phase=gdn_step gpu_ms=1.54
[prefill-layer-phase] chunk=3 start=3072 layer=22 kind=gdn phase=gdn_gated gpu_ms=0.10
[prefill-layer-phase] chunk=3 start=3072 layer=22 kind=gdn phase=gdn_back gpu_ms=1.30
[prefill-layer-phase] chunk=3 start=3072 layer=22 kind=gdn phase=mixer_resid gpu_ms=0.03
[prefill-layer-phase] chunk=3 start=3072 layer=22 kind=moe phase=post_norm gpu_ms=0.02
[prefill-layer-phase] chunk=3 start=3072 layer=22 kind=moe phase=route_fused gpu_ms=0.31
[prefill-layer-phase] chunk=3 start=3072 layer=22 kind=moe phase=routed_swiglu gpu_ms=4.14
[prefill-layer-phase] chunk=3 start=3072 layer=22 kind=moe phase=routed_down gpu_ms=2.46
[prefill-layer-phase] chunk=3 start=3072 layer=22 kind=moe phase=routed_reduce gpu_ms=0.14
[prefill-layer-phase] chunk=3 start=3072 layer=22 kind=moe phase=shared_packed gpu_ms=0.63
[prefill-layer-phase] chunk=3 start=3072 layer=23 kind=attn phase=pre_norm gpu_ms=0.03
[prefill-attn-phase] chunk=3 start=3072 layer=23 phase=proj gpu_ms=2.92
[prefill-attn-phase] chunk=3 start=3072 layer=23 phase=norm gpu_ms=0.29
[prefill-attn-phase] chunk=3 start=3072 layer=23 phase=rope_scatter gpu_ms=0.05
[prefill-attn-packed-shape] layer=23 chunk_start=3072 chunk_p=1024 group=8 packed_rows=4 qt=2 row_groups=256 dispatches=512 nwg=64 partial_rw_mib=2064.00
[prefill-attn-matrix-g8-shape] layer=23 chunk_start=3072 chunk_p=1024 query_rows=1024 query_tiles=1 n_pos=4096 score_tile_scratch_mib=136.00 vt_stride=4096 vt_layer_mib=4.00 vt_update_base=3072 vt_update_rows=1024 vt_update_mib=1.00
[prefill-attn-phase] chunk=3 start=3072 layer=23 phase=body_matrix_kq gpu_ms=2.26
[prefill-attn-phase] chunk=3 start=3072 layer=23 phase=body_matrix_kqv gpu_ms=2.25
[prefill-layer-phase] chunk=3 start=3072 layer=23 kind=attn phase=attn_back gpu_ms=1.39
[prefill-layer-phase] chunk=3 start=3072 layer=23 kind=attn phase=mixer_resid gpu_ms=0.03
[prefill-layer-phase] chunk=3 start=3072 layer=23 kind=moe phase=post_norm gpu_ms=0.02
[prefill-layer-phase] chunk=3 start=3072 layer=23 kind=moe phase=route_fused gpu_ms=0.31
[prefill-layer-phase] chunk=3 start=3072 layer=23 kind=moe phase=routed_swiglu gpu_ms=4.09
[prefill-layer-phase] chunk=3 start=3072 layer=23 kind=moe phase=routed_down gpu_ms=2.35
[prefill-layer-phase] chunk=3 start=3072 layer=23 kind=moe phase=routed_reduce gpu_ms=0.14
[prefill-layer-phase] chunk=3 start=3072 layer=23 kind=moe phase=shared_packed gpu_ms=0.64
[prefill-layer-phase] chunk=3 start=3072 layer=24 kind=gdn phase=pre_norm gpu_ms=0.02
[prefill-layer-phase] chunk=3 start=3072 layer=24 kind=gdn phase=gdn_qkv gpu_ms=2.53
[prefill-layer-phase] chunk=3 start=3072 layer=24 kind=gdn phase=gdn_z gpu_ms=1.29
[prefill-layer-phase] chunk=3 start=3072 layer=24 kind=gdn phase=gdn_beta_alpha gpu_ms=0.17
[prefill-layer-phase] chunk=3 start=3072 layer=24 kind=gdn phase=gdn_alpha_beta gpu_ms=0.00
[prefill-layer-phase] chunk=3 start=3072 layer=24 kind=gdn phase=gdn_prep_conv gpu_ms=0.43
[prefill-layer-phase] chunk=3 start=3072 layer=24 kind=gdn phase=gdn_prep_l2 gpu_ms=0.04
[prefill-layer-phase] chunk=3 start=3072 layer=24 kind=gdn phase=gdn_step gpu_ms=1.54
[prefill-layer-phase] chunk=3 start=3072 layer=24 kind=gdn phase=gdn_gated gpu_ms=0.10
[prefill-layer-phase] chunk=3 start=3072 layer=24 kind=gdn phase=gdn_back gpu_ms=1.30
[prefill-layer-phase] chunk=3 start=3072 layer=24 kind=gdn phase=mixer_resid gpu_ms=0.03
[prefill-layer-phase] chunk=3 start=3072 layer=24 kind=moe phase=post_norm gpu_ms=0.02
[prefill-layer-phase] chunk=3 start=3072 layer=24 kind=moe phase=route_fused gpu_ms=0.31
[prefill-layer-phase] chunk=3 start=3072 layer=24 kind=moe phase=routed_swiglu gpu_ms=4.05
[prefill-layer-phase] chunk=3 start=3072 layer=24 kind=moe phase=routed_down gpu_ms=2.41
[prefill-layer-phase] chunk=3 start=3072 layer=24 kind=moe phase=routed_reduce gpu_ms=0.14
[prefill-layer-phase] chunk=3 start=3072 layer=24 kind=moe phase=shared_packed gpu_ms=0.64
[prefill-layer-phase] chunk=3 start=3072 layer=25 kind=gdn phase=pre_norm gpu_ms=0.02
[prefill-layer-phase] chunk=3 start=3072 layer=25 kind=gdn phase=gdn_qkv gpu_ms=2.53
[prefill-layer-phase] chunk=3 start=3072 layer=25 kind=gdn phase=gdn_z gpu_ms=1.29
[prefill-layer-phase] chunk=3 start=3072 layer=25 kind=gdn phase=gdn_beta_alpha gpu_ms=0.17
[prefill-layer-phase] chunk=3 start=3072 layer=25 kind=gdn phase=gdn_alpha_beta gpu_ms=0.01
[prefill-layer-phase] chunk=3 start=3072 layer=25 kind=gdn phase=gdn_prep_conv gpu_ms=0.43
[prefill-layer-phase] chunk=3 start=3072 layer=25 kind=gdn phase=gdn_prep_l2 gpu_ms=0.03
[prefill-layer-phase] chunk=3 start=3072 layer=25 kind=gdn phase=gdn_step gpu_ms=1.57
[prefill-layer-phase] chunk=3 start=3072 layer=25 kind=gdn phase=gdn_gated gpu_ms=0.10
[prefill-layer-phase] chunk=3 start=3072 layer=25 kind=gdn phase=gdn_back gpu_ms=1.30
[prefill-layer-phase] chunk=3 start=3072 layer=25 kind=gdn phase=mixer_resid gpu_ms=0.03
[prefill-layer-phase] chunk=3 start=3072 layer=25 kind=moe phase=post_norm gpu_ms=0.02
[prefill-layer-phase] chunk=3 start=3072 layer=25 kind=moe phase=route_fused gpu_ms=0.31
[prefill-layer-phase] chunk=3 start=3072 layer=25 kind=moe phase=routed_swiglu gpu_ms=3.99
[prefill-layer-phase] chunk=3 start=3072 layer=25 kind=moe phase=routed_down gpu_ms=2.35
[prefill-layer-phase] chunk=3 start=3072 layer=25 kind=moe phase=routed_reduce gpu_ms=0.14
[prefill-layer-phase] chunk=3 start=3072 layer=25 kind=moe phase=shared_packed gpu_ms=0.63
[prefill-layer-phase] chunk=3 start=3072 layer=26 kind=gdn phase=pre_norm gpu_ms=0.02
[prefill-layer-phase] chunk=3 start=3072 layer=26 kind=gdn phase=gdn_qkv gpu_ms=2.53
[prefill-layer-phase] chunk=3 start=3072 layer=26 kind=gdn phase=gdn_z gpu_ms=1.29
[prefill-layer-phase] chunk=3 start=3072 layer=26 kind=gdn phase=gdn_beta_alpha gpu_ms=0.17
[prefill-layer-phase] chunk=3 start=3072 layer=26 kind=gdn phase=gdn_alpha_beta gpu_ms=0.01
[prefill-layer-phase] chunk=3 start=3072 layer=26 kind=gdn phase=gdn_prep_conv gpu_ms=0.43
[prefill-layer-phase] chunk=3 start=3072 layer=26 kind=gdn phase=gdn_prep_l2 gpu_ms=0.04
[prefill-layer-phase] chunk=3 start=3072 layer=26 kind=gdn phase=gdn_step gpu_ms=1.57
[prefill-layer-phase] chunk=3 start=3072 layer=26 kind=gdn phase=gdn_gated gpu_ms=0.10
[prefill-layer-phase] chunk=3 start=3072 layer=26 kind=gdn phase=gdn_back gpu_ms=1.30
[prefill-layer-phase] chunk=3 start=3072 layer=26 kind=gdn phase=mixer_resid gpu_ms=0.03
[prefill-layer-phase] chunk=3 start=3072 layer=26 kind=moe phase=post_norm gpu_ms=0.02
[prefill-layer-phase] chunk=3 start=3072 layer=26 kind=moe phase=route_fused gpu_ms=0.31
[prefill-layer-phase] chunk=3 start=3072 layer=26 kind=moe phase=routed_swiglu gpu_ms=4.04
[prefill-layer-phase] chunk=3 start=3072 layer=26 kind=moe phase=routed_down gpu_ms=2.49
[prefill-layer-phase] chunk=3 start=3072 layer=26 kind=moe phase=routed_reduce gpu_ms=0.14
[prefill-layer-phase] chunk=3 start=3072 layer=26 kind=moe phase=shared_packed gpu_ms=0.64
[prefill-layer-phase] chunk=3 start=3072 layer=27 kind=attn phase=pre_norm gpu_ms=0.02
[prefill-attn-phase] chunk=3 start=3072 layer=27 phase=proj gpu_ms=2.91
[prefill-attn-phase] chunk=3 start=3072 layer=27 phase=norm gpu_ms=0.29
[prefill-attn-phase] chunk=3 start=3072 layer=27 phase=rope_scatter gpu_ms=0.05
[prefill-attn-packed-shape] layer=27 chunk_start=3072 chunk_p=1024 group=8 packed_rows=4 qt=2 row_groups=256 dispatches=512 nwg=64 partial_rw_mib=2064.00
[prefill-attn-matrix-g8-shape] layer=27 chunk_start=3072 chunk_p=1024 query_rows=1024 query_tiles=1 n_pos=4096 score_tile_scratch_mib=136.00 vt_stride=4096 vt_layer_mib=4.00 vt_update_base=3072 vt_update_rows=1024 vt_update_mib=1.00
[prefill-attn-phase] chunk=3 start=3072 layer=27 phase=body_matrix_kq gpu_ms=2.26
[prefill-attn-phase] chunk=3 start=3072 layer=27 phase=body_matrix_kqv gpu_ms=2.25
[prefill-layer-phase] chunk=3 start=3072 layer=27 kind=attn phase=attn_back gpu_ms=1.39
[prefill-layer-phase] chunk=3 start=3072 layer=27 kind=attn phase=mixer_resid gpu_ms=0.03
[prefill-layer-phase] chunk=3 start=3072 layer=27 kind=moe phase=post_norm gpu_ms=0.02
[prefill-layer-phase] chunk=3 start=3072 layer=27 kind=moe phase=route_fused gpu_ms=0.31
[prefill-layer-phase] chunk=3 start=3072 layer=27 kind=moe phase=routed_swiglu gpu_ms=4.06
[prefill-layer-phase] chunk=3 start=3072 layer=27 kind=moe phase=routed_down gpu_ms=2.42
[prefill-layer-phase] chunk=3 start=3072 layer=27 kind=moe phase=routed_reduce gpu_ms=0.14
[prefill-layer-phase] chunk=3 start=3072 layer=27 kind=moe phase=shared_packed gpu_ms=0.64
[prefill-layer-phase] chunk=3 start=3072 layer=28 kind=gdn phase=pre_norm gpu_ms=0.02
[prefill-layer-phase] chunk=3 start=3072 layer=28 kind=gdn phase=gdn_qkv gpu_ms=2.53
[prefill-layer-phase] chunk=3 start=3072 layer=28 kind=gdn phase=gdn_z gpu_ms=1.29
[prefill-layer-phase] chunk=3 start=3072 layer=28 kind=gdn phase=gdn_beta_alpha gpu_ms=0.17
[prefill-layer-phase] chunk=3 start=3072 layer=28 kind=gdn phase=gdn_alpha_beta gpu_ms=0.01
[prefill-layer-phase] chunk=3 start=3072 layer=28 kind=gdn phase=gdn_prep_conv gpu_ms=0.43
[prefill-layer-phase] chunk=3 start=3072 layer=28 kind=gdn phase=gdn_prep_l2 gpu_ms=0.04
[prefill-layer-phase] chunk=3 start=3072 layer=28 kind=gdn phase=gdn_step gpu_ms=1.55
[prefill-layer-phase] chunk=3 start=3072 layer=28 kind=gdn phase=gdn_gated gpu_ms=0.10
[prefill-layer-phase] chunk=3 start=3072 layer=28 kind=gdn phase=gdn_back gpu_ms=1.30
[prefill-layer-phase] chunk=3 start=3072 layer=28 kind=gdn phase=mixer_resid gpu_ms=0.03
[prefill-layer-phase] chunk=3 start=3072 layer=28 kind=moe phase=post_norm gpu_ms=0.02
[prefill-layer-phase] chunk=3 start=3072 layer=28 kind=moe phase=route_fused gpu_ms=0.31
[prefill-layer-phase] chunk=3 start=3072 layer=28 kind=moe phase=routed_swiglu gpu_ms=3.95
[prefill-layer-phase] chunk=3 start=3072 layer=28 kind=moe phase=routed_down gpu_ms=2.27
[prefill-layer-phase] chunk=3 start=3072 layer=28 kind=moe phase=routed_reduce gpu_ms=0.15
[prefill-layer-phase] chunk=3 start=3072 layer=28 kind=moe phase=shared_packed gpu_ms=0.64
[prefill-layer-phase] chunk=3 start=3072 layer=29 kind=gdn phase=pre_norm gpu_ms=0.02
[prefill-layer-phase] chunk=3 start=3072 layer=29 kind=gdn phase=gdn_qkv gpu_ms=2.53
[prefill-layer-phase] chunk=3 start=3072 layer=29 kind=gdn phase=gdn_z gpu_ms=1.29
[prefill-layer-phase] chunk=3 start=3072 layer=29 kind=gdn phase=gdn_beta_alpha gpu_ms=0.17
[prefill-layer-phase] chunk=3 start=3072 layer=29 kind=gdn phase=gdn_alpha_beta gpu_ms=0.01
[prefill-layer-phase] chunk=3 start=3072 layer=29 kind=gdn phase=gdn_prep_conv gpu_ms=0.43
[prefill-layer-phase] chunk=3 start=3072 layer=29 kind=gdn phase=gdn_prep_l2 gpu_ms=0.04
[prefill-layer-phase] chunk=3 start=3072 layer=29 kind=gdn phase=gdn_step gpu_ms=1.57
[prefill-layer-phase] chunk=3 start=3072 layer=29 kind=gdn phase=gdn_gated gpu_ms=0.10
[prefill-layer-phase] chunk=3 start=3072 layer=29 kind=gdn phase=gdn_back gpu_ms=1.30
[prefill-layer-phase] chunk=3 start=3072 layer=29 kind=gdn phase=mixer_resid gpu_ms=0.03
[prefill-layer-phase] chunk=3 start=3072 layer=29 kind=moe phase=post_norm gpu_ms=0.02
[prefill-layer-phase] chunk=3 start=3072 layer=29 kind=moe phase=route_fused gpu_ms=0.30
[prefill-layer-phase] chunk=3 start=3072 layer=29 kind=moe phase=routed_swiglu gpu_ms=3.89
[prefill-layer-phase] chunk=3 start=3072 layer=29 kind=moe phase=routed_down gpu_ms=2.32
[prefill-layer-phase] chunk=3 start=3072 layer=29 kind=moe phase=routed_reduce gpu_ms=0.14
[prefill-layer-phase] chunk=3 start=3072 layer=29 kind=moe phase=shared_packed gpu_ms=0.64
[prefill-layer-phase] chunk=3 start=3072 layer=30 kind=gdn phase=pre_norm gpu_ms=0.03
[prefill-layer-phase] chunk=3 start=3072 layer=30 kind=gdn phase=gdn_qkv gpu_ms=2.53
[prefill-layer-phase] chunk=3 start=3072 layer=30 kind=gdn phase=gdn_z gpu_ms=1.29
[prefill-layer-phase] chunk=3 start=3072 layer=30 kind=gdn phase=gdn_beta_alpha gpu_ms=0.17
[prefill-layer-phase] chunk=3 start=3072 layer=30 kind=gdn phase=gdn_alpha_beta gpu_ms=0.01
[prefill-layer-phase] chunk=3 start=3072 layer=30 kind=gdn phase=gdn_prep_conv gpu_ms=0.43
[prefill-layer-phase] chunk=3 start=3072 layer=30 kind=gdn phase=gdn_prep_l2 gpu_ms=0.04
[prefill-layer-phase] chunk=3 start=3072 layer=30 kind=gdn phase=gdn_step gpu_ms=1.59
[prefill-layer-phase] chunk=3 start=3072 layer=30 kind=gdn phase=gdn_gated gpu_ms=0.10
[prefill-layer-phase] chunk=3 start=3072 layer=30 kind=gdn phase=gdn_back gpu_ms=1.30
[prefill-layer-phase] chunk=3 start=3072 layer=30 kind=gdn phase=mixer_resid gpu_ms=0.03
[prefill-layer-phase] chunk=3 start=3072 layer=30 kind=moe phase=post_norm gpu_ms=0.02
[prefill-layer-phase] chunk=3 start=3072 layer=30 kind=moe phase=route_fused gpu_ms=0.31
[prefill-layer-phase] chunk=3 start=3072 layer=30 kind=moe phase=routed_swiglu gpu_ms=4.03
[prefill-layer-phase] chunk=3 start=3072 layer=30 kind=moe phase=routed_down gpu_ms=2.48
[prefill-layer-phase] chunk=3 start=3072 layer=30 kind=moe phase=routed_reduce gpu_ms=0.14
[prefill-layer-phase] chunk=3 start=3072 layer=30 kind=moe phase=shared_packed gpu_ms=0.64
[prefill-layer-phase] chunk=3 start=3072 layer=31 kind=attn phase=pre_norm gpu_ms=0.02
[prefill-attn-phase] chunk=3 start=3072 layer=31 phase=proj gpu_ms=2.91
[prefill-attn-phase] chunk=3 start=3072 layer=31 phase=norm gpu_ms=0.29
[prefill-attn-phase] chunk=3 start=3072 layer=31 phase=rope_scatter gpu_ms=0.05
[prefill-attn-packed-shape] layer=31 chunk_start=3072 chunk_p=1024 group=8 packed_rows=4 qt=2 row_groups=256 dispatches=512 nwg=64 partial_rw_mib=2064.00
[prefill-attn-matrix-g8-shape] layer=31 chunk_start=3072 chunk_p=1024 query_rows=1024 query_tiles=1 n_pos=4096 score_tile_scratch_mib=136.00 vt_stride=4096 vt_layer_mib=4.00 vt_update_base=3072 vt_update_rows=1024 vt_update_mib=1.00
[prefill-attn-phase] chunk=3 start=3072 layer=31 phase=body_matrix_kq gpu_ms=2.26
[prefill-attn-phase] chunk=3 start=3072 layer=31 phase=body_matrix_kqv gpu_ms=2.25
[prefill-layer-phase] chunk=3 start=3072 layer=31 kind=attn phase=attn_back gpu_ms=1.39
[prefill-layer-phase] chunk=3 start=3072 layer=31 kind=attn phase=mixer_resid gpu_ms=0.03
[prefill-layer-phase] chunk=3 start=3072 layer=31 kind=moe phase=post_norm gpu_ms=0.02
[prefill-layer-phase] chunk=3 start=3072 layer=31 kind=moe phase=route_fused gpu_ms=0.31
[prefill-layer-phase] chunk=3 start=3072 layer=31 kind=moe phase=routed_swiglu gpu_ms=3.88
[prefill-layer-phase] chunk=3 start=3072 layer=31 kind=moe phase=routed_down gpu_ms=2.22
[prefill-layer-phase] chunk=3 start=3072 layer=31 kind=moe phase=routed_reduce gpu_ms=0.14
[prefill-layer-phase] chunk=3 start=3072 layer=31 kind=moe phase=shared_packed gpu_ms=0.64
[prefill-layer-phase] chunk=3 start=3072 layer=32 kind=gdn phase=pre_norm gpu_ms=0.02
[prefill-layer-phase] chunk=3 start=3072 layer=32 kind=gdn phase=gdn_qkv gpu_ms=2.53
[prefill-layer-phase] chunk=3 start=3072 layer=32 kind=gdn phase=gdn_z gpu_ms=1.29
[prefill-layer-phase] chunk=3 start=3072 layer=32 kind=gdn phase=gdn_beta_alpha gpu_ms=0.18
[prefill-layer-phase] chunk=3 start=3072 layer=32 kind=gdn phase=gdn_alpha_beta gpu_ms=0.00
[prefill-layer-phase] chunk=3 start=3072 layer=32 kind=gdn phase=gdn_prep_conv gpu_ms=0.43
[prefill-layer-phase] chunk=3 start=3072 layer=32 kind=gdn phase=gdn_prep_l2 gpu_ms=0.03
[prefill-layer-phase] chunk=3 start=3072 layer=32 kind=gdn phase=gdn_step gpu_ms=1.58
[prefill-layer-phase] chunk=3 start=3072 layer=32 kind=gdn phase=gdn_gated gpu_ms=0.10
[prefill-layer-phase] chunk=3 start=3072 layer=32 kind=gdn phase=gdn_back gpu_ms=1.30
[prefill-layer-phase] chunk=3 start=3072 layer=32 kind=gdn phase=mixer_resid gpu_ms=0.03
[prefill-layer-phase] chunk=3 start=3072 layer=32 kind=moe phase=post_norm gpu_ms=0.02
[prefill-layer-phase] chunk=3 start=3072 layer=32 kind=moe phase=route_fused gpu_ms=0.31
[prefill-layer-phase] chunk=3 start=3072 layer=32 kind=moe phase=routed_swiglu gpu_ms=3.91
[prefill-layer-phase] chunk=3 start=3072 layer=32 kind=moe phase=routed_down gpu_ms=2.28
[prefill-layer-phase] chunk=3 start=3072 layer=32 kind=moe phase=routed_reduce gpu_ms=0.14
[prefill-layer-phase] chunk=3 start=3072 layer=32 kind=moe phase=shared_packed gpu_ms=0.64
[prefill-layer-phase] chunk=3 start=3072 layer=33 kind=gdn phase=pre_norm gpu_ms=0.02
[prefill-layer-phase] chunk=3 start=3072 layer=33 kind=gdn phase=gdn_qkv gpu_ms=2.53
[prefill-layer-phase] chunk=3 start=3072 layer=33 kind=gdn phase=gdn_z gpu_ms=1.29
[prefill-layer-phase] chunk=3 start=3072 layer=33 kind=gdn phase=gdn_beta_alpha gpu_ms=0.17
[prefill-layer-phase] chunk=3 start=3072 layer=33 kind=gdn phase=gdn_alpha_beta gpu_ms=0.01
[prefill-layer-phase] chunk=3 start=3072 layer=33 kind=gdn phase=gdn_prep_conv gpu_ms=0.43
[prefill-layer-phase] chunk=3 start=3072 layer=33 kind=gdn phase=gdn_prep_l2 gpu_ms=0.03
[prefill-layer-phase] chunk=3 start=3072 layer=33 kind=gdn phase=gdn_step gpu_ms=1.56
[prefill-layer-phase] chunk=3 start=3072 layer=33 kind=gdn phase=gdn_gated gpu_ms=0.10
[prefill-layer-phase] chunk=3 start=3072 layer=33 kind=gdn phase=gdn_back gpu_ms=1.30
[prefill-layer-phase] chunk=3 start=3072 layer=33 kind=gdn phase=mixer_resid gpu_ms=0.03
[prefill-layer-phase] chunk=3 start=3072 layer=33 kind=moe phase=post_norm gpu_ms=0.02
[prefill-layer-phase] chunk=3 start=3072 layer=33 kind=moe phase=route_fused gpu_ms=0.31
[prefill-layer-phase] chunk=3 start=3072 layer=33 kind=moe phase=routed_swiglu gpu_ms=4.06
[prefill-layer-phase] chunk=3 start=3072 layer=33 kind=moe phase=routed_down gpu_ms=2.46
[prefill-layer-phase] chunk=3 start=3072 layer=33 kind=moe phase=routed_reduce gpu_ms=0.14
[prefill-layer-phase] chunk=3 start=3072 layer=33 kind=moe phase=shared_packed gpu_ms=0.64
[prefill-layer-phase] chunk=3 start=3072 layer=34 kind=gdn phase=pre_norm gpu_ms=0.02
[prefill-layer-phase] chunk=3 start=3072 layer=34 kind=gdn phase=gdn_qkv gpu_ms=2.53
[prefill-layer-phase] chunk=3 start=3072 layer=34 kind=gdn phase=gdn_z gpu_ms=1.29
[prefill-layer-phase] chunk=3 start=3072 layer=34 kind=gdn phase=gdn_beta_alpha gpu_ms=0.17
[prefill-layer-phase] chunk=3 start=3072 layer=34 kind=gdn phase=gdn_alpha_beta gpu_ms=0.00
[prefill-layer-phase] chunk=3 start=3072 layer=34 kind=gdn phase=gdn_prep_conv gpu_ms=0.43
[prefill-layer-phase] chunk=3 start=3072 layer=34 kind=gdn phase=gdn_prep_l2 gpu_ms=0.04
[prefill-layer-phase] chunk=3 start=3072 layer=34 kind=gdn phase=gdn_step gpu_ms=1.54
[prefill-layer-phase] chunk=3 start=3072 layer=34 kind=gdn phase=gdn_gated gpu_ms=0.10
[prefill-layer-phase] chunk=3 start=3072 layer=34 kind=gdn phase=gdn_back gpu_ms=1.30
[prefill-layer-phase] chunk=3 start=3072 layer=34 kind=gdn phase=mixer_resid gpu_ms=0.03
[prefill-layer-phase] chunk=3 start=3072 layer=34 kind=moe phase=post_norm gpu_ms=0.02
[prefill-layer-phase] chunk=3 start=3072 layer=34 kind=moe phase=route_fused gpu_ms=0.31
[prefill-layer-phase] chunk=3 start=3072 layer=34 kind=moe phase=routed_swiglu gpu_ms=3.94
[prefill-layer-phase] chunk=3 start=3072 layer=34 kind=moe phase=routed_down gpu_ms=2.19
[prefill-layer-phase] chunk=3 start=3072 layer=34 kind=moe phase=routed_reduce gpu_ms=0.14
[prefill-layer-phase] chunk=3 start=3072 layer=34 kind=moe phase=shared_packed gpu_ms=0.64
[prefill-layer-phase] chunk=3 start=3072 layer=35 kind=attn phase=pre_norm gpu_ms=0.02
[prefill-attn-phase] chunk=3 start=3072 layer=35 phase=proj gpu_ms=2.91
[prefill-attn-phase] chunk=3 start=3072 layer=35 phase=norm gpu_ms=0.29
[prefill-attn-phase] chunk=3 start=3072 layer=35 phase=rope_scatter gpu_ms=0.05
[prefill-attn-packed-shape] layer=35 chunk_start=3072 chunk_p=1024 group=8 packed_rows=4 qt=2 row_groups=256 dispatches=512 nwg=64 partial_rw_mib=2064.00
[prefill-attn-matrix-g8-shape] layer=35 chunk_start=3072 chunk_p=1024 query_rows=1024 query_tiles=1 n_pos=4096 score_tile_scratch_mib=136.00 vt_stride=4096 vt_layer_mib=4.00 vt_update_base=3072 vt_update_rows=1024 vt_update_mib=1.00
[prefill-attn-phase] chunk=3 start=3072 layer=35 phase=body_matrix_kq gpu_ms=2.25
[prefill-attn-phase] chunk=3 start=3072 layer=35 phase=body_matrix_kqv gpu_ms=2.25
[prefill-layer-phase] chunk=3 start=3072 layer=35 kind=attn phase=attn_back gpu_ms=1.39
[prefill-layer-phase] chunk=3 start=3072 layer=35 kind=attn phase=mixer_resid gpu_ms=0.03
[prefill-layer-phase] chunk=3 start=3072 layer=35 kind=moe phase=post_norm gpu_ms=0.02
[prefill-layer-phase] chunk=3 start=3072 layer=35 kind=moe phase=route_fused gpu_ms=0.31
[prefill-layer-phase] chunk=3 start=3072 layer=35 kind=moe phase=routed_swiglu gpu_ms=4.24
[prefill-layer-phase] chunk=3 start=3072 layer=35 kind=moe phase=routed_down gpu_ms=2.52
[prefill-layer-phase] chunk=3 start=3072 layer=35 kind=moe phase=routed_reduce gpu_ms=0.14
[prefill-layer-phase] chunk=3 start=3072 layer=35 kind=moe phase=shared_packed gpu_ms=0.63
[prefill-layer-phase] chunk=3 start=3072 layer=36 kind=gdn phase=pre_norm gpu_ms=0.02
[prefill-layer-phase] chunk=3 start=3072 layer=36 kind=gdn phase=gdn_qkv gpu_ms=2.53
[prefill-layer-phase] chunk=3 start=3072 layer=36 kind=gdn phase=gdn_z gpu_ms=1.29
[prefill-layer-phase] chunk=3 start=3072 layer=36 kind=gdn phase=gdn_beta_alpha gpu_ms=0.17
[prefill-layer-phase] chunk=3 start=3072 layer=36 kind=gdn phase=gdn_alpha_beta gpu_ms=0.01
[prefill-layer-phase] chunk=3 start=3072 layer=36 kind=gdn phase=gdn_prep_conv gpu_ms=0.43
[prefill-layer-phase] chunk=3 start=3072 layer=36 kind=gdn phase=gdn_prep_l2 gpu_ms=0.04
[prefill-layer-phase] chunk=3 start=3072 layer=36 kind=gdn phase=gdn_step gpu_ms=1.58
[prefill-layer-phase] chunk=3 start=3072 layer=36 kind=gdn phase=gdn_gated gpu_ms=0.10
[prefill-layer-phase] chunk=3 start=3072 layer=36 kind=gdn phase=gdn_back gpu_ms=1.30
[prefill-layer-phase] chunk=3 start=3072 layer=36 kind=gdn phase=mixer_resid gpu_ms=0.03
[prefill-layer-phase] chunk=3 start=3072 layer=36 kind=moe phase=post_norm gpu_ms=0.02
[prefill-layer-phase] chunk=3 start=3072 layer=36 kind=moe phase=route_fused gpu_ms=0.31
[prefill-layer-phase] chunk=3 start=3072 layer=36 kind=moe phase=routed_swiglu gpu_ms=4.00
[prefill-layer-phase] chunk=3 start=3072 layer=36 kind=moe phase=routed_down gpu_ms=2.33
[prefill-layer-phase] chunk=3 start=3072 layer=36 kind=moe phase=routed_reduce gpu_ms=0.14
[prefill-layer-phase] chunk=3 start=3072 layer=36 kind=moe phase=shared_packed gpu_ms=0.64
[prefill-layer-phase] chunk=3 start=3072 layer=37 kind=gdn phase=pre_norm gpu_ms=0.02
[prefill-layer-phase] chunk=3 start=3072 layer=37 kind=gdn phase=gdn_qkv gpu_ms=2.53
[prefill-layer-phase] chunk=3 start=3072 layer=37 kind=gdn phase=gdn_z gpu_ms=1.29
[prefill-layer-phase] chunk=3 start=3072 layer=37 kind=gdn phase=gdn_beta_alpha gpu_ms=0.17
[prefill-layer-phase] chunk=3 start=3072 layer=37 kind=gdn phase=gdn_alpha_beta gpu_ms=0.00
[prefill-layer-phase] chunk=3 start=3072 layer=37 kind=gdn phase=gdn_prep_conv gpu_ms=0.43
[prefill-layer-phase] chunk=3 start=3072 layer=37 kind=gdn phase=gdn_prep_l2 gpu_ms=0.03
[prefill-layer-phase] chunk=3 start=3072 layer=37 kind=gdn phase=gdn_step gpu_ms=1.56
[prefill-layer-phase] chunk=3 start=3072 layer=37 kind=gdn phase=gdn_gated gpu_ms=0.10
[prefill-layer-phase] chunk=3 start=3072 layer=37 kind=gdn phase=gdn_back gpu_ms=1.30
[prefill-layer-phase] chunk=3 start=3072 layer=37 kind=gdn phase=mixer_resid gpu_ms=0.03
[prefill-layer-phase] chunk=3 start=3072 layer=37 kind=moe phase=post_norm gpu_ms=0.02
[prefill-layer-phase] chunk=3 start=3072 layer=37 kind=moe phase=route_fused gpu_ms=0.31
[prefill-layer-phase] chunk=3 start=3072 layer=37 kind=moe phase=routed_swiglu gpu_ms=3.77
[prefill-layer-phase] chunk=3 start=3072 layer=37 kind=moe phase=routed_down gpu_ms=2.12
[prefill-layer-phase] chunk=3 start=3072 layer=37 kind=moe phase=routed_reduce gpu_ms=0.15
[prefill-layer-phase] chunk=3 start=3072 layer=37 kind=moe phase=shared_packed gpu_ms=0.63
[prefill-layer-phase] chunk=3 start=3072 layer=38 kind=gdn phase=pre_norm gpu_ms=0.02
[prefill-layer-phase] chunk=3 start=3072 layer=38 kind=gdn phase=gdn_qkv gpu_ms=2.53
[prefill-layer-phase] chunk=3 start=3072 layer=38 kind=gdn phase=gdn_z gpu_ms=1.29
[prefill-layer-phase] chunk=3 start=3072 layer=38 kind=gdn phase=gdn_beta_alpha gpu_ms=0.17
[prefill-layer-phase] chunk=3 start=3072 layer=38 kind=gdn phase=gdn_alpha_beta gpu_ms=0.00
[prefill-layer-phase] chunk=3 start=3072 layer=38 kind=gdn phase=gdn_prep_conv gpu_ms=0.43
[prefill-layer-phase] chunk=3 start=3072 layer=38 kind=gdn phase=gdn_prep_l2 gpu_ms=0.03
[prefill-layer-phase] chunk=3 start=3072 layer=38 kind=gdn phase=gdn_step gpu_ms=1.56
[prefill-layer-phase] chunk=3 start=3072 layer=38 kind=gdn phase=gdn_gated gpu_ms=0.10
[prefill-layer-phase] chunk=3 start=3072 layer=38 kind=gdn phase=gdn_back gpu_ms=1.30
[prefill-layer-phase] chunk=3 start=3072 layer=38 kind=gdn phase=mixer_resid gpu_ms=0.03
[prefill-layer-phase] chunk=3 start=3072 layer=38 kind=moe phase=post_norm gpu_ms=0.02
[prefill-layer-phase] chunk=3 start=3072 layer=38 kind=moe phase=route_fused gpu_ms=0.31
[prefill-layer-phase] chunk=3 start=3072 layer=38 kind=moe phase=routed_swiglu gpu_ms=3.91
[prefill-layer-phase] chunk=3 start=3072 layer=38 kind=moe phase=routed_down gpu_ms=2.03
[prefill-layer-phase] chunk=3 start=3072 layer=38 kind=moe phase=routed_reduce gpu_ms=0.14
[prefill-layer-phase] chunk=3 start=3072 layer=38 kind=moe phase=shared_packed gpu_ms=0.64
[prefill-layer-phase] chunk=3 start=3072 layer=39 kind=attn phase=pre_norm gpu_ms=0.02
[prefill-attn-phase] chunk=3 start=3072 layer=39 phase=proj gpu_ms=2.91
[prefill-attn-phase] chunk=3 start=3072 layer=39 phase=norm gpu_ms=0.29
[prefill-attn-phase] chunk=3 start=3072 layer=39 phase=rope_scatter gpu_ms=0.05
[prefill-attn-packed-shape] layer=39 chunk_start=3072 chunk_p=1024 group=8 packed_rows=4 qt=2 row_groups=256 dispatches=512 nwg=64 partial_rw_mib=2064.00
[prefill-attn-matrix-g8-shape] layer=39 chunk_start=3072 chunk_p=1024 query_rows=1024 query_tiles=1 n_pos=4096 score_tile_scratch_mib=136.00 vt_stride=4096 vt_layer_mib=4.00 vt_update_base=3072 vt_update_rows=1024 vt_update_mib=1.00
[prefill-attn-phase] chunk=3 start=3072 layer=39 phase=body_matrix_kq gpu_ms=2.26
[prefill-attn-phase] chunk=3 start=3072 layer=39 phase=body_matrix_kqv gpu_ms=2.25
[prefill-layer-phase] chunk=3 start=3072 layer=39 kind=attn phase=attn_back gpu_ms=1.39
[prefill-layer-phase] chunk=3 start=3072 layer=39 kind=attn phase=mixer_resid gpu_ms=0.03
[prefill-layer-phase] chunk=3 start=3072 layer=39 kind=moe phase=post_norm gpu_ms=0.02
[prefill-layer-phase] chunk=3 start=3072 layer=39 kind=moe phase=route_fused gpu_ms=0.31
[prefill-layer-phase] chunk=3 start=3072 layer=39 kind=moe phase=routed_swiglu gpu_ms=3.94
[prefill-layer-phase] chunk=3 start=3072 layer=39 kind=moe phase=routed_down gpu_ms=2.06
[prefill-layer-phase] chunk=3 start=3072 layer=39 kind=moe phase=routed_reduce gpu_ms=0.14
[prefill-layer-phase] chunk=3 start=3072 layer=39 kind=moe phase=shared_packed gpu_ms=0.64
[pp] run  2: wall   2886.0 ms  gpu   2411.8 ms  1419.25 t/s
[prefill-layer-phase] chunk=0 start=0 layer=0 kind=gdn phase=pre_norm gpu_ms=0.17
[prefill-layer-phase] chunk=0 start=0 layer=0 kind=gdn phase=gdn_qkv gpu_ms=2.53
[prefill-layer-phase] chunk=0 start=0 layer=0 kind=gdn phase=gdn_z gpu_ms=1.29
[prefill-layer-phase] chunk=0 start=0 layer=0 kind=gdn phase=gdn_beta_alpha gpu_ms=0.17
[prefill-layer-phase] chunk=0 start=0 layer=0 kind=gdn phase=gdn_alpha_beta gpu_ms=0.01
[prefill-layer-phase] chunk=0 start=0 layer=0 kind=gdn phase=gdn_prep_conv gpu_ms=0.43
[prefill-layer-phase] chunk=0 start=0 layer=0 kind=gdn phase=gdn_prep_l2 gpu_ms=0.03
[prefill-layer-phase] chunk=0 start=0 layer=0 kind=gdn phase=gdn_step gpu_ms=1.58
[prefill-layer-phase] chunk=0 start=0 layer=0 kind=gdn phase=gdn_gated gpu_ms=0.12
[prefill-layer-phase] chunk=0 start=0 layer=0 kind=gdn phase=gdn_back gpu_ms=1.30
[prefill-layer-phase] chunk=0 start=0 layer=0 kind=gdn phase=mixer_resid gpu_ms=0.03
[prefill-layer-phase] chunk=0 start=0 layer=0 kind=moe phase=post_norm gpu_ms=0.02
[prefill-layer-phase] chunk=0 start=0 layer=0 kind=moe phase=route_fused gpu_ms=0.31
[prefill-layer-phase] chunk=0 start=0 layer=0 kind=moe phase=routed_swiglu gpu_ms=4.41
[prefill-layer-phase] chunk=0 start=0 layer=0 kind=moe phase=routed_down gpu_ms=2.68
[prefill-layer-phase] chunk=0 start=0 layer=0 kind=moe phase=routed_reduce gpu_ms=0.14
[prefill-layer-phase] chunk=0 start=0 layer=0 kind=moe phase=shared_packed gpu_ms=0.63
[prefill-layer-phase] chunk=0 start=0 layer=1 kind=gdn phase=pre_norm gpu_ms=0.02
[prefill-layer-phase] chunk=0 start=0 layer=1 kind=gdn phase=gdn_qkv gpu_ms=2.53
[prefill-layer-phase] chunk=0 start=0 layer=1 kind=gdn phase=gdn_z gpu_ms=1.29
[prefill-layer-phase] chunk=0 start=0 layer=1 kind=gdn phase=gdn_beta_alpha gpu_ms=0.17
[prefill-layer-phase] chunk=0 start=0 layer=1 kind=gdn phase=gdn_alpha_beta gpu_ms=0.00
[prefill-layer-phase] chunk=0 start=0 layer=1 kind=gdn phase=gdn_prep_conv gpu_ms=0.43
[prefill-layer-phase] chunk=0 start=0 layer=1 kind=gdn phase=gdn_prep_l2 gpu_ms=0.03
[prefill-layer-phase] chunk=0 start=0 layer=1 kind=gdn phase=gdn_step gpu_ms=1.58
[prefill-layer-phase] chunk=0 start=0 layer=1 kind=gdn phase=gdn_gated gpu_ms=0.11
[prefill-layer-phase] chunk=0 start=0 layer=1 kind=gdn phase=gdn_back gpu_ms=1.30
[prefill-layer-phase] chunk=0 start=0 layer=1 kind=gdn phase=mixer_resid gpu_ms=0.03
[prefill-layer-phase] chunk=0 start=0 layer=1 kind=moe phase=post_norm gpu_ms=0.02
[prefill-layer-phase] chunk=0 start=0 layer=1 kind=moe phase=route_fused gpu_ms=0.31
[prefill-layer-phase] chunk=0 start=0 layer=1 kind=moe phase=routed_swiglu gpu_ms=4.37
[prefill-layer-phase] chunk=0 start=0 layer=1 kind=moe phase=routed_down gpu_ms=2.61
[prefill-layer-phase] chunk=0 start=0 layer=1 kind=moe phase=routed_reduce gpu_ms=0.14
[prefill-layer-phase] chunk=0 start=0 layer=1 kind=moe phase=shared_packed gpu_ms=0.64
[prefill-layer-phase] chunk=0 start=0 layer=2 kind=gdn phase=pre_norm gpu_ms=0.02
[prefill-layer-phase] chunk=0 start=0 layer=2 kind=gdn phase=gdn_qkv gpu_ms=2.53
[prefill-layer-phase] chunk=0 start=0 layer=2 kind=gdn phase=gdn_z gpu_ms=1.29
[prefill-layer-phase] chunk=0 start=0 layer=2 kind=gdn phase=gdn_beta_alpha gpu_ms=0.18
[prefill-layer-phase] chunk=0 start=0 layer=2 kind=gdn phase=gdn_alpha_beta gpu_ms=0.01
[prefill-layer-phase] chunk=0 start=0 layer=2 kind=gdn phase=gdn_prep_conv gpu_ms=0.43
[prefill-layer-phase] chunk=0 start=0 layer=2 kind=gdn phase=gdn_prep_l2 gpu_ms=0.03
[prefill-layer-phase] chunk=0 start=0 layer=2 kind=gdn phase=gdn_step gpu_ms=1.61
[prefill-layer-phase] chunk=0 start=0 layer=2 kind=gdn phase=gdn_gated gpu_ms=0.11
[prefill-layer-phase] chunk=0 start=0 layer=2 kind=gdn phase=gdn_back gpu_ms=1.30
[prefill-layer-phase] chunk=0 start=0 layer=2 kind=gdn phase=mixer_resid gpu_ms=0.03
[prefill-layer-phase] chunk=0 start=0 layer=2 kind=moe phase=post_norm gpu_ms=0.02
[prefill-layer-phase] chunk=0 start=0 layer=2 kind=moe phase=route_fused gpu_ms=0.31
[prefill-layer-phase] chunk=0 start=0 layer=2 kind=moe phase=routed_swiglu gpu_ms=4.34
[prefill-layer-phase] chunk=0 start=0 layer=2 kind=moe phase=routed_down gpu_ms=2.65
[prefill-layer-phase] chunk=0 start=0 layer=2 kind=moe phase=routed_reduce gpu_ms=0.14
[prefill-layer-phase] chunk=0 start=0 layer=2 kind=moe phase=shared_packed gpu_ms=0.64
[prefill-layer-phase] chunk=0 start=0 layer=3 kind=attn phase=pre_norm gpu_ms=0.02
[prefill-attn-phase] chunk=0 start=0 layer=3 phase=proj gpu_ms=2.91
[prefill-attn-phase] chunk=0 start=0 layer=3 phase=norm gpu_ms=0.29
[prefill-attn-phase] chunk=0 start=0 layer=3 phase=rope_scatter gpu_ms=0.06
[prefill-attn-packed-shape] layer=3 chunk_start=0 chunk_p=1024 group=8 packed_rows=4 qt=2 row_groups=256 dispatches=512 nwg=64 partial_rw_mib=2064.00
[prefill-attn-matrix-g8-shape] layer=3 chunk_start=0 chunk_p=1024 query_rows=1024 query_tiles=1 n_pos=1024 score_tile_scratch_mib=34.00 vt_stride=4096 vt_layer_mib=4.00 vt_update_base=0 vt_update_rows=1024 vt_update_mib=1.00
[prefill-attn-phase] chunk=0 start=0 layer=3 phase=body_matrix_kq gpu_ms=0.36
[prefill-attn-phase] chunk=0 start=0 layer=3 phase=body_matrix_kqv gpu_ms=0.35
[prefill-layer-phase] chunk=0 start=0 layer=3 kind=attn phase=attn_back gpu_ms=1.40
[prefill-layer-phase] chunk=0 start=0 layer=3 kind=attn phase=mixer_resid gpu_ms=0.03
[prefill-layer-phase] chunk=0 start=0 layer=3 kind=moe phase=post_norm gpu_ms=0.02
[prefill-layer-phase] chunk=0 start=0 layer=3 kind=moe phase=route_fused gpu_ms=0.31
[prefill-layer-phase] chunk=0 start=0 layer=3 kind=moe phase=routed_swiglu gpu_ms=4.32
[prefill-layer-phase] chunk=0 start=0 layer=3 kind=moe phase=routed_down gpu_ms=2.74
[prefill-layer-phase] chunk=0 start=0 layer=3 kind=moe phase=routed_reduce gpu_ms=0.14
[prefill-layer-phase] chunk=0 start=0 layer=3 kind=moe phase=shared_packed gpu_ms=0.64
[prefill-layer-phase] chunk=0 start=0 layer=4 kind=gdn phase=pre_norm gpu_ms=0.02
[prefill-layer-phase] chunk=0 start=0 layer=4 kind=gdn phase=gdn_qkv gpu_ms=2.53
[prefill-layer-phase] chunk=0 start=0 layer=4 kind=gdn phase=gdn_z gpu_ms=1.29
[prefill-layer-phase] chunk=0 start=0 layer=4 kind=gdn phase=gdn_beta_alpha gpu_ms=0.17
[prefill-layer-phase] chunk=0 start=0 layer=4 kind=gdn phase=gdn_alpha_beta gpu_ms=0.01
[prefill-layer-phase] chunk=0 start=0 layer=4 kind=gdn phase=gdn_prep_conv gpu_ms=0.43
[prefill-layer-phase] chunk=0 start=0 layer=4 kind=gdn phase=gdn_prep_l2 gpu_ms=0.03
[prefill-layer-phase] chunk=0 start=0 layer=4 kind=gdn phase=gdn_step gpu_ms=1.56
[prefill-layer-phase] chunk=0 start=0 layer=4 kind=gdn phase=gdn_gated gpu_ms=0.10
[prefill-layer-phase] chunk=0 start=0 layer=4 kind=gdn phase=gdn_back gpu_ms=1.30
[prefill-layer-phase] chunk=0 start=0 layer=4 kind=gdn phase=mixer_resid gpu_ms=0.03
[prefill-layer-phase] chunk=0 start=0 layer=4 kind=moe phase=post_norm gpu_ms=0.02
[prefill-layer-phase] chunk=0 start=0 layer=4 kind=moe phase=route_fused gpu_ms=0.31
[prefill-layer-phase] chunk=0 start=0 layer=4 kind=moe phase=routed_swiglu gpu_ms=4.24
[prefill-layer-phase] chunk=0 start=0 layer=4 kind=moe phase=routed_down gpu_ms=2.58
[prefill-layer-phase] chunk=0 start=0 layer=4 kind=moe phase=routed_reduce gpu_ms=0.14
[prefill-layer-phase] chunk=0 start=0 layer=4 kind=moe phase=shared_packed gpu_ms=0.64
[prefill-layer-phase] chunk=0 start=0 layer=5 kind=gdn phase=pre_norm gpu_ms=0.02
[prefill-layer-phase] chunk=0 start=0 layer=5 kind=gdn phase=gdn_qkv gpu_ms=2.53
[prefill-layer-phase] chunk=0 start=0 layer=5 kind=gdn phase=gdn_z gpu_ms=1.29
[prefill-layer-phase] chunk=0 start=0 layer=5 kind=gdn phase=gdn_beta_alpha gpu_ms=0.17
[prefill-layer-phase] chunk=0 start=0 layer=5 kind=gdn phase=gdn_alpha_beta gpu_ms=0.01
[prefill-layer-phase] chunk=0 start=0 layer=5 kind=gdn phase=gdn_prep_conv gpu_ms=0.43
[prefill-layer-phase] chunk=0 start=0 layer=5 kind=gdn phase=gdn_prep_l2 gpu_ms=0.03
[prefill-layer-phase] chunk=0 start=0 layer=5 kind=gdn phase=gdn_step gpu_ms=1.58
[prefill-layer-phase] chunk=0 start=0 layer=5 kind=gdn phase=gdn_gated gpu_ms=0.11
[prefill-layer-phase] chunk=0 start=0 layer=5 kind=gdn phase=gdn_back gpu_ms=1.30
[prefill-layer-phase] chunk=0 start=0 layer=5 kind=gdn phase=mixer_resid gpu_ms=0.03
[prefill-layer-phase] chunk=0 start=0 layer=5 kind=moe phase=post_norm gpu_ms=0.02
[prefill-layer-phase] chunk=0 start=0 layer=5 kind=moe phase=route_fused gpu_ms=0.31
[prefill-layer-phase] chunk=0 start=0 layer=5 kind=moe phase=routed_swiglu gpu_ms=4.22
[prefill-layer-phase] chunk=0 start=0 layer=5 kind=moe phase=routed_down gpu_ms=2.62
[prefill-layer-phase] chunk=0 start=0 layer=5 kind=moe phase=routed_reduce gpu_ms=0.14
[prefill-layer-phase] chunk=0 start=0 layer=5 kind=moe phase=shared_packed gpu_ms=0.64
[prefill-layer-phase] chunk=0 start=0 layer=6 kind=gdn phase=pre_norm gpu_ms=0.02
[prefill-layer-phase] chunk=0 start=0 layer=6 kind=gdn phase=gdn_qkv gpu_ms=2.53
[prefill-layer-phase] chunk=0 start=0 layer=6 kind=gdn phase=gdn_z gpu_ms=1.29
[prefill-layer-phase] chunk=0 start=0 layer=6 kind=gdn phase=gdn_beta_alpha gpu_ms=0.17
[prefill-layer-phase] chunk=0 start=0 layer=6 kind=gdn phase=gdn_alpha_beta gpu_ms=0.01
[prefill-layer-phase] chunk=0 start=0 layer=6 kind=gdn phase=gdn_prep_conv gpu_ms=0.43
[prefill-layer-phase] chunk=0 start=0 layer=6 kind=gdn phase=gdn_prep_l2 gpu_ms=0.03
[prefill-layer-phase] chunk=0 start=0 layer=6 kind=gdn phase=gdn_step gpu_ms=1.58
[prefill-layer-phase] chunk=0 start=0 layer=6 kind=gdn phase=gdn_gated gpu_ms=0.11
[prefill-layer-phase] chunk=0 start=0 layer=6 kind=gdn phase=gdn_back gpu_ms=1.30
[prefill-layer-phase] chunk=0 start=0 layer=6 kind=gdn phase=mixer_resid gpu_ms=0.03
[prefill-layer-phase] chunk=0 start=0 layer=6 kind=moe phase=post_norm gpu_ms=0.02
[prefill-layer-phase] chunk=0 start=0 layer=6 kind=moe phase=route_fused gpu_ms=0.31
[prefill-layer-phase] chunk=0 start=0 layer=6 kind=moe phase=routed_swiglu gpu_ms=4.20
[prefill-layer-phase] chunk=0 start=0 layer=6 kind=moe phase=routed_down gpu_ms=2.49
[prefill-layer-phase] chunk=0 start=0 layer=6 kind=moe phase=routed_reduce gpu_ms=0.14
[prefill-layer-phase] chunk=0 start=0 layer=6 kind=moe phase=shared_packed gpu_ms=0.64
[prefill-layer-phase] chunk=0 start=0 layer=7 kind=attn phase=pre_norm gpu_ms=0.02
[prefill-attn-phase] chunk=0 start=0 layer=7 phase=proj gpu_ms=2.91
[prefill-attn-phase] chunk=0 start=0 layer=7 phase=norm gpu_ms=0.29
[prefill-attn-phase] chunk=0 start=0 layer=7 phase=rope_scatter gpu_ms=0.06
[prefill-attn-packed-shape] layer=7 chunk_start=0 chunk_p=1024 group=8 packed_rows=4 qt=2 row_groups=256 dispatches=512 nwg=64 partial_rw_mib=2064.00
[prefill-attn-matrix-g8-shape] layer=7 chunk_start=0 chunk_p=1024 query_rows=1024 query_tiles=1 n_pos=1024 score_tile_scratch_mib=34.00 vt_stride=4096 vt_layer_mib=4.00 vt_update_base=0 vt_update_rows=1024 vt_update_mib=1.00
[prefill-attn-phase] chunk=0 start=0 layer=7 phase=body_matrix_kq gpu_ms=0.35
[prefill-attn-phase] chunk=0 start=0 layer=7 phase=body_matrix_kqv gpu_ms=0.35
[prefill-layer-phase] chunk=0 start=0 layer=7 kind=attn phase=attn_back gpu_ms=1.40
[prefill-layer-phase] chunk=0 start=0 layer=7 kind=attn phase=mixer_resid gpu_ms=0.03
[prefill-layer-phase] chunk=0 start=0 layer=7 kind=moe phase=post_norm gpu_ms=0.02
[prefill-layer-phase] chunk=0 start=0 layer=7 kind=moe phase=route_fused gpu_ms=0.31
[prefill-layer-phase] chunk=0 start=0 layer=7 kind=moe phase=routed_swiglu gpu_ms=4.31
[prefill-layer-phase] chunk=0 start=0 layer=7 kind=moe phase=routed_down gpu_ms=2.54
[prefill-layer-phase] chunk=0 start=0 layer=7 kind=moe phase=routed_reduce gpu_ms=0.14
[prefill-layer-phase] chunk=0 start=0 layer=7 kind=moe phase=shared_packed gpu_ms=0.64
[prefill-layer-phase] chunk=0 start=0 layer=8 kind=gdn phase=pre_norm gpu_ms=0.02
[prefill-layer-phase] chunk=0 start=0 layer=8 kind=gdn phase=gdn_qkv gpu_ms=2.53
[prefill-layer-phase] chunk=0 start=0 layer=8 kind=gdn phase=gdn_z gpu_ms=1.29
[prefill-layer-phase] chunk=0 start=0 layer=8 kind=gdn phase=gdn_beta_alpha gpu_ms=0.17
[prefill-layer-phase] chunk=0 start=0 layer=8 kind=gdn phase=gdn_alpha_beta gpu_ms=0.01
[prefill-layer-phase] chunk=0 start=0 layer=8 kind=gdn phase=gdn_prep_conv gpu_ms=0.43
[prefill-layer-phase] chunk=0 start=0 layer=8 kind=gdn phase=gdn_prep_l2 gpu_ms=0.03
[prefill-layer-phase] chunk=0 start=0 layer=8 kind=gdn phase=gdn_step gpu_ms=1.57
[prefill-layer-phase] chunk=0 start=0 layer=8 kind=gdn phase=gdn_gated gpu_ms=0.10
[prefill-layer-phase] chunk=0 start=0 layer=8 kind=gdn phase=gdn_back gpu_ms=1.30
[prefill-layer-phase] chunk=0 start=0 layer=8 kind=gdn phase=mixer_resid gpu_ms=0.03
[prefill-layer-phase] chunk=0 start=0 layer=8 kind=moe phase=post_norm gpu_ms=0.02
[prefill-layer-phase] chunk=0 start=0 layer=8 kind=moe phase=route_fused gpu_ms=0.31
[prefill-layer-phase] chunk=0 start=0 layer=8 kind=moe phase=routed_swiglu gpu_ms=4.21
[prefill-layer-phase] chunk=0 start=0 layer=8 kind=moe phase=routed_down gpu_ms=2.61
[prefill-layer-phase] chunk=0 start=0 layer=8 kind=moe phase=routed_reduce gpu_ms=0.14
[prefill-layer-phase] chunk=0 start=0 layer=8 kind=moe phase=shared_packed gpu_ms=0.64
[prefill-layer-phase] chunk=0 start=0 layer=9 kind=gdn phase=pre_norm gpu_ms=0.02
[prefill-layer-phase] chunk=0 start=0 layer=9 kind=gdn phase=gdn_qkv gpu_ms=2.53
[prefill-layer-phase] chunk=0 start=0 layer=9 kind=gdn phase=gdn_z gpu_ms=1.29
[prefill-layer-phase] chunk=0 start=0 layer=9 kind=gdn phase=gdn_beta_alpha gpu_ms=0.17
[prefill-layer-phase] chunk=0 start=0 layer=9 kind=gdn phase=gdn_alpha_beta gpu_ms=0.01
[prefill-layer-phase] chunk=0 start=0 layer=9 kind=gdn phase=gdn_prep_conv gpu_ms=0.43
[prefill-layer-phase] chunk=0 start=0 layer=9 kind=gdn phase=gdn_prep_l2 gpu_ms=0.03
[prefill-layer-phase] chunk=0 start=0 layer=9 kind=gdn phase=gdn_step gpu_ms=1.56
[prefill-layer-phase] chunk=0 start=0 layer=9 kind=gdn phase=gdn_gated gpu_ms=0.11
[prefill-layer-phase] chunk=0 start=0 layer=9 kind=gdn phase=gdn_back gpu_ms=1.30
[prefill-layer-phase] chunk=0 start=0 layer=9 kind=gdn phase=mixer_resid gpu_ms=0.03
[prefill-layer-phase] chunk=0 start=0 layer=9 kind=moe phase=post_norm gpu_ms=0.02
[prefill-layer-phase] chunk=0 start=0 layer=9 kind=moe phase=route_fused gpu_ms=0.31
[prefill-layer-phase] chunk=0 start=0 layer=9 kind=moe phase=routed_swiglu gpu_ms=4.10
[prefill-layer-phase] chunk=0 start=0 layer=9 kind=moe phase=routed_down gpu_ms=2.49
[prefill-layer-phase] chunk=0 start=0 layer=9 kind=moe phase=routed_reduce gpu_ms=0.14
[prefill-layer-phase] chunk=0 start=0 layer=9 kind=moe phase=shared_packed gpu_ms=0.64
[prefill-layer-phase] chunk=0 start=0 layer=10 kind=gdn phase=pre_norm gpu_ms=0.02
[prefill-layer-phase] chunk=0 start=0 layer=10 kind=gdn phase=gdn_qkv gpu_ms=2.53
[prefill-layer-phase] chunk=0 start=0 layer=10 kind=gdn phase=gdn_z gpu_ms=1.29
[prefill-layer-phase] chunk=0 start=0 layer=10 kind=gdn phase=gdn_beta_alpha gpu_ms=0.17
[prefill-layer-phase] chunk=0 start=0 layer=10 kind=gdn phase=gdn_alpha_beta gpu_ms=0.01
[prefill-layer-phase] chunk=0 start=0 layer=10 kind=gdn phase=gdn_prep_conv gpu_ms=0.43
[prefill-layer-phase] chunk=0 start=0 layer=10 kind=gdn phase=gdn_prep_l2 gpu_ms=0.03
[prefill-layer-phase] chunk=0 start=0 layer=10 kind=gdn phase=gdn_step gpu_ms=1.58
[prefill-layer-phase] chunk=0 start=0 layer=10 kind=gdn phase=gdn_gated gpu_ms=0.11
[prefill-layer-phase] chunk=0 start=0 layer=10 kind=gdn phase=gdn_back gpu_ms=1.30
[prefill-layer-phase] chunk=0 start=0 layer=10 kind=gdn phase=mixer_resid gpu_ms=0.03
[prefill-layer-phase] chunk=0 start=0 layer=10 kind=moe phase=post_norm gpu_ms=0.02
[prefill-layer-phase] chunk=0 start=0 layer=10 kind=moe phase=route_fused gpu_ms=0.31
[prefill-layer-phase] chunk=0 start=0 layer=10 kind=moe phase=routed_swiglu gpu_ms=4.22
[prefill-layer-phase] chunk=0 start=0 layer=10 kind=moe phase=routed_down gpu_ms=2.45
[prefill-layer-phase] chunk=0 start=0 layer=10 kind=moe phase=routed_reduce gpu_ms=0.14
[prefill-layer-phase] chunk=0 start=0 layer=10 kind=moe phase=shared_packed gpu_ms=0.64
[prefill-layer-phase] chunk=0 start=0 layer=11 kind=attn phase=pre_norm gpu_ms=0.02
[prefill-attn-phase] chunk=0 start=0 layer=11 phase=proj gpu_ms=2.91
[prefill-attn-phase] chunk=0 start=0 layer=11 phase=norm gpu_ms=0.29
[prefill-attn-phase] chunk=0 start=0 layer=11 phase=rope_scatter gpu_ms=0.05
[prefill-attn-packed-shape] layer=11 chunk_start=0 chunk_p=1024 group=8 packed_rows=4 qt=2 row_groups=256 dispatches=512 nwg=64 partial_rw_mib=2064.00
[prefill-attn-matrix-g8-shape] layer=11 chunk_start=0 chunk_p=1024 query_rows=1024 query_tiles=1 n_pos=1024 score_tile_scratch_mib=34.00 vt_stride=4096 vt_layer_mib=4.00 vt_update_base=0 vt_update_rows=1024 vt_update_mib=1.00
[prefill-attn-phase] chunk=0 start=0 layer=11 phase=body_matrix_kq gpu_ms=0.35
[prefill-attn-phase] chunk=0 start=0 layer=11 phase=body_matrix_kqv gpu_ms=0.35
[prefill-layer-phase] chunk=0 start=0 layer=11 kind=attn phase=attn_back gpu_ms=1.40
[prefill-layer-phase] chunk=0 start=0 layer=11 kind=attn phase=mixer_resid gpu_ms=0.03
[prefill-layer-phase] chunk=0 start=0 layer=11 kind=moe phase=post_norm gpu_ms=0.02
[prefill-layer-phase] chunk=0 start=0 layer=11 kind=moe phase=route_fused gpu_ms=0.31
[prefill-layer-phase] chunk=0 start=0 layer=11 kind=moe phase=routed_swiglu gpu_ms=4.05
[prefill-layer-phase] chunk=0 start=0 layer=11 kind=moe phase=routed_down gpu_ms=2.49
[prefill-layer-phase] chunk=0 start=0 layer=11 kind=moe phase=routed_reduce gpu_ms=0.14
[prefill-layer-phase] chunk=0 start=0 layer=11 kind=moe phase=shared_packed gpu_ms=0.64
[prefill-layer-phase] chunk=0 start=0 layer=12 kind=gdn phase=pre_norm gpu_ms=0.02
[prefill-layer-phase] chunk=0 start=0 layer=12 kind=gdn phase=gdn_qkv gpu_ms=2.53
[prefill-layer-phase] chunk=0 start=0 layer=12 kind=gdn phase=gdn_z gpu_ms=1.29
[prefill-layer-phase] chunk=0 start=0 layer=12 kind=gdn phase=gdn_beta_alpha gpu_ms=0.17
[prefill-layer-phase] chunk=0 start=0 layer=12 kind=gdn phase=gdn_alpha_beta gpu_ms=0.01
[prefill-layer-phase] chunk=0 start=0 layer=12 kind=gdn phase=gdn_prep_conv gpu_ms=0.43
[prefill-layer-phase] chunk=0 start=0 layer=12 kind=gdn phase=gdn_prep_l2 gpu_ms=0.03
[prefill-layer-phase] chunk=0 start=0 layer=12 kind=gdn phase=gdn_step gpu_ms=1.59
[prefill-layer-phase] chunk=0 start=0 layer=12 kind=gdn phase=gdn_gated gpu_ms=0.10
[prefill-layer-phase] chunk=0 start=0 layer=12 kind=gdn phase=gdn_back gpu_ms=1.30
[prefill-layer-phase] chunk=0 start=0 layer=12 kind=gdn phase=mixer_resid gpu_ms=0.03
[prefill-layer-phase] chunk=0 start=0 layer=12 kind=moe phase=post_norm gpu_ms=0.02
[prefill-layer-phase] chunk=0 start=0 layer=12 kind=moe phase=route_fused gpu_ms=0.31
[prefill-layer-phase] chunk=0 start=0 layer=12 kind=moe phase=routed_swiglu gpu_ms=4.14
[prefill-layer-phase] chunk=0 start=0 layer=12 kind=moe phase=routed_down gpu_ms=2.43
[prefill-layer-phase] chunk=0 start=0 layer=12 kind=moe phase=routed_reduce gpu_ms=0.14
[prefill-layer-phase] chunk=0 start=0 layer=12 kind=moe phase=shared_packed gpu_ms=0.63
[prefill-layer-phase] chunk=0 start=0 layer=13 kind=gdn phase=pre_norm gpu_ms=0.02
[prefill-layer-phase] chunk=0 start=0 layer=13 kind=gdn phase=gdn_qkv gpu_ms=2.53
[prefill-layer-phase] chunk=0 start=0 layer=13 kind=gdn phase=gdn_z gpu_ms=1.29
[prefill-layer-phase] chunk=0 start=0 layer=13 kind=gdn phase=gdn_beta_alpha gpu_ms=0.17
[prefill-layer-phase] chunk=0 start=0 layer=13 kind=gdn phase=gdn_alpha_beta gpu_ms=0.00
[prefill-layer-phase] chunk=0 start=0 layer=13 kind=gdn phase=gdn_prep_conv gpu_ms=0.43
[prefill-layer-phase] chunk=0 start=0 layer=13 kind=gdn phase=gdn_prep_l2 gpu_ms=0.03
[prefill-layer-phase] chunk=0 start=0 layer=13 kind=gdn phase=gdn_step gpu_ms=1.57
[prefill-layer-phase] chunk=0 start=0 layer=13 kind=gdn phase=gdn_gated gpu_ms=0.11
[prefill-layer-phase] chunk=0 start=0 layer=13 kind=gdn phase=gdn_back gpu_ms=1.30
[prefill-layer-phase] chunk=0 start=0 layer=13 kind=gdn phase=mixer_resid gpu_ms=0.03
[prefill-layer-phase] chunk=0 start=0 layer=13 kind=moe phase=post_norm gpu_ms=0.02
[prefill-layer-phase] chunk=0 start=0 layer=13 kind=moe phase=route_fused gpu_ms=0.31
[prefill-layer-phase] chunk=0 start=0 layer=13 kind=moe phase=routed_swiglu gpu_ms=4.08
[prefill-layer-phase] chunk=0 start=0 layer=13 kind=moe phase=routed_down gpu_ms=2.34
[prefill-layer-phase] chunk=0 start=0 layer=13 kind=moe phase=routed_reduce gpu_ms=0.14
[prefill-layer-phase] chunk=0 start=0 layer=13 kind=moe phase=shared_packed gpu_ms=0.64
[prefill-layer-phase] chunk=0 start=0 layer=14 kind=gdn phase=pre_norm gpu_ms=0.02
[prefill-layer-phase] chunk=0 start=0 layer=14 kind=gdn phase=gdn_qkv gpu_ms=2.53
[prefill-layer-phase] chunk=0 start=0 layer=14 kind=gdn phase=gdn_z gpu_ms=1.29
[prefill-layer-phase] chunk=0 start=0 layer=14 kind=gdn phase=gdn_beta_alpha gpu_ms=0.18
[prefill-layer-phase] chunk=0 start=0 layer=14 kind=gdn phase=gdn_alpha_beta gpu_ms=0.00
[prefill-layer-phase] chunk=0 start=0 layer=14 kind=gdn phase=gdn_prep_conv gpu_ms=0.43
[prefill-layer-phase] chunk=0 start=0 layer=14 kind=gdn phase=gdn_prep_l2 gpu_ms=0.03
[prefill-layer-phase] chunk=0 start=0 layer=14 kind=gdn phase=gdn_step gpu_ms=1.60
[prefill-layer-phase] chunk=0 start=0 layer=14 kind=gdn phase=gdn_gated gpu_ms=0.11
[prefill-layer-phase] chunk=0 start=0 layer=14 kind=gdn phase=gdn_back gpu_ms=1.30
[prefill-layer-phase] chunk=0 start=0 layer=14 kind=gdn phase=mixer_resid gpu_ms=0.03
[prefill-layer-phase] chunk=0 start=0 layer=14 kind=moe phase=post_norm gpu_ms=0.03
[prefill-layer-phase] chunk=0 start=0 layer=14 kind=moe phase=route_fused gpu_ms=0.30
[prefill-layer-phase] chunk=0 start=0 layer=14 kind=moe phase=routed_swiglu gpu_ms=4.11
[prefill-layer-phase] chunk=0 start=0 layer=14 kind=moe phase=routed_down gpu_ms=2.37
[prefill-layer-phase] chunk=0 start=0 layer=14 kind=moe phase=routed_reduce gpu_ms=0.15
[prefill-layer-phase] chunk=0 start=0 layer=14 kind=moe phase=shared_packed gpu_ms=0.64
[prefill-layer-phase] chunk=0 start=0 layer=15 kind=attn phase=pre_norm gpu_ms=0.02
[prefill-attn-phase] chunk=0 start=0 layer=15 phase=proj gpu_ms=2.91
[prefill-attn-phase] chunk=0 start=0 layer=15 phase=norm gpu_ms=0.29
[prefill-attn-phase] chunk=0 start=0 layer=15 phase=rope_scatter gpu_ms=0.06
[prefill-attn-packed-shape] layer=15 chunk_start=0 chunk_p=1024 group=8 packed_rows=4 qt=2 row_groups=256 dispatches=512 nwg=64 partial_rw_mib=2064.00
[prefill-attn-matrix-g8-shape] layer=15 chunk_start=0 chunk_p=1024 query_rows=1024 query_tiles=1 n_pos=1024 score_tile_scratch_mib=34.00 vt_stride=4096 vt_layer_mib=4.00 vt_update_base=0 vt_update_rows=1024 vt_update_mib=1.00
[prefill-attn-phase] chunk=0 start=0 layer=15 phase=body_matrix_kq gpu_ms=0.36
[prefill-attn-phase] chunk=0 start=0 layer=15 phase=body_matrix_kqv gpu_ms=0.35
[prefill-layer-phase] chunk=0 start=0 layer=15 kind=attn phase=attn_back gpu_ms=1.40
[prefill-layer-phase] chunk=0 start=0 layer=15 kind=attn phase=mixer_resid gpu_ms=0.03
[prefill-layer-phase] chunk=0 start=0 layer=15 kind=moe phase=post_norm gpu_ms=0.02
[prefill-layer-phase] chunk=0 start=0 layer=15 kind=moe phase=route_fused gpu_ms=0.31
[prefill-layer-phase] chunk=0 start=0 layer=15 kind=moe phase=routed_swiglu gpu_ms=3.96
[prefill-layer-phase] chunk=0 start=0 layer=15 kind=moe phase=routed_down gpu_ms=2.32
[prefill-layer-phase] chunk=0 start=0 layer=15 kind=moe phase=routed_reduce gpu_ms=0.14
[prefill-layer-phase] chunk=0 start=0 layer=15 kind=moe phase=shared_packed gpu_ms=0.64
[prefill-layer-phase] chunk=0 start=0 layer=16 kind=gdn phase=pre_norm gpu_ms=0.02
[prefill-layer-phase] chunk=0 start=0 layer=16 kind=gdn phase=gdn_qkv gpu_ms=2.53
[prefill-layer-phase] chunk=0 start=0 layer=16 kind=gdn phase=gdn_z gpu_ms=1.29
[prefill-layer-phase] chunk=0 start=0 layer=16 kind=gdn phase=gdn_beta_alpha gpu_ms=0.17
[prefill-layer-phase] chunk=0 start=0 layer=16 kind=gdn phase=gdn_alpha_beta gpu_ms=0.00
[prefill-layer-phase] chunk=0 start=0 layer=16 kind=gdn phase=gdn_prep_conv gpu_ms=0.43
[prefill-layer-phase] chunk=0 start=0 layer=16 kind=gdn phase=gdn_prep_l2 gpu_ms=0.03
[prefill-layer-phase] chunk=0 start=0 layer=16 kind=gdn phase=gdn_step gpu_ms=1.57
[prefill-layer-phase] chunk=0 start=0 layer=16 kind=gdn phase=gdn_gated gpu_ms=0.10
[prefill-layer-phase] chunk=0 start=0 layer=16 kind=gdn phase=gdn_back gpu_ms=1.30
[prefill-layer-phase] chunk=0 start=0 layer=16 kind=gdn phase=mixer_resid gpu_ms=0.03
[prefill-layer-phase] chunk=0 start=0 layer=16 kind=moe phase=post_norm gpu_ms=0.02
[prefill-layer-phase] chunk=0 start=0 layer=16 kind=moe phase=route_fused gpu_ms=0.31
[prefill-layer-phase] chunk=0 start=0 layer=16 kind=moe phase=routed_swiglu gpu_ms=3.86
[prefill-layer-phase] chunk=0 start=0 layer=16 kind=moe phase=routed_down gpu_ms=2.22
[prefill-layer-phase] chunk=0 start=0 layer=16 kind=moe phase=routed_reduce gpu_ms=0.15
[prefill-layer-phase] chunk=0 start=0 layer=16 kind=moe phase=shared_packed gpu_ms=0.64
[prefill-layer-phase] chunk=0 start=0 layer=17 kind=gdn phase=pre_norm gpu_ms=0.02
[prefill-layer-phase] chunk=0 start=0 layer=17 kind=gdn phase=gdn_qkv gpu_ms=2.53
[prefill-layer-phase] chunk=0 start=0 layer=17 kind=gdn phase=gdn_z gpu_ms=1.29
[prefill-layer-phase] chunk=0 start=0 layer=17 kind=gdn phase=gdn_beta_alpha gpu_ms=0.18
[prefill-layer-phase] chunk=0 start=0 layer=17 kind=gdn phase=gdn_alpha_beta gpu_ms=0.01
[prefill-layer-phase] chunk=0 start=0 layer=17 kind=gdn phase=gdn_prep_conv gpu_ms=0.43
[prefill-layer-phase] chunk=0 start=0 layer=17 kind=gdn phase=gdn_prep_l2 gpu_ms=0.03
[prefill-layer-phase] chunk=0 start=0 layer=17 kind=gdn phase=gdn_step gpu_ms=1.57
[prefill-layer-phase] chunk=0 start=0 layer=17 kind=gdn phase=gdn_gated gpu_ms=0.10
[prefill-layer-phase] chunk=0 start=0 layer=17 kind=gdn phase=gdn_back gpu_ms=1.30
[prefill-layer-phase] chunk=0 start=0 layer=17 kind=gdn phase=mixer_resid gpu_ms=0.03
[prefill-layer-phase] chunk=0 start=0 layer=17 kind=moe phase=post_norm gpu_ms=0.02
[prefill-layer-phase] chunk=0 start=0 layer=17 kind=moe phase=route_fused gpu_ms=0.31
[prefill-layer-phase] chunk=0 start=0 layer=17 kind=moe phase=routed_swiglu gpu_ms=3.89
[prefill-layer-phase] chunk=0 start=0 layer=17 kind=moe phase=routed_down gpu_ms=2.21
[prefill-layer-phase] chunk=0 start=0 layer=17 kind=moe phase=routed_reduce gpu_ms=0.14
[prefill-layer-phase] chunk=0 start=0 layer=17 kind=moe phase=shared_packed gpu_ms=0.64
[prefill-layer-phase] chunk=0 start=0 layer=18 kind=gdn phase=pre_norm gpu_ms=0.02
[prefill-layer-phase] chunk=0 start=0 layer=18 kind=gdn phase=gdn_qkv gpu_ms=2.53
[prefill-layer-phase] chunk=0 start=0 layer=18 kind=gdn phase=gdn_z gpu_ms=1.29
[prefill-layer-phase] chunk=0 start=0 layer=18 kind=gdn phase=gdn_beta_alpha gpu_ms=0.17
[prefill-layer-phase] chunk=0 start=0 layer=18 kind=gdn phase=gdn_alpha_beta gpu_ms=0.01
[prefill-layer-phase] chunk=0 start=0 layer=18 kind=gdn phase=gdn_prep_conv gpu_ms=0.43
[prefill-layer-phase] chunk=0 start=0 layer=18 kind=gdn phase=gdn_prep_l2 gpu_ms=0.03
[prefill-layer-phase] chunk=0 start=0 layer=18 kind=gdn phase=gdn_step gpu_ms=1.61
[prefill-layer-phase] chunk=0 start=0 layer=18 kind=gdn phase=gdn_gated gpu_ms=0.11
[prefill-layer-phase] chunk=0 start=0 layer=18 kind=gdn phase=gdn_back gpu_ms=1.30
[prefill-layer-phase] chunk=0 start=0 layer=18 kind=gdn phase=mixer_resid gpu_ms=0.03
[prefill-layer-phase] chunk=0 start=0 layer=18 kind=moe phase=post_norm gpu_ms=0.02
[prefill-layer-phase] chunk=0 start=0 layer=18 kind=moe phase=route_fused gpu_ms=0.31
[prefill-layer-phase] chunk=0 start=0 layer=18 kind=moe phase=routed_swiglu gpu_ms=4.00
[prefill-layer-phase] chunk=0 start=0 layer=18 kind=moe phase=routed_down gpu_ms=2.38
[prefill-layer-phase] chunk=0 start=0 layer=18 kind=moe phase=routed_reduce gpu_ms=0.14
[prefill-layer-phase] chunk=0 start=0 layer=18 kind=moe phase=shared_packed gpu_ms=0.64
[prefill-layer-phase] chunk=0 start=0 layer=19 kind=attn phase=pre_norm gpu_ms=0.02
[prefill-attn-phase] chunk=0 start=0 layer=19 phase=proj gpu_ms=2.91
[prefill-attn-phase] chunk=0 start=0 layer=19 phase=norm gpu_ms=0.29
[prefill-attn-phase] chunk=0 start=0 layer=19 phase=rope_scatter gpu_ms=0.06
[prefill-attn-packed-shape] layer=19 chunk_start=0 chunk_p=1024 group=8 packed_rows=4 qt=2 row_groups=256 dispatches=512 nwg=64 partial_rw_mib=2064.00
[prefill-attn-matrix-g8-shape] layer=19 chunk_start=0 chunk_p=1024 query_rows=1024 query_tiles=1 n_pos=1024 score_tile_scratch_mib=34.00 vt_stride=4096 vt_layer_mib=4.00 vt_update_base=0 vt_update_rows=1024 vt_update_mib=1.00
[prefill-attn-phase] chunk=0 start=0 layer=19 phase=body_matrix_kq gpu_ms=0.35
[prefill-attn-phase] chunk=0 start=0 layer=19 phase=body_matrix_kqv gpu_ms=0.35
[prefill-layer-phase] chunk=0 start=0 layer=19 kind=attn phase=attn_back gpu_ms=1.40
[prefill-layer-phase] chunk=0 start=0 layer=19 kind=attn phase=mixer_resid gpu_ms=0.03
[prefill-layer-phase] chunk=0 start=0 layer=19 kind=moe phase=post_norm gpu_ms=0.02
[prefill-layer-phase] chunk=0 start=0 layer=19 kind=moe phase=route_fused gpu_ms=0.31
[prefill-layer-phase] chunk=0 start=0 layer=19 kind=moe phase=routed_swiglu gpu_ms=4.11
[prefill-layer-phase] chunk=0 start=0 layer=19 kind=moe phase=routed_down gpu_ms=2.33
[prefill-layer-phase] chunk=0 start=0 layer=19 kind=moe phase=routed_reduce gpu_ms=0.14
[prefill-layer-phase] chunk=0 start=0 layer=19 kind=moe phase=shared_packed gpu_ms=0.63
[prefill-layer-phase] chunk=0 start=0 layer=20 kind=gdn phase=pre_norm gpu_ms=0.02
[prefill-layer-phase] chunk=0 start=0 layer=20 kind=gdn phase=gdn_qkv gpu_ms=2.53
[prefill-layer-phase] chunk=0 start=0 layer=20 kind=gdn phase=gdn_z gpu_ms=1.29
[prefill-layer-phase] chunk=0 start=0 layer=20 kind=gdn phase=gdn_beta_alpha gpu_ms=0.17
[prefill-layer-phase] chunk=0 start=0 layer=20 kind=gdn phase=gdn_alpha_beta gpu_ms=0.01
[prefill-layer-phase] chunk=0 start=0 layer=20 kind=gdn phase=gdn_prep_conv gpu_ms=0.43
[prefill-layer-phase] chunk=0 start=0 layer=20 kind=gdn phase=gdn_prep_l2 gpu_ms=0.03
[prefill-layer-phase] chunk=0 start=0 layer=20 kind=gdn phase=gdn_step gpu_ms=1.58
[prefill-layer-phase] chunk=0 start=0 layer=20 kind=gdn phase=gdn_gated gpu_ms=0.11
[prefill-layer-phase] chunk=0 start=0 layer=20 kind=gdn phase=gdn_back gpu_ms=1.30
[prefill-layer-phase] chunk=0 start=0 layer=20 kind=gdn phase=mixer_resid gpu_ms=0.03
[prefill-layer-phase] chunk=0 start=0 layer=20 kind=moe phase=post_norm gpu_ms=0.02
[prefill-layer-phase] chunk=0 start=0 layer=20 kind=moe phase=route_fused gpu_ms=0.31
[prefill-layer-phase] chunk=0 start=0 layer=20 kind=moe phase=routed_swiglu gpu_ms=4.32
[prefill-layer-phase] chunk=0 start=0 layer=20 kind=moe phase=routed_down gpu_ms=2.61
[prefill-layer-phase] chunk=0 start=0 layer=20 kind=moe phase=routed_reduce gpu_ms=0.14
[prefill-layer-phase] chunk=0 start=0 layer=20 kind=moe phase=shared_packed gpu_ms=0.63
[prefill-layer-phase] chunk=0 start=0 layer=21 kind=gdn phase=pre_norm gpu_ms=0.02
[prefill-layer-phase] chunk=0 start=0 layer=21 kind=gdn phase=gdn_qkv gpu_ms=2.53
[prefill-layer-phase] chunk=0 start=0 layer=21 kind=gdn phase=gdn_z gpu_ms=1.29
[prefill-layer-phase] chunk=0 start=0 layer=21 kind=gdn phase=gdn_beta_alpha gpu_ms=0.17
[prefill-layer-phase] chunk=0 start=0 layer=21 kind=gdn phase=gdn_alpha_beta gpu_ms=0.00
[prefill-layer-phase] chunk=0 start=0 layer=21 kind=gdn phase=gdn_prep_conv gpu_ms=0.43
[prefill-layer-phase] chunk=0 start=0 layer=21 kind=gdn phase=gdn_prep_l2 gpu_ms=0.03
[prefill-layer-phase] chunk=0 start=0 layer=21 kind=gdn phase=gdn_step gpu_ms=1.54
[prefill-layer-phase] chunk=0 start=0 layer=21 kind=gdn phase=gdn_gated gpu_ms=0.11
[prefill-layer-phase] chunk=0 start=0 layer=21 kind=gdn phase=gdn_back gpu_ms=1.30
[prefill-layer-phase] chunk=0 start=0 layer=21 kind=gdn phase=mixer_resid gpu_ms=0.03
[prefill-layer-phase] chunk=0 start=0 layer=21 kind=moe phase=post_norm gpu_ms=0.02
[prefill-layer-phase] chunk=0 start=0 layer=21 kind=moe phase=route_fused gpu_ms=0.31
[prefill-layer-phase] chunk=0 start=0 layer=21 kind=moe phase=routed_swiglu gpu_ms=4.17
[prefill-layer-phase] chunk=0 start=0 layer=21 kind=moe phase=routed_down gpu_ms=2.48
[prefill-layer-phase] chunk=0 start=0 layer=21 kind=moe phase=routed_reduce gpu_ms=0.14
[prefill-layer-phase] chunk=0 start=0 layer=21 kind=moe phase=shared_packed gpu_ms=0.64
[prefill-layer-phase] chunk=0 start=0 layer=22 kind=gdn phase=pre_norm gpu_ms=0.02
[prefill-layer-phase] chunk=0 start=0 layer=22 kind=gdn phase=gdn_qkv gpu_ms=2.53
[prefill-layer-phase] chunk=0 start=0 layer=22 kind=gdn phase=gdn_z gpu_ms=1.29
[prefill-layer-phase] chunk=0 start=0 layer=22 kind=gdn phase=gdn_beta_alpha gpu_ms=0.17
[prefill-layer-phase] chunk=0 start=0 layer=22 kind=gdn phase=gdn_alpha_beta gpu_ms=0.01
[prefill-layer-phase] chunk=0 start=0 layer=22 kind=gdn phase=gdn_prep_conv gpu_ms=0.43
[prefill-layer-phase] chunk=0 start=0 layer=22 kind=gdn phase=gdn_prep_l2 gpu_ms=0.03
[prefill-layer-phase] chunk=0 start=0 layer=22 kind=gdn phase=gdn_step gpu_ms=1.58
[prefill-layer-phase] chunk=0 start=0 layer=22 kind=gdn phase=gdn_gated gpu_ms=0.10
[prefill-layer-phase] chunk=0 start=0 layer=22 kind=gdn phase=gdn_back gpu_ms=1.30
[prefill-layer-phase] chunk=0 start=0 layer=22 kind=gdn phase=mixer_resid gpu_ms=0.03
[prefill-layer-phase] chunk=0 start=0 layer=22 kind=moe phase=post_norm gpu_ms=0.02
[prefill-layer-phase] chunk=0 start=0 layer=22 kind=moe phase=route_fused gpu_ms=0.31
[prefill-layer-phase] chunk=0 start=0 layer=22 kind=moe phase=routed_swiglu gpu_ms=4.24
[prefill-layer-phase] chunk=0 start=0 layer=22 kind=moe phase=routed_down gpu_ms=2.44
[prefill-layer-phase] chunk=0 start=0 layer=22 kind=moe phase=routed_reduce gpu_ms=0.14
[prefill-layer-phase] chunk=0 start=0 layer=22 kind=moe phase=shared_packed gpu_ms=0.64
[prefill-layer-phase] chunk=0 start=0 layer=23 kind=attn phase=pre_norm gpu_ms=0.02
[prefill-attn-phase] chunk=0 start=0 layer=23 phase=proj gpu_ms=2.91
[prefill-attn-phase] chunk=0 start=0 layer=23 phase=norm gpu_ms=0.29
[prefill-attn-phase] chunk=0 start=0 layer=23 phase=rope_scatter gpu_ms=0.06
[prefill-attn-packed-shape] layer=23 chunk_start=0 chunk_p=1024 group=8 packed_rows=4 qt=2 row_groups=256 dispatches=512 nwg=64 partial_rw_mib=2064.00
[prefill-attn-matrix-g8-shape] layer=23 chunk_start=0 chunk_p=1024 query_rows=1024 query_tiles=1 n_pos=1024 score_tile_scratch_mib=34.00 vt_stride=4096 vt_layer_mib=4.00 vt_update_base=0 vt_update_rows=1024 vt_update_mib=1.00
[prefill-attn-phase] chunk=0 start=0 layer=23 phase=body_matrix_kq gpu_ms=0.35
[prefill-attn-phase] chunk=0 start=0 layer=23 phase=body_matrix_kqv gpu_ms=0.35
[prefill-layer-phase] chunk=0 start=0 layer=23 kind=attn phase=attn_back gpu_ms=1.40
[prefill-layer-phase] chunk=0 start=0 layer=23 kind=attn phase=mixer_resid gpu_ms=0.03
[prefill-layer-phase] chunk=0 start=0 layer=23 kind=moe phase=post_norm gpu_ms=0.02
[prefill-layer-phase] chunk=0 start=0 layer=23 kind=moe phase=route_fused gpu_ms=0.31
[prefill-layer-phase] chunk=0 start=0 layer=23 kind=moe phase=routed_swiglu gpu_ms=3.90
[prefill-layer-phase] chunk=0 start=0 layer=23 kind=moe phase=routed_down gpu_ms=2.31
[prefill-layer-phase] chunk=0 start=0 layer=23 kind=moe phase=routed_reduce gpu_ms=0.15
[prefill-layer-phase] chunk=0 start=0 layer=23 kind=moe phase=shared_packed gpu_ms=0.64
[prefill-layer-phase] chunk=0 start=0 layer=24 kind=gdn phase=pre_norm gpu_ms=0.02
[prefill-layer-phase] chunk=0 start=0 layer=24 kind=gdn phase=gdn_qkv gpu_ms=2.53
[prefill-layer-phase] chunk=0 start=0 layer=24 kind=gdn phase=gdn_z gpu_ms=1.29
[prefill-layer-phase] chunk=0 start=0 layer=24 kind=gdn phase=gdn_beta_alpha gpu_ms=0.17
[prefill-layer-phase] chunk=0 start=0 layer=24 kind=gdn phase=gdn_alpha_beta gpu_ms=0.00
[prefill-layer-phase] chunk=0 start=0 layer=24 kind=gdn phase=gdn_prep_conv gpu_ms=0.43
[prefill-layer-phase] chunk=0 start=0 layer=24 kind=gdn phase=gdn_prep_l2 gpu_ms=0.03
[prefill-layer-phase] chunk=0 start=0 layer=24 kind=gdn phase=gdn_step gpu_ms=1.58
[prefill-layer-phase] chunk=0 start=0 layer=24 kind=gdn phase=gdn_gated gpu_ms=0.11
[prefill-layer-phase] chunk=0 start=0 layer=24 kind=gdn phase=gdn_back gpu_ms=1.30
[prefill-layer-phase] chunk=0 start=0 layer=24 kind=gdn phase=mixer_resid gpu_ms=0.03
[prefill-layer-phase] chunk=0 start=0 layer=24 kind=moe phase=post_norm gpu_ms=0.02
[prefill-layer-phase] chunk=0 start=0 layer=24 kind=moe phase=route_fused gpu_ms=0.31
[prefill-layer-phase] chunk=0 start=0 layer=24 kind=moe phase=routed_swiglu gpu_ms=4.00
[prefill-layer-phase] chunk=0 start=0 layer=24 kind=moe phase=routed_down gpu_ms=2.37
[prefill-layer-phase] chunk=0 start=0 layer=24 kind=moe phase=routed_reduce gpu_ms=0.14
[prefill-layer-phase] chunk=0 start=0 layer=24 kind=moe phase=shared_packed gpu_ms=0.64
[prefill-layer-phase] chunk=0 start=0 layer=25 kind=gdn phase=pre_norm gpu_ms=0.02
[prefill-layer-phase] chunk=0 start=0 layer=25 kind=gdn phase=gdn_qkv gpu_ms=2.53
[prefill-layer-phase] chunk=0 start=0 layer=25 kind=gdn phase=gdn_z gpu_ms=1.29
[prefill-layer-phase] chunk=0 start=0 layer=25 kind=gdn phase=gdn_beta_alpha gpu_ms=0.18
[prefill-layer-phase] chunk=0 start=0 layer=25 kind=gdn phase=gdn_alpha_beta gpu_ms=0.01
[prefill-layer-phase] chunk=0 start=0 layer=25 kind=gdn phase=gdn_prep_conv gpu_ms=0.43
[prefill-layer-phase] chunk=0 start=0 layer=25 kind=gdn phase=gdn_prep_l2 gpu_ms=0.03
[prefill-layer-phase] chunk=0 start=0 layer=25 kind=gdn phase=gdn_step gpu_ms=1.61
[prefill-layer-phase] chunk=0 start=0 layer=25 kind=gdn phase=gdn_gated gpu_ms=0.10
[prefill-layer-phase] chunk=0 start=0 layer=25 kind=gdn phase=gdn_back gpu_ms=1.30
[prefill-layer-phase] chunk=0 start=0 layer=25 kind=gdn phase=mixer_resid gpu_ms=0.03
[prefill-layer-phase] chunk=0 start=0 layer=25 kind=moe phase=post_norm gpu_ms=0.02
[prefill-layer-phase] chunk=0 start=0 layer=25 kind=moe phase=route_fused gpu_ms=0.31
[prefill-layer-phase] chunk=0 start=0 layer=25 kind=moe phase=routed_swiglu gpu_ms=4.03
[prefill-layer-phase] chunk=0 start=0 layer=25 kind=moe phase=routed_down gpu_ms=2.32
[prefill-layer-phase] chunk=0 start=0 layer=25 kind=moe phase=routed_reduce gpu_ms=0.14
[prefill-layer-phase] chunk=0 start=0 layer=25 kind=moe phase=shared_packed gpu_ms=0.64
[prefill-layer-phase] chunk=0 start=0 layer=26 kind=gdn phase=pre_norm gpu_ms=0.02
[prefill-layer-phase] chunk=0 start=0 layer=26 kind=gdn phase=gdn_qkv gpu_ms=2.53
[prefill-layer-phase] chunk=0 start=0 layer=26 kind=gdn phase=gdn_z gpu_ms=1.29
[prefill-layer-phase] chunk=0 start=0 layer=26 kind=gdn phase=gdn_beta_alpha gpu_ms=0.17
[prefill-layer-phase] chunk=0 start=0 layer=26 kind=gdn phase=gdn_alpha_beta gpu_ms=0.01
[prefill-layer-phase] chunk=0 start=0 layer=26 kind=gdn phase=gdn_prep_conv gpu_ms=0.43
[prefill-layer-phase] chunk=0 start=0 layer=26 kind=gdn phase=gdn_prep_l2 gpu_ms=0.03
[prefill-layer-phase] chunk=0 start=0 layer=26 kind=gdn phase=gdn_step gpu_ms=1.57
[prefill-layer-phase] chunk=0 start=0 layer=26 kind=gdn phase=gdn_gated gpu_ms=0.11
[prefill-layer-phase] chunk=0 start=0 layer=26 kind=gdn phase=gdn_back gpu_ms=1.30
[prefill-layer-phase] chunk=0 start=0 layer=26 kind=gdn phase=mixer_resid gpu_ms=0.03
[prefill-layer-phase] chunk=0 start=0 layer=26 kind=moe phase=post_norm gpu_ms=0.02
[prefill-layer-phase] chunk=0 start=0 layer=26 kind=moe phase=route_fused gpu_ms=0.31
[prefill-layer-phase] chunk=0 start=0 layer=26 kind=moe phase=routed_swiglu gpu_ms=3.98
[prefill-layer-phase] chunk=0 start=0 layer=26 kind=moe phase=routed_down gpu_ms=2.43
[prefill-layer-phase] chunk=0 start=0 layer=26 kind=moe phase=routed_reduce gpu_ms=0.14
[prefill-layer-phase] chunk=0 start=0 layer=26 kind=moe phase=shared_packed gpu_ms=0.64
[prefill-layer-phase] chunk=0 start=0 layer=27 kind=attn phase=pre_norm gpu_ms=0.02
[prefill-attn-phase] chunk=0 start=0 layer=27 phase=proj gpu_ms=2.91
[prefill-attn-phase] chunk=0 start=0 layer=27 phase=norm gpu_ms=0.29
[prefill-attn-phase] chunk=0 start=0 layer=27 phase=rope_scatter gpu_ms=0.05
[prefill-attn-packed-shape] layer=27 chunk_start=0 chunk_p=1024 group=8 packed_rows=4 qt=2 row_groups=256 dispatches=512 nwg=64 partial_rw_mib=2064.00
[prefill-attn-matrix-g8-shape] layer=27 chunk_start=0 chunk_p=1024 query_rows=1024 query_tiles=1 n_pos=1024 score_tile_scratch_mib=34.00 vt_stride=4096 vt_layer_mib=4.00 vt_update_base=0 vt_update_rows=1024 vt_update_mib=1.00
[prefill-attn-phase] chunk=0 start=0 layer=27 phase=body_matrix_kq gpu_ms=0.35
[prefill-attn-phase] chunk=0 start=0 layer=27 phase=body_matrix_kqv gpu_ms=0.35
[prefill-layer-phase] chunk=0 start=0 layer=27 kind=attn phase=attn_back gpu_ms=1.40
[prefill-layer-phase] chunk=0 start=0 layer=27 kind=attn phase=mixer_resid gpu_ms=0.03
[prefill-layer-phase] chunk=0 start=0 layer=27 kind=moe phase=post_norm gpu_ms=0.02
[prefill-layer-phase] chunk=0 start=0 layer=27 kind=moe phase=route_fused gpu_ms=0.31
[prefill-layer-phase] chunk=0 start=0 layer=27 kind=moe phase=routed_swiglu gpu_ms=3.94
[prefill-layer-phase] chunk=0 start=0 layer=27 kind=moe phase=routed_down gpu_ms=2.35
[prefill-layer-phase] chunk=0 start=0 layer=27 kind=moe phase=routed_reduce gpu_ms=0.15
[prefill-layer-phase] chunk=0 start=0 layer=27 kind=moe phase=shared_packed gpu_ms=0.64
[prefill-layer-phase] chunk=0 start=0 layer=28 kind=gdn phase=pre_norm gpu_ms=0.02
[prefill-layer-phase] chunk=0 start=0 layer=28 kind=gdn phase=gdn_qkv gpu_ms=2.53
[prefill-layer-phase] chunk=0 start=0 layer=28 kind=gdn phase=gdn_z gpu_ms=1.29
[prefill-layer-phase] chunk=0 start=0 layer=28 kind=gdn phase=gdn_beta_alpha gpu_ms=0.17
[prefill-layer-phase] chunk=0 start=0 layer=28 kind=gdn phase=gdn_alpha_beta gpu_ms=0.01
[prefill-layer-phase] chunk=0 start=0 layer=28 kind=gdn phase=gdn_prep_conv gpu_ms=0.43
[prefill-layer-phase] chunk=0 start=0 layer=28 kind=gdn phase=gdn_prep_l2 gpu_ms=0.03
[prefill-layer-phase] chunk=0 start=0 layer=28 kind=gdn phase=gdn_step gpu_ms=1.56
[prefill-layer-phase] chunk=0 start=0 layer=28 kind=gdn phase=gdn_gated gpu_ms=0.11
[prefill-layer-phase] chunk=0 start=0 layer=28 kind=gdn phase=gdn_back gpu_ms=1.30
[prefill-layer-phase] chunk=0 start=0 layer=28 kind=gdn phase=mixer_resid gpu_ms=0.03
[prefill-layer-phase] chunk=0 start=0 layer=28 kind=moe phase=post_norm gpu_ms=0.02
[prefill-layer-phase] chunk=0 start=0 layer=28 kind=moe phase=route_fused gpu_ms=0.31
[prefill-layer-phase] chunk=0 start=0 layer=28 kind=moe phase=routed_swiglu gpu_ms=3.95
[prefill-layer-phase] chunk=0 start=0 layer=28 kind=moe phase=routed_down gpu_ms=2.28
[prefill-layer-phase] chunk=0 start=0 layer=28 kind=moe phase=routed_reduce gpu_ms=0.15
[prefill-layer-phase] chunk=0 start=0 layer=28 kind=moe phase=shared_packed gpu_ms=0.63
[prefill-layer-phase] chunk=0 start=0 layer=29 kind=gdn phase=pre_norm gpu_ms=0.02
[prefill-layer-phase] chunk=0 start=0 layer=29 kind=gdn phase=gdn_qkv gpu_ms=2.53
[prefill-layer-phase] chunk=0 start=0 layer=29 kind=gdn phase=gdn_z gpu_ms=1.29
[prefill-layer-phase] chunk=0 start=0 layer=29 kind=gdn phase=gdn_beta_alpha gpu_ms=0.17
[prefill-layer-phase] chunk=0 start=0 layer=29 kind=gdn phase=gdn_alpha_beta gpu_ms=0.01
[prefill-layer-phase] chunk=0 start=0 layer=29 kind=gdn phase=gdn_prep_conv gpu_ms=0.43
[prefill-layer-phase] chunk=0 start=0 layer=29 kind=gdn phase=gdn_prep_l2 gpu_ms=0.03
[prefill-layer-phase] chunk=0 start=0 layer=29 kind=gdn phase=gdn_step gpu_ms=1.55
[prefill-layer-phase] chunk=0 start=0 layer=29 kind=gdn phase=gdn_gated gpu_ms=0.11
[prefill-layer-phase] chunk=0 start=0 layer=29 kind=gdn phase=gdn_back gpu_ms=1.30
[prefill-layer-phase] chunk=0 start=0 layer=29 kind=gdn phase=mixer_resid gpu_ms=0.03
[prefill-layer-phase] chunk=0 start=0 layer=29 kind=moe phase=post_norm gpu_ms=0.02
[prefill-layer-phase] chunk=0 start=0 layer=29 kind=moe phase=route_fused gpu_ms=0.31
[prefill-layer-phase] chunk=0 start=0 layer=29 kind=moe phase=routed_swiglu gpu_ms=4.03
[prefill-layer-phase] chunk=0 start=0 layer=29 kind=moe phase=routed_down gpu_ms=2.33
[prefill-layer-phase] chunk=0 start=0 layer=29 kind=moe phase=routed_reduce gpu_ms=0.14
[prefill-layer-phase] chunk=0 start=0 layer=29 kind=moe phase=shared_packed gpu_ms=0.64
[prefill-layer-phase] chunk=0 start=0 layer=30 kind=gdn phase=pre_norm gpu_ms=0.02
[prefill-layer-phase] chunk=0 start=0 layer=30 kind=gdn phase=gdn_qkv gpu_ms=2.53
[prefill-layer-phase] chunk=0 start=0 layer=30 kind=gdn phase=gdn_z gpu_ms=1.29
[prefill-layer-phase] chunk=0 start=0 layer=30 kind=gdn phase=gdn_beta_alpha gpu_ms=0.17
[prefill-layer-phase] chunk=0 start=0 layer=30 kind=gdn phase=gdn_alpha_beta gpu_ms=0.00
[prefill-layer-phase] chunk=0 start=0 layer=30 kind=gdn phase=gdn_prep_conv gpu_ms=0.43
[prefill-layer-phase] chunk=0 start=0 layer=30 kind=gdn phase=gdn_prep_l2 gpu_ms=0.03
[prefill-layer-phase] chunk=0 start=0 layer=30 kind=gdn phase=gdn_step gpu_ms=1.57
[prefill-layer-phase] chunk=0 start=0 layer=30 kind=gdn phase=gdn_gated gpu_ms=0.11
[prefill-layer-phase] chunk=0 start=0 layer=30 kind=gdn phase=gdn_back gpu_ms=1.30
[prefill-layer-phase] chunk=0 start=0 layer=30 kind=gdn phase=mixer_resid gpu_ms=0.03
[prefill-layer-phase] chunk=0 start=0 layer=30 kind=moe phase=post_norm gpu_ms=0.02
[prefill-layer-phase] chunk=0 start=0 layer=30 kind=moe phase=route_fused gpu_ms=0.31
[prefill-layer-phase] chunk=0 start=0 layer=30 kind=moe phase=routed_swiglu gpu_ms=3.92
[prefill-layer-phase] chunk=0 start=0 layer=30 kind=moe phase=routed_down gpu_ms=2.40
[prefill-layer-phase] chunk=0 start=0 layer=30 kind=moe phase=routed_reduce gpu_ms=0.14
[prefill-layer-phase] chunk=0 start=0 layer=30 kind=moe phase=shared_packed gpu_ms=0.64
[prefill-layer-phase] chunk=0 start=0 layer=31 kind=attn phase=pre_norm gpu_ms=0.02
[prefill-attn-phase] chunk=0 start=0 layer=31 phase=proj gpu_ms=2.91
[prefill-attn-phase] chunk=0 start=0 layer=31 phase=norm gpu_ms=0.29
[prefill-attn-phase] chunk=0 start=0 layer=31 phase=rope_scatter gpu_ms=0.05
[prefill-attn-packed-shape] layer=31 chunk_start=0 chunk_p=1024 group=8 packed_rows=4 qt=2 row_groups=256 dispatches=512 nwg=64 partial_rw_mib=2064.00
[prefill-attn-matrix-g8-shape] layer=31 chunk_start=0 chunk_p=1024 query_rows=1024 query_tiles=1 n_pos=1024 score_tile_scratch_mib=34.00 vt_stride=4096 vt_layer_mib=4.00 vt_update_base=0 vt_update_rows=1024 vt_update_mib=1.00
[prefill-attn-phase] chunk=0 start=0 layer=31 phase=body_matrix_kq gpu_ms=0.35
[prefill-attn-phase] chunk=0 start=0 layer=31 phase=body_matrix_kqv gpu_ms=0.35
[prefill-layer-phase] chunk=0 start=0 layer=31 kind=attn phase=attn_back gpu_ms=1.40
[prefill-layer-phase] chunk=0 start=0 layer=31 kind=attn phase=mixer_resid gpu_ms=0.03
[prefill-layer-phase] chunk=0 start=0 layer=31 kind=moe phase=post_norm gpu_ms=0.02
[prefill-layer-phase] chunk=0 start=0 layer=31 kind=moe phase=route_fused gpu_ms=0.31
[prefill-layer-phase] chunk=0 start=0 layer=31 kind=moe phase=routed_swiglu gpu_ms=3.90
[prefill-layer-phase] chunk=0 start=0 layer=31 kind=moe phase=routed_down gpu_ms=2.29
[prefill-layer-phase] chunk=0 start=0 layer=31 kind=moe phase=routed_reduce gpu_ms=0.14
[prefill-layer-phase] chunk=0 start=0 layer=31 kind=moe phase=shared_packed gpu_ms=0.64
[prefill-layer-phase] chunk=0 start=0 layer=32 kind=gdn phase=pre_norm gpu_ms=0.02
[prefill-layer-phase] chunk=0 start=0 layer=32 kind=gdn phase=gdn_qkv gpu_ms=2.53
[prefill-layer-phase] chunk=0 start=0 layer=32 kind=gdn phase=gdn_z gpu_ms=1.29
[prefill-layer-phase] chunk=0 start=0 layer=32 kind=gdn phase=gdn_beta_alpha gpu_ms=0.17
[prefill-layer-phase] chunk=0 start=0 layer=32 kind=gdn phase=gdn_alpha_beta gpu_ms=0.00
[prefill-layer-phase] chunk=0 start=0 layer=32 kind=gdn phase=gdn_prep_conv gpu_ms=0.43
[prefill-layer-phase] chunk=0 start=0 layer=32 kind=gdn phase=gdn_prep_l2 gpu_ms=0.03
[prefill-layer-phase] chunk=0 start=0 layer=32 kind=gdn phase=gdn_step gpu_ms=1.58
[prefill-layer-phase] chunk=0 start=0 layer=32 kind=gdn phase=gdn_gated gpu_ms=0.11
[prefill-layer-phase] chunk=0 start=0 layer=32 kind=gdn phase=gdn_back gpu_ms=1.30
[prefill-layer-phase] chunk=0 start=0 layer=32 kind=gdn phase=mixer_resid gpu_ms=0.03
[prefill-layer-phase] chunk=0 start=0 layer=32 kind=moe phase=post_norm gpu_ms=0.02
[prefill-layer-phase] chunk=0 start=0 layer=32 kind=moe phase=route_fused gpu_ms=0.31
[prefill-layer-phase] chunk=0 start=0 layer=32 kind=moe phase=routed_swiglu gpu_ms=3.90
[prefill-layer-phase] chunk=0 start=0 layer=32 kind=moe phase=routed_down gpu_ms=2.27
[prefill-layer-phase] chunk=0 start=0 layer=32 kind=moe phase=routed_reduce gpu_ms=0.14
[prefill-layer-phase] chunk=0 start=0 layer=32 kind=moe phase=shared_packed gpu_ms=0.64
[prefill-layer-phase] chunk=0 start=0 layer=33 kind=gdn phase=pre_norm gpu_ms=0.02
[prefill-layer-phase] chunk=0 start=0 layer=33 kind=gdn phase=gdn_qkv gpu_ms=2.53
[prefill-layer-phase] chunk=0 start=0 layer=33 kind=gdn phase=gdn_z gpu_ms=1.29
[prefill-layer-phase] chunk=0 start=0 layer=33 kind=gdn phase=gdn_beta_alpha gpu_ms=0.17
[prefill-layer-phase] chunk=0 start=0 layer=33 kind=gdn phase=gdn_alpha_beta gpu_ms=0.00
[prefill-layer-phase] chunk=0 start=0 layer=33 kind=gdn phase=gdn_prep_conv gpu_ms=0.43
[prefill-layer-phase] chunk=0 start=0 layer=33 kind=gdn phase=gdn_prep_l2 gpu_ms=0.03
[prefill-layer-phase] chunk=0 start=0 layer=33 kind=gdn phase=gdn_step gpu_ms=1.56
[prefill-layer-phase] chunk=0 start=0 layer=33 kind=gdn phase=gdn_gated gpu_ms=0.11
[prefill-layer-phase] chunk=0 start=0 layer=33 kind=gdn phase=gdn_back gpu_ms=1.30
[prefill-layer-phase] chunk=0 start=0 layer=33 kind=gdn phase=mixer_resid gpu_ms=0.03
[prefill-layer-phase] chunk=0 start=0 layer=33 kind=moe phase=post_norm gpu_ms=0.02
[prefill-layer-phase] chunk=0 start=0 layer=33 kind=moe phase=route_fused gpu_ms=0.31
[prefill-layer-phase] chunk=0 start=0 layer=33 kind=moe phase=routed_swiglu gpu_ms=4.20
[prefill-layer-phase] chunk=0 start=0 layer=33 kind=moe phase=routed_down gpu_ms=2.47
[prefill-layer-phase] chunk=0 start=0 layer=33 kind=moe phase=routed_reduce gpu_ms=0.14
[prefill-layer-phase] chunk=0 start=0 layer=33 kind=moe phase=shared_packed gpu_ms=0.64
[prefill-layer-phase] chunk=0 start=0 layer=34 kind=gdn phase=pre_norm gpu_ms=0.02
[prefill-layer-phase] chunk=0 start=0 layer=34 kind=gdn phase=gdn_qkv gpu_ms=2.53
[prefill-layer-phase] chunk=0 start=0 layer=34 kind=gdn phase=gdn_z gpu_ms=1.29
[prefill-layer-phase] chunk=0 start=0 layer=34 kind=gdn phase=gdn_beta_alpha gpu_ms=0.17
[prefill-layer-phase] chunk=0 start=0 layer=34 kind=gdn phase=gdn_alpha_beta gpu_ms=0.00
[prefill-layer-phase] chunk=0 start=0 layer=34 kind=gdn phase=gdn_prep_conv gpu_ms=0.43
[prefill-layer-phase] chunk=0 start=0 layer=34 kind=gdn phase=gdn_prep_l2 gpu_ms=0.03
[prefill-layer-phase] chunk=0 start=0 layer=34 kind=gdn phase=gdn_step gpu_ms=1.59
[prefill-layer-phase] chunk=0 start=0 layer=34 kind=gdn phase=gdn_gated gpu_ms=0.11
[prefill-layer-phase] chunk=0 start=0 layer=34 kind=gdn phase=gdn_back gpu_ms=1.30
[prefill-layer-phase] chunk=0 start=0 layer=34 kind=gdn phase=mixer_resid gpu_ms=0.03
[prefill-layer-phase] chunk=0 start=0 layer=34 kind=moe phase=post_norm gpu_ms=0.02
[prefill-layer-phase] chunk=0 start=0 layer=34 kind=moe phase=route_fused gpu_ms=0.30
[prefill-layer-phase] chunk=0 start=0 layer=34 kind=moe phase=routed_swiglu gpu_ms=3.94
[prefill-layer-phase] chunk=0 start=0 layer=34 kind=moe phase=routed_down gpu_ms=2.16
[prefill-layer-phase] chunk=0 start=0 layer=34 kind=moe phase=routed_reduce gpu_ms=0.14
[prefill-layer-phase] chunk=0 start=0 layer=34 kind=moe phase=shared_packed gpu_ms=0.64
[prefill-layer-phase] chunk=0 start=0 layer=35 kind=attn phase=pre_norm gpu_ms=0.02
[prefill-attn-phase] chunk=0 start=0 layer=35 phase=proj gpu_ms=2.91
[prefill-attn-phase] chunk=0 start=0 layer=35 phase=norm gpu_ms=0.29
[prefill-attn-phase] chunk=0 start=0 layer=35 phase=rope_scatter gpu_ms=0.05
[prefill-attn-packed-shape] layer=35 chunk_start=0 chunk_p=1024 group=8 packed_rows=4 qt=2 row_groups=256 dispatches=512 nwg=64 partial_rw_mib=2064.00
[prefill-attn-matrix-g8-shape] layer=35 chunk_start=0 chunk_p=1024 query_rows=1024 query_tiles=1 n_pos=1024 score_tile_scratch_mib=34.00 vt_stride=4096 vt_layer_mib=4.00 vt_update_base=0 vt_update_rows=1024 vt_update_mib=1.00
[prefill-attn-phase] chunk=0 start=0 layer=35 phase=body_matrix_kq gpu_ms=0.35
[prefill-attn-phase] chunk=0 start=0 layer=35 phase=body_matrix_kqv gpu_ms=0.35
[prefill-layer-phase] chunk=0 start=0 layer=35 kind=attn phase=attn_back gpu_ms=1.40
[prefill-layer-phase] chunk=0 start=0 layer=35 kind=attn phase=mixer_resid gpu_ms=0.03
[prefill-layer-phase] chunk=0 start=0 layer=35 kind=moe phase=post_norm gpu_ms=0.03
[prefill-layer-phase] chunk=0 start=0 layer=35 kind=moe phase=route_fused gpu_ms=0.31
[prefill-layer-phase] chunk=0 start=0 layer=35 kind=moe phase=routed_swiglu gpu_ms=4.17
[prefill-layer-phase] chunk=0 start=0 layer=35 kind=moe phase=routed_down gpu_ms=2.47
[prefill-layer-phase] chunk=0 start=0 layer=35 kind=moe phase=routed_reduce gpu_ms=0.14
[prefill-layer-phase] chunk=0 start=0 layer=35 kind=moe phase=shared_packed gpu_ms=0.64
[prefill-layer-phase] chunk=0 start=0 layer=36 kind=gdn phase=pre_norm gpu_ms=0.02
[prefill-layer-phase] chunk=0 start=0 layer=36 kind=gdn phase=gdn_qkv gpu_ms=2.53
[prefill-layer-phase] chunk=0 start=0 layer=36 kind=gdn phase=gdn_z gpu_ms=1.29
[prefill-layer-phase] chunk=0 start=0 layer=36 kind=gdn phase=gdn_beta_alpha gpu_ms=0.17
[prefill-layer-phase] chunk=0 start=0 layer=36 kind=gdn phase=gdn_alpha_beta gpu_ms=0.00
[prefill-layer-phase] chunk=0 start=0 layer=36 kind=gdn phase=gdn_prep_conv gpu_ms=0.43
[prefill-layer-phase] chunk=0 start=0 layer=36 kind=gdn phase=gdn_prep_l2 gpu_ms=0.03
[prefill-layer-phase] chunk=0 start=0 layer=36 kind=gdn phase=gdn_step gpu_ms=1.60
[prefill-layer-phase] chunk=0 start=0 layer=36 kind=gdn phase=gdn_gated gpu_ms=0.11
[prefill-layer-phase] chunk=0 start=0 layer=36 kind=gdn phase=gdn_back gpu_ms=1.30
[prefill-layer-phase] chunk=0 start=0 layer=36 kind=gdn phase=mixer_resid gpu_ms=0.03
[prefill-layer-phase] chunk=0 start=0 layer=36 kind=moe phase=post_norm gpu_ms=0.02
[prefill-layer-phase] chunk=0 start=0 layer=36 kind=moe phase=route_fused gpu_ms=0.31
[prefill-layer-phase] chunk=0 start=0 layer=36 kind=moe phase=routed_swiglu gpu_ms=4.06
[prefill-layer-phase] chunk=0 start=0 layer=36 kind=moe phase=routed_down gpu_ms=2.32
[prefill-layer-phase] chunk=0 start=0 layer=36 kind=moe phase=routed_reduce gpu_ms=0.14
[prefill-layer-phase] chunk=0 start=0 layer=36 kind=moe phase=shared_packed gpu_ms=0.64
[prefill-layer-phase] chunk=0 start=0 layer=37 kind=gdn phase=pre_norm gpu_ms=0.02
[prefill-layer-phase] chunk=0 start=0 layer=37 kind=gdn phase=gdn_qkv gpu_ms=2.53
[prefill-layer-phase] chunk=0 start=0 layer=37 kind=gdn phase=gdn_z gpu_ms=1.29
[prefill-layer-phase] chunk=0 start=0 layer=37 kind=gdn phase=gdn_beta_alpha gpu_ms=0.17
[prefill-layer-phase] chunk=0 start=0 layer=37 kind=gdn phase=gdn_alpha_beta gpu_ms=0.01
[prefill-layer-phase] chunk=0 start=0 layer=37 kind=gdn phase=gdn_prep_conv gpu_ms=0.43
[prefill-layer-phase] chunk=0 start=0 layer=37 kind=gdn phase=gdn_prep_l2 gpu_ms=0.03
[prefill-layer-phase] chunk=0 start=0 layer=37 kind=gdn phase=gdn_step gpu_ms=1.60
[prefill-layer-phase] chunk=0 start=0 layer=37 kind=gdn phase=gdn_gated gpu_ms=0.11
[prefill-layer-phase] chunk=0 start=0 layer=37 kind=gdn phase=gdn_back gpu_ms=1.30
[prefill-layer-phase] chunk=0 start=0 layer=37 kind=gdn phase=mixer_resid gpu_ms=0.03
[prefill-layer-phase] chunk=0 start=0 layer=37 kind=moe phase=post_norm gpu_ms=0.02
[prefill-layer-phase] chunk=0 start=0 layer=37 kind=moe phase=route_fused gpu_ms=0.31
[prefill-layer-phase] chunk=0 start=0 layer=37 kind=moe phase=routed_swiglu gpu_ms=3.90
[prefill-layer-phase] chunk=0 start=0 layer=37 kind=moe phase=routed_down gpu_ms=2.21
[prefill-layer-phase] chunk=0 start=0 layer=37 kind=moe phase=routed_reduce gpu_ms=0.15
[prefill-layer-phase] chunk=0 start=0 layer=37 kind=moe phase=shared_packed gpu_ms=0.63
[prefill-layer-phase] chunk=0 start=0 layer=38 kind=gdn phase=pre_norm gpu_ms=0.02
[prefill-layer-phase] chunk=0 start=0 layer=38 kind=gdn phase=gdn_qkv gpu_ms=2.53
[prefill-layer-phase] chunk=0 start=0 layer=38 kind=gdn phase=gdn_z gpu_ms=1.29
[prefill-layer-phase] chunk=0 start=0 layer=38 kind=gdn phase=gdn_beta_alpha gpu_ms=0.17
[prefill-layer-phase] chunk=0 start=0 layer=38 kind=gdn phase=gdn_alpha_beta gpu_ms=0.00
[prefill-layer-phase] chunk=0 start=0 layer=38 kind=gdn phase=gdn_prep_conv gpu_ms=0.43
[prefill-layer-phase] chunk=0 start=0 layer=38 kind=gdn phase=gdn_prep_l2 gpu_ms=0.03
[prefill-layer-phase] chunk=0 start=0 layer=38 kind=gdn phase=gdn_step gpu_ms=1.57
[prefill-layer-phase] chunk=0 start=0 layer=38 kind=gdn phase=gdn_gated gpu_ms=0.11
[prefill-layer-phase] chunk=0 start=0 layer=38 kind=gdn phase=gdn_back gpu_ms=1.30
[prefill-layer-phase] chunk=0 start=0 layer=38 kind=gdn phase=mixer_resid gpu_ms=0.03
[prefill-layer-phase] chunk=0 start=0 layer=38 kind=moe phase=post_norm gpu_ms=0.02
[prefill-layer-phase] chunk=0 start=0 layer=38 kind=moe phase=route_fused gpu_ms=0.31
[prefill-layer-phase] chunk=0 start=0 layer=38 kind=moe phase=routed_swiglu gpu_ms=4.02
[prefill-layer-phase] chunk=0 start=0 layer=38 kind=moe phase=routed_down gpu_ms=2.11
[prefill-layer-phase] chunk=0 start=0 layer=38 kind=moe phase=routed_reduce gpu_ms=0.14
[prefill-layer-phase] chunk=0 start=0 layer=38 kind=moe phase=shared_packed gpu_ms=0.64
[prefill-layer-phase] chunk=0 start=0 layer=39 kind=attn phase=pre_norm gpu_ms=0.02
[prefill-attn-phase] chunk=0 start=0 layer=39 phase=proj gpu_ms=2.91
[prefill-attn-phase] chunk=0 start=0 layer=39 phase=norm gpu_ms=0.29
[prefill-attn-phase] chunk=0 start=0 layer=39 phase=rope_scatter gpu_ms=0.05
[prefill-attn-packed-shape] layer=39 chunk_start=0 chunk_p=1024 group=8 packed_rows=4 qt=2 row_groups=256 dispatches=512 nwg=64 partial_rw_mib=2064.00
[prefill-attn-matrix-g8-shape] layer=39 chunk_start=0 chunk_p=1024 query_rows=1024 query_tiles=1 n_pos=1024 score_tile_scratch_mib=34.00 vt_stride=4096 vt_layer_mib=4.00 vt_update_base=0 vt_update_rows=1024 vt_update_mib=1.00
[prefill-attn-phase] chunk=0 start=0 layer=39 phase=body_matrix_kq gpu_ms=0.36
[prefill-attn-phase] chunk=0 start=0 layer=39 phase=body_matrix_kqv gpu_ms=0.35
[prefill-layer-phase] chunk=0 start=0 layer=39 kind=attn phase=attn_back gpu_ms=1.40
[prefill-layer-phase] chunk=0 start=0 layer=39 kind=attn phase=mixer_resid gpu_ms=0.03
[prefill-layer-phase] chunk=0 start=0 layer=39 kind=moe phase=post_norm gpu_ms=0.02
[prefill-layer-phase] chunk=0 start=0 layer=39 kind=moe phase=route_fused gpu_ms=0.31
[prefill-layer-phase] chunk=0 start=0 layer=39 kind=moe phase=routed_swiglu gpu_ms=3.82
[prefill-layer-phase] chunk=0 start=0 layer=39 kind=moe phase=routed_down gpu_ms=2.08
[prefill-layer-phase] chunk=0 start=0 layer=39 kind=moe phase=routed_reduce gpu_ms=0.15
[prefill-layer-phase] chunk=0 start=0 layer=39 kind=moe phase=shared_packed gpu_ms=0.64
[prefill-layer-phase] chunk=1 start=1024 layer=0 kind=gdn phase=pre_norm gpu_ms=0.15
[prefill-layer-phase] chunk=1 start=1024 layer=0 kind=gdn phase=gdn_qkv gpu_ms=2.53
[prefill-layer-phase] chunk=1 start=1024 layer=0 kind=gdn phase=gdn_z gpu_ms=1.29
[prefill-layer-phase] chunk=1 start=1024 layer=0 kind=gdn phase=gdn_beta_alpha gpu_ms=0.17
[prefill-layer-phase] chunk=1 start=1024 layer=0 kind=gdn phase=gdn_alpha_beta gpu_ms=0.01
[prefill-layer-phase] chunk=1 start=1024 layer=0 kind=gdn phase=gdn_prep_conv gpu_ms=0.43
[prefill-layer-phase] chunk=1 start=1024 layer=0 kind=gdn phase=gdn_prep_l2 gpu_ms=0.03
[prefill-layer-phase] chunk=1 start=1024 layer=0 kind=gdn phase=gdn_step gpu_ms=1.58
[prefill-layer-phase] chunk=1 start=1024 layer=0 kind=gdn phase=gdn_gated gpu_ms=0.11
[prefill-layer-phase] chunk=1 start=1024 layer=0 kind=gdn phase=gdn_back gpu_ms=1.30
[prefill-layer-phase] chunk=1 start=1024 layer=0 kind=gdn phase=mixer_resid gpu_ms=0.03
[prefill-layer-phase] chunk=1 start=1024 layer=0 kind=moe phase=post_norm gpu_ms=0.02
[prefill-layer-phase] chunk=1 start=1024 layer=0 kind=moe phase=route_fused gpu_ms=0.30
[prefill-layer-phase] chunk=1 start=1024 layer=0 kind=moe phase=routed_swiglu gpu_ms=4.38
[prefill-layer-phase] chunk=1 start=1024 layer=0 kind=moe phase=routed_down gpu_ms=2.73
[prefill-layer-phase] chunk=1 start=1024 layer=0 kind=moe phase=routed_reduce gpu_ms=0.14
[prefill-layer-phase] chunk=1 start=1024 layer=0 kind=moe phase=shared_packed gpu_ms=0.63
[prefill-layer-phase] chunk=1 start=1024 layer=1 kind=gdn phase=pre_norm gpu_ms=0.02
[prefill-layer-phase] chunk=1 start=1024 layer=1 kind=gdn phase=gdn_qkv gpu_ms=2.53
[prefill-layer-phase] chunk=1 start=1024 layer=1 kind=gdn phase=gdn_z gpu_ms=1.29
[prefill-layer-phase] chunk=1 start=1024 layer=1 kind=gdn phase=gdn_beta_alpha gpu_ms=0.17
[prefill-layer-phase] chunk=1 start=1024 layer=1 kind=gdn phase=gdn_alpha_beta gpu_ms=0.01
[prefill-layer-phase] chunk=1 start=1024 layer=1 kind=gdn phase=gdn_prep_conv gpu_ms=0.43
[prefill-layer-phase] chunk=1 start=1024 layer=1 kind=gdn phase=gdn_prep_l2 gpu_ms=0.03
[prefill-layer-phase] chunk=1 start=1024 layer=1 kind=gdn phase=gdn_step gpu_ms=1.59
[prefill-layer-phase] chunk=1 start=1024 layer=1 kind=gdn phase=gdn_gated gpu_ms=0.11
[prefill-layer-phase] chunk=1 start=1024 layer=1 kind=gdn phase=gdn_back gpu_ms=1.30
[prefill-layer-phase] chunk=1 start=1024 layer=1 kind=gdn phase=mixer_resid gpu_ms=0.03
[prefill-layer-phase] chunk=1 start=1024 layer=1 kind=moe phase=post_norm gpu_ms=0.02
[prefill-layer-phase] chunk=1 start=1024 layer=1 kind=moe phase=route_fused gpu_ms=0.31
[prefill-layer-phase] chunk=1 start=1024 layer=1 kind=moe phase=routed_swiglu gpu_ms=4.28
[prefill-layer-phase] chunk=1 start=1024 layer=1 kind=moe phase=routed_down gpu_ms=2.56
[prefill-layer-phase] chunk=1 start=1024 layer=1 kind=moe phase=routed_reduce gpu_ms=0.13
[prefill-layer-phase] chunk=1 start=1024 layer=1 kind=moe phase=shared_packed gpu_ms=0.64
[prefill-layer-phase] chunk=1 start=1024 layer=2 kind=gdn phase=pre_norm gpu_ms=0.02
[prefill-layer-phase] chunk=1 start=1024 layer=2 kind=gdn phase=gdn_qkv gpu_ms=2.53
[prefill-layer-phase] chunk=1 start=1024 layer=2 kind=gdn phase=gdn_z gpu_ms=1.29
[prefill-layer-phase] chunk=1 start=1024 layer=2 kind=gdn phase=gdn_beta_alpha gpu_ms=0.18
[prefill-layer-phase] chunk=1 start=1024 layer=2 kind=gdn phase=gdn_alpha_beta gpu_ms=0.00
[prefill-layer-phase] chunk=1 start=1024 layer=2 kind=gdn phase=gdn_prep_conv gpu_ms=0.43
[prefill-layer-phase] chunk=1 start=1024 layer=2 kind=gdn phase=gdn_prep_l2 gpu_ms=0.03
[prefill-layer-phase] chunk=1 start=1024 layer=2 kind=gdn phase=gdn_step gpu_ms=1.58
[prefill-layer-phase] chunk=1 start=1024 layer=2 kind=gdn phase=gdn_gated gpu_ms=0.11
[prefill-layer-phase] chunk=1 start=1024 layer=2 kind=gdn phase=gdn_back gpu_ms=1.30
[prefill-layer-phase] chunk=1 start=1024 layer=2 kind=gdn phase=mixer_resid gpu_ms=0.03
[prefill-layer-phase] chunk=1 start=1024 layer=2 kind=moe phase=post_norm gpu_ms=0.02
[prefill-layer-phase] chunk=1 start=1024 layer=2 kind=moe phase=route_fused gpu_ms=0.31
[prefill-layer-phase] chunk=1 start=1024 layer=2 kind=moe phase=routed_swiglu gpu_ms=4.39
[prefill-layer-phase] chunk=1 start=1024 layer=2 kind=moe phase=routed_down gpu_ms=2.64
[prefill-layer-phase] chunk=1 start=1024 layer=2 kind=moe phase=routed_reduce gpu_ms=0.14
[prefill-layer-phase] chunk=1 start=1024 layer=2 kind=moe phase=shared_packed gpu_ms=0.64
[prefill-layer-phase] chunk=1 start=1024 layer=3 kind=attn phase=pre_norm gpu_ms=0.02
[prefill-attn-phase] chunk=1 start=1024 layer=3 phase=proj gpu_ms=2.91
[prefill-attn-phase] chunk=1 start=1024 layer=3 phase=norm gpu_ms=0.29
[prefill-attn-phase] chunk=1 start=1024 layer=3 phase=rope_scatter gpu_ms=0.05
[prefill-attn-packed-shape] layer=3 chunk_start=1024 chunk_p=1024 group=8 packed_rows=4 qt=2 row_groups=256 dispatches=512 nwg=64 partial_rw_mib=2064.00
[prefill-attn-matrix-g8-shape] layer=3 chunk_start=1024 chunk_p=1024 query_rows=1024 query_tiles=1 n_pos=2048 score_tile_scratch_mib=68.00 vt_stride=4096 vt_layer_mib=4.00 vt_update_base=1024 vt_update_rows=1024 vt_update_mib=1.00
[prefill-attn-phase] chunk=1 start=1024 layer=3 phase=body_matrix_kq gpu_ms=0.99
[prefill-attn-phase] chunk=1 start=1024 layer=3 phase=body_matrix_kqv gpu_ms=0.98
[prefill-layer-phase] chunk=1 start=1024 layer=3 kind=attn phase=attn_back gpu_ms=1.39
[prefill-layer-phase] chunk=1 start=1024 layer=3 kind=attn phase=mixer_resid gpu_ms=0.03
[prefill-layer-phase] chunk=1 start=1024 layer=3 kind=moe phase=post_norm gpu_ms=0.02
[prefill-layer-phase] chunk=1 start=1024 layer=3 kind=moe phase=route_fused gpu_ms=0.31
[prefill-layer-phase] chunk=1 start=1024 layer=3 kind=moe phase=routed_swiglu gpu_ms=4.38
[prefill-layer-phase] chunk=1 start=1024 layer=3 kind=moe phase=routed_down gpu_ms=2.76
[prefill-layer-phase] chunk=1 start=1024 layer=3 kind=moe phase=routed_reduce gpu_ms=0.14
[prefill-layer-phase] chunk=1 start=1024 layer=3 kind=moe phase=shared_packed gpu_ms=0.64
[prefill-layer-phase] chunk=1 start=1024 layer=4 kind=gdn phase=pre_norm gpu_ms=0.02
[prefill-layer-phase] chunk=1 start=1024 layer=4 kind=gdn phase=gdn_qkv gpu_ms=2.53
[prefill-layer-phase] chunk=1 start=1024 layer=4 kind=gdn phase=gdn_z gpu_ms=1.29
[prefill-layer-phase] chunk=1 start=1024 layer=4 kind=gdn phase=gdn_beta_alpha gpu_ms=0.17
[prefill-layer-phase] chunk=1 start=1024 layer=4 kind=gdn phase=gdn_alpha_beta gpu_ms=0.01
[prefill-layer-phase] chunk=1 start=1024 layer=4 kind=gdn phase=gdn_prep_conv gpu_ms=0.43
[prefill-layer-phase] chunk=1 start=1024 layer=4 kind=gdn phase=gdn_prep_l2 gpu_ms=0.03
[prefill-layer-phase] chunk=1 start=1024 layer=4 kind=gdn phase=gdn_step gpu_ms=1.56
[prefill-layer-phase] chunk=1 start=1024 layer=4 kind=gdn phase=gdn_gated gpu_ms=0.11
[prefill-layer-phase] chunk=1 start=1024 layer=4 kind=gdn phase=gdn_back gpu_ms=1.30
[prefill-layer-phase] chunk=1 start=1024 layer=4 kind=gdn phase=mixer_resid gpu_ms=0.03
[prefill-layer-phase] chunk=1 start=1024 layer=4 kind=moe phase=post_norm gpu_ms=0.03
[prefill-layer-phase] chunk=1 start=1024 layer=4 kind=moe phase=route_fused gpu_ms=0.31
[prefill-layer-phase] chunk=1 start=1024 layer=4 kind=moe phase=routed_swiglu gpu_ms=4.23
[prefill-layer-phase] chunk=1 start=1024 layer=4 kind=moe phase=routed_down gpu_ms=2.61
[prefill-layer-phase] chunk=1 start=1024 layer=4 kind=moe phase=routed_reduce gpu_ms=0.14
[prefill-layer-phase] chunk=1 start=1024 layer=4 kind=moe phase=shared_packed gpu_ms=0.64
[prefill-layer-phase] chunk=1 start=1024 layer=5 kind=gdn phase=pre_norm gpu_ms=0.02
[prefill-layer-phase] chunk=1 start=1024 layer=5 kind=gdn phase=gdn_qkv gpu_ms=2.53
[prefill-layer-phase] chunk=1 start=1024 layer=5 kind=gdn phase=gdn_z gpu_ms=1.29
[prefill-layer-phase] chunk=1 start=1024 layer=5 kind=gdn phase=gdn_beta_alpha gpu_ms=0.17
[prefill-layer-phase] chunk=1 start=1024 layer=5 kind=gdn phase=gdn_alpha_beta gpu_ms=0.01
[prefill-layer-phase] chunk=1 start=1024 layer=5 kind=gdn phase=gdn_prep_conv gpu_ms=0.43
[prefill-layer-phase] chunk=1 start=1024 layer=5 kind=gdn phase=gdn_prep_l2 gpu_ms=0.03
[prefill-layer-phase] chunk=1 start=1024 layer=5 kind=gdn phase=gdn_step gpu_ms=1.61
[prefill-layer-phase] chunk=1 start=1024 layer=5 kind=gdn phase=gdn_gated gpu_ms=0.11
[prefill-layer-phase] chunk=1 start=1024 layer=5 kind=gdn phase=gdn_back gpu_ms=1.30
[prefill-layer-phase] chunk=1 start=1024 layer=5 kind=gdn phase=mixer_resid gpu_ms=0.03
[prefill-layer-phase] chunk=1 start=1024 layer=5 kind=moe phase=post_norm gpu_ms=0.02
[prefill-layer-phase] chunk=1 start=1024 layer=5 kind=moe phase=route_fused gpu_ms=0.31
[prefill-layer-phase] chunk=1 start=1024 layer=5 kind=moe phase=routed_swiglu gpu_ms=4.22
[prefill-layer-phase] chunk=1 start=1024 layer=5 kind=moe phase=routed_down gpu_ms=2.55
[prefill-layer-phase] chunk=1 start=1024 layer=5 kind=moe phase=routed_reduce gpu_ms=0.14
[prefill-layer-phase] chunk=1 start=1024 layer=5 kind=moe phase=shared_packed gpu_ms=0.64
[prefill-layer-phase] chunk=1 start=1024 layer=6 kind=gdn phase=pre_norm gpu_ms=0.03
[prefill-layer-phase] chunk=1 start=1024 layer=6 kind=gdn phase=gdn_qkv gpu_ms=2.53
[prefill-layer-phase] chunk=1 start=1024 layer=6 kind=gdn phase=gdn_z gpu_ms=1.29
[prefill-layer-phase] chunk=1 start=1024 layer=6 kind=gdn phase=gdn_beta_alpha gpu_ms=0.17
[prefill-layer-phase] chunk=1 start=1024 layer=6 kind=gdn phase=gdn_alpha_beta gpu_ms=0.01
[prefill-layer-phase] chunk=1 start=1024 layer=6 kind=gdn phase=gdn_prep_conv gpu_ms=0.43
[prefill-layer-phase] chunk=1 start=1024 layer=6 kind=gdn phase=gdn_prep_l2 gpu_ms=0.03
[prefill-layer-phase] chunk=1 start=1024 layer=6 kind=gdn phase=gdn_step gpu_ms=1.58
[prefill-layer-phase] chunk=1 start=1024 layer=6 kind=gdn phase=gdn_gated gpu_ms=0.11
[prefill-layer-phase] chunk=1 start=1024 layer=6 kind=gdn phase=gdn_back gpu_ms=1.30
[prefill-layer-phase] chunk=1 start=1024 layer=6 kind=gdn phase=mixer_resid gpu_ms=0.03
[prefill-layer-phase] chunk=1 start=1024 layer=6 kind=moe phase=post_norm gpu_ms=0.02
[prefill-layer-phase] chunk=1 start=1024 layer=6 kind=moe phase=route_fused gpu_ms=0.31
[prefill-layer-phase] chunk=1 start=1024 layer=6 kind=moe phase=routed_swiglu gpu_ms=4.22
[prefill-layer-phase] chunk=1 start=1024 layer=6 kind=moe phase=routed_down gpu_ms=2.51
[prefill-layer-phase] chunk=1 start=1024 layer=6 kind=moe phase=routed_reduce gpu_ms=0.14
[prefill-layer-phase] chunk=1 start=1024 layer=6 kind=moe phase=shared_packed gpu_ms=0.64
[prefill-layer-phase] chunk=1 start=1024 layer=7 kind=attn phase=pre_norm gpu_ms=0.02
[prefill-attn-phase] chunk=1 start=1024 layer=7 phase=proj gpu_ms=2.91
[prefill-attn-phase] chunk=1 start=1024 layer=7 phase=norm gpu_ms=0.29
[prefill-attn-phase] chunk=1 start=1024 layer=7 phase=rope_scatter gpu_ms=0.05
[prefill-attn-packed-shape] layer=7 chunk_start=1024 chunk_p=1024 group=8 packed_rows=4 qt=2 row_groups=256 dispatches=512 nwg=64 partial_rw_mib=2064.00
[prefill-attn-matrix-g8-shape] layer=7 chunk_start=1024 chunk_p=1024 query_rows=1024 query_tiles=1 n_pos=2048 score_tile_scratch_mib=68.00 vt_stride=4096 vt_layer_mib=4.00 vt_update_base=1024 vt_update_rows=1024 vt_update_mib=1.00
[prefill-attn-phase] chunk=1 start=1024 layer=7 phase=body_matrix_kq gpu_ms=0.99
[prefill-attn-phase] chunk=1 start=1024 layer=7 phase=body_matrix_kqv gpu_ms=0.98
[prefill-layer-phase] chunk=1 start=1024 layer=7 kind=attn phase=attn_back gpu_ms=1.39
[prefill-layer-phase] chunk=1 start=1024 layer=7 kind=attn phase=mixer_resid gpu_ms=0.03
[prefill-layer-phase] chunk=1 start=1024 layer=7 kind=moe phase=post_norm gpu_ms=0.02
[prefill-layer-phase] chunk=1 start=1024 layer=7 kind=moe phase=route_fused gpu_ms=0.31
[prefill-layer-phase] chunk=1 start=1024 layer=7 kind=moe phase=routed_swiglu gpu_ms=4.21
[prefill-layer-phase] chunk=1 start=1024 layer=7 kind=moe phase=routed_down gpu_ms=2.57
[prefill-layer-phase] chunk=1 start=1024 layer=7 kind=moe phase=routed_reduce gpu_ms=0.14
[prefill-layer-phase] chunk=1 start=1024 layer=7 kind=moe phase=shared_packed gpu_ms=0.64
[prefill-layer-phase] chunk=1 start=1024 layer=8 kind=gdn phase=pre_norm gpu_ms=0.02
[prefill-layer-phase] chunk=1 start=1024 layer=8 kind=gdn phase=gdn_qkv gpu_ms=2.53
[prefill-layer-phase] chunk=1 start=1024 layer=8 kind=gdn phase=gdn_z gpu_ms=1.29
[prefill-layer-phase] chunk=1 start=1024 layer=8 kind=gdn phase=gdn_beta_alpha gpu_ms=0.17
[prefill-layer-phase] chunk=1 start=1024 layer=8 kind=gdn phase=gdn_alpha_beta gpu_ms=0.01
[prefill-layer-phase] chunk=1 start=1024 layer=8 kind=gdn phase=gdn_prep_conv gpu_ms=0.43
[prefill-layer-phase] chunk=1 start=1024 layer=8 kind=gdn phase=gdn_prep_l2 gpu_ms=0.03
[prefill-layer-phase] chunk=1 start=1024 layer=8 kind=gdn phase=gdn_step gpu_ms=1.54
[prefill-layer-phase] chunk=1 start=1024 layer=8 kind=gdn phase=gdn_gated gpu_ms=0.10
[prefill-layer-phase] chunk=1 start=1024 layer=8 kind=gdn phase=gdn_back gpu_ms=1.30
[prefill-layer-phase] chunk=1 start=1024 layer=8 kind=gdn phase=mixer_resid gpu_ms=0.03
[prefill-layer-phase] chunk=1 start=1024 layer=8 kind=moe phase=post_norm gpu_ms=0.02
[prefill-layer-phase] chunk=1 start=1024 layer=8 kind=moe phase=route_fused gpu_ms=0.31
[prefill-layer-phase] chunk=1 start=1024 layer=8 kind=moe phase=routed_swiglu gpu_ms=4.29
[prefill-layer-phase] chunk=1 start=1024 layer=8 kind=moe phase=routed_down gpu_ms=2.63
[prefill-layer-phase] chunk=1 start=1024 layer=8 kind=moe phase=routed_reduce gpu_ms=0.14
[prefill-layer-phase] chunk=1 start=1024 layer=8 kind=moe phase=shared_packed gpu_ms=0.64
[prefill-layer-phase] chunk=1 start=1024 layer=9 kind=gdn phase=pre_norm gpu_ms=0.02
[prefill-layer-phase] chunk=1 start=1024 layer=9 kind=gdn phase=gdn_qkv gpu_ms=2.53
[prefill-layer-phase] chunk=1 start=1024 layer=9 kind=gdn phase=gdn_z gpu_ms=1.29
[prefill-layer-phase] chunk=1 start=1024 layer=9 kind=gdn phase=gdn_beta_alpha gpu_ms=0.17
[prefill-layer-phase] chunk=1 start=1024 layer=9 kind=gdn phase=gdn_alpha_beta gpu_ms=0.01
[prefill-layer-phase] chunk=1 start=1024 layer=9 kind=gdn phase=gdn_prep_conv gpu_ms=0.43
[prefill-layer-phase] chunk=1 start=1024 layer=9 kind=gdn phase=gdn_prep_l2 gpu_ms=0.03
[prefill-layer-phase] chunk=1 start=1024 layer=9 kind=gdn phase=gdn_step gpu_ms=1.56
[prefill-layer-phase] chunk=1 start=1024 layer=9 kind=gdn phase=gdn_gated gpu_ms=0.11
[prefill-layer-phase] chunk=1 start=1024 layer=9 kind=gdn phase=gdn_back gpu_ms=1.30
[prefill-layer-phase] chunk=1 start=1024 layer=9 kind=gdn phase=mixer_resid gpu_ms=0.03
[prefill-layer-phase] chunk=1 start=1024 layer=9 kind=moe phase=post_norm gpu_ms=0.02
[prefill-layer-phase] chunk=1 start=1024 layer=9 kind=moe phase=route_fused gpu_ms=0.31
[prefill-layer-phase] chunk=1 start=1024 layer=9 kind=moe phase=routed_swiglu gpu_ms=4.22
[prefill-layer-phase] chunk=1 start=1024 layer=9 kind=moe phase=routed_down gpu_ms=2.55
[prefill-layer-phase] chunk=1 start=1024 layer=9 kind=moe phase=routed_reduce gpu_ms=0.14
[prefill-layer-phase] chunk=1 start=1024 layer=9 kind=moe phase=shared_packed gpu_ms=0.64
[prefill-layer-phase] chunk=1 start=1024 layer=10 kind=gdn phase=pre_norm gpu_ms=0.02
[prefill-layer-phase] chunk=1 start=1024 layer=10 kind=gdn phase=gdn_qkv gpu_ms=2.53
[prefill-layer-phase] chunk=1 start=1024 layer=10 kind=gdn phase=gdn_z gpu_ms=1.29
[prefill-layer-phase] chunk=1 start=1024 layer=10 kind=gdn phase=gdn_beta_alpha gpu_ms=0.17
[prefill-layer-phase] chunk=1 start=1024 layer=10 kind=gdn phase=gdn_alpha_beta gpu_ms=0.01
[prefill-layer-phase] chunk=1 start=1024 layer=10 kind=gdn phase=gdn_prep_conv gpu_ms=0.43
[prefill-layer-phase] chunk=1 start=1024 layer=10 kind=gdn phase=gdn_prep_l2 gpu_ms=0.03
[prefill-layer-phase] chunk=1 start=1024 layer=10 kind=gdn phase=gdn_step gpu_ms=1.58
[prefill-layer-phase] chunk=1 start=1024 layer=10 kind=gdn phase=gdn_gated gpu_ms=0.11
[prefill-layer-phase] chunk=1 start=1024 layer=10 kind=gdn phase=gdn_back gpu_ms=1.30
[prefill-layer-phase] chunk=1 start=1024 layer=10 kind=gdn phase=mixer_resid gpu_ms=0.03
[prefill-layer-phase] chunk=1 start=1024 layer=10 kind=moe phase=post_norm gpu_ms=0.02
[prefill-layer-phase] chunk=1 start=1024 layer=10 kind=moe phase=route_fused gpu_ms=0.31
[prefill-layer-phase] chunk=1 start=1024 layer=10 kind=moe phase=routed_swiglu gpu_ms=4.14
[prefill-layer-phase] chunk=1 start=1024 layer=10 kind=moe phase=routed_down gpu_ms=2.44
[prefill-layer-phase] chunk=1 start=1024 layer=10 kind=moe phase=routed_reduce gpu_ms=0.14
[prefill-layer-phase] chunk=1 start=1024 layer=10 kind=moe phase=shared_packed gpu_ms=0.64
[prefill-layer-phase] chunk=1 start=1024 layer=11 kind=attn phase=pre_norm gpu_ms=0.02
[prefill-attn-phase] chunk=1 start=1024 layer=11 phase=proj gpu_ms=2.91
[prefill-attn-phase] chunk=1 start=1024 layer=11 phase=norm gpu_ms=0.29
[prefill-attn-phase] chunk=1 start=1024 layer=11 phase=rope_scatter gpu_ms=0.05
[prefill-attn-packed-shape] layer=11 chunk_start=1024 chunk_p=1024 group=8 packed_rows=4 qt=2 row_groups=256 dispatches=512 nwg=64 partial_rw_mib=2064.00
[prefill-attn-matrix-g8-shape] layer=11 chunk_start=1024 chunk_p=1024 query_rows=1024 query_tiles=1 n_pos=2048 score_tile_scratch_mib=68.00 vt_stride=4096 vt_layer_mib=4.00 vt_update_base=1024 vt_update_rows=1024 vt_update_mib=1.00
[prefill-attn-phase] chunk=1 start=1024 layer=11 phase=body_matrix_kq gpu_ms=0.99
[prefill-attn-phase] chunk=1 start=1024 layer=11 phase=body_matrix_kqv gpu_ms=0.98
[prefill-layer-phase] chunk=1 start=1024 layer=11 kind=attn phase=attn_back gpu_ms=1.39
[prefill-layer-phase] chunk=1 start=1024 layer=11 kind=attn phase=mixer_resid gpu_ms=0.03
[prefill-layer-phase] chunk=1 start=1024 layer=11 kind=moe phase=post_norm gpu_ms=0.02
[prefill-layer-phase] chunk=1 start=1024 layer=11 kind=moe phase=route_fused gpu_ms=0.31
[prefill-layer-phase] chunk=1 start=1024 layer=11 kind=moe phase=routed_swiglu gpu_ms=4.14
[prefill-layer-phase] chunk=1 start=1024 layer=11 kind=moe phase=routed_down gpu_ms=2.52
[prefill-layer-phase] chunk=1 start=1024 layer=11 kind=moe phase=routed_reduce gpu_ms=0.14
[prefill-layer-phase] chunk=1 start=1024 layer=11 kind=moe phase=shared_packed gpu_ms=0.64
[prefill-layer-phase] chunk=1 start=1024 layer=12 kind=gdn phase=pre_norm gpu_ms=0.02
[prefill-layer-phase] chunk=1 start=1024 layer=12 kind=gdn phase=gdn_qkv gpu_ms=2.53
[prefill-layer-phase] chunk=1 start=1024 layer=12 kind=gdn phase=gdn_z gpu_ms=1.29
[prefill-layer-phase] chunk=1 start=1024 layer=12 kind=gdn phase=gdn_beta_alpha gpu_ms=0.17
[prefill-layer-phase] chunk=1 start=1024 layer=12 kind=gdn phase=gdn_alpha_beta gpu_ms=0.01
[prefill-layer-phase] chunk=1 start=1024 layer=12 kind=gdn phase=gdn_prep_conv gpu_ms=0.43
[prefill-layer-phase] chunk=1 start=1024 layer=12 kind=gdn phase=gdn_prep_l2 gpu_ms=0.03
[prefill-layer-phase] chunk=1 start=1024 layer=12 kind=gdn phase=gdn_step gpu_ms=1.57
[prefill-layer-phase] chunk=1 start=1024 layer=12 kind=gdn phase=gdn_gated gpu_ms=0.10
[prefill-layer-phase] chunk=1 start=1024 layer=12 kind=gdn phase=gdn_back gpu_ms=1.30
[prefill-layer-phase] chunk=1 start=1024 layer=12 kind=gdn phase=mixer_resid gpu_ms=0.03
[prefill-layer-phase] chunk=1 start=1024 layer=12 kind=moe phase=post_norm gpu_ms=0.02
[prefill-layer-phase] chunk=1 start=1024 layer=12 kind=moe phase=route_fused gpu_ms=0.31
[prefill-layer-phase] chunk=1 start=1024 layer=12 kind=moe phase=routed_swiglu gpu_ms=4.13
[prefill-layer-phase] chunk=1 start=1024 layer=12 kind=moe phase=routed_down gpu_ms=2.50
[prefill-layer-phase] chunk=1 start=1024 layer=12 kind=moe phase=routed_reduce gpu_ms=0.14
[prefill-layer-phase] chunk=1 start=1024 layer=12 kind=moe phase=shared_packed gpu_ms=0.64
[prefill-layer-phase] chunk=1 start=1024 layer=13 kind=gdn phase=pre_norm gpu_ms=0.02
[prefill-layer-phase] chunk=1 start=1024 layer=13 kind=gdn phase=gdn_qkv gpu_ms=2.53
[prefill-layer-phase] chunk=1 start=1024 layer=13 kind=gdn phase=gdn_z gpu_ms=1.29
[prefill-layer-phase] chunk=1 start=1024 layer=13 kind=gdn phase=gdn_beta_alpha gpu_ms=0.17
[prefill-layer-phase] chunk=1 start=1024 layer=13 kind=gdn phase=gdn_alpha_beta gpu_ms=0.00
[prefill-layer-phase] chunk=1 start=1024 layer=13 kind=gdn phase=gdn_prep_conv gpu_ms=0.43
[prefill-layer-phase] chunk=1 start=1024 layer=13 kind=gdn phase=gdn_prep_l2 gpu_ms=0.03
[prefill-layer-phase] chunk=1 start=1024 layer=13 kind=gdn phase=gdn_step gpu_ms=1.60
[prefill-layer-phase] chunk=1 start=1024 layer=13 kind=gdn phase=gdn_gated gpu_ms=0.11
[prefill-layer-phase] chunk=1 start=1024 layer=13 kind=gdn phase=gdn_back gpu_ms=1.30
[prefill-layer-phase] chunk=1 start=1024 layer=13 kind=gdn phase=mixer_resid gpu_ms=0.03
[prefill-layer-phase] chunk=1 start=1024 layer=13 kind=moe phase=post_norm gpu_ms=0.02
[prefill-layer-phase] chunk=1 start=1024 layer=13 kind=moe phase=route_fused gpu_ms=0.30
[prefill-layer-phase] chunk=1 start=1024 layer=13 kind=moe phase=routed_swiglu gpu_ms=4.02
[prefill-layer-phase] chunk=1 start=1024 layer=13 kind=moe phase=routed_down gpu_ms=2.36
[prefill-layer-phase] chunk=1 start=1024 layer=13 kind=moe phase=routed_reduce gpu_ms=0.14
[prefill-layer-phase] chunk=1 start=1024 layer=13 kind=moe phase=shared_packed gpu_ms=0.64
[prefill-layer-phase] chunk=1 start=1024 layer=14 kind=gdn phase=pre_norm gpu_ms=0.02
[prefill-layer-phase] chunk=1 start=1024 layer=14 kind=gdn phase=gdn_qkv gpu_ms=2.53
[prefill-layer-phase] chunk=1 start=1024 layer=14 kind=gdn phase=gdn_z gpu_ms=1.29
[prefill-layer-phase] chunk=1 start=1024 layer=14 kind=gdn phase=gdn_beta_alpha gpu_ms=0.17
[prefill-layer-phase] chunk=1 start=1024 layer=14 kind=gdn phase=gdn_alpha_beta gpu_ms=0.01
[prefill-layer-phase] chunk=1 start=1024 layer=14 kind=gdn phase=gdn_prep_conv gpu_ms=0.43
[prefill-layer-phase] chunk=1 start=1024 layer=14 kind=gdn phase=gdn_prep_l2 gpu_ms=0.03
[prefill-layer-phase] chunk=1 start=1024 layer=14 kind=gdn phase=gdn_step gpu_ms=1.56
[prefill-layer-phase] chunk=1 start=1024 layer=14 kind=gdn phase=gdn_gated gpu_ms=0.11
[prefill-layer-phase] chunk=1 start=1024 layer=14 kind=gdn phase=gdn_back gpu_ms=1.30
[prefill-layer-phase] chunk=1 start=1024 layer=14 kind=gdn phase=mixer_resid gpu_ms=0.03
[prefill-layer-phase] chunk=1 start=1024 layer=14 kind=moe phase=post_norm gpu_ms=0.02
[prefill-layer-phase] chunk=1 start=1024 layer=14 kind=moe phase=route_fused gpu_ms=0.31
[prefill-layer-phase] chunk=1 start=1024 layer=14 kind=moe phase=routed_swiglu gpu_ms=4.12
[prefill-layer-phase] chunk=1 start=1024 layer=14 kind=moe phase=routed_down gpu_ms=2.40
[prefill-layer-phase] chunk=1 start=1024 layer=14 kind=moe phase=routed_reduce gpu_ms=0.15
[prefill-layer-phase] chunk=1 start=1024 layer=14 kind=moe phase=shared_packed gpu_ms=0.64
[prefill-layer-phase] chunk=1 start=1024 layer=15 kind=attn phase=pre_norm gpu_ms=0.02
[prefill-attn-phase] chunk=1 start=1024 layer=15 phase=proj gpu_ms=2.91
[prefill-attn-phase] chunk=1 start=1024 layer=15 phase=norm gpu_ms=0.29
[prefill-attn-phase] chunk=1 start=1024 layer=15 phase=rope_scatter gpu_ms=0.05
[prefill-attn-packed-shape] layer=15 chunk_start=1024 chunk_p=1024 group=8 packed_rows=4 qt=2 row_groups=256 dispatches=512 nwg=64 partial_rw_mib=2064.00
[prefill-attn-matrix-g8-shape] layer=15 chunk_start=1024 chunk_p=1024 query_rows=1024 query_tiles=1 n_pos=2048 score_tile_scratch_mib=68.00 vt_stride=4096 vt_layer_mib=4.00 vt_update_base=1024 vt_update_rows=1024 vt_update_mib=1.00
[prefill-attn-phase] chunk=1 start=1024 layer=15 phase=body_matrix_kq gpu_ms=0.99
[prefill-attn-phase] chunk=1 start=1024 layer=15 phase=body_matrix_kqv gpu_ms=0.98
[prefill-layer-phase] chunk=1 start=1024 layer=15 kind=attn phase=attn_back gpu_ms=1.39
[prefill-layer-phase] chunk=1 start=1024 layer=15 kind=attn phase=mixer_resid gpu_ms=0.03
[prefill-layer-phase] chunk=1 start=1024 layer=15 kind=moe phase=post_norm gpu_ms=0.02
[prefill-layer-phase] chunk=1 start=1024 layer=15 kind=moe phase=route_fused gpu_ms=0.31
[prefill-layer-phase] chunk=1 start=1024 layer=15 kind=moe phase=routed_swiglu gpu_ms=4.07
[prefill-layer-phase] chunk=1 start=1024 layer=15 kind=moe phase=routed_down gpu_ms=2.47
[prefill-layer-phase] chunk=1 start=1024 layer=15 kind=moe phase=routed_reduce gpu_ms=0.14
[prefill-layer-phase] chunk=1 start=1024 layer=15 kind=moe phase=shared_packed gpu_ms=0.63
[prefill-layer-phase] chunk=1 start=1024 layer=16 kind=gdn phase=pre_norm gpu_ms=0.02
[prefill-layer-phase] chunk=1 start=1024 layer=16 kind=gdn phase=gdn_qkv gpu_ms=2.53
[prefill-layer-phase] chunk=1 start=1024 layer=16 kind=gdn phase=gdn_z gpu_ms=1.29
[prefill-layer-phase] chunk=1 start=1024 layer=16 kind=gdn phase=gdn_beta_alpha gpu_ms=0.17
[prefill-layer-phase] chunk=1 start=1024 layer=16 kind=gdn phase=gdn_alpha_beta gpu_ms=0.01
[prefill-layer-phase] chunk=1 start=1024 layer=16 kind=gdn phase=gdn_prep_conv gpu_ms=0.43
[prefill-layer-phase] chunk=1 start=1024 layer=16 kind=gdn phase=gdn_prep_l2 gpu_ms=0.03
[prefill-layer-phase] chunk=1 start=1024 layer=16 kind=gdn phase=gdn_step gpu_ms=1.59
[prefill-layer-phase] chunk=1 start=1024 layer=16 kind=gdn phase=gdn_gated gpu_ms=0.11
[prefill-layer-phase] chunk=1 start=1024 layer=16 kind=gdn phase=gdn_back gpu_ms=1.30
[prefill-layer-phase] chunk=1 start=1024 layer=16 kind=gdn phase=mixer_resid gpu_ms=0.03
[prefill-layer-phase] chunk=1 start=1024 layer=16 kind=moe phase=post_norm gpu_ms=0.02
[prefill-layer-phase] chunk=1 start=1024 layer=16 kind=moe phase=route_fused gpu_ms=0.31
[prefill-layer-phase] chunk=1 start=1024 layer=16 kind=moe phase=routed_swiglu gpu_ms=3.85
[prefill-layer-phase] chunk=1 start=1024 layer=16 kind=moe phase=routed_down gpu_ms=2.22
[prefill-layer-phase] chunk=1 start=1024 layer=16 kind=moe phase=routed_reduce gpu_ms=0.15
[prefill-layer-phase] chunk=1 start=1024 layer=16 kind=moe phase=shared_packed gpu_ms=0.64
[prefill-layer-phase] chunk=1 start=1024 layer=17 kind=gdn phase=pre_norm gpu_ms=0.02
[prefill-layer-phase] chunk=1 start=1024 layer=17 kind=gdn phase=gdn_qkv gpu_ms=2.53
[prefill-layer-phase] chunk=1 start=1024 layer=17 kind=gdn phase=gdn_z gpu_ms=1.29
[prefill-layer-phase] chunk=1 start=1024 layer=17 kind=gdn phase=gdn_beta_alpha gpu_ms=0.18
[prefill-layer-phase] chunk=1 start=1024 layer=17 kind=gdn phase=gdn_alpha_beta gpu_ms=0.01
[prefill-layer-phase] chunk=1 start=1024 layer=17 kind=gdn phase=gdn_prep_conv gpu_ms=0.43
[prefill-layer-phase] chunk=1 start=1024 layer=17 kind=gdn phase=gdn_prep_l2 gpu_ms=0.03
[prefill-layer-phase] chunk=1 start=1024 layer=17 kind=gdn phase=gdn_step gpu_ms=1.58
[prefill-layer-phase] chunk=1 start=1024 layer=17 kind=gdn phase=gdn_gated gpu_ms=0.11
[prefill-layer-phase] chunk=1 start=1024 layer=17 kind=gdn phase=gdn_back gpu_ms=1.30
[prefill-layer-phase] chunk=1 start=1024 layer=17 kind=gdn phase=mixer_resid gpu_ms=0.03
[prefill-layer-phase] chunk=1 start=1024 layer=17 kind=moe phase=post_norm gpu_ms=0.02
[prefill-layer-phase] chunk=1 start=1024 layer=17 kind=moe phase=route_fused gpu_ms=0.31
[prefill-layer-phase] chunk=1 start=1024 layer=17 kind=moe phase=routed_swiglu gpu_ms=3.97
[prefill-layer-phase] chunk=1 start=1024 layer=17 kind=moe phase=routed_down gpu_ms=2.31
[prefill-layer-phase] chunk=1 start=1024 layer=17 kind=moe phase=routed_reduce gpu_ms=0.14
[prefill-layer-phase] chunk=1 start=1024 layer=17 kind=moe phase=shared_packed gpu_ms=0.64
[prefill-layer-phase] chunk=1 start=1024 layer=18 kind=gdn phase=pre_norm gpu_ms=0.02
[prefill-layer-phase] chunk=1 start=1024 layer=18 kind=gdn phase=gdn_qkv gpu_ms=2.53
[prefill-layer-phase] chunk=1 start=1024 layer=18 kind=gdn phase=gdn_z gpu_ms=1.29
[prefill-layer-phase] chunk=1 start=1024 layer=18 kind=gdn phase=gdn_beta_alpha gpu_ms=0.17
[prefill-layer-phase] chunk=1 start=1024 layer=18 kind=gdn phase=gdn_alpha_beta gpu_ms=0.01
[prefill-layer-phase] chunk=1 start=1024 layer=18 kind=gdn phase=gdn_prep_conv gpu_ms=0.43
[prefill-layer-phase] chunk=1 start=1024 layer=18 kind=gdn phase=gdn_prep_l2 gpu_ms=0.03
[prefill-layer-phase] chunk=1 start=1024 layer=18 kind=gdn phase=gdn_step gpu_ms=1.57
[prefill-layer-phase] chunk=1 start=1024 layer=18 kind=gdn phase=gdn_gated gpu_ms=0.10
[prefill-layer-phase] chunk=1 start=1024 layer=18 kind=gdn phase=gdn_back gpu_ms=1.30
[prefill-layer-phase] chunk=1 start=1024 layer=18 kind=gdn phase=mixer_resid gpu_ms=0.03
[prefill-layer-phase] chunk=1 start=1024 layer=18 kind=moe phase=post_norm gpu_ms=0.02
[prefill-layer-phase] chunk=1 start=1024 layer=18 kind=moe phase=route_fused gpu_ms=0.31
[prefill-layer-phase] chunk=1 start=1024 layer=18 kind=moe phase=routed_swiglu gpu_ms=4.13
[prefill-layer-phase] chunk=1 start=1024 layer=18 kind=moe phase=routed_down gpu_ms=2.45
[prefill-layer-phase] chunk=1 start=1024 layer=18 kind=moe phase=routed_reduce gpu_ms=0.14
[prefill-layer-phase] chunk=1 start=1024 layer=18 kind=moe phase=shared_packed gpu_ms=0.64
[prefill-layer-phase] chunk=1 start=1024 layer=19 kind=attn phase=pre_norm gpu_ms=0.03
[prefill-attn-phase] chunk=1 start=1024 layer=19 phase=proj gpu_ms=2.91
[prefill-attn-phase] chunk=1 start=1024 layer=19 phase=norm gpu_ms=0.29
[prefill-attn-phase] chunk=1 start=1024 layer=19 phase=rope_scatter gpu_ms=0.05
[prefill-attn-packed-shape] layer=19 chunk_start=1024 chunk_p=1024 group=8 packed_rows=4 qt=2 row_groups=256 dispatches=512 nwg=64 partial_rw_mib=2064.00
[prefill-attn-matrix-g8-shape] layer=19 chunk_start=1024 chunk_p=1024 query_rows=1024 query_tiles=1 n_pos=2048 score_tile_scratch_mib=68.00 vt_stride=4096 vt_layer_mib=4.00 vt_update_base=1024 vt_update_rows=1024 vt_update_mib=1.00
[prefill-attn-phase] chunk=1 start=1024 layer=19 phase=body_matrix_kq gpu_ms=0.99
[prefill-attn-phase] chunk=1 start=1024 layer=19 phase=body_matrix_kqv gpu_ms=0.98
[prefill-layer-phase] chunk=1 start=1024 layer=19 kind=attn phase=attn_back gpu_ms=1.39
[prefill-layer-phase] chunk=1 start=1024 layer=19 kind=attn phase=mixer_resid gpu_ms=0.03
[prefill-layer-phase] chunk=1 start=1024 layer=19 kind=moe phase=post_norm gpu_ms=0.02
[prefill-layer-phase] chunk=1 start=1024 layer=19 kind=moe phase=route_fused gpu_ms=0.31
[prefill-layer-phase] chunk=1 start=1024 layer=19 kind=moe phase=routed_swiglu gpu_ms=4.06
[prefill-layer-phase] chunk=1 start=1024 layer=19 kind=moe phase=routed_down gpu_ms=2.36
[prefill-layer-phase] chunk=1 start=1024 layer=19 kind=moe phase=routed_reduce gpu_ms=0.14
[prefill-layer-phase] chunk=1 start=1024 layer=19 kind=moe phase=shared_packed gpu_ms=0.64
[prefill-layer-phase] chunk=1 start=1024 layer=20 kind=gdn phase=pre_norm gpu_ms=0.02
[prefill-layer-phase] chunk=1 start=1024 layer=20 kind=gdn phase=gdn_qkv gpu_ms=2.53
[prefill-layer-phase] chunk=1 start=1024 layer=20 kind=gdn phase=gdn_z gpu_ms=1.29
[prefill-layer-phase] chunk=1 start=1024 layer=20 kind=gdn phase=gdn_beta_alpha gpu_ms=0.17
[prefill-layer-phase] chunk=1 start=1024 layer=20 kind=gdn phase=gdn_alpha_beta gpu_ms=0.01
[prefill-layer-phase] chunk=1 start=1024 layer=20 kind=gdn phase=gdn_prep_conv gpu_ms=0.43
[prefill-layer-phase] chunk=1 start=1024 layer=20 kind=gdn phase=gdn_prep_l2 gpu_ms=0.03
[prefill-layer-phase] chunk=1 start=1024 layer=20 kind=gdn phase=gdn_step gpu_ms=1.59
[prefill-layer-phase] chunk=1 start=1024 layer=20 kind=gdn phase=gdn_gated gpu_ms=0.11
[prefill-layer-phase] chunk=1 start=1024 layer=20 kind=gdn phase=gdn_back gpu_ms=1.30
[prefill-layer-phase] chunk=1 start=1024 layer=20 kind=gdn phase=mixer_resid gpu_ms=0.03
[prefill-layer-phase] chunk=1 start=1024 layer=20 kind=moe phase=post_norm gpu_ms=0.02
[prefill-layer-phase] chunk=1 start=1024 layer=20 kind=moe phase=route_fused gpu_ms=0.31
[prefill-layer-phase] chunk=1 start=1024 layer=20 kind=moe phase=routed_swiglu gpu_ms=4.32
[prefill-layer-phase] chunk=1 start=1024 layer=20 kind=moe phase=routed_down gpu_ms=2.63
[prefill-layer-phase] chunk=1 start=1024 layer=20 kind=moe phase=routed_reduce gpu_ms=0.14
[prefill-layer-phase] chunk=1 start=1024 layer=20 kind=moe phase=shared_packed gpu_ms=0.64
[prefill-layer-phase] chunk=1 start=1024 layer=21 kind=gdn phase=pre_norm gpu_ms=0.02
[prefill-layer-phase] chunk=1 start=1024 layer=21 kind=gdn phase=gdn_qkv gpu_ms=2.53
[prefill-layer-phase] chunk=1 start=1024 layer=21 kind=gdn phase=gdn_z gpu_ms=1.29
[prefill-layer-phase] chunk=1 start=1024 layer=21 kind=gdn phase=gdn_beta_alpha gpu_ms=0.18
[prefill-layer-phase] chunk=1 start=1024 layer=21 kind=gdn phase=gdn_alpha_beta gpu_ms=0.01
[prefill-layer-phase] chunk=1 start=1024 layer=21 kind=gdn phase=gdn_prep_conv gpu_ms=0.43
[prefill-layer-phase] chunk=1 start=1024 layer=21 kind=gdn phase=gdn_prep_l2 gpu_ms=0.03
[prefill-layer-phase] chunk=1 start=1024 layer=21 kind=gdn phase=gdn_step gpu_ms=1.55
[prefill-layer-phase] chunk=1 start=1024 layer=21 kind=gdn phase=gdn_gated gpu_ms=0.11
[prefill-layer-phase] chunk=1 start=1024 layer=21 kind=gdn phase=gdn_back gpu_ms=1.30
[prefill-layer-phase] chunk=1 start=1024 layer=21 kind=gdn phase=mixer_resid gpu_ms=0.03
[prefill-layer-phase] chunk=1 start=1024 layer=21 kind=moe phase=post_norm gpu_ms=0.02
[prefill-layer-phase] chunk=1 start=1024 layer=21 kind=moe phase=route_fused gpu_ms=0.31
[prefill-layer-phase] chunk=1 start=1024 layer=21 kind=moe phase=routed_swiglu gpu_ms=4.12
[prefill-layer-phase] chunk=1 start=1024 layer=21 kind=moe phase=routed_down gpu_ms=2.50
[prefill-layer-phase] chunk=1 start=1024 layer=21 kind=moe phase=routed_reduce gpu_ms=0.14
[prefill-layer-phase] chunk=1 start=1024 layer=21 kind=moe phase=shared_packed gpu_ms=0.63
[prefill-layer-phase] chunk=1 start=1024 layer=22 kind=gdn phase=pre_norm gpu_ms=0.02
[prefill-layer-phase] chunk=1 start=1024 layer=22 kind=gdn phase=gdn_qkv gpu_ms=2.53
[prefill-layer-phase] chunk=1 start=1024 layer=22 kind=gdn phase=gdn_z gpu_ms=1.29
[prefill-layer-phase] chunk=1 start=1024 layer=22 kind=gdn phase=gdn_beta_alpha gpu_ms=0.17
[prefill-layer-phase] chunk=1 start=1024 layer=22 kind=gdn phase=gdn_alpha_beta gpu_ms=0.01
[prefill-layer-phase] chunk=1 start=1024 layer=22 kind=gdn phase=gdn_prep_conv gpu_ms=0.43
[prefill-layer-phase] chunk=1 start=1024 layer=22 kind=gdn phase=gdn_prep_l2 gpu_ms=0.03
[prefill-layer-phase] chunk=1 start=1024 layer=22 kind=gdn phase=gdn_step gpu_ms=1.57
[prefill-layer-phase] chunk=1 start=1024 layer=22 kind=gdn phase=gdn_gated gpu_ms=0.10
[prefill-layer-phase] chunk=1 start=1024 layer=22 kind=gdn phase=gdn_back gpu_ms=1.30
[prefill-layer-phase] chunk=1 start=1024 layer=22 kind=gdn phase=mixer_resid gpu_ms=0.03
[prefill-layer-phase] chunk=1 start=1024 layer=22 kind=moe phase=post_norm gpu_ms=0.02
[prefill-layer-phase] chunk=1 start=1024 layer=22 kind=moe phase=route_fused gpu_ms=0.31
[prefill-layer-phase] chunk=1 start=1024 layer=22 kind=moe phase=routed_swiglu gpu_ms=4.09
[prefill-layer-phase] chunk=1 start=1024 layer=22 kind=moe phase=routed_down gpu_ms=2.43
[prefill-layer-phase] chunk=1 start=1024 layer=22 kind=moe phase=routed_reduce gpu_ms=0.14
[prefill-layer-phase] chunk=1 start=1024 layer=22 kind=moe phase=shared_packed gpu_ms=0.64
[prefill-layer-phase] chunk=1 start=1024 layer=23 kind=attn phase=pre_norm gpu_ms=0.02
[prefill-attn-phase] chunk=1 start=1024 layer=23 phase=proj gpu_ms=2.91
[prefill-attn-phase] chunk=1 start=1024 layer=23 phase=norm gpu_ms=0.29
[prefill-attn-phase] chunk=1 start=1024 layer=23 phase=rope_scatter gpu_ms=0.05
[prefill-attn-packed-shape] layer=23 chunk_start=1024 chunk_p=1024 group=8 packed_rows=4 qt=2 row_groups=256 dispatches=512 nwg=64 partial_rw_mib=2064.00
[prefill-attn-matrix-g8-shape] layer=23 chunk_start=1024 chunk_p=1024 query_rows=1024 query_tiles=1 n_pos=2048 score_tile_scratch_mib=68.00 vt_stride=4096 vt_layer_mib=4.00 vt_update_base=1024 vt_update_rows=1024 vt_update_mib=1.00
[prefill-attn-phase] chunk=1 start=1024 layer=23 phase=body_matrix_kq gpu_ms=0.99
[prefill-attn-phase] chunk=1 start=1024 layer=23 phase=body_matrix_kqv gpu_ms=0.98
[prefill-layer-phase] chunk=1 start=1024 layer=23 kind=attn phase=attn_back gpu_ms=1.39
[prefill-layer-phase] chunk=1 start=1024 layer=23 kind=attn phase=mixer_resid gpu_ms=0.03
[prefill-layer-phase] chunk=1 start=1024 layer=23 kind=moe phase=post_norm gpu_ms=0.02
[prefill-layer-phase] chunk=1 start=1024 layer=23 kind=moe phase=route_fused gpu_ms=0.31
[prefill-layer-phase] chunk=1 start=1024 layer=23 kind=moe phase=routed_swiglu gpu_ms=4.16
[prefill-layer-phase] chunk=1 start=1024 layer=23 kind=moe phase=routed_down gpu_ms=2.40
[prefill-layer-phase] chunk=1 start=1024 layer=23 kind=moe phase=routed_reduce gpu_ms=0.14
[prefill-layer-phase] chunk=1 start=1024 layer=23 kind=moe phase=shared_packed gpu_ms=0.64
[prefill-layer-phase] chunk=1 start=1024 layer=24 kind=gdn phase=pre_norm gpu_ms=0.02
[prefill-layer-phase] chunk=1 start=1024 layer=24 kind=gdn phase=gdn_qkv gpu_ms=2.53
[prefill-layer-phase] chunk=1 start=1024 layer=24 kind=gdn phase=gdn_z gpu_ms=1.29
[prefill-layer-phase] chunk=1 start=1024 layer=24 kind=gdn phase=gdn_beta_alpha gpu_ms=0.17
[prefill-layer-phase] chunk=1 start=1024 layer=24 kind=gdn phase=gdn_alpha_beta gpu_ms=0.01
[prefill-layer-phase] chunk=1 start=1024 layer=24 kind=gdn phase=gdn_prep_conv gpu_ms=0.43
[prefill-layer-phase] chunk=1 start=1024 layer=24 kind=gdn phase=gdn_prep_l2 gpu_ms=0.03
[prefill-layer-phase] chunk=1 start=1024 layer=24 kind=gdn phase=gdn_step gpu_ms=1.56
[prefill-layer-phase] chunk=1 start=1024 layer=24 kind=gdn phase=gdn_gated gpu_ms=0.11
[prefill-layer-phase] chunk=1 start=1024 layer=24 kind=gdn phase=gdn_back gpu_ms=1.30
[prefill-layer-phase] chunk=1 start=1024 layer=24 kind=gdn phase=mixer_resid gpu_ms=0.03
[prefill-layer-phase] chunk=1 start=1024 layer=24 kind=moe phase=post_norm gpu_ms=0.02
[prefill-layer-phase] chunk=1 start=1024 layer=24 kind=moe phase=route_fused gpu_ms=0.30
[prefill-layer-phase] chunk=1 start=1024 layer=24 kind=moe phase=routed_swiglu gpu_ms=4.04
[prefill-layer-phase] chunk=1 start=1024 layer=24 kind=moe phase=routed_down gpu_ms=2.37
[prefill-layer-phase] chunk=1 start=1024 layer=24 kind=moe phase=routed_reduce gpu_ms=0.14
[prefill-layer-phase] chunk=1 start=1024 layer=24 kind=moe phase=shared_packed gpu_ms=0.64
[prefill-layer-phase] chunk=1 start=1024 layer=25 kind=gdn phase=pre_norm gpu_ms=0.02
[prefill-layer-phase] chunk=1 start=1024 layer=25 kind=gdn phase=gdn_qkv gpu_ms=2.53
[prefill-layer-phase] chunk=1 start=1024 layer=25 kind=gdn phase=gdn_z gpu_ms=1.29
[prefill-layer-phase] chunk=1 start=1024 layer=25 kind=gdn phase=gdn_beta_alpha gpu_ms=0.18
[prefill-layer-phase] chunk=1 start=1024 layer=25 kind=gdn phase=gdn_alpha_beta gpu_ms=0.01
[prefill-layer-phase] chunk=1 start=1024 layer=25 kind=gdn phase=gdn_prep_conv gpu_ms=0.43
[prefill-layer-phase] chunk=1 start=1024 layer=25 kind=gdn phase=gdn_prep_l2 gpu_ms=0.03
[prefill-layer-phase] chunk=1 start=1024 layer=25 kind=gdn phase=gdn_step gpu_ms=1.58
[prefill-layer-phase] chunk=1 start=1024 layer=25 kind=gdn phase=gdn_gated gpu_ms=0.11
[prefill-layer-phase] chunk=1 start=1024 layer=25 kind=gdn phase=gdn_back gpu_ms=1.30
[prefill-layer-phase] chunk=1 start=1024 layer=25 kind=gdn phase=mixer_resid gpu_ms=0.03
[prefill-layer-phase] chunk=1 start=1024 layer=25 kind=moe phase=post_norm gpu_ms=0.02
[prefill-layer-phase] chunk=1 start=1024 layer=25 kind=moe phase=route_fused gpu_ms=0.31
[prefill-layer-phase] chunk=1 start=1024 layer=25 kind=moe phase=routed_swiglu gpu_ms=4.04
[prefill-layer-phase] chunk=1 start=1024 layer=25 kind=moe phase=routed_down gpu_ms=2.35
[prefill-layer-phase] chunk=1 start=1024 layer=25 kind=moe phase=routed_reduce gpu_ms=0.14
[prefill-layer-phase] chunk=1 start=1024 layer=25 kind=moe phase=shared_packed gpu_ms=0.64
[prefill-layer-phase] chunk=1 start=1024 layer=26 kind=gdn phase=pre_norm gpu_ms=0.03
[prefill-layer-phase] chunk=1 start=1024 layer=26 kind=gdn phase=gdn_qkv gpu_ms=2.53
[prefill-layer-phase] chunk=1 start=1024 layer=26 kind=gdn phase=gdn_z gpu_ms=1.29
[prefill-layer-phase] chunk=1 start=1024 layer=26 kind=gdn phase=gdn_beta_alpha gpu_ms=0.17
[prefill-layer-phase] chunk=1 start=1024 layer=26 kind=gdn phase=gdn_alpha_beta gpu_ms=0.00
[prefill-layer-phase] chunk=1 start=1024 layer=26 kind=gdn phase=gdn_prep_conv gpu_ms=0.43
[prefill-layer-phase] chunk=1 start=1024 layer=26 kind=gdn phase=gdn_prep_l2 gpu_ms=0.03
[prefill-layer-phase] chunk=1 start=1024 layer=26 kind=gdn phase=gdn_step gpu_ms=1.57
[prefill-layer-phase] chunk=1 start=1024 layer=26 kind=gdn phase=gdn_gated gpu_ms=0.11
[prefill-layer-phase] chunk=1 start=1024 layer=26 kind=gdn phase=gdn_back gpu_ms=1.30
[prefill-layer-phase] chunk=1 start=1024 layer=26 kind=gdn phase=mixer_resid gpu_ms=0.03
[prefill-layer-phase] chunk=1 start=1024 layer=26 kind=moe phase=post_norm gpu_ms=0.02
[prefill-layer-phase] chunk=1 start=1024 layer=26 kind=moe phase=route_fused gpu_ms=0.31
[prefill-layer-phase] chunk=1 start=1024 layer=26 kind=moe phase=routed_swiglu gpu_ms=4.06
[prefill-layer-phase] chunk=1 start=1024 layer=26 kind=moe phase=routed_down gpu_ms=2.43
[prefill-layer-phase] chunk=1 start=1024 layer=26 kind=moe phase=routed_reduce gpu_ms=0.14
[prefill-layer-phase] chunk=1 start=1024 layer=26 kind=moe phase=shared_packed gpu_ms=0.64
[prefill-layer-phase] chunk=1 start=1024 layer=27 kind=attn phase=pre_norm gpu_ms=0.03
[prefill-attn-phase] chunk=1 start=1024 layer=27 phase=proj gpu_ms=2.91
[prefill-attn-phase] chunk=1 start=1024 layer=27 phase=norm gpu_ms=0.29
[prefill-attn-phase] chunk=1 start=1024 layer=27 phase=rope_scatter gpu_ms=0.05
[prefill-attn-packed-shape] layer=27 chunk_start=1024 chunk_p=1024 group=8 packed_rows=4 qt=2 row_groups=256 dispatches=512 nwg=64 partial_rw_mib=2064.00
[prefill-attn-matrix-g8-shape] layer=27 chunk_start=1024 chunk_p=1024 query_rows=1024 query_tiles=1 n_pos=2048 score_tile_scratch_mib=68.00 vt_stride=4096 vt_layer_mib=4.00 vt_update_base=1024 vt_update_rows=1024 vt_update_mib=1.00
[prefill-attn-phase] chunk=1 start=1024 layer=27 phase=body_matrix_kq gpu_ms=0.99
[prefill-attn-phase] chunk=1 start=1024 layer=27 phase=body_matrix_kqv gpu_ms=0.98
[prefill-layer-phase] chunk=1 start=1024 layer=27 kind=attn phase=attn_back gpu_ms=1.39
[prefill-layer-phase] chunk=1 start=1024 layer=27 kind=attn phase=mixer_resid gpu_ms=0.03
[prefill-layer-phase] chunk=1 start=1024 layer=27 kind=moe phase=post_norm gpu_ms=0.02
[prefill-layer-phase] chunk=1 start=1024 layer=27 kind=moe phase=route_fused gpu_ms=0.31
[prefill-layer-phase] chunk=1 start=1024 layer=27 kind=moe phase=routed_swiglu gpu_ms=4.08
[prefill-layer-phase] chunk=1 start=1024 layer=27 kind=moe phase=routed_down gpu_ms=2.40
[prefill-layer-phase] chunk=1 start=1024 layer=27 kind=moe phase=routed_reduce gpu_ms=0.15
[prefill-layer-phase] chunk=1 start=1024 layer=27 kind=moe phase=shared_packed gpu_ms=0.64
[prefill-layer-phase] chunk=1 start=1024 layer=28 kind=gdn phase=pre_norm gpu_ms=0.02
[prefill-layer-phase] chunk=1 start=1024 layer=28 kind=gdn phase=gdn_qkv gpu_ms=2.53
[prefill-layer-phase] chunk=1 start=1024 layer=28 kind=gdn phase=gdn_z gpu_ms=1.29
[prefill-layer-phase] chunk=1 start=1024 layer=28 kind=gdn phase=gdn_beta_alpha gpu_ms=0.17
[prefill-layer-phase] chunk=1 start=1024 layer=28 kind=gdn phase=gdn_alpha_beta gpu_ms=0.01
[prefill-layer-phase] chunk=1 start=1024 layer=28 kind=gdn phase=gdn_prep_conv gpu_ms=0.43
[prefill-layer-phase] chunk=1 start=1024 layer=28 kind=gdn phase=gdn_prep_l2 gpu_ms=0.03
[prefill-layer-phase] chunk=1 start=1024 layer=28 kind=gdn phase=gdn_step gpu_ms=1.57
[prefill-layer-phase] chunk=1 start=1024 layer=28 kind=gdn phase=gdn_gated gpu_ms=0.11
[prefill-layer-phase] chunk=1 start=1024 layer=28 kind=gdn phase=gdn_back gpu_ms=1.30
[prefill-layer-phase] chunk=1 start=1024 layer=28 kind=gdn phase=mixer_resid gpu_ms=0.03
[prefill-layer-phase] chunk=1 start=1024 layer=28 kind=moe phase=post_norm gpu_ms=0.02
[prefill-layer-phase] chunk=1 start=1024 layer=28 kind=moe phase=route_fused gpu_ms=0.31
[prefill-layer-phase] chunk=1 start=1024 layer=28 kind=moe phase=routed_swiglu gpu_ms=3.91
[prefill-layer-phase] chunk=1 start=1024 layer=28 kind=moe phase=routed_down gpu_ms=2.28
[prefill-layer-phase] chunk=1 start=1024 layer=28 kind=moe phase=routed_reduce gpu_ms=0.14
[prefill-layer-phase] chunk=1 start=1024 layer=28 kind=moe phase=shared_packed gpu_ms=0.64
[prefill-layer-phase] chunk=1 start=1024 layer=29 kind=gdn phase=pre_norm gpu_ms=0.02
[prefill-layer-phase] chunk=1 start=1024 layer=29 kind=gdn phase=gdn_qkv gpu_ms=2.53
[prefill-layer-phase] chunk=1 start=1024 layer=29 kind=gdn phase=gdn_z gpu_ms=1.29
[prefill-layer-phase] chunk=1 start=1024 layer=29 kind=gdn phase=gdn_beta_alpha gpu_ms=0.17
[prefill-layer-phase] chunk=1 start=1024 layer=29 kind=gdn phase=gdn_alpha_beta gpu_ms=0.01
[prefill-layer-phase] chunk=1 start=1024 layer=29 kind=gdn phase=gdn_prep_conv gpu_ms=0.43
[prefill-layer-phase] chunk=1 start=1024 layer=29 kind=gdn phase=gdn_prep_l2 gpu_ms=0.03
[prefill-layer-phase] chunk=1 start=1024 layer=29 kind=gdn phase=gdn_step gpu_ms=1.58
[prefill-layer-phase] chunk=1 start=1024 layer=29 kind=gdn phase=gdn_gated gpu_ms=0.11
[prefill-layer-phase] chunk=1 start=1024 layer=29 kind=gdn phase=gdn_back gpu_ms=1.30
[prefill-layer-phase] chunk=1 start=1024 layer=29 kind=gdn phase=mixer_resid gpu_ms=0.03
[prefill-layer-phase] chunk=1 start=1024 layer=29 kind=moe phase=post_norm gpu_ms=0.02
[prefill-layer-phase] chunk=1 start=1024 layer=29 kind=moe phase=route_fused gpu_ms=0.31
[prefill-layer-phase] chunk=1 start=1024 layer=29 kind=moe phase=routed_swiglu gpu_ms=3.95
[prefill-layer-phase] chunk=1 start=1024 layer=29 kind=moe phase=routed_down gpu_ms=2.36
[prefill-layer-phase] chunk=1 start=1024 layer=29 kind=moe phase=routed_reduce gpu_ms=0.14
[prefill-layer-phase] chunk=1 start=1024 layer=29 kind=moe phase=shared_packed gpu_ms=0.63
[prefill-layer-phase] chunk=1 start=1024 layer=30 kind=gdn phase=pre_norm gpu_ms=0.02
[prefill-layer-phase] chunk=1 start=1024 layer=30 kind=gdn phase=gdn_qkv gpu_ms=2.53
[prefill-layer-phase] chunk=1 start=1024 layer=30 kind=gdn phase=gdn_z gpu_ms=1.29
[prefill-layer-phase] chunk=1 start=1024 layer=30 kind=gdn phase=gdn_beta_alpha gpu_ms=0.18
[prefill-layer-phase] chunk=1 start=1024 layer=30 kind=gdn phase=gdn_alpha_beta gpu_ms=0.00
[prefill-layer-phase] chunk=1 start=1024 layer=30 kind=gdn phase=gdn_prep_conv gpu_ms=0.43
[prefill-layer-phase] chunk=1 start=1024 layer=30 kind=gdn phase=gdn_prep_l2 gpu_ms=0.03
[prefill-layer-phase] chunk=1 start=1024 layer=30 kind=gdn phase=gdn_step gpu_ms=1.58
[prefill-layer-phase] chunk=1 start=1024 layer=30 kind=gdn phase=gdn_gated gpu_ms=0.11
[prefill-layer-phase] chunk=1 start=1024 layer=30 kind=gdn phase=gdn_back gpu_ms=1.30
[prefill-layer-phase] chunk=1 start=1024 layer=30 kind=gdn phase=mixer_resid gpu_ms=0.03
[prefill-layer-phase] chunk=1 start=1024 layer=30 kind=moe phase=post_norm gpu_ms=0.03
[prefill-layer-phase] chunk=1 start=1024 layer=30 kind=moe phase=route_fused gpu_ms=0.31
[prefill-layer-phase] chunk=1 start=1024 layer=30 kind=moe phase=routed_swiglu gpu_ms=4.06
[prefill-layer-phase] chunk=1 start=1024 layer=30 kind=moe phase=routed_down gpu_ms=2.46
[prefill-layer-phase] chunk=1 start=1024 layer=30 kind=moe phase=routed_reduce gpu_ms=0.14
[prefill-layer-phase] chunk=1 start=1024 layer=30 kind=moe phase=shared_packed gpu_ms=0.64
[prefill-layer-phase] chunk=1 start=1024 layer=31 kind=attn phase=pre_norm gpu_ms=0.02
[prefill-attn-phase] chunk=1 start=1024 layer=31 phase=proj gpu_ms=2.91
[prefill-attn-phase] chunk=1 start=1024 layer=31 phase=norm gpu_ms=0.29
[prefill-attn-phase] chunk=1 start=1024 layer=31 phase=rope_scatter gpu_ms=0.06
[prefill-attn-packed-shape] layer=31 chunk_start=1024 chunk_p=1024 group=8 packed_rows=4 qt=2 row_groups=256 dispatches=512 nwg=64 partial_rw_mib=2064.00
[prefill-attn-matrix-g8-shape] layer=31 chunk_start=1024 chunk_p=1024 query_rows=1024 query_tiles=1 n_pos=2048 score_tile_scratch_mib=68.00 vt_stride=4096 vt_layer_mib=4.00 vt_update_base=1024 vt_update_rows=1024 vt_update_mib=1.00
[prefill-attn-phase] chunk=1 start=1024 layer=31 phase=body_matrix_kq gpu_ms=0.99
[prefill-attn-phase] chunk=1 start=1024 layer=31 phase=body_matrix_kqv gpu_ms=0.98
[prefill-layer-phase] chunk=1 start=1024 layer=31 kind=attn phase=attn_back gpu_ms=1.39
[prefill-layer-phase] chunk=1 start=1024 layer=31 kind=attn phase=mixer_resid gpu_ms=0.03
[prefill-layer-phase] chunk=1 start=1024 layer=31 kind=moe phase=post_norm gpu_ms=0.03
[prefill-layer-phase] chunk=1 start=1024 layer=31 kind=moe phase=route_fused gpu_ms=0.31
[prefill-layer-phase] chunk=1 start=1024 layer=31 kind=moe phase=routed_swiglu gpu_ms=3.89
[prefill-layer-phase] chunk=1 start=1024 layer=31 kind=moe phase=routed_down gpu_ms=2.26
[prefill-layer-phase] chunk=1 start=1024 layer=31 kind=moe phase=routed_reduce gpu_ms=0.14
[prefill-layer-phase] chunk=1 start=1024 layer=31 kind=moe phase=shared_packed gpu_ms=0.64
[prefill-layer-phase] chunk=1 start=1024 layer=32 kind=gdn phase=pre_norm gpu_ms=0.03
[prefill-layer-phase] chunk=1 start=1024 layer=32 kind=gdn phase=gdn_qkv gpu_ms=2.53
[prefill-layer-phase] chunk=1 start=1024 layer=32 kind=gdn phase=gdn_z gpu_ms=1.29
[prefill-layer-phase] chunk=1 start=1024 layer=32 kind=gdn phase=gdn_beta_alpha gpu_ms=0.17
[prefill-layer-phase] chunk=1 start=1024 layer=32 kind=gdn phase=gdn_alpha_beta gpu_ms=0.00
[prefill-layer-phase] chunk=1 start=1024 layer=32 kind=gdn phase=gdn_prep_conv gpu_ms=0.43
[prefill-layer-phase] chunk=1 start=1024 layer=32 kind=gdn phase=gdn_prep_l2 gpu_ms=0.03
[prefill-layer-phase] chunk=1 start=1024 layer=32 kind=gdn phase=gdn_step gpu_ms=1.55
[prefill-layer-phase] chunk=1 start=1024 layer=32 kind=gdn phase=gdn_gated gpu_ms=0.10
[prefill-layer-phase] chunk=1 start=1024 layer=32 kind=gdn phase=gdn_back gpu_ms=1.30
[prefill-layer-phase] chunk=1 start=1024 layer=32 kind=gdn phase=mixer_resid gpu_ms=0.03
[prefill-layer-phase] chunk=1 start=1024 layer=32 kind=moe phase=post_norm gpu_ms=0.02
[prefill-layer-phase] chunk=1 start=1024 layer=32 kind=moe phase=route_fused gpu_ms=0.31
[prefill-layer-phase] chunk=1 start=1024 layer=32 kind=moe phase=routed_swiglu gpu_ms=3.98
[prefill-layer-phase] chunk=1 start=1024 layer=32 kind=moe phase=routed_down gpu_ms=2.32
[prefill-layer-phase] chunk=1 start=1024 layer=32 kind=moe phase=routed_reduce gpu_ms=0.14
[prefill-layer-phase] chunk=1 start=1024 layer=32 kind=moe phase=shared_packed gpu_ms=0.64
[prefill-layer-phase] chunk=1 start=1024 layer=33 kind=gdn phase=pre_norm gpu_ms=0.02
[prefill-layer-phase] chunk=1 start=1024 layer=33 kind=gdn phase=gdn_qkv gpu_ms=2.53
[prefill-layer-phase] chunk=1 start=1024 layer=33 kind=gdn phase=gdn_z gpu_ms=1.29
[prefill-layer-phase] chunk=1 start=1024 layer=33 kind=gdn phase=gdn_beta_alpha gpu_ms=0.23
[prefill-layer-phase] chunk=1 start=1024 layer=33 kind=gdn phase=gdn_alpha_beta gpu_ms=0.01
[prefill-layer-phase] chunk=1 start=1024 layer=33 kind=gdn phase=gdn_prep_conv gpu_ms=0.43
[prefill-layer-phase] chunk=1 start=1024 layer=33 kind=gdn phase=gdn_prep_l2 gpu_ms=0.03
[prefill-layer-phase] chunk=1 start=1024 layer=33 kind=gdn phase=gdn_step gpu_ms=1.57
[prefill-layer-phase] chunk=1 start=1024 layer=33 kind=gdn phase=gdn_gated gpu_ms=0.11
[prefill-layer-phase] chunk=1 start=1024 layer=33 kind=gdn phase=gdn_back gpu_ms=1.30
[prefill-layer-phase] chunk=1 start=1024 layer=33 kind=gdn phase=mixer_resid gpu_ms=0.03
[prefill-layer-phase] chunk=1 start=1024 layer=33 kind=moe phase=post_norm gpu_ms=0.02
[prefill-layer-phase] chunk=1 start=1024 layer=33 kind=moe phase=route_fused gpu_ms=0.31
[prefill-layer-phase] chunk=1 start=1024 layer=33 kind=moe phase=routed_swiglu gpu_ms=4.13
[prefill-layer-phase] chunk=1 start=1024 layer=33 kind=moe phase=routed_down gpu_ms=2.50
[prefill-layer-phase] chunk=1 start=1024 layer=33 kind=moe phase=routed_reduce gpu_ms=0.14
[prefill-layer-phase] chunk=1 start=1024 layer=33 kind=moe phase=shared_packed gpu_ms=0.63
[prefill-layer-phase] chunk=1 start=1024 layer=34 kind=gdn phase=pre_norm gpu_ms=0.02
[prefill-layer-phase] chunk=1 start=1024 layer=34 kind=gdn phase=gdn_qkv gpu_ms=2.53
[prefill-layer-phase] chunk=1 start=1024 layer=34 kind=gdn phase=gdn_z gpu_ms=1.29
[prefill-layer-phase] chunk=1 start=1024 layer=34 kind=gdn phase=gdn_beta_alpha gpu_ms=0.17
[prefill-layer-phase] chunk=1 start=1024 layer=34 kind=gdn phase=gdn_alpha_beta gpu_ms=0.01
[prefill-layer-phase] chunk=1 start=1024 layer=34 kind=gdn phase=gdn_prep_conv gpu_ms=0.43
[prefill-layer-phase] chunk=1 start=1024 layer=34 kind=gdn phase=gdn_prep_l2 gpu_ms=0.03
[prefill-layer-phase] chunk=1 start=1024 layer=34 kind=gdn phase=gdn_step gpu_ms=1.60
[prefill-layer-phase] chunk=1 start=1024 layer=34 kind=gdn phase=gdn_gated gpu_ms=0.11
[prefill-layer-phase] chunk=1 start=1024 layer=34 kind=gdn phase=gdn_back gpu_ms=1.30
[prefill-layer-phase] chunk=1 start=1024 layer=34 kind=gdn phase=mixer_resid gpu_ms=0.03
[prefill-layer-phase] chunk=1 start=1024 layer=34 kind=moe phase=post_norm gpu_ms=0.02
[prefill-layer-phase] chunk=1 start=1024 layer=34 kind=moe phase=route_fused gpu_ms=0.31
[prefill-layer-phase] chunk=1 start=1024 layer=34 kind=moe phase=routed_swiglu gpu_ms=3.88
[prefill-layer-phase] chunk=1 start=1024 layer=34 kind=moe phase=routed_down gpu_ms=2.20
[prefill-layer-phase] chunk=1 start=1024 layer=34 kind=moe phase=routed_reduce gpu_ms=0.14
[prefill-layer-phase] chunk=1 start=1024 layer=34 kind=moe phase=shared_packed gpu_ms=0.64
[prefill-layer-phase] chunk=1 start=1024 layer=35 kind=attn phase=pre_norm gpu_ms=0.02
[prefill-attn-phase] chunk=1 start=1024 layer=35 phase=proj gpu_ms=2.91
[prefill-attn-phase] chunk=1 start=1024 layer=35 phase=norm gpu_ms=0.29
[prefill-attn-phase] chunk=1 start=1024 layer=35 phase=rope_scatter gpu_ms=0.05
[prefill-attn-packed-shape] layer=35 chunk_start=1024 chunk_p=1024 group=8 packed_rows=4 qt=2 row_groups=256 dispatches=512 nwg=64 partial_rw_mib=2064.00
[prefill-attn-matrix-g8-shape] layer=35 chunk_start=1024 chunk_p=1024 query_rows=1024 query_tiles=1 n_pos=2048 score_tile_scratch_mib=68.00 vt_stride=4096 vt_layer_mib=4.00 vt_update_base=1024 vt_update_rows=1024 vt_update_mib=1.00
[prefill-attn-phase] chunk=1 start=1024 layer=35 phase=body_matrix_kq gpu_ms=0.99
[prefill-attn-phase] chunk=1 start=1024 layer=35 phase=body_matrix_kqv gpu_ms=0.98
[prefill-layer-phase] chunk=1 start=1024 layer=35 kind=attn phase=attn_back gpu_ms=1.39
[prefill-layer-phase] chunk=1 start=1024 layer=35 kind=attn phase=mixer_resid gpu_ms=0.03
[prefill-layer-phase] chunk=1 start=1024 layer=35 kind=moe phase=post_norm gpu_ms=0.02
[prefill-layer-phase] chunk=1 start=1024 layer=35 kind=moe phase=route_fused gpu_ms=0.31
[prefill-layer-phase] chunk=1 start=1024 layer=35 kind=moe phase=routed_swiglu gpu_ms=4.13
[prefill-layer-phase] chunk=1 start=1024 layer=35 kind=moe phase=routed_down gpu_ms=2.50
[prefill-layer-phase] chunk=1 start=1024 layer=35 kind=moe phase=routed_reduce gpu_ms=0.14
[prefill-layer-phase] chunk=1 start=1024 layer=35 kind=moe phase=shared_packed gpu_ms=0.64
[prefill-layer-phase] chunk=1 start=1024 layer=36 kind=gdn phase=pre_norm gpu_ms=0.02
[prefill-layer-phase] chunk=1 start=1024 layer=36 kind=gdn phase=gdn_qkv gpu_ms=2.53
[prefill-layer-phase] chunk=1 start=1024 layer=36 kind=gdn phase=gdn_z gpu_ms=1.29
[prefill-layer-phase] chunk=1 start=1024 layer=36 kind=gdn phase=gdn_beta_alpha gpu_ms=0.18
[prefill-layer-phase] chunk=1 start=1024 layer=36 kind=gdn phase=gdn_alpha_beta gpu_ms=0.01
[prefill-layer-phase] chunk=1 start=1024 layer=36 kind=gdn phase=gdn_prep_conv gpu_ms=0.43
[prefill-layer-phase] chunk=1 start=1024 layer=36 kind=gdn phase=gdn_prep_l2 gpu_ms=0.03
[prefill-layer-phase] chunk=1 start=1024 layer=36 kind=gdn phase=gdn_step gpu_ms=1.58
[prefill-layer-phase] chunk=1 start=1024 layer=36 kind=gdn phase=gdn_gated gpu_ms=0.11
[prefill-layer-phase] chunk=1 start=1024 layer=36 kind=gdn phase=gdn_back gpu_ms=1.30
[prefill-layer-phase] chunk=1 start=1024 layer=36 kind=gdn phase=mixer_resid gpu_ms=0.03
[prefill-layer-phase] chunk=1 start=1024 layer=36 kind=moe phase=post_norm gpu_ms=0.02
[prefill-layer-phase] chunk=1 start=1024 layer=36 kind=moe phase=route_fused gpu_ms=0.31
[prefill-layer-phase] chunk=1 start=1024 layer=36 kind=moe phase=routed_swiglu gpu_ms=4.13
[prefill-layer-phase] chunk=1 start=1024 layer=36 kind=moe phase=routed_down gpu_ms=2.39
[prefill-layer-phase] chunk=1 start=1024 layer=36 kind=moe phase=routed_reduce gpu_ms=0.14
[prefill-layer-phase] chunk=1 start=1024 layer=36 kind=moe phase=shared_packed gpu_ms=0.64
[prefill-layer-phase] chunk=1 start=1024 layer=37 kind=gdn phase=pre_norm gpu_ms=0.02
[prefill-layer-phase] chunk=1 start=1024 layer=37 kind=gdn phase=gdn_qkv gpu_ms=2.53
[prefill-layer-phase] chunk=1 start=1024 layer=37 kind=gdn phase=gdn_z gpu_ms=1.29
[prefill-layer-phase] chunk=1 start=1024 layer=37 kind=gdn phase=gdn_beta_alpha gpu_ms=0.17
[prefill-layer-phase] chunk=1 start=1024 layer=37 kind=gdn phase=gdn_alpha_beta gpu_ms=0.00
[prefill-layer-phase] chunk=1 start=1024 layer=37 kind=gdn phase=gdn_prep_conv gpu_ms=0.43
[prefill-layer-phase] chunk=1 start=1024 layer=37 kind=gdn phase=gdn_prep_l2 gpu_ms=0.03
[prefill-layer-phase] chunk=1 start=1024 layer=37 kind=gdn phase=gdn_step gpu_ms=1.57
[prefill-layer-phase] chunk=1 start=1024 layer=37 kind=gdn phase=gdn_gated gpu_ms=0.11
[prefill-layer-phase] chunk=1 start=1024 layer=37 kind=gdn phase=gdn_back gpu_ms=1.30
[prefill-layer-phase] chunk=1 start=1024 layer=37 kind=gdn phase=mixer_resid gpu_ms=0.03
[prefill-layer-phase] chunk=1 start=1024 layer=37 kind=moe phase=post_norm gpu_ms=0.02
[prefill-layer-phase] chunk=1 start=1024 layer=37 kind=moe phase=route_fused gpu_ms=0.31
[prefill-layer-phase] chunk=1 start=1024 layer=37 kind=moe phase=routed_swiglu gpu_ms=3.88
[prefill-layer-phase] chunk=1 start=1024 layer=37 kind=moe phase=routed_down gpu_ms=2.15
[prefill-layer-phase] chunk=1 start=1024 layer=37 kind=moe phase=routed_reduce gpu_ms=0.15
[prefill-layer-phase] chunk=1 start=1024 layer=37 kind=moe phase=shared_packed gpu_ms=0.64
[prefill-layer-phase] chunk=1 start=1024 layer=38 kind=gdn phase=pre_norm gpu_ms=0.02
[prefill-layer-phase] chunk=1 start=1024 layer=38 kind=gdn phase=gdn_qkv gpu_ms=2.53
[prefill-layer-phase] chunk=1 start=1024 layer=38 kind=gdn phase=gdn_z gpu_ms=1.29
[prefill-layer-phase] chunk=1 start=1024 layer=38 kind=gdn phase=gdn_beta_alpha gpu_ms=0.17
[prefill-layer-phase] chunk=1 start=1024 layer=38 kind=gdn phase=gdn_alpha_beta gpu_ms=0.00
[prefill-layer-phase] chunk=1 start=1024 layer=38 kind=gdn phase=gdn_prep_conv gpu_ms=0.43
[prefill-layer-phase] chunk=1 start=1024 layer=38 kind=gdn phase=gdn_prep_l2 gpu_ms=0.03
[prefill-layer-phase] chunk=1 start=1024 layer=38 kind=gdn phase=gdn_step gpu_ms=1.60
[prefill-layer-phase] chunk=1 start=1024 layer=38 kind=gdn phase=gdn_gated gpu_ms=0.11
[prefill-layer-phase] chunk=1 start=1024 layer=38 kind=gdn phase=gdn_back gpu_ms=1.30
[prefill-layer-phase] chunk=1 start=1024 layer=38 kind=gdn phase=mixer_resid gpu_ms=0.03
[prefill-layer-phase] chunk=1 start=1024 layer=38 kind=moe phase=post_norm gpu_ms=0.02
[prefill-layer-phase] chunk=1 start=1024 layer=38 kind=moe phase=route_fused gpu_ms=0.31
[prefill-layer-phase] chunk=1 start=1024 layer=38 kind=moe phase=routed_swiglu gpu_ms=4.04
[prefill-layer-phase] chunk=1 start=1024 layer=38 kind=moe phase=routed_down gpu_ms=2.12
[prefill-layer-phase] chunk=1 start=1024 layer=38 kind=moe phase=routed_reduce gpu_ms=0.14
[prefill-layer-phase] chunk=1 start=1024 layer=38 kind=moe phase=shared_packed gpu_ms=0.64
[prefill-layer-phase] chunk=1 start=1024 layer=39 kind=attn phase=pre_norm gpu_ms=0.02
[prefill-attn-phase] chunk=1 start=1024 layer=39 phase=proj gpu_ms=2.92
[prefill-attn-phase] chunk=1 start=1024 layer=39 phase=norm gpu_ms=0.29
[prefill-attn-phase] chunk=1 start=1024 layer=39 phase=rope_scatter gpu_ms=0.05
[prefill-attn-packed-shape] layer=39 chunk_start=1024 chunk_p=1024 group=8 packed_rows=4 qt=2 row_groups=256 dispatches=512 nwg=64 partial_rw_mib=2064.00
[prefill-attn-matrix-g8-shape] layer=39 chunk_start=1024 chunk_p=1024 query_rows=1024 query_tiles=1 n_pos=2048 score_tile_scratch_mib=68.00 vt_stride=4096 vt_layer_mib=4.00 vt_update_base=1024 vt_update_rows=1024 vt_update_mib=1.00
[prefill-attn-phase] chunk=1 start=1024 layer=39 phase=body_matrix_kq gpu_ms=0.99
[prefill-attn-phase] chunk=1 start=1024 layer=39 phase=body_matrix_kqv gpu_ms=0.98
[prefill-layer-phase] chunk=1 start=1024 layer=39 kind=attn phase=attn_back gpu_ms=1.39
[prefill-layer-phase] chunk=1 start=1024 layer=39 kind=attn phase=mixer_resid gpu_ms=0.03
[prefill-layer-phase] chunk=1 start=1024 layer=39 kind=moe phase=post_norm gpu_ms=0.02
[prefill-layer-phase] chunk=1 start=1024 layer=39 kind=moe phase=route_fused gpu_ms=0.31
[prefill-layer-phase] chunk=1 start=1024 layer=39 kind=moe phase=routed_swiglu gpu_ms=3.85
[prefill-layer-phase] chunk=1 start=1024 layer=39 kind=moe phase=routed_down gpu_ms=2.07
[prefill-layer-phase] chunk=1 start=1024 layer=39 kind=moe phase=routed_reduce gpu_ms=0.15
[prefill-layer-phase] chunk=1 start=1024 layer=39 kind=moe phase=shared_packed gpu_ms=0.64
[prefill-layer-phase] chunk=2 start=2048 layer=0 kind=gdn phase=pre_norm gpu_ms=0.15
[prefill-layer-phase] chunk=2 start=2048 layer=0 kind=gdn phase=gdn_qkv gpu_ms=2.53
[prefill-layer-phase] chunk=2 start=2048 layer=0 kind=gdn phase=gdn_z gpu_ms=1.29
[prefill-layer-phase] chunk=2 start=2048 layer=0 kind=gdn phase=gdn_beta_alpha gpu_ms=0.17
[prefill-layer-phase] chunk=2 start=2048 layer=0 kind=gdn phase=gdn_alpha_beta gpu_ms=0.00
[prefill-layer-phase] chunk=2 start=2048 layer=0 kind=gdn phase=gdn_prep_conv gpu_ms=0.43
[prefill-layer-phase] chunk=2 start=2048 layer=0 kind=gdn phase=gdn_prep_l2 gpu_ms=0.03
[prefill-layer-phase] chunk=2 start=2048 layer=0 kind=gdn phase=gdn_step gpu_ms=1.56
[prefill-layer-phase] chunk=2 start=2048 layer=0 kind=gdn phase=gdn_gated gpu_ms=0.11
[prefill-layer-phase] chunk=2 start=2048 layer=0 kind=gdn phase=gdn_back gpu_ms=1.30
[prefill-layer-phase] chunk=2 start=2048 layer=0 kind=gdn phase=mixer_resid gpu_ms=0.03
[prefill-layer-phase] chunk=2 start=2048 layer=0 kind=moe phase=post_norm gpu_ms=0.02
[prefill-layer-phase] chunk=2 start=2048 layer=0 kind=moe phase=route_fused gpu_ms=0.31
[prefill-layer-phase] chunk=2 start=2048 layer=0 kind=moe phase=routed_swiglu gpu_ms=4.29
[prefill-layer-phase] chunk=2 start=2048 layer=0 kind=moe phase=routed_down gpu_ms=2.65
[prefill-layer-phase] chunk=2 start=2048 layer=0 kind=moe phase=routed_reduce gpu_ms=0.14
[prefill-layer-phase] chunk=2 start=2048 layer=0 kind=moe phase=shared_packed gpu_ms=0.64
[prefill-layer-phase] chunk=2 start=2048 layer=1 kind=gdn phase=pre_norm gpu_ms=0.02
[prefill-layer-phase] chunk=2 start=2048 layer=1 kind=gdn phase=gdn_qkv gpu_ms=2.53
[prefill-layer-phase] chunk=2 start=2048 layer=1 kind=gdn phase=gdn_z gpu_ms=1.29
[prefill-layer-phase] chunk=2 start=2048 layer=1 kind=gdn phase=gdn_beta_alpha gpu_ms=0.17
[prefill-layer-phase] chunk=2 start=2048 layer=1 kind=gdn phase=gdn_alpha_beta gpu_ms=0.01
[prefill-layer-phase] chunk=2 start=2048 layer=1 kind=gdn phase=gdn_prep_conv gpu_ms=0.43
[prefill-layer-phase] chunk=2 start=2048 layer=1 kind=gdn phase=gdn_prep_l2 gpu_ms=0.03
[prefill-layer-phase] chunk=2 start=2048 layer=1 kind=gdn phase=gdn_step gpu_ms=1.61
[prefill-layer-phase] chunk=2 start=2048 layer=1 kind=gdn phase=gdn_gated gpu_ms=0.11
[prefill-layer-phase] chunk=2 start=2048 layer=1 kind=gdn phase=gdn_back gpu_ms=1.30
[prefill-layer-phase] chunk=2 start=2048 layer=1 kind=gdn phase=mixer_resid gpu_ms=0.03
[prefill-layer-phase] chunk=2 start=2048 layer=1 kind=moe phase=post_norm gpu_ms=0.02
[prefill-layer-phase] chunk=2 start=2048 layer=1 kind=moe phase=route_fused gpu_ms=0.31
[prefill-layer-phase] chunk=2 start=2048 layer=1 kind=moe phase=routed_swiglu gpu_ms=4.41
[prefill-layer-phase] chunk=2 start=2048 layer=1 kind=moe phase=routed_down gpu_ms=2.53
[prefill-layer-phase] chunk=2 start=2048 layer=1 kind=moe phase=routed_reduce gpu_ms=0.14
[prefill-layer-phase] chunk=2 start=2048 layer=1 kind=moe phase=shared_packed gpu_ms=0.64
[prefill-layer-phase] chunk=2 start=2048 layer=2 kind=gdn phase=pre_norm gpu_ms=0.02
[prefill-layer-phase] chunk=2 start=2048 layer=2 kind=gdn phase=gdn_qkv gpu_ms=2.53
[prefill-layer-phase] chunk=2 start=2048 layer=2 kind=gdn phase=gdn_z gpu_ms=1.29
[prefill-layer-phase] chunk=2 start=2048 layer=2 kind=gdn phase=gdn_beta_alpha gpu_ms=0.18
[prefill-layer-phase] chunk=2 start=2048 layer=2 kind=gdn phase=gdn_alpha_beta gpu_ms=0.00
[prefill-layer-phase] chunk=2 start=2048 layer=2 kind=gdn phase=gdn_prep_conv gpu_ms=0.43
[prefill-layer-phase] chunk=2 start=2048 layer=2 kind=gdn phase=gdn_prep_l2 gpu_ms=0.03
[prefill-layer-phase] chunk=2 start=2048 layer=2 kind=gdn phase=gdn_step gpu_ms=1.57
[prefill-layer-phase] chunk=2 start=2048 layer=2 kind=gdn phase=gdn_gated gpu_ms=0.10
[prefill-layer-phase] chunk=2 start=2048 layer=2 kind=gdn phase=gdn_back gpu_ms=1.30
[prefill-layer-phase] chunk=2 start=2048 layer=2 kind=gdn phase=mixer_resid gpu_ms=0.03
[prefill-layer-phase] chunk=2 start=2048 layer=2 kind=moe phase=post_norm gpu_ms=0.02
[prefill-layer-phase] chunk=2 start=2048 layer=2 kind=moe phase=route_fused gpu_ms=0.31
[prefill-layer-phase] chunk=2 start=2048 layer=2 kind=moe phase=routed_swiglu gpu_ms=4.28
[prefill-layer-phase] chunk=2 start=2048 layer=2 kind=moe phase=routed_down gpu_ms=2.63
[prefill-layer-phase] chunk=2 start=2048 layer=2 kind=moe phase=routed_reduce gpu_ms=0.14
[prefill-layer-phase] chunk=2 start=2048 layer=2 kind=moe phase=shared_packed gpu_ms=0.64
[prefill-layer-phase] chunk=2 start=2048 layer=3 kind=attn phase=pre_norm gpu_ms=0.02
[prefill-attn-phase] chunk=2 start=2048 layer=3 phase=proj gpu_ms=2.91
[prefill-attn-phase] chunk=2 start=2048 layer=3 phase=norm gpu_ms=0.29
[prefill-attn-phase] chunk=2 start=2048 layer=3 phase=rope_scatter gpu_ms=0.05
[prefill-attn-packed-shape] layer=3 chunk_start=2048 chunk_p=1024 group=8 packed_rows=4 qt=2 row_groups=256 dispatches=512 nwg=64 partial_rw_mib=2064.00
[prefill-attn-matrix-g8-shape] layer=3 chunk_start=2048 chunk_p=1024 query_rows=1024 query_tiles=1 n_pos=3072 score_tile_scratch_mib=102.00 vt_stride=4096 vt_layer_mib=4.00 vt_update_base=2048 vt_update_rows=1024 vt_update_mib=1.00
[prefill-attn-phase] chunk=2 start=2048 layer=3 phase=body_matrix_kq gpu_ms=1.62
[prefill-attn-phase] chunk=2 start=2048 layer=3 phase=body_matrix_kqv gpu_ms=1.62
[prefill-layer-phase] chunk=2 start=2048 layer=3 kind=attn phase=attn_back gpu_ms=1.39
[prefill-layer-phase] chunk=2 start=2048 layer=3 kind=attn phase=mixer_resid gpu_ms=0.03
[prefill-layer-phase] chunk=2 start=2048 layer=3 kind=moe phase=post_norm gpu_ms=0.02
[prefill-layer-phase] chunk=2 start=2048 layer=3 kind=moe phase=route_fused gpu_ms=0.31
[prefill-layer-phase] chunk=2 start=2048 layer=3 kind=moe phase=routed_swiglu gpu_ms=4.34
[prefill-layer-phase] chunk=2 start=2048 layer=3 kind=moe phase=routed_down gpu_ms=2.72
[prefill-layer-phase] chunk=2 start=2048 layer=3 kind=moe phase=routed_reduce gpu_ms=0.14
[prefill-layer-phase] chunk=2 start=2048 layer=3 kind=moe phase=shared_packed gpu_ms=0.64
[prefill-layer-phase] chunk=2 start=2048 layer=4 kind=gdn phase=pre_norm gpu_ms=0.02
[prefill-layer-phase] chunk=2 start=2048 layer=4 kind=gdn phase=gdn_qkv gpu_ms=2.53
[prefill-layer-phase] chunk=2 start=2048 layer=4 kind=gdn phase=gdn_z gpu_ms=1.29
[prefill-layer-phase] chunk=2 start=2048 layer=4 kind=gdn phase=gdn_beta_alpha gpu_ms=0.17
[prefill-layer-phase] chunk=2 start=2048 layer=4 kind=gdn phase=gdn_alpha_beta gpu_ms=0.01
[prefill-layer-phase] chunk=2 start=2048 layer=4 kind=gdn phase=gdn_prep_conv gpu_ms=0.43
[prefill-layer-phase] chunk=2 start=2048 layer=4 kind=gdn phase=gdn_prep_l2 gpu_ms=0.03
[prefill-layer-phase] chunk=2 start=2048 layer=4 kind=gdn phase=gdn_step gpu_ms=1.58
[prefill-layer-phase] chunk=2 start=2048 layer=4 kind=gdn phase=gdn_gated gpu_ms=0.11
[prefill-layer-phase] chunk=2 start=2048 layer=4 kind=gdn phase=gdn_back gpu_ms=1.30
[prefill-layer-phase] chunk=2 start=2048 layer=4 kind=gdn phase=mixer_resid gpu_ms=0.03
[prefill-layer-phase] chunk=2 start=2048 layer=4 kind=moe phase=post_norm gpu_ms=0.02
[prefill-layer-phase] chunk=2 start=2048 layer=4 kind=moe phase=route_fused gpu_ms=0.31
[prefill-layer-phase] chunk=2 start=2048 layer=4 kind=moe phase=routed_swiglu gpu_ms=4.28
[prefill-layer-phase] chunk=2 start=2048 layer=4 kind=moe phase=routed_down gpu_ms=2.63
[prefill-layer-phase] chunk=2 start=2048 layer=4 kind=moe phase=routed_reduce gpu_ms=0.14
[prefill-layer-phase] chunk=2 start=2048 layer=4 kind=moe phase=shared_packed gpu_ms=0.64
[prefill-layer-phase] chunk=2 start=2048 layer=5 kind=gdn phase=pre_norm gpu_ms=0.02
[prefill-layer-phase] chunk=2 start=2048 layer=5 kind=gdn phase=gdn_qkv gpu_ms=2.53
[prefill-layer-phase] chunk=2 start=2048 layer=5 kind=gdn phase=gdn_z gpu_ms=1.29
[prefill-layer-phase] chunk=2 start=2048 layer=5 kind=gdn phase=gdn_beta_alpha gpu_ms=0.17
[prefill-layer-phase] chunk=2 start=2048 layer=5 kind=gdn phase=gdn_alpha_beta gpu_ms=0.01
[prefill-layer-phase] chunk=2 start=2048 layer=5 kind=gdn phase=gdn_prep_conv gpu_ms=0.43
[prefill-layer-phase] chunk=2 start=2048 layer=5 kind=gdn phase=gdn_prep_l2 gpu_ms=0.03
[prefill-layer-phase] chunk=2 start=2048 layer=5 kind=gdn phase=gdn_step gpu_ms=1.57
[prefill-layer-phase] chunk=2 start=2048 layer=5 kind=gdn phase=gdn_gated gpu_ms=0.11
[prefill-layer-phase] chunk=2 start=2048 layer=5 kind=gdn phase=gdn_back gpu_ms=1.30
[prefill-layer-phase] chunk=2 start=2048 layer=5 kind=gdn phase=mixer_resid gpu_ms=0.03
[prefill-layer-phase] chunk=2 start=2048 layer=5 kind=moe phase=post_norm gpu_ms=0.02
[prefill-layer-phase] chunk=2 start=2048 layer=5 kind=moe phase=route_fused gpu_ms=0.31
[prefill-layer-phase] chunk=2 start=2048 layer=5 kind=moe phase=routed_swiglu gpu_ms=4.20
[prefill-layer-phase] chunk=2 start=2048 layer=5 kind=moe phase=routed_down gpu_ms=2.59
[prefill-layer-phase] chunk=2 start=2048 layer=5 kind=moe phase=routed_reduce gpu_ms=0.13
[prefill-layer-phase] chunk=2 start=2048 layer=5 kind=moe phase=shared_packed gpu_ms=0.64
[prefill-layer-phase] chunk=2 start=2048 layer=6 kind=gdn phase=pre_norm gpu_ms=0.03
[prefill-layer-phase] chunk=2 start=2048 layer=6 kind=gdn phase=gdn_qkv gpu_ms=2.53
[prefill-layer-phase] chunk=2 start=2048 layer=6 kind=gdn phase=gdn_z gpu_ms=1.29
[prefill-layer-phase] chunk=2 start=2048 layer=6 kind=gdn phase=gdn_beta_alpha gpu_ms=0.17
[prefill-layer-phase] chunk=2 start=2048 layer=6 kind=gdn phase=gdn_alpha_beta gpu_ms=0.01
[prefill-layer-phase] chunk=2 start=2048 layer=6 kind=gdn phase=gdn_prep_conv gpu_ms=0.43
[prefill-layer-phase] chunk=2 start=2048 layer=6 kind=gdn phase=gdn_prep_l2 gpu_ms=0.03
[prefill-layer-phase] chunk=2 start=2048 layer=6 kind=gdn phase=gdn_step gpu_ms=1.57
[prefill-layer-phase] chunk=2 start=2048 layer=6 kind=gdn phase=gdn_gated gpu_ms=0.11
[prefill-layer-phase] chunk=2 start=2048 layer=6 kind=gdn phase=gdn_back gpu_ms=1.30
[prefill-layer-phase] chunk=2 start=2048 layer=6 kind=gdn phase=mixer_resid gpu_ms=0.03
[prefill-layer-phase] chunk=2 start=2048 layer=6 kind=moe phase=post_norm gpu_ms=0.02
[prefill-layer-phase] chunk=2 start=2048 layer=6 kind=moe phase=route_fused gpu_ms=0.31
[prefill-layer-phase] chunk=2 start=2048 layer=6 kind=moe phase=routed_swiglu gpu_ms=4.14
[prefill-layer-phase] chunk=2 start=2048 layer=6 kind=moe phase=routed_down gpu_ms=2.50
[prefill-layer-phase] chunk=2 start=2048 layer=6 kind=moe phase=routed_reduce gpu_ms=0.14
[prefill-layer-phase] chunk=2 start=2048 layer=6 kind=moe phase=shared_packed gpu_ms=0.64
[prefill-layer-phase] chunk=2 start=2048 layer=7 kind=attn phase=pre_norm gpu_ms=0.02
[prefill-attn-phase] chunk=2 start=2048 layer=7 phase=proj gpu_ms=2.91
[prefill-attn-phase] chunk=2 start=2048 layer=7 phase=norm gpu_ms=0.29
[prefill-attn-phase] chunk=2 start=2048 layer=7 phase=rope_scatter gpu_ms=0.06
[prefill-attn-packed-shape] layer=7 chunk_start=2048 chunk_p=1024 group=8 packed_rows=4 qt=2 row_groups=256 dispatches=512 nwg=64 partial_rw_mib=2064.00
[prefill-attn-matrix-g8-shape] layer=7 chunk_start=2048 chunk_p=1024 query_rows=1024 query_tiles=1 n_pos=3072 score_tile_scratch_mib=102.00 vt_stride=4096 vt_layer_mib=4.00 vt_update_base=2048 vt_update_rows=1024 vt_update_mib=1.00
[prefill-attn-phase] chunk=2 start=2048 layer=7 phase=body_matrix_kq gpu_ms=1.62
[prefill-attn-phase] chunk=2 start=2048 layer=7 phase=body_matrix_kqv gpu_ms=1.62
[prefill-layer-phase] chunk=2 start=2048 layer=7 kind=attn phase=attn_back gpu_ms=1.39
[prefill-layer-phase] chunk=2 start=2048 layer=7 kind=attn phase=mixer_resid gpu_ms=0.03
[prefill-layer-phase] chunk=2 start=2048 layer=7 kind=moe phase=post_norm gpu_ms=0.03
[prefill-layer-phase] chunk=2 start=2048 layer=7 kind=moe phase=route_fused gpu_ms=0.31
[prefill-layer-phase] chunk=2 start=2048 layer=7 kind=moe phase=routed_swiglu gpu_ms=4.19
[prefill-layer-phase] chunk=2 start=2048 layer=7 kind=moe phase=routed_down gpu_ms=2.56
[prefill-layer-phase] chunk=2 start=2048 layer=7 kind=moe phase=routed_reduce gpu_ms=0.14
[prefill-layer-phase] chunk=2 start=2048 layer=7 kind=moe phase=shared_packed gpu_ms=0.63
[prefill-layer-phase] chunk=2 start=2048 layer=8 kind=gdn phase=pre_norm gpu_ms=0.02
[prefill-layer-phase] chunk=2 start=2048 layer=8 kind=gdn phase=gdn_qkv gpu_ms=2.53
[prefill-layer-phase] chunk=2 start=2048 layer=8 kind=gdn phase=gdn_z gpu_ms=1.29
[prefill-layer-phase] chunk=2 start=2048 layer=8 kind=gdn phase=gdn_beta_alpha gpu_ms=0.17
[prefill-layer-phase] chunk=2 start=2048 layer=8 kind=gdn phase=gdn_alpha_beta gpu_ms=0.01
[prefill-layer-phase] chunk=2 start=2048 layer=8 kind=gdn phase=gdn_prep_conv gpu_ms=0.43
[prefill-layer-phase] chunk=2 start=2048 layer=8 kind=gdn phase=gdn_prep_l2 gpu_ms=0.03
[prefill-layer-phase] chunk=2 start=2048 layer=8 kind=gdn phase=gdn_step gpu_ms=1.58
[prefill-layer-phase] chunk=2 start=2048 layer=8 kind=gdn phase=gdn_gated gpu_ms=0.11
[prefill-layer-phase] chunk=2 start=2048 layer=8 kind=gdn phase=gdn_back gpu_ms=1.30
[prefill-layer-phase] chunk=2 start=2048 layer=8 kind=gdn phase=mixer_resid gpu_ms=0.03
[prefill-layer-phase] chunk=2 start=2048 layer=8 kind=moe phase=post_norm gpu_ms=0.02
[prefill-layer-phase] chunk=2 start=2048 layer=8 kind=moe phase=route_fused gpu_ms=0.30
[prefill-layer-phase] chunk=2 start=2048 layer=8 kind=moe phase=routed_swiglu gpu_ms=4.19
[prefill-layer-phase] chunk=2 start=2048 layer=8 kind=moe phase=routed_down gpu_ms=2.60
[prefill-layer-phase] chunk=2 start=2048 layer=8 kind=moe phase=routed_reduce gpu_ms=0.14
[prefill-layer-phase] chunk=2 start=2048 layer=8 kind=moe phase=shared_packed gpu_ms=0.63
[prefill-layer-phase] chunk=2 start=2048 layer=9 kind=gdn phase=pre_norm gpu_ms=0.02
[prefill-layer-phase] chunk=2 start=2048 layer=9 kind=gdn phase=gdn_qkv gpu_ms=2.53
[prefill-layer-phase] chunk=2 start=2048 layer=9 kind=gdn phase=gdn_z gpu_ms=1.29
[prefill-layer-phase] chunk=2 start=2048 layer=9 kind=gdn phase=gdn_beta_alpha gpu_ms=0.17
[prefill-layer-phase] chunk=2 start=2048 layer=9 kind=gdn phase=gdn_alpha_beta gpu_ms=0.00
[prefill-layer-phase] chunk=2 start=2048 layer=9 kind=gdn phase=gdn_prep_conv gpu_ms=0.43
[prefill-layer-phase] chunk=2 start=2048 layer=9 kind=gdn phase=gdn_prep_l2 gpu_ms=0.03
[prefill-layer-phase] chunk=2 start=2048 layer=9 kind=gdn phase=gdn_step gpu_ms=1.59
[prefill-layer-phase] chunk=2 start=2048 layer=9 kind=gdn phase=gdn_gated gpu_ms=0.11
[prefill-layer-phase] chunk=2 start=2048 layer=9 kind=gdn phase=gdn_back gpu_ms=1.30
[prefill-layer-phase] chunk=2 start=2048 layer=9 kind=gdn phase=mixer_resid gpu_ms=0.03
[prefill-layer-phase] chunk=2 start=2048 layer=9 kind=moe phase=post_norm gpu_ms=0.02
[prefill-layer-phase] chunk=2 start=2048 layer=9 kind=moe phase=route_fused gpu_ms=0.31
[prefill-layer-phase] chunk=2 start=2048 layer=9 kind=moe phase=routed_swiglu gpu_ms=4.23
[prefill-layer-phase] chunk=2 start=2048 layer=9 kind=moe phase=routed_down gpu_ms=2.53
[prefill-layer-phase] chunk=2 start=2048 layer=9 kind=moe phase=routed_reduce gpu_ms=0.14
[prefill-layer-phase] chunk=2 start=2048 layer=9 kind=moe phase=shared_packed gpu_ms=0.63
[prefill-layer-phase] chunk=2 start=2048 layer=10 kind=gdn phase=pre_norm gpu_ms=0.02
[prefill-layer-phase] chunk=2 start=2048 layer=10 kind=gdn phase=gdn_qkv gpu_ms=2.53
[prefill-layer-phase] chunk=2 start=2048 layer=10 kind=gdn phase=gdn_z gpu_ms=1.29
[prefill-layer-phase] chunk=2 start=2048 layer=10 kind=gdn phase=gdn_beta_alpha gpu_ms=0.17
[prefill-layer-phase] chunk=2 start=2048 layer=10 kind=gdn phase=gdn_alpha_beta gpu_ms=0.01
[prefill-layer-phase] chunk=2 start=2048 layer=10 kind=gdn phase=gdn_prep_conv gpu_ms=0.43
[prefill-layer-phase] chunk=2 start=2048 layer=10 kind=gdn phase=gdn_prep_l2 gpu_ms=0.03
[prefill-layer-phase] chunk=2 start=2048 layer=10 kind=gdn phase=gdn_step gpu_ms=1.57
[prefill-layer-phase] chunk=2 start=2048 layer=10 kind=gdn phase=gdn_gated gpu_ms=0.11
[prefill-layer-phase] chunk=2 start=2048 layer=10 kind=gdn phase=gdn_back gpu_ms=1.30
[prefill-layer-phase] chunk=2 start=2048 layer=10 kind=gdn phase=mixer_resid gpu_ms=0.03
[prefill-layer-phase] chunk=2 start=2048 layer=10 kind=moe phase=post_norm gpu_ms=0.02
[prefill-layer-phase] chunk=2 start=2048 layer=10 kind=moe phase=route_fused gpu_ms=0.31
[prefill-layer-phase] chunk=2 start=2048 layer=10 kind=moe phase=routed_swiglu gpu_ms=4.23
[prefill-layer-phase] chunk=2 start=2048 layer=10 kind=moe phase=routed_down gpu_ms=2.44
[prefill-layer-phase] chunk=2 start=2048 layer=10 kind=moe phase=routed_reduce gpu_ms=0.14
[prefill-layer-phase] chunk=2 start=2048 layer=10 kind=moe phase=shared_packed gpu_ms=0.64
[prefill-layer-phase] chunk=2 start=2048 layer=11 kind=attn phase=pre_norm gpu_ms=0.02
[prefill-attn-phase] chunk=2 start=2048 layer=11 phase=proj gpu_ms=2.91
[prefill-attn-phase] chunk=2 start=2048 layer=11 phase=norm gpu_ms=0.29
[prefill-attn-phase] chunk=2 start=2048 layer=11 phase=rope_scatter gpu_ms=0.05
[prefill-attn-packed-shape] layer=11 chunk_start=2048 chunk_p=1024 group=8 packed_rows=4 qt=2 row_groups=256 dispatches=512 nwg=64 partial_rw_mib=2064.00
[prefill-attn-matrix-g8-shape] layer=11 chunk_start=2048 chunk_p=1024 query_rows=1024 query_tiles=1 n_pos=3072 score_tile_scratch_mib=102.00 vt_stride=4096 vt_layer_mib=4.00 vt_update_base=2048 vt_update_rows=1024 vt_update_mib=1.00
[prefill-attn-phase] chunk=2 start=2048 layer=11 phase=body_matrix_kq gpu_ms=1.63
[prefill-attn-phase] chunk=2 start=2048 layer=11 phase=body_matrix_kqv gpu_ms=1.62
[prefill-layer-phase] chunk=2 start=2048 layer=11 kind=attn phase=attn_back gpu_ms=1.39
[prefill-layer-phase] chunk=2 start=2048 layer=11 kind=attn phase=mixer_resid gpu_ms=0.03
[prefill-layer-phase] chunk=2 start=2048 layer=11 kind=moe phase=post_norm gpu_ms=0.02
[prefill-layer-phase] chunk=2 start=2048 layer=11 kind=moe phase=route_fused gpu_ms=0.31
[prefill-layer-phase] chunk=2 start=2048 layer=11 kind=moe phase=routed_swiglu gpu_ms=4.09
[prefill-layer-phase] chunk=2 start=2048 layer=11 kind=moe phase=routed_down gpu_ms=2.51
[prefill-layer-phase] chunk=2 start=2048 layer=11 kind=moe phase=routed_reduce gpu_ms=0.14
[prefill-layer-phase] chunk=2 start=2048 layer=11 kind=moe phase=shared_packed gpu_ms=0.64
[prefill-layer-phase] chunk=2 start=2048 layer=12 kind=gdn phase=pre_norm gpu_ms=0.02
[prefill-layer-phase] chunk=2 start=2048 layer=12 kind=gdn phase=gdn_qkv gpu_ms=2.53
[prefill-layer-phase] chunk=2 start=2048 layer=12 kind=gdn phase=gdn_z gpu_ms=1.29
[prefill-layer-phase] chunk=2 start=2048 layer=12 kind=gdn phase=gdn_beta_alpha gpu_ms=0.17
[prefill-layer-phase] chunk=2 start=2048 layer=12 kind=gdn phase=gdn_alpha_beta gpu_ms=0.00
[prefill-layer-phase] chunk=2 start=2048 layer=12 kind=gdn phase=gdn_prep_conv gpu_ms=0.43
[prefill-layer-phase] chunk=2 start=2048 layer=12 kind=gdn phase=gdn_prep_l2 gpu_ms=0.03
[prefill-layer-phase] chunk=2 start=2048 layer=12 kind=gdn phase=gdn_step gpu_ms=1.56
[prefill-layer-phase] chunk=2 start=2048 layer=12 kind=gdn phase=gdn_gated gpu_ms=0.11
[prefill-layer-phase] chunk=2 start=2048 layer=12 kind=gdn phase=gdn_back gpu_ms=1.30
[prefill-layer-phase] chunk=2 start=2048 layer=12 kind=gdn phase=mixer_resid gpu_ms=0.03
[prefill-layer-phase] chunk=2 start=2048 layer=12 kind=moe phase=post_norm gpu_ms=0.02
[prefill-layer-phase] chunk=2 start=2048 layer=12 kind=moe phase=route_fused gpu_ms=0.31
[prefill-layer-phase] chunk=2 start=2048 layer=12 kind=moe phase=routed_swiglu gpu_ms=4.10
[prefill-layer-phase] chunk=2 start=2048 layer=12 kind=moe phase=routed_down gpu_ms=2.46
[prefill-layer-phase] chunk=2 start=2048 layer=12 kind=moe phase=routed_reduce gpu_ms=0.14
[prefill-layer-phase] chunk=2 start=2048 layer=12 kind=moe phase=shared_packed gpu_ms=0.64
[prefill-layer-phase] chunk=2 start=2048 layer=13 kind=gdn phase=pre_norm gpu_ms=0.02
[prefill-layer-phase] chunk=2 start=2048 layer=13 kind=gdn phase=gdn_qkv gpu_ms=2.53
[prefill-layer-phase] chunk=2 start=2048 layer=13 kind=gdn phase=gdn_z gpu_ms=1.29
[prefill-layer-phase] chunk=2 start=2048 layer=13 kind=gdn phase=gdn_beta_alpha gpu_ms=0.17
[prefill-layer-phase] chunk=2 start=2048 layer=13 kind=gdn phase=gdn_alpha_beta gpu_ms=0.00
[prefill-layer-phase] chunk=2 start=2048 layer=13 kind=gdn phase=gdn_prep_conv gpu_ms=0.43
[prefill-layer-phase] chunk=2 start=2048 layer=13 kind=gdn phase=gdn_prep_l2 gpu_ms=0.03
[prefill-layer-phase] chunk=2 start=2048 layer=13 kind=gdn phase=gdn_step gpu_ms=1.57
[prefill-layer-phase] chunk=2 start=2048 layer=13 kind=gdn phase=gdn_gated gpu_ms=0.11
[prefill-layer-phase] chunk=2 start=2048 layer=13 kind=gdn phase=gdn_back gpu_ms=1.30
[prefill-layer-phase] chunk=2 start=2048 layer=13 kind=gdn phase=mixer_resid gpu_ms=0.03
[prefill-layer-phase] chunk=2 start=2048 layer=13 kind=moe phase=post_norm gpu_ms=0.02
[prefill-layer-phase] chunk=2 start=2048 layer=13 kind=moe phase=route_fused gpu_ms=0.31
[prefill-layer-phase] chunk=2 start=2048 layer=13 kind=moe phase=routed_swiglu gpu_ms=4.15
[prefill-layer-phase] chunk=2 start=2048 layer=13 kind=moe phase=routed_down gpu_ms=2.33
[prefill-layer-phase] chunk=2 start=2048 layer=13 kind=moe phase=routed_reduce gpu_ms=0.14
[prefill-layer-phase] chunk=2 start=2048 layer=13 kind=moe phase=shared_packed gpu_ms=0.64
[prefill-layer-phase] chunk=2 start=2048 layer=14 kind=gdn phase=pre_norm gpu_ms=0.02
[prefill-layer-phase] chunk=2 start=2048 layer=14 kind=gdn phase=gdn_qkv gpu_ms=2.53
[prefill-layer-phase] chunk=2 start=2048 layer=14 kind=gdn phase=gdn_z gpu_ms=1.29
[prefill-layer-phase] chunk=2 start=2048 layer=14 kind=gdn phase=gdn_beta_alpha gpu_ms=0.18
[prefill-layer-phase] chunk=2 start=2048 layer=14 kind=gdn phase=gdn_alpha_beta gpu_ms=0.00
[prefill-layer-phase] chunk=2 start=2048 layer=14 kind=gdn phase=gdn_prep_conv gpu_ms=0.43
[prefill-layer-phase] chunk=2 start=2048 layer=14 kind=gdn phase=gdn_prep_l2 gpu_ms=0.03
[prefill-layer-phase] chunk=2 start=2048 layer=14 kind=gdn phase=gdn_step gpu_ms=1.58
[prefill-layer-phase] chunk=2 start=2048 layer=14 kind=gdn phase=gdn_gated gpu_ms=0.11
[prefill-layer-phase] chunk=2 start=2048 layer=14 kind=gdn phase=gdn_back gpu_ms=1.30
[prefill-layer-phase] chunk=2 start=2048 layer=14 kind=gdn phase=mixer_resid gpu_ms=0.03
[prefill-layer-phase] chunk=2 start=2048 layer=14 kind=moe phase=post_norm gpu_ms=0.02
[prefill-layer-phase] chunk=2 start=2048 layer=14 kind=moe phase=route_fused gpu_ms=0.30
[prefill-layer-phase] chunk=2 start=2048 layer=14 kind=moe phase=routed_swiglu gpu_ms=4.06
[prefill-layer-phase] chunk=2 start=2048 layer=14 kind=moe phase=routed_down gpu_ms=2.41
[prefill-layer-phase] chunk=2 start=2048 layer=14 kind=moe phase=routed_reduce gpu_ms=0.15
[prefill-layer-phase] chunk=2 start=2048 layer=14 kind=moe phase=shared_packed gpu_ms=0.64
[prefill-layer-phase] chunk=2 start=2048 layer=15 kind=attn phase=pre_norm gpu_ms=0.02
[prefill-attn-phase] chunk=2 start=2048 layer=15 phase=proj gpu_ms=2.91
[prefill-attn-phase] chunk=2 start=2048 layer=15 phase=norm gpu_ms=0.29
[prefill-attn-phase] chunk=2 start=2048 layer=15 phase=rope_scatter gpu_ms=0.05
[prefill-attn-packed-shape] layer=15 chunk_start=2048 chunk_p=1024 group=8 packed_rows=4 qt=2 row_groups=256 dispatches=512 nwg=64 partial_rw_mib=2064.00
[prefill-attn-matrix-g8-shape] layer=15 chunk_start=2048 chunk_p=1024 query_rows=1024 query_tiles=1 n_pos=3072 score_tile_scratch_mib=102.00 vt_stride=4096 vt_layer_mib=4.00 vt_update_base=2048 vt_update_rows=1024 vt_update_mib=1.00
[prefill-attn-phase] chunk=2 start=2048 layer=15 phase=body_matrix_kq gpu_ms=1.63
[prefill-attn-phase] chunk=2 start=2048 layer=15 phase=body_matrix_kqv gpu_ms=1.62
[prefill-layer-phase] chunk=2 start=2048 layer=15 kind=attn phase=attn_back gpu_ms=1.39
[prefill-layer-phase] chunk=2 start=2048 layer=15 kind=attn phase=mixer_resid gpu_ms=0.03
[prefill-layer-phase] chunk=2 start=2048 layer=15 kind=moe phase=post_norm gpu_ms=0.02
[prefill-layer-phase] chunk=2 start=2048 layer=15 kind=moe phase=route_fused gpu_ms=0.31
[prefill-layer-phase] chunk=2 start=2048 layer=15 kind=moe phase=routed_swiglu gpu_ms=4.08
[prefill-layer-phase] chunk=2 start=2048 layer=15 kind=moe phase=routed_down gpu_ms=2.47
[prefill-layer-phase] chunk=2 start=2048 layer=15 kind=moe phase=routed_reduce gpu_ms=0.14
[prefill-layer-phase] chunk=2 start=2048 layer=15 kind=moe phase=shared_packed gpu_ms=0.64
[prefill-layer-phase] chunk=2 start=2048 layer=16 kind=gdn phase=pre_norm gpu_ms=0.02
[prefill-layer-phase] chunk=2 start=2048 layer=16 kind=gdn phase=gdn_qkv gpu_ms=2.53
[prefill-layer-phase] chunk=2 start=2048 layer=16 kind=gdn phase=gdn_z gpu_ms=1.29
[prefill-layer-phase] chunk=2 start=2048 layer=16 kind=gdn phase=gdn_beta_alpha gpu_ms=0.17
[prefill-layer-phase] chunk=2 start=2048 layer=16 kind=gdn phase=gdn_alpha_beta gpu_ms=0.00
[prefill-layer-phase] chunk=2 start=2048 layer=16 kind=gdn phase=gdn_prep_conv gpu_ms=0.43
[prefill-layer-phase] chunk=2 start=2048 layer=16 kind=gdn phase=gdn_prep_l2 gpu_ms=0.03
[prefill-layer-phase] chunk=2 start=2048 layer=16 kind=gdn phase=gdn_step gpu_ms=1.60
[prefill-layer-phase] chunk=2 start=2048 layer=16 kind=gdn phase=gdn_gated gpu_ms=0.10
[prefill-layer-phase] chunk=2 start=2048 layer=16 kind=gdn phase=gdn_back gpu_ms=1.30
[prefill-layer-phase] chunk=2 start=2048 layer=16 kind=gdn phase=mixer_resid gpu_ms=0.03
[prefill-layer-phase] chunk=2 start=2048 layer=16 kind=moe phase=post_norm gpu_ms=0.02
[prefill-layer-phase] chunk=2 start=2048 layer=16 kind=moe phase=route_fused gpu_ms=0.31
[prefill-layer-phase] chunk=2 start=2048 layer=16 kind=moe phase=routed_swiglu gpu_ms=3.83
[prefill-layer-phase] chunk=2 start=2048 layer=16 kind=moe phase=routed_down gpu_ms=2.20
[prefill-layer-phase] chunk=2 start=2048 layer=16 kind=moe phase=routed_reduce gpu_ms=0.15
[prefill-layer-phase] chunk=2 start=2048 layer=16 kind=moe phase=shared_packed gpu_ms=0.63
[prefill-layer-phase] chunk=2 start=2048 layer=17 kind=gdn phase=pre_norm gpu_ms=0.02
[prefill-layer-phase] chunk=2 start=2048 layer=17 kind=gdn phase=gdn_qkv gpu_ms=2.53
[prefill-layer-phase] chunk=2 start=2048 layer=17 kind=gdn phase=gdn_z gpu_ms=1.29
[prefill-layer-phase] chunk=2 start=2048 layer=17 kind=gdn phase=gdn_beta_alpha gpu_ms=0.18
[prefill-layer-phase] chunk=2 start=2048 layer=17 kind=gdn phase=gdn_alpha_beta gpu_ms=0.01
[prefill-layer-phase] chunk=2 start=2048 layer=17 kind=gdn phase=gdn_prep_conv gpu_ms=0.43
[prefill-layer-phase] chunk=2 start=2048 layer=17 kind=gdn phase=gdn_prep_l2 gpu_ms=0.03
[prefill-layer-phase] chunk=2 start=2048 layer=17 kind=gdn phase=gdn_step gpu_ms=1.57
[prefill-layer-phase] chunk=2 start=2048 layer=17 kind=gdn phase=gdn_gated gpu_ms=0.10
[prefill-layer-phase] chunk=2 start=2048 layer=17 kind=gdn phase=gdn_back gpu_ms=1.30
[prefill-layer-phase] chunk=2 start=2048 layer=17 kind=gdn phase=mixer_resid gpu_ms=0.03
[prefill-layer-phase] chunk=2 start=2048 layer=17 kind=moe phase=post_norm gpu_ms=0.03
[prefill-layer-phase] chunk=2 start=2048 layer=17 kind=moe phase=route_fused gpu_ms=0.31
[prefill-layer-phase] chunk=2 start=2048 layer=17 kind=moe phase=routed_swiglu gpu_ms=3.90
[prefill-layer-phase] chunk=2 start=2048 layer=17 kind=moe phase=routed_down gpu_ms=2.28
[prefill-layer-phase] chunk=2 start=2048 layer=17 kind=moe phase=routed_reduce gpu_ms=0.14
[prefill-layer-phase] chunk=2 start=2048 layer=17 kind=moe phase=shared_packed gpu_ms=0.64
[prefill-layer-phase] chunk=2 start=2048 layer=18 kind=gdn phase=pre_norm gpu_ms=0.02
[prefill-layer-phase] chunk=2 start=2048 layer=18 kind=gdn phase=gdn_qkv gpu_ms=2.53
[prefill-layer-phase] chunk=2 start=2048 layer=18 kind=gdn phase=gdn_z gpu_ms=1.29
[prefill-layer-phase] chunk=2 start=2048 layer=18 kind=gdn phase=gdn_beta_alpha gpu_ms=0.17
[prefill-layer-phase] chunk=2 start=2048 layer=18 kind=gdn phase=gdn_alpha_beta gpu_ms=0.01
[prefill-layer-phase] chunk=2 start=2048 layer=18 kind=gdn phase=gdn_prep_conv gpu_ms=0.43
[prefill-layer-phase] chunk=2 start=2048 layer=18 kind=gdn phase=gdn_prep_l2 gpu_ms=0.03
[prefill-layer-phase] chunk=2 start=2048 layer=18 kind=gdn phase=gdn_step gpu_ms=1.57
[prefill-layer-phase] chunk=2 start=2048 layer=18 kind=gdn phase=gdn_gated gpu_ms=0.11
[prefill-layer-phase] chunk=2 start=2048 layer=18 kind=gdn phase=gdn_back gpu_ms=1.30
[prefill-layer-phase] chunk=2 start=2048 layer=18 kind=gdn phase=mixer_resid gpu_ms=0.03
[prefill-layer-phase] chunk=2 start=2048 layer=18 kind=moe phase=post_norm gpu_ms=0.02
[prefill-layer-phase] chunk=2 start=2048 layer=18 kind=moe phase=route_fused gpu_ms=0.31
[prefill-layer-phase] chunk=2 start=2048 layer=18 kind=moe phase=routed_swiglu gpu_ms=4.01
[prefill-layer-phase] chunk=2 start=2048 layer=18 kind=moe phase=routed_down gpu_ms=2.44
[prefill-layer-phase] chunk=2 start=2048 layer=18 kind=moe phase=routed_reduce gpu_ms=0.14
[prefill-layer-phase] chunk=2 start=2048 layer=18 kind=moe phase=shared_packed gpu_ms=0.63
[prefill-layer-phase] chunk=2 start=2048 layer=19 kind=attn phase=pre_norm gpu_ms=0.02
[prefill-attn-phase] chunk=2 start=2048 layer=19 phase=proj gpu_ms=2.91
[prefill-attn-phase] chunk=2 start=2048 layer=19 phase=norm gpu_ms=0.29
[prefill-attn-phase] chunk=2 start=2048 layer=19 phase=rope_scatter gpu_ms=0.05
[prefill-attn-packed-shape] layer=19 chunk_start=2048 chunk_p=1024 group=8 packed_rows=4 qt=2 row_groups=256 dispatches=512 nwg=64 partial_rw_mib=2064.00
[prefill-attn-matrix-g8-shape] layer=19 chunk_start=2048 chunk_p=1024 query_rows=1024 query_tiles=1 n_pos=3072 score_tile_scratch_mib=102.00 vt_stride=4096 vt_layer_mib=4.00 vt_update_base=2048 vt_update_rows=1024 vt_update_mib=1.00
[prefill-attn-phase] chunk=2 start=2048 layer=19 phase=body_matrix_kq gpu_ms=1.62
[prefill-attn-phase] chunk=2 start=2048 layer=19 phase=body_matrix_kqv gpu_ms=1.62
[prefill-layer-phase] chunk=2 start=2048 layer=19 kind=attn phase=attn_back gpu_ms=1.39
[prefill-layer-phase] chunk=2 start=2048 layer=19 kind=attn phase=mixer_resid gpu_ms=0.03
[prefill-layer-phase] chunk=2 start=2048 layer=19 kind=moe phase=post_norm gpu_ms=0.02
[prefill-layer-phase] chunk=2 start=2048 layer=19 kind=moe phase=route_fused gpu_ms=0.31
[prefill-layer-phase] chunk=2 start=2048 layer=19 kind=moe phase=routed_swiglu gpu_ms=3.99
[prefill-layer-phase] chunk=2 start=2048 layer=19 kind=moe phase=routed_down gpu_ms=2.33
[prefill-layer-phase] chunk=2 start=2048 layer=19 kind=moe phase=routed_reduce gpu_ms=0.14
[prefill-layer-phase] chunk=2 start=2048 layer=19 kind=moe phase=shared_packed gpu_ms=0.64
[prefill-layer-phase] chunk=2 start=2048 layer=20 kind=gdn phase=pre_norm gpu_ms=0.02
[prefill-layer-phase] chunk=2 start=2048 layer=20 kind=gdn phase=gdn_qkv gpu_ms=2.53
[prefill-layer-phase] chunk=2 start=2048 layer=20 kind=gdn phase=gdn_z gpu_ms=1.29
[prefill-layer-phase] chunk=2 start=2048 layer=20 kind=gdn phase=gdn_beta_alpha gpu_ms=0.17
[prefill-layer-phase] chunk=2 start=2048 layer=20 kind=gdn phase=gdn_alpha_beta gpu_ms=0.00
[prefill-layer-phase] chunk=2 start=2048 layer=20 kind=gdn phase=gdn_prep_conv gpu_ms=0.43
[prefill-layer-phase] chunk=2 start=2048 layer=20 kind=gdn phase=gdn_prep_l2 gpu_ms=0.03
[prefill-layer-phase] chunk=2 start=2048 layer=20 kind=gdn phase=gdn_step gpu_ms=1.60
[prefill-layer-phase] chunk=2 start=2048 layer=20 kind=gdn phase=gdn_gated gpu_ms=0.11
[prefill-layer-phase] chunk=2 start=2048 layer=20 kind=gdn phase=gdn_back gpu_ms=1.30
[prefill-layer-phase] chunk=2 start=2048 layer=20 kind=gdn phase=mixer_resid gpu_ms=0.03
[prefill-layer-phase] chunk=2 start=2048 layer=20 kind=moe phase=post_norm gpu_ms=0.02
[prefill-layer-phase] chunk=2 start=2048 layer=20 kind=moe phase=route_fused gpu_ms=0.31
[prefill-layer-phase] chunk=2 start=2048 layer=20 kind=moe phase=routed_swiglu gpu_ms=4.33
[prefill-layer-phase] chunk=2 start=2048 layer=20 kind=moe phase=routed_down gpu_ms=2.64
[prefill-layer-phase] chunk=2 start=2048 layer=20 kind=moe phase=routed_reduce gpu_ms=0.14
[prefill-layer-phase] chunk=2 start=2048 layer=20 kind=moe phase=shared_packed gpu_ms=0.64
[prefill-layer-phase] chunk=2 start=2048 layer=21 kind=gdn phase=pre_norm gpu_ms=0.02
[prefill-layer-phase] chunk=2 start=2048 layer=21 kind=gdn phase=gdn_qkv gpu_ms=2.53
[prefill-layer-phase] chunk=2 start=2048 layer=21 kind=gdn phase=gdn_z gpu_ms=1.29
[prefill-layer-phase] chunk=2 start=2048 layer=21 kind=gdn phase=gdn_beta_alpha gpu_ms=0.18
[prefill-layer-phase] chunk=2 start=2048 layer=21 kind=gdn phase=gdn_alpha_beta gpu_ms=0.01
[prefill-layer-phase] chunk=2 start=2048 layer=21 kind=gdn phase=gdn_prep_conv gpu_ms=0.43
[prefill-layer-phase] chunk=2 start=2048 layer=21 kind=gdn phase=gdn_prep_l2 gpu_ms=0.03
[prefill-layer-phase] chunk=2 start=2048 layer=21 kind=gdn phase=gdn_step gpu_ms=1.58
[prefill-layer-phase] chunk=2 start=2048 layer=21 kind=gdn phase=gdn_gated gpu_ms=0.11
[prefill-layer-phase] chunk=2 start=2048 layer=21 kind=gdn phase=gdn_back gpu_ms=1.30
[prefill-layer-phase] chunk=2 start=2048 layer=21 kind=gdn phase=mixer_resid gpu_ms=0.03
[prefill-layer-phase] chunk=2 start=2048 layer=21 kind=moe phase=post_norm gpu_ms=0.02
[prefill-layer-phase] chunk=2 start=2048 layer=21 kind=moe phase=route_fused gpu_ms=0.31
[prefill-layer-phase] chunk=2 start=2048 layer=21 kind=moe phase=routed_swiglu gpu_ms=4.12
[prefill-layer-phase] chunk=2 start=2048 layer=21 kind=moe phase=routed_down gpu_ms=2.47
[prefill-layer-phase] chunk=2 start=2048 layer=21 kind=moe phase=routed_reduce gpu_ms=0.14
[prefill-layer-phase] chunk=2 start=2048 layer=21 kind=moe phase=shared_packed gpu_ms=0.64
[prefill-layer-phase] chunk=2 start=2048 layer=22 kind=gdn phase=pre_norm gpu_ms=0.02
[prefill-layer-phase] chunk=2 start=2048 layer=22 kind=gdn phase=gdn_qkv gpu_ms=2.53
[prefill-layer-phase] chunk=2 start=2048 layer=22 kind=gdn phase=gdn_z gpu_ms=1.29
[prefill-layer-phase] chunk=2 start=2048 layer=22 kind=gdn phase=gdn_beta_alpha gpu_ms=0.18
[prefill-layer-phase] chunk=2 start=2048 layer=22 kind=gdn phase=gdn_alpha_beta gpu_ms=0.00
[prefill-layer-phase] chunk=2 start=2048 layer=22 kind=gdn phase=gdn_prep_conv gpu_ms=0.43
[prefill-layer-phase] chunk=2 start=2048 layer=22 kind=gdn phase=gdn_prep_l2 gpu_ms=0.03
[prefill-layer-phase] chunk=2 start=2048 layer=22 kind=gdn phase=gdn_step gpu_ms=1.58
[prefill-layer-phase] chunk=2 start=2048 layer=22 kind=gdn phase=gdn_gated gpu_ms=0.10
[prefill-layer-phase] chunk=2 start=2048 layer=22 kind=gdn phase=gdn_back gpu_ms=1.30
[prefill-layer-phase] chunk=2 start=2048 layer=22 kind=gdn phase=mixer_resid gpu_ms=0.03
[prefill-layer-phase] chunk=2 start=2048 layer=22 kind=moe phase=post_norm gpu_ms=0.02
[prefill-layer-phase] chunk=2 start=2048 layer=22 kind=moe phase=route_fused gpu_ms=0.31
[prefill-layer-phase] chunk=2 start=2048 layer=22 kind=moe phase=routed_swiglu gpu_ms=4.23
[prefill-layer-phase] chunk=2 start=2048 layer=22 kind=moe phase=routed_down gpu_ms=2.49
[prefill-layer-phase] chunk=2 start=2048 layer=22 kind=moe phase=routed_reduce gpu_ms=0.14
[prefill-layer-phase] chunk=2 start=2048 layer=22 kind=moe phase=shared_packed gpu_ms=0.64
[prefill-layer-phase] chunk=2 start=2048 layer=23 kind=attn phase=pre_norm gpu_ms=0.02
[prefill-attn-phase] chunk=2 start=2048 layer=23 phase=proj gpu_ms=2.91
[prefill-attn-phase] chunk=2 start=2048 layer=23 phase=norm gpu_ms=0.29
[prefill-attn-phase] chunk=2 start=2048 layer=23 phase=rope_scatter gpu_ms=0.05
[prefill-attn-packed-shape] layer=23 chunk_start=2048 chunk_p=1024 group=8 packed_rows=4 qt=2 row_groups=256 dispatches=512 nwg=64 partial_rw_mib=2064.00
[prefill-attn-matrix-g8-shape] layer=23 chunk_start=2048 chunk_p=1024 query_rows=1024 query_tiles=1 n_pos=3072 score_tile_scratch_mib=102.00 vt_stride=4096 vt_layer_mib=4.00 vt_update_base=2048 vt_update_rows=1024 vt_update_mib=1.00
[prefill-attn-phase] chunk=2 start=2048 layer=23 phase=body_matrix_kq gpu_ms=1.62
[prefill-attn-phase] chunk=2 start=2048 layer=23 phase=body_matrix_kqv gpu_ms=1.62
[prefill-layer-phase] chunk=2 start=2048 layer=23 kind=attn phase=attn_back gpu_ms=1.39
[prefill-layer-phase] chunk=2 start=2048 layer=23 kind=attn phase=mixer_resid gpu_ms=0.03
[prefill-layer-phase] chunk=2 start=2048 layer=23 kind=moe phase=post_norm gpu_ms=0.02
[prefill-layer-phase] chunk=2 start=2048 layer=23 kind=moe phase=route_fused gpu_ms=0.31
[prefill-layer-phase] chunk=2 start=2048 layer=23 kind=moe phase=routed_swiglu gpu_ms=3.99
[prefill-layer-phase] chunk=2 start=2048 layer=23 kind=moe phase=routed_down gpu_ms=2.33
[prefill-layer-phase] chunk=2 start=2048 layer=23 kind=moe phase=routed_reduce gpu_ms=0.14
[prefill-layer-phase] chunk=2 start=2048 layer=23 kind=moe phase=shared_packed gpu_ms=0.64
[prefill-layer-phase] chunk=2 start=2048 layer=24 kind=gdn phase=pre_norm gpu_ms=0.02
[prefill-layer-phase] chunk=2 start=2048 layer=24 kind=gdn phase=gdn_qkv gpu_ms=2.53
[prefill-layer-phase] chunk=2 start=2048 layer=24 kind=gdn phase=gdn_z gpu_ms=1.29
[prefill-layer-phase] chunk=2 start=2048 layer=24 kind=gdn phase=gdn_beta_alpha gpu_ms=0.18
[prefill-layer-phase] chunk=2 start=2048 layer=24 kind=gdn phase=gdn_alpha_beta gpu_ms=0.01
[prefill-layer-phase] chunk=2 start=2048 layer=24 kind=gdn phase=gdn_prep_conv gpu_ms=0.43
[prefill-layer-phase] chunk=2 start=2048 layer=24 kind=gdn phase=gdn_prep_l2 gpu_ms=0.03
[prefill-layer-phase] chunk=2 start=2048 layer=24 kind=gdn phase=gdn_step gpu_ms=1.57
[prefill-layer-phase] chunk=2 start=2048 layer=24 kind=gdn phase=gdn_gated gpu_ms=0.11
[prefill-layer-phase] chunk=2 start=2048 layer=24 kind=gdn phase=gdn_back gpu_ms=1.30
[prefill-layer-phase] chunk=2 start=2048 layer=24 kind=gdn phase=mixer_resid gpu_ms=0.03
[prefill-layer-phase] chunk=2 start=2048 layer=24 kind=moe phase=post_norm gpu_ms=0.02
[prefill-layer-phase] chunk=2 start=2048 layer=24 kind=moe phase=route_fused gpu_ms=0.31
[prefill-layer-phase] chunk=2 start=2048 layer=24 kind=moe phase=routed_swiglu gpu_ms=4.11
[prefill-layer-phase] chunk=2 start=2048 layer=24 kind=moe phase=routed_down gpu_ms=2.42
[prefill-layer-phase] chunk=2 start=2048 layer=24 kind=moe phase=routed_reduce gpu_ms=0.14
[prefill-layer-phase] chunk=2 start=2048 layer=24 kind=moe phase=shared_packed gpu_ms=0.64
[prefill-layer-phase] chunk=2 start=2048 layer=25 kind=gdn phase=pre_norm gpu_ms=0.02
[prefill-layer-phase] chunk=2 start=2048 layer=25 kind=gdn phase=gdn_qkv gpu_ms=2.53
[prefill-layer-phase] chunk=2 start=2048 layer=25 kind=gdn phase=gdn_z gpu_ms=1.29
[prefill-layer-phase] chunk=2 start=2048 layer=25 kind=gdn phase=gdn_beta_alpha gpu_ms=0.18
[prefill-layer-phase] chunk=2 start=2048 layer=25 kind=gdn phase=gdn_alpha_beta gpu_ms=0.01
[prefill-layer-phase] chunk=2 start=2048 layer=25 kind=gdn phase=gdn_prep_conv gpu_ms=0.43
[prefill-layer-phase] chunk=2 start=2048 layer=25 kind=gdn phase=gdn_prep_l2 gpu_ms=0.03
[prefill-layer-phase] chunk=2 start=2048 layer=25 kind=gdn phase=gdn_step gpu_ms=1.59
[prefill-layer-phase] chunk=2 start=2048 layer=25 kind=gdn phase=gdn_gated gpu_ms=0.10
[prefill-layer-phase] chunk=2 start=2048 layer=25 kind=gdn phase=gdn_back gpu_ms=1.30
[prefill-layer-phase] chunk=2 start=2048 layer=25 kind=gdn phase=mixer_resid gpu_ms=0.03
[prefill-layer-phase] chunk=2 start=2048 layer=25 kind=moe phase=post_norm gpu_ms=0.02
[prefill-layer-phase] chunk=2 start=2048 layer=25 kind=moe phase=route_fused gpu_ms=0.31
[prefill-layer-phase] chunk=2 start=2048 layer=25 kind=moe phase=routed_swiglu gpu_ms=4.01
[prefill-layer-phase] chunk=2 start=2048 layer=25 kind=moe phase=routed_down gpu_ms=2.36
[prefill-layer-phase] chunk=2 start=2048 layer=25 kind=moe phase=routed_reduce gpu_ms=0.14
[prefill-layer-phase] chunk=2 start=2048 layer=25 kind=moe phase=shared_packed gpu_ms=0.64
[prefill-layer-phase] chunk=2 start=2048 layer=26 kind=gdn phase=pre_norm gpu_ms=0.02
[prefill-layer-phase] chunk=2 start=2048 layer=26 kind=gdn phase=gdn_qkv gpu_ms=2.53
[prefill-layer-phase] chunk=2 start=2048 layer=26 kind=gdn phase=gdn_z gpu_ms=1.29
[prefill-layer-phase] chunk=2 start=2048 layer=26 kind=gdn phase=gdn_beta_alpha gpu_ms=0.17
[prefill-layer-phase] chunk=2 start=2048 layer=26 kind=gdn phase=gdn_alpha_beta gpu_ms=0.01
[prefill-layer-phase] chunk=2 start=2048 layer=26 kind=gdn phase=gdn_prep_conv gpu_ms=0.43
[prefill-layer-phase] chunk=2 start=2048 layer=26 kind=gdn phase=gdn_prep_l2 gpu_ms=0.03
[prefill-layer-phase] chunk=2 start=2048 layer=26 kind=gdn phase=gdn_step gpu_ms=1.59
[prefill-layer-phase] chunk=2 start=2048 layer=26 kind=gdn phase=gdn_gated gpu_ms=0.11
[prefill-layer-phase] chunk=2 start=2048 layer=26 kind=gdn phase=gdn_back gpu_ms=1.30
[prefill-layer-phase] chunk=2 start=2048 layer=26 kind=gdn phase=mixer_resid gpu_ms=0.03
[prefill-layer-phase] chunk=2 start=2048 layer=26 kind=moe phase=post_norm gpu_ms=0.02
[prefill-layer-phase] chunk=2 start=2048 layer=26 kind=moe phase=route_fused gpu_ms=0.31
[prefill-layer-phase] chunk=2 start=2048 layer=26 kind=moe phase=routed_swiglu gpu_ms=4.15
[prefill-layer-phase] chunk=2 start=2048 layer=26 kind=moe phase=routed_down gpu_ms=2.47
[prefill-layer-phase] chunk=2 start=2048 layer=26 kind=moe phase=routed_reduce gpu_ms=0.14
[prefill-layer-phase] chunk=2 start=2048 layer=26 kind=moe phase=shared_packed gpu_ms=0.64
[prefill-layer-phase] chunk=2 start=2048 layer=27 kind=attn phase=pre_norm gpu_ms=0.02
[prefill-attn-phase] chunk=2 start=2048 layer=27 phase=proj gpu_ms=2.91
[prefill-attn-phase] chunk=2 start=2048 layer=27 phase=norm gpu_ms=0.29
[prefill-attn-phase] chunk=2 start=2048 layer=27 phase=rope_scatter gpu_ms=0.05
[prefill-attn-packed-shape] layer=27 chunk_start=2048 chunk_p=1024 group=8 packed_rows=4 qt=2 row_groups=256 dispatches=512 nwg=64 partial_rw_mib=2064.00
[prefill-attn-matrix-g8-shape] layer=27 chunk_start=2048 chunk_p=1024 query_rows=1024 query_tiles=1 n_pos=3072 score_tile_scratch_mib=102.00 vt_stride=4096 vt_layer_mib=4.00 vt_update_base=2048 vt_update_rows=1024 vt_update_mib=1.00
[prefill-attn-phase] chunk=2 start=2048 layer=27 phase=body_matrix_kq gpu_ms=1.62
[prefill-attn-phase] chunk=2 start=2048 layer=27 phase=body_matrix_kqv gpu_ms=1.62
[prefill-layer-phase] chunk=2 start=2048 layer=27 kind=attn phase=attn_back gpu_ms=1.39
[prefill-layer-phase] chunk=2 start=2048 layer=27 kind=attn phase=mixer_resid gpu_ms=0.03
[prefill-layer-phase] chunk=2 start=2048 layer=27 kind=moe phase=post_norm gpu_ms=0.02
[prefill-layer-phase] chunk=2 start=2048 layer=27 kind=moe phase=route_fused gpu_ms=0.31
[prefill-layer-phase] chunk=2 start=2048 layer=27 kind=moe phase=routed_swiglu gpu_ms=4.14
[prefill-layer-phase] chunk=2 start=2048 layer=27 kind=moe phase=routed_down gpu_ms=2.40
[prefill-layer-phase] chunk=2 start=2048 layer=27 kind=moe phase=routed_reduce gpu_ms=0.14
[prefill-layer-phase] chunk=2 start=2048 layer=27 kind=moe phase=shared_packed gpu_ms=0.64
[prefill-layer-phase] chunk=2 start=2048 layer=28 kind=gdn phase=pre_norm gpu_ms=0.02
[prefill-layer-phase] chunk=2 start=2048 layer=28 kind=gdn phase=gdn_qkv gpu_ms=2.53
[prefill-layer-phase] chunk=2 start=2048 layer=28 kind=gdn phase=gdn_z gpu_ms=1.29
[prefill-layer-phase] chunk=2 start=2048 layer=28 kind=gdn phase=gdn_beta_alpha gpu_ms=0.18
[prefill-layer-phase] chunk=2 start=2048 layer=28 kind=gdn phase=gdn_alpha_beta gpu_ms=0.01
[prefill-layer-phase] chunk=2 start=2048 layer=28 kind=gdn phase=gdn_prep_conv gpu_ms=0.43
[prefill-layer-phase] chunk=2 start=2048 layer=28 kind=gdn phase=gdn_prep_l2 gpu_ms=0.03
[prefill-layer-phase] chunk=2 start=2048 layer=28 kind=gdn phase=gdn_step gpu_ms=1.59
[prefill-layer-phase] chunk=2 start=2048 layer=28 kind=gdn phase=gdn_gated gpu_ms=0.10
[prefill-layer-phase] chunk=2 start=2048 layer=28 kind=gdn phase=gdn_back gpu_ms=1.30
[prefill-layer-phase] chunk=2 start=2048 layer=28 kind=gdn phase=mixer_resid gpu_ms=0.03
[prefill-layer-phase] chunk=2 start=2048 layer=28 kind=moe phase=post_norm gpu_ms=0.02
[prefill-layer-phase] chunk=2 start=2048 layer=28 kind=moe phase=route_fused gpu_ms=0.31
[prefill-layer-phase] chunk=2 start=2048 layer=28 kind=moe phase=routed_swiglu gpu_ms=3.84
[prefill-layer-phase] chunk=2 start=2048 layer=28 kind=moe phase=routed_down gpu_ms=2.24
[prefill-layer-phase] chunk=2 start=2048 layer=28 kind=moe phase=routed_reduce gpu_ms=0.14
[prefill-layer-phase] chunk=2 start=2048 layer=28 kind=moe phase=shared_packed gpu_ms=0.64
[prefill-layer-phase] chunk=2 start=2048 layer=29 kind=gdn phase=pre_norm gpu_ms=0.02
[prefill-layer-phase] chunk=2 start=2048 layer=29 kind=gdn phase=gdn_qkv gpu_ms=2.53
[prefill-layer-phase] chunk=2 start=2048 layer=29 kind=gdn phase=gdn_z gpu_ms=1.29
[prefill-layer-phase] chunk=2 start=2048 layer=29 kind=gdn phase=gdn_beta_alpha gpu_ms=0.17
[prefill-layer-phase] chunk=2 start=2048 layer=29 kind=gdn phase=gdn_alpha_beta gpu_ms=0.01
[prefill-layer-phase] chunk=2 start=2048 layer=29 kind=gdn phase=gdn_prep_conv gpu_ms=0.43
[prefill-layer-phase] chunk=2 start=2048 layer=29 kind=gdn phase=gdn_prep_l2 gpu_ms=0.03
[prefill-layer-phase] chunk=2 start=2048 layer=29 kind=gdn phase=gdn_step gpu_ms=1.57
[prefill-layer-phase] chunk=2 start=2048 layer=29 kind=gdn phase=gdn_gated gpu_ms=0.11
[prefill-layer-phase] chunk=2 start=2048 layer=29 kind=gdn phase=gdn_back gpu_ms=1.30
[prefill-layer-phase] chunk=2 start=2048 layer=29 kind=gdn phase=mixer_resid gpu_ms=0.03
[prefill-layer-phase] chunk=2 start=2048 layer=29 kind=moe phase=post_norm gpu_ms=0.02
[prefill-layer-phase] chunk=2 start=2048 layer=29 kind=moe phase=route_fused gpu_ms=0.31
[prefill-layer-phase] chunk=2 start=2048 layer=29 kind=moe phase=routed_swiglu gpu_ms=4.02
[prefill-layer-phase] chunk=2 start=2048 layer=29 kind=moe phase=routed_down gpu_ms=2.30
[prefill-layer-phase] chunk=2 start=2048 layer=29 kind=moe phase=routed_reduce gpu_ms=0.14
[prefill-layer-phase] chunk=2 start=2048 layer=29 kind=moe phase=shared_packed gpu_ms=0.64
[prefill-layer-phase] chunk=2 start=2048 layer=30 kind=gdn phase=pre_norm gpu_ms=0.02
[prefill-layer-phase] chunk=2 start=2048 layer=30 kind=gdn phase=gdn_qkv gpu_ms=2.53
[prefill-layer-phase] chunk=2 start=2048 layer=30 kind=gdn phase=gdn_z gpu_ms=1.29
[prefill-layer-phase] chunk=2 start=2048 layer=30 kind=gdn phase=gdn_beta_alpha gpu_ms=0.17
[prefill-layer-phase] chunk=2 start=2048 layer=30 kind=gdn phase=gdn_alpha_beta gpu_ms=0.00
[prefill-layer-phase] chunk=2 start=2048 layer=30 kind=gdn phase=gdn_prep_conv gpu_ms=0.43
[prefill-layer-phase] chunk=2 start=2048 layer=30 kind=gdn phase=gdn_prep_l2 gpu_ms=0.03
[prefill-layer-phase] chunk=2 start=2048 layer=30 kind=gdn phase=gdn_step gpu_ms=1.58
[prefill-layer-phase] chunk=2 start=2048 layer=30 kind=gdn phase=gdn_gated gpu_ms=0.11
[prefill-layer-phase] chunk=2 start=2048 layer=30 kind=gdn phase=gdn_back gpu_ms=1.30
[prefill-layer-phase] chunk=2 start=2048 layer=30 kind=gdn phase=mixer_resid gpu_ms=0.03
[prefill-layer-phase] chunk=2 start=2048 layer=30 kind=moe phase=post_norm gpu_ms=0.02
[prefill-layer-phase] chunk=2 start=2048 layer=30 kind=moe phase=route_fused gpu_ms=0.31
[prefill-layer-phase] chunk=2 start=2048 layer=30 kind=moe phase=routed_swiglu gpu_ms=4.00
[prefill-layer-phase] chunk=2 start=2048 layer=30 kind=moe phase=routed_down gpu_ms=2.44
[prefill-layer-phase] chunk=2 start=2048 layer=30 kind=moe phase=routed_reduce gpu_ms=0.14
[prefill-layer-phase] chunk=2 start=2048 layer=30 kind=moe phase=shared_packed gpu_ms=0.64
[prefill-layer-phase] chunk=2 start=2048 layer=31 kind=attn phase=pre_norm gpu_ms=0.02
[prefill-attn-phase] chunk=2 start=2048 layer=31 phase=proj gpu_ms=2.92
[prefill-attn-phase] chunk=2 start=2048 layer=31 phase=norm gpu_ms=0.29
[prefill-attn-phase] chunk=2 start=2048 layer=31 phase=rope_scatter gpu_ms=0.05
[prefill-attn-packed-shape] layer=31 chunk_start=2048 chunk_p=1024 group=8 packed_rows=4 qt=2 row_groups=256 dispatches=512 nwg=64 partial_rw_mib=2064.00
[prefill-attn-matrix-g8-shape] layer=31 chunk_start=2048 chunk_p=1024 query_rows=1024 query_tiles=1 n_pos=3072 score_tile_scratch_mib=102.00 vt_stride=4096 vt_layer_mib=4.00 vt_update_base=2048 vt_update_rows=1024 vt_update_mib=1.00
[prefill-attn-phase] chunk=2 start=2048 layer=31 phase=body_matrix_kq gpu_ms=1.63
[prefill-attn-phase] chunk=2 start=2048 layer=31 phase=body_matrix_kqv gpu_ms=1.62
[prefill-layer-phase] chunk=2 start=2048 layer=31 kind=attn phase=attn_back gpu_ms=1.39
[prefill-layer-phase] chunk=2 start=2048 layer=31 kind=attn phase=mixer_resid gpu_ms=0.03
[prefill-layer-phase] chunk=2 start=2048 layer=31 kind=moe phase=post_norm gpu_ms=0.02
[prefill-layer-phase] chunk=2 start=2048 layer=31 kind=moe phase=route_fused gpu_ms=0.31
[prefill-layer-phase] chunk=2 start=2048 layer=31 kind=moe phase=routed_swiglu gpu_ms=3.88
[prefill-layer-phase] chunk=2 start=2048 layer=31 kind=moe phase=routed_down gpu_ms=2.28
[prefill-layer-phase] chunk=2 start=2048 layer=31 kind=moe phase=routed_reduce gpu_ms=0.14
[prefill-layer-phase] chunk=2 start=2048 layer=31 kind=moe phase=shared_packed gpu_ms=0.64
[prefill-layer-phase] chunk=2 start=2048 layer=32 kind=gdn phase=pre_norm gpu_ms=0.02
[prefill-layer-phase] chunk=2 start=2048 layer=32 kind=gdn phase=gdn_qkv gpu_ms=2.53
[prefill-layer-phase] chunk=2 start=2048 layer=32 kind=gdn phase=gdn_z gpu_ms=1.29
[prefill-layer-phase] chunk=2 start=2048 layer=32 kind=gdn phase=gdn_beta_alpha gpu_ms=0.18
[prefill-layer-phase] chunk=2 start=2048 layer=32 kind=gdn phase=gdn_alpha_beta gpu_ms=0.01
[prefill-layer-phase] chunk=2 start=2048 layer=32 kind=gdn phase=gdn_prep_conv gpu_ms=0.43
[prefill-layer-phase] chunk=2 start=2048 layer=32 kind=gdn phase=gdn_prep_l2 gpu_ms=0.03
[prefill-layer-phase] chunk=2 start=2048 layer=32 kind=gdn phase=gdn_step gpu_ms=1.58
[prefill-layer-phase] chunk=2 start=2048 layer=32 kind=gdn phase=gdn_gated gpu_ms=0.11
[prefill-layer-phase] chunk=2 start=2048 layer=32 kind=gdn phase=gdn_back gpu_ms=1.30
[prefill-layer-phase] chunk=2 start=2048 layer=32 kind=gdn phase=mixer_resid gpu_ms=0.03
[prefill-layer-phase] chunk=2 start=2048 layer=32 kind=moe phase=post_norm gpu_ms=0.02
[prefill-layer-phase] chunk=2 start=2048 layer=32 kind=moe phase=route_fused gpu_ms=0.31
[prefill-layer-phase] chunk=2 start=2048 layer=32 kind=moe phase=routed_swiglu gpu_ms=3.87
[prefill-layer-phase] chunk=2 start=2048 layer=32 kind=moe phase=routed_down gpu_ms=2.23
[prefill-layer-phase] chunk=2 start=2048 layer=32 kind=moe phase=routed_reduce gpu_ms=0.14
[prefill-layer-phase] chunk=2 start=2048 layer=32 kind=moe phase=shared_packed gpu_ms=0.64
[prefill-layer-phase] chunk=2 start=2048 layer=33 kind=gdn phase=pre_norm gpu_ms=0.02
[prefill-layer-phase] chunk=2 start=2048 layer=33 kind=gdn phase=gdn_qkv gpu_ms=2.53
[prefill-layer-phase] chunk=2 start=2048 layer=33 kind=gdn phase=gdn_z gpu_ms=1.29
[prefill-layer-phase] chunk=2 start=2048 layer=33 kind=gdn phase=gdn_beta_alpha gpu_ms=0.17
[prefill-layer-phase] chunk=2 start=2048 layer=33 kind=gdn phase=gdn_alpha_beta gpu_ms=0.01
[prefill-layer-phase] chunk=2 start=2048 layer=33 kind=gdn phase=gdn_prep_conv gpu_ms=0.43
[prefill-layer-phase] chunk=2 start=2048 layer=33 kind=gdn phase=gdn_prep_l2 gpu_ms=0.03
[prefill-layer-phase] chunk=2 start=2048 layer=33 kind=gdn phase=gdn_step gpu_ms=1.57
[prefill-layer-phase] chunk=2 start=2048 layer=33 kind=gdn phase=gdn_gated gpu_ms=0.11
[prefill-layer-phase] chunk=2 start=2048 layer=33 kind=gdn phase=gdn_back gpu_ms=1.30
[prefill-layer-phase] chunk=2 start=2048 layer=33 kind=gdn phase=mixer_resid gpu_ms=0.03
[prefill-layer-phase] chunk=2 start=2048 layer=33 kind=moe phase=post_norm gpu_ms=0.02
[prefill-layer-phase] chunk=2 start=2048 layer=33 kind=moe phase=route_fused gpu_ms=0.31
[prefill-layer-phase] chunk=2 start=2048 layer=33 kind=moe phase=routed_swiglu gpu_ms=4.19
[prefill-layer-phase] chunk=2 start=2048 layer=33 kind=moe phase=routed_down gpu_ms=2.46
[prefill-layer-phase] chunk=2 start=2048 layer=33 kind=moe phase=routed_reduce gpu_ms=0.14
[prefill-layer-phase] chunk=2 start=2048 layer=33 kind=moe phase=shared_packed gpu_ms=0.64
[prefill-layer-phase] chunk=2 start=2048 layer=34 kind=gdn phase=pre_norm gpu_ms=0.02
[prefill-layer-phase] chunk=2 start=2048 layer=34 kind=gdn phase=gdn_qkv gpu_ms=2.53
[prefill-layer-phase] chunk=2 start=2048 layer=34 kind=gdn phase=gdn_z gpu_ms=1.29
[prefill-layer-phase] chunk=2 start=2048 layer=34 kind=gdn phase=gdn_beta_alpha gpu_ms=0.17
[prefill-layer-phase] chunk=2 start=2048 layer=34 kind=gdn phase=gdn_alpha_beta gpu_ms=0.01
[prefill-layer-phase] chunk=2 start=2048 layer=34 kind=gdn phase=gdn_prep_conv gpu_ms=0.43
[prefill-layer-phase] chunk=2 start=2048 layer=34 kind=gdn phase=gdn_prep_l2 gpu_ms=0.03
[prefill-layer-phase] chunk=2 start=2048 layer=34 kind=gdn phase=gdn_step gpu_ms=1.58
[prefill-layer-phase] chunk=2 start=2048 layer=34 kind=gdn phase=gdn_gated gpu_ms=0.11
[prefill-layer-phase] chunk=2 start=2048 layer=34 kind=gdn phase=gdn_back gpu_ms=1.30
[prefill-layer-phase] chunk=2 start=2048 layer=34 kind=gdn phase=mixer_resid gpu_ms=0.03
[prefill-layer-phase] chunk=2 start=2048 layer=34 kind=moe phase=post_norm gpu_ms=0.02
[prefill-layer-phase] chunk=2 start=2048 layer=34 kind=moe phase=route_fused gpu_ms=0.31
[prefill-layer-phase] chunk=2 start=2048 layer=34 kind=moe phase=routed_swiglu gpu_ms=4.08
[prefill-layer-phase] chunk=2 start=2048 layer=34 kind=moe phase=routed_down gpu_ms=2.24
[prefill-layer-phase] chunk=2 start=2048 layer=34 kind=moe phase=routed_reduce gpu_ms=0.14
[prefill-layer-phase] chunk=2 start=2048 layer=34 kind=moe phase=shared_packed gpu_ms=0.64
[prefill-layer-phase] chunk=2 start=2048 layer=35 kind=attn phase=pre_norm gpu_ms=0.02
[prefill-attn-phase] chunk=2 start=2048 layer=35 phase=proj gpu_ms=2.91
[prefill-attn-phase] chunk=2 start=2048 layer=35 phase=norm gpu_ms=0.29
[prefill-attn-phase] chunk=2 start=2048 layer=35 phase=rope_scatter gpu_ms=0.05
[prefill-attn-packed-shape] layer=35 chunk_start=2048 chunk_p=1024 group=8 packed_rows=4 qt=2 row_groups=256 dispatches=512 nwg=64 partial_rw_mib=2064.00
[prefill-attn-matrix-g8-shape] layer=35 chunk_start=2048 chunk_p=1024 query_rows=1024 query_tiles=1 n_pos=3072 score_tile_scratch_mib=102.00 vt_stride=4096 vt_layer_mib=4.00 vt_update_base=2048 vt_update_rows=1024 vt_update_mib=1.00
[prefill-attn-phase] chunk=2 start=2048 layer=35 phase=body_matrix_kq gpu_ms=1.62
[prefill-attn-phase] chunk=2 start=2048 layer=35 phase=body_matrix_kqv gpu_ms=1.62
[prefill-layer-phase] chunk=2 start=2048 layer=35 kind=attn phase=attn_back gpu_ms=1.39
[prefill-layer-phase] chunk=2 start=2048 layer=35 kind=attn phase=mixer_resid gpu_ms=0.03
[prefill-layer-phase] chunk=2 start=2048 layer=35 kind=moe phase=post_norm gpu_ms=0.02
[prefill-layer-phase] chunk=2 start=2048 layer=35 kind=moe phase=route_fused gpu_ms=0.31
[prefill-layer-phase] chunk=2 start=2048 layer=35 kind=moe phase=routed_swiglu gpu_ms=4.12
[prefill-layer-phase] chunk=2 start=2048 layer=35 kind=moe phase=routed_down gpu_ms=2.50
[prefill-layer-phase] chunk=2 start=2048 layer=35 kind=moe phase=routed_reduce gpu_ms=0.14
[prefill-layer-phase] chunk=2 start=2048 layer=35 kind=moe phase=shared_packed gpu_ms=0.64
[prefill-layer-phase] chunk=2 start=2048 layer=36 kind=gdn phase=pre_norm gpu_ms=0.02
[prefill-layer-phase] chunk=2 start=2048 layer=36 kind=gdn phase=gdn_qkv gpu_ms=2.53
[prefill-layer-phase] chunk=2 start=2048 layer=36 kind=gdn phase=gdn_z gpu_ms=1.29
[prefill-layer-phase] chunk=2 start=2048 layer=36 kind=gdn phase=gdn_beta_alpha gpu_ms=0.17
[prefill-layer-phase] chunk=2 start=2048 layer=36 kind=gdn phase=gdn_alpha_beta gpu_ms=0.01
[prefill-layer-phase] chunk=2 start=2048 layer=36 kind=gdn phase=gdn_prep_conv gpu_ms=0.43
[prefill-layer-phase] chunk=2 start=2048 layer=36 kind=gdn phase=gdn_prep_l2 gpu_ms=0.03
[prefill-layer-phase] chunk=2 start=2048 layer=36 kind=gdn phase=gdn_step gpu_ms=1.61
[prefill-layer-phase] chunk=2 start=2048 layer=36 kind=gdn phase=gdn_gated gpu_ms=0.11
[prefill-layer-phase] chunk=2 start=2048 layer=36 kind=gdn phase=gdn_back gpu_ms=1.30
[prefill-layer-phase] chunk=2 start=2048 layer=36 kind=gdn phase=mixer_resid gpu_ms=0.03
[prefill-layer-phase] chunk=2 start=2048 layer=36 kind=moe phase=post_norm gpu_ms=0.02
[prefill-layer-phase] chunk=2 start=2048 layer=36 kind=moe phase=route_fused gpu_ms=0.31
[prefill-layer-phase] chunk=2 start=2048 layer=36 kind=moe phase=routed_swiglu gpu_ms=4.01
[prefill-layer-phase] chunk=2 start=2048 layer=36 kind=moe phase=routed_down gpu_ms=2.34
[prefill-layer-phase] chunk=2 start=2048 layer=36 kind=moe phase=routed_reduce gpu_ms=0.14
[prefill-layer-phase] chunk=2 start=2048 layer=36 kind=moe phase=shared_packed gpu_ms=0.64
[prefill-layer-phase] chunk=2 start=2048 layer=37 kind=gdn phase=pre_norm gpu_ms=0.02
[prefill-layer-phase] chunk=2 start=2048 layer=37 kind=gdn phase=gdn_qkv gpu_ms=2.53
[prefill-layer-phase] chunk=2 start=2048 layer=37 kind=gdn phase=gdn_z gpu_ms=1.29
[prefill-layer-phase] chunk=2 start=2048 layer=37 kind=gdn phase=gdn_beta_alpha gpu_ms=0.17
[prefill-layer-phase] chunk=2 start=2048 layer=37 kind=gdn phase=gdn_alpha_beta gpu_ms=0.01
[prefill-layer-phase] chunk=2 start=2048 layer=37 kind=gdn phase=gdn_prep_conv gpu_ms=0.43
[prefill-layer-phase] chunk=2 start=2048 layer=37 kind=gdn phase=gdn_prep_l2 gpu_ms=0.03
[prefill-layer-phase] chunk=2 start=2048 layer=37 kind=gdn phase=gdn_step gpu_ms=1.55
[prefill-layer-phase] chunk=2 start=2048 layer=37 kind=gdn phase=gdn_gated gpu_ms=0.11
[prefill-layer-phase] chunk=2 start=2048 layer=37 kind=gdn phase=gdn_back gpu_ms=1.30
[prefill-layer-phase] chunk=2 start=2048 layer=37 kind=gdn phase=mixer_resid gpu_ms=0.03
[prefill-layer-phase] chunk=2 start=2048 layer=37 kind=moe phase=post_norm gpu_ms=0.02
[prefill-layer-phase] chunk=2 start=2048 layer=37 kind=moe phase=route_fused gpu_ms=0.31
[prefill-layer-phase] chunk=2 start=2048 layer=37 kind=moe phase=routed_swiglu gpu_ms=3.80
[prefill-layer-phase] chunk=2 start=2048 layer=37 kind=moe phase=routed_down gpu_ms=2.17
[prefill-layer-phase] chunk=2 start=2048 layer=37 kind=moe phase=routed_reduce gpu_ms=0.15
[prefill-layer-phase] chunk=2 start=2048 layer=37 kind=moe phase=shared_packed gpu_ms=0.64
[prefill-layer-phase] chunk=2 start=2048 layer=38 kind=gdn phase=pre_norm gpu_ms=0.02
[prefill-layer-phase] chunk=2 start=2048 layer=38 kind=gdn phase=gdn_qkv gpu_ms=2.53
[prefill-layer-phase] chunk=2 start=2048 layer=38 kind=gdn phase=gdn_z gpu_ms=1.29
[prefill-layer-phase] chunk=2 start=2048 layer=38 kind=gdn phase=gdn_beta_alpha gpu_ms=0.17
[prefill-layer-phase] chunk=2 start=2048 layer=38 kind=gdn phase=gdn_alpha_beta gpu_ms=0.00
[prefill-layer-phase] chunk=2 start=2048 layer=38 kind=gdn phase=gdn_prep_conv gpu_ms=0.43
[prefill-layer-phase] chunk=2 start=2048 layer=38 kind=gdn phase=gdn_prep_l2 gpu_ms=0.03
[prefill-layer-phase] chunk=2 start=2048 layer=38 kind=gdn phase=gdn_step gpu_ms=1.58
[prefill-layer-phase] chunk=2 start=2048 layer=38 kind=gdn phase=gdn_gated gpu_ms=0.10
[prefill-layer-phase] chunk=2 start=2048 layer=38 kind=gdn phase=gdn_back gpu_ms=1.30
[prefill-layer-phase] chunk=2 start=2048 layer=38 kind=gdn phase=mixer_resid gpu_ms=0.03
[prefill-layer-phase] chunk=2 start=2048 layer=38 kind=moe phase=post_norm gpu_ms=0.02
[prefill-layer-phase] chunk=2 start=2048 layer=38 kind=moe phase=route_fused gpu_ms=0.31
[prefill-layer-phase] chunk=2 start=2048 layer=38 kind=moe phase=routed_swiglu gpu_ms=3.88
[prefill-layer-phase] chunk=2 start=2048 layer=38 kind=moe phase=routed_down gpu_ms=2.06
[prefill-layer-phase] chunk=2 start=2048 layer=38 kind=moe phase=routed_reduce gpu_ms=0.14
[prefill-layer-phase] chunk=2 start=2048 layer=38 kind=moe phase=shared_packed gpu_ms=0.64
[prefill-layer-phase] chunk=2 start=2048 layer=39 kind=attn phase=pre_norm gpu_ms=0.02
[prefill-attn-phase] chunk=2 start=2048 layer=39 phase=proj gpu_ms=2.91
[prefill-attn-phase] chunk=2 start=2048 layer=39 phase=norm gpu_ms=0.29
[prefill-attn-phase] chunk=2 start=2048 layer=39 phase=rope_scatter gpu_ms=0.05
[prefill-attn-packed-shape] layer=39 chunk_start=2048 chunk_p=1024 group=8 packed_rows=4 qt=2 row_groups=256 dispatches=512 nwg=64 partial_rw_mib=2064.00
[prefill-attn-matrix-g8-shape] layer=39 chunk_start=2048 chunk_p=1024 query_rows=1024 query_tiles=1 n_pos=3072 score_tile_scratch_mib=102.00 vt_stride=4096 vt_layer_mib=4.00 vt_update_base=2048 vt_update_rows=1024 vt_update_mib=1.00
[prefill-attn-phase] chunk=2 start=2048 layer=39 phase=body_matrix_kq gpu_ms=1.62
[prefill-attn-phase] chunk=2 start=2048 layer=39 phase=body_matrix_kqv gpu_ms=1.62
[prefill-layer-phase] chunk=2 start=2048 layer=39 kind=attn phase=attn_back gpu_ms=1.39
[prefill-layer-phase] chunk=2 start=2048 layer=39 kind=attn phase=mixer_resid gpu_ms=0.03
[prefill-layer-phase] chunk=2 start=2048 layer=39 kind=moe phase=post_norm gpu_ms=0.02
[prefill-layer-phase] chunk=2 start=2048 layer=39 kind=moe phase=route_fused gpu_ms=0.31
[prefill-layer-phase] chunk=2 start=2048 layer=39 kind=moe phase=routed_swiglu gpu_ms=3.86
[prefill-layer-phase] chunk=2 start=2048 layer=39 kind=moe phase=routed_down gpu_ms=2.03
[prefill-layer-phase] chunk=2 start=2048 layer=39 kind=moe phase=routed_reduce gpu_ms=0.14
[prefill-layer-phase] chunk=2 start=2048 layer=39 kind=moe phase=shared_packed gpu_ms=0.64
[prefill-layer-phase] chunk=3 start=3072 layer=0 kind=gdn phase=pre_norm gpu_ms=0.15
[prefill-layer-phase] chunk=3 start=3072 layer=0 kind=gdn phase=gdn_qkv gpu_ms=2.53
[prefill-layer-phase] chunk=3 start=3072 layer=0 kind=gdn phase=gdn_z gpu_ms=1.29
[prefill-layer-phase] chunk=3 start=3072 layer=0 kind=gdn phase=gdn_beta_alpha gpu_ms=0.17
[prefill-layer-phase] chunk=3 start=3072 layer=0 kind=gdn phase=gdn_alpha_beta gpu_ms=0.01
[prefill-layer-phase] chunk=3 start=3072 layer=0 kind=gdn phase=gdn_prep_conv gpu_ms=0.43
[prefill-layer-phase] chunk=3 start=3072 layer=0 kind=gdn phase=gdn_prep_l2 gpu_ms=0.03
[prefill-layer-phase] chunk=3 start=3072 layer=0 kind=gdn phase=gdn_step gpu_ms=1.57
[prefill-layer-phase] chunk=3 start=3072 layer=0 kind=gdn phase=gdn_gated gpu_ms=0.11
[prefill-layer-phase] chunk=3 start=3072 layer=0 kind=gdn phase=gdn_back gpu_ms=1.30
[prefill-layer-phase] chunk=3 start=3072 layer=0 kind=gdn phase=mixer_resid gpu_ms=0.03
[prefill-layer-phase] chunk=3 start=3072 layer=0 kind=moe phase=post_norm gpu_ms=0.02
[prefill-layer-phase] chunk=3 start=3072 layer=0 kind=moe phase=route_fused gpu_ms=0.31
[prefill-layer-phase] chunk=3 start=3072 layer=0 kind=moe phase=routed_swiglu gpu_ms=4.29
[prefill-layer-phase] chunk=3 start=3072 layer=0 kind=moe phase=routed_down gpu_ms=2.67
[prefill-layer-phase] chunk=3 start=3072 layer=0 kind=moe phase=routed_reduce gpu_ms=0.14
[prefill-layer-phase] chunk=3 start=3072 layer=0 kind=moe phase=shared_packed gpu_ms=0.64
[prefill-layer-phase] chunk=3 start=3072 layer=1 kind=gdn phase=pre_norm gpu_ms=0.02
[prefill-layer-phase] chunk=3 start=3072 layer=1 kind=gdn phase=gdn_qkv gpu_ms=2.53
[prefill-layer-phase] chunk=3 start=3072 layer=1 kind=gdn phase=gdn_z gpu_ms=1.29
[prefill-layer-phase] chunk=3 start=3072 layer=1 kind=gdn phase=gdn_beta_alpha gpu_ms=0.17
[prefill-layer-phase] chunk=3 start=3072 layer=1 kind=gdn phase=gdn_alpha_beta gpu_ms=0.01
[prefill-layer-phase] chunk=3 start=3072 layer=1 kind=gdn phase=gdn_prep_conv gpu_ms=0.43
[prefill-layer-phase] chunk=3 start=3072 layer=1 kind=gdn phase=gdn_prep_l2 gpu_ms=0.03
[prefill-layer-phase] chunk=3 start=3072 layer=1 kind=gdn phase=gdn_step gpu_ms=1.58
[prefill-layer-phase] chunk=3 start=3072 layer=1 kind=gdn phase=gdn_gated gpu_ms=0.11
[prefill-layer-phase] chunk=3 start=3072 layer=1 kind=gdn phase=gdn_back gpu_ms=1.30
[prefill-layer-phase] chunk=3 start=3072 layer=1 kind=gdn phase=mixer_resid gpu_ms=0.03
[prefill-layer-phase] chunk=3 start=3072 layer=1 kind=moe phase=post_norm gpu_ms=0.02
[prefill-layer-phase] chunk=3 start=3072 layer=1 kind=moe phase=route_fused gpu_ms=0.31
[prefill-layer-phase] chunk=3 start=3072 layer=1 kind=moe phase=routed_swiglu gpu_ms=4.30
[prefill-layer-phase] chunk=3 start=3072 layer=1 kind=moe phase=routed_down gpu_ms=2.58
[prefill-layer-phase] chunk=3 start=3072 layer=1 kind=moe phase=routed_reduce gpu_ms=0.14
[prefill-layer-phase] chunk=3 start=3072 layer=1 kind=moe phase=shared_packed gpu_ms=0.64
[prefill-layer-phase] chunk=3 start=3072 layer=2 kind=gdn phase=pre_norm gpu_ms=0.02
[prefill-layer-phase] chunk=3 start=3072 layer=2 kind=gdn phase=gdn_qkv gpu_ms=2.53
[prefill-layer-phase] chunk=3 start=3072 layer=2 kind=gdn phase=gdn_z gpu_ms=1.29
[prefill-layer-phase] chunk=3 start=3072 layer=2 kind=gdn phase=gdn_beta_alpha gpu_ms=0.18
[prefill-layer-phase] chunk=3 start=3072 layer=2 kind=gdn phase=gdn_alpha_beta gpu_ms=0.00
[prefill-layer-phase] chunk=3 start=3072 layer=2 kind=gdn phase=gdn_prep_conv gpu_ms=0.43
[prefill-layer-phase] chunk=3 start=3072 layer=2 kind=gdn phase=gdn_prep_l2 gpu_ms=0.03
[prefill-layer-phase] chunk=3 start=3072 layer=2 kind=gdn phase=gdn_step gpu_ms=1.59
[prefill-layer-phase] chunk=3 start=3072 layer=2 kind=gdn phase=gdn_gated gpu_ms=0.11
[prefill-layer-phase] chunk=3 start=3072 layer=2 kind=gdn phase=gdn_back gpu_ms=1.30
[prefill-layer-phase] chunk=3 start=3072 layer=2 kind=gdn phase=mixer_resid gpu_ms=0.03
[prefill-layer-phase] chunk=3 start=3072 layer=2 kind=moe phase=post_norm gpu_ms=0.03
[prefill-layer-phase] chunk=3 start=3072 layer=2 kind=moe phase=route_fused gpu_ms=0.31
[prefill-layer-phase] chunk=3 start=3072 layer=2 kind=moe phase=routed_swiglu gpu_ms=4.30
[prefill-layer-phase] chunk=3 start=3072 layer=2 kind=moe phase=routed_down gpu_ms=2.65
[prefill-layer-phase] chunk=3 start=3072 layer=2 kind=moe phase=routed_reduce gpu_ms=0.14
[prefill-layer-phase] chunk=3 start=3072 layer=2 kind=moe phase=shared_packed gpu_ms=0.64
[prefill-layer-phase] chunk=3 start=3072 layer=3 kind=attn phase=pre_norm gpu_ms=0.03
[prefill-attn-phase] chunk=3 start=3072 layer=3 phase=proj gpu_ms=2.91
[prefill-attn-phase] chunk=3 start=3072 layer=3 phase=norm gpu_ms=0.29
[prefill-attn-phase] chunk=3 start=3072 layer=3 phase=rope_scatter gpu_ms=0.05
[prefill-attn-packed-shape] layer=3 chunk_start=3072 chunk_p=1024 group=8 packed_rows=4 qt=2 row_groups=256 dispatches=512 nwg=64 partial_rw_mib=2064.00
[prefill-attn-matrix-g8-shape] layer=3 chunk_start=3072 chunk_p=1024 query_rows=1024 query_tiles=1 n_pos=4096 score_tile_scratch_mib=136.00 vt_stride=4096 vt_layer_mib=4.00 vt_update_base=3072 vt_update_rows=1024 vt_update_mib=1.00
[prefill-attn-phase] chunk=3 start=3072 layer=3 phase=body_matrix_kq gpu_ms=2.25
[prefill-attn-phase] chunk=3 start=3072 layer=3 phase=body_matrix_kqv gpu_ms=2.25
[prefill-layer-phase] chunk=3 start=3072 layer=3 kind=attn phase=attn_back gpu_ms=1.39
[prefill-layer-phase] chunk=3 start=3072 layer=3 kind=attn phase=mixer_resid gpu_ms=0.03
[prefill-layer-phase] chunk=3 start=3072 layer=3 kind=moe phase=post_norm gpu_ms=0.02
[prefill-layer-phase] chunk=3 start=3072 layer=3 kind=moe phase=route_fused gpu_ms=0.31
[prefill-layer-phase] chunk=3 start=3072 layer=3 kind=moe phase=routed_swiglu gpu_ms=4.33
[prefill-layer-phase] chunk=3 start=3072 layer=3 kind=moe phase=routed_down gpu_ms=2.72
[prefill-layer-phase] chunk=3 start=3072 layer=3 kind=moe phase=routed_reduce gpu_ms=0.14
[prefill-layer-phase] chunk=3 start=3072 layer=3 kind=moe phase=shared_packed gpu_ms=0.63
[prefill-layer-phase] chunk=3 start=3072 layer=4 kind=gdn phase=pre_norm gpu_ms=0.02
[prefill-layer-phase] chunk=3 start=3072 layer=4 kind=gdn phase=gdn_qkv gpu_ms=2.53
[prefill-layer-phase] chunk=3 start=3072 layer=4 kind=gdn phase=gdn_z gpu_ms=1.29
[prefill-layer-phase] chunk=3 start=3072 layer=4 kind=gdn phase=gdn_beta_alpha gpu_ms=0.17
[prefill-layer-phase] chunk=3 start=3072 layer=4 kind=gdn phase=gdn_alpha_beta gpu_ms=0.01
[prefill-layer-phase] chunk=3 start=3072 layer=4 kind=gdn phase=gdn_prep_conv gpu_ms=0.43
[prefill-layer-phase] chunk=3 start=3072 layer=4 kind=gdn phase=gdn_prep_l2 gpu_ms=0.03
[prefill-layer-phase] chunk=3 start=3072 layer=4 kind=gdn phase=gdn_step gpu_ms=1.58
[prefill-layer-phase] chunk=3 start=3072 layer=4 kind=gdn phase=gdn_gated gpu_ms=0.11
[prefill-layer-phase] chunk=3 start=3072 layer=4 kind=gdn phase=gdn_back gpu_ms=1.30
[prefill-layer-phase] chunk=3 start=3072 layer=4 kind=gdn phase=mixer_resid gpu_ms=0.03
[prefill-layer-phase] chunk=3 start=3072 layer=4 kind=moe phase=post_norm gpu_ms=0.02
[prefill-layer-phase] chunk=3 start=3072 layer=4 kind=moe phase=route_fused gpu_ms=0.31
[prefill-layer-phase] chunk=3 start=3072 layer=4 kind=moe phase=routed_swiglu gpu_ms=4.27
[prefill-layer-phase] chunk=3 start=3072 layer=4 kind=moe phase=routed_down gpu_ms=2.66
[prefill-layer-phase] chunk=3 start=3072 layer=4 kind=moe phase=routed_reduce gpu_ms=0.14
[prefill-layer-phase] chunk=3 start=3072 layer=4 kind=moe phase=shared_packed gpu_ms=0.64
[prefill-layer-phase] chunk=3 start=3072 layer=5 kind=gdn phase=pre_norm gpu_ms=0.02
[prefill-layer-phase] chunk=3 start=3072 layer=5 kind=gdn phase=gdn_qkv gpu_ms=2.53
[prefill-layer-phase] chunk=3 start=3072 layer=5 kind=gdn phase=gdn_z gpu_ms=1.29
[prefill-layer-phase] chunk=3 start=3072 layer=5 kind=gdn phase=gdn_beta_alpha gpu_ms=0.17
[prefill-layer-phase] chunk=3 start=3072 layer=5 kind=gdn phase=gdn_alpha_beta gpu_ms=0.01
[prefill-layer-phase] chunk=3 start=3072 layer=5 kind=gdn phase=gdn_prep_conv gpu_ms=0.43
[prefill-layer-phase] chunk=3 start=3072 layer=5 kind=gdn phase=gdn_prep_l2 gpu_ms=0.03
[prefill-layer-phase] chunk=3 start=3072 layer=5 kind=gdn phase=gdn_step gpu_ms=1.60
[prefill-layer-phase] chunk=3 start=3072 layer=5 kind=gdn phase=gdn_gated gpu_ms=0.11
[prefill-layer-phase] chunk=3 start=3072 layer=5 kind=gdn phase=gdn_back gpu_ms=1.30
[prefill-layer-phase] chunk=3 start=3072 layer=5 kind=gdn phase=mixer_resid gpu_ms=0.03
[prefill-layer-phase] chunk=3 start=3072 layer=5 kind=moe phase=post_norm gpu_ms=0.02
[prefill-layer-phase] chunk=3 start=3072 layer=5 kind=moe phase=route_fused gpu_ms=0.31
[prefill-layer-phase] chunk=3 start=3072 layer=5 kind=moe phase=routed_swiglu gpu_ms=4.31
[prefill-layer-phase] chunk=3 start=3072 layer=5 kind=moe phase=routed_down gpu_ms=2.70
[prefill-layer-phase] chunk=3 start=3072 layer=5 kind=moe phase=routed_reduce gpu_ms=0.14
[prefill-layer-phase] chunk=3 start=3072 layer=5 kind=moe phase=shared_packed gpu_ms=0.64
[prefill-layer-phase] chunk=3 start=3072 layer=6 kind=gdn phase=pre_norm gpu_ms=0.02
[prefill-layer-phase] chunk=3 start=3072 layer=6 kind=gdn phase=gdn_qkv gpu_ms=2.53
[prefill-layer-phase] chunk=3 start=3072 layer=6 kind=gdn phase=gdn_z gpu_ms=1.29
[prefill-layer-phase] chunk=3 start=3072 layer=6 kind=gdn phase=gdn_beta_alpha gpu_ms=0.18
[prefill-layer-phase] chunk=3 start=3072 layer=6 kind=gdn phase=gdn_alpha_beta gpu_ms=0.00
[prefill-layer-phase] chunk=3 start=3072 layer=6 kind=gdn phase=gdn_prep_conv gpu_ms=0.43
[prefill-layer-phase] chunk=3 start=3072 layer=6 kind=gdn phase=gdn_prep_l2 gpu_ms=0.03
[prefill-layer-phase] chunk=3 start=3072 layer=6 kind=gdn phase=gdn_step gpu_ms=1.57
[prefill-layer-phase] chunk=3 start=3072 layer=6 kind=gdn phase=gdn_gated gpu_ms=0.11
[prefill-layer-phase] chunk=3 start=3072 layer=6 kind=gdn phase=gdn_back gpu_ms=1.30
[prefill-layer-phase] chunk=3 start=3072 layer=6 kind=gdn phase=mixer_resid gpu_ms=0.03
[prefill-layer-phase] chunk=3 start=3072 layer=6 kind=moe phase=post_norm gpu_ms=0.02
[prefill-layer-phase] chunk=3 start=3072 layer=6 kind=moe phase=route_fused gpu_ms=0.31
[prefill-layer-phase] chunk=3 start=3072 layer=6 kind=moe phase=routed_swiglu gpu_ms=4.23
[prefill-layer-phase] chunk=3 start=3072 layer=6 kind=moe phase=routed_down gpu_ms=2.51
[prefill-layer-phase] chunk=3 start=3072 layer=6 kind=moe phase=routed_reduce gpu_ms=0.14
[prefill-layer-phase] chunk=3 start=3072 layer=6 kind=moe phase=shared_packed gpu_ms=0.64
[prefill-layer-phase] chunk=3 start=3072 layer=7 kind=attn phase=pre_norm gpu_ms=0.02
[prefill-attn-phase] chunk=3 start=3072 layer=7 phase=proj gpu_ms=2.92
[prefill-attn-phase] chunk=3 start=3072 layer=7 phase=norm gpu_ms=0.29
[prefill-attn-phase] chunk=3 start=3072 layer=7 phase=rope_scatter gpu_ms=0.05
[prefill-attn-packed-shape] layer=7 chunk_start=3072 chunk_p=1024 group=8 packed_rows=4 qt=2 row_groups=256 dispatches=512 nwg=64 partial_rw_mib=2064.00
[prefill-attn-matrix-g8-shape] layer=7 chunk_start=3072 chunk_p=1024 query_rows=1024 query_tiles=1 n_pos=4096 score_tile_scratch_mib=136.00 vt_stride=4096 vt_layer_mib=4.00 vt_update_base=3072 vt_update_rows=1024 vt_update_mib=1.00
[prefill-attn-phase] chunk=3 start=3072 layer=7 phase=body_matrix_kq gpu_ms=2.26
[prefill-attn-phase] chunk=3 start=3072 layer=7 phase=body_matrix_kqv gpu_ms=2.25
[prefill-layer-phase] chunk=3 start=3072 layer=7 kind=attn phase=attn_back gpu_ms=1.39
[prefill-layer-phase] chunk=3 start=3072 layer=7 kind=attn phase=mixer_resid gpu_ms=0.03
[prefill-layer-phase] chunk=3 start=3072 layer=7 kind=moe phase=post_norm gpu_ms=0.03
[prefill-layer-phase] chunk=3 start=3072 layer=7 kind=moe phase=route_fused gpu_ms=0.31
[prefill-layer-phase] chunk=3 start=3072 layer=7 kind=moe phase=routed_swiglu gpu_ms=4.21
[prefill-layer-phase] chunk=3 start=3072 layer=7 kind=moe phase=routed_down gpu_ms=2.53
[prefill-layer-phase] chunk=3 start=3072 layer=7 kind=moe phase=routed_reduce gpu_ms=0.14
[prefill-layer-phase] chunk=3 start=3072 layer=7 kind=moe phase=shared_packed gpu_ms=0.64
[prefill-layer-phase] chunk=3 start=3072 layer=8 kind=gdn phase=pre_norm gpu_ms=0.02
[prefill-layer-phase] chunk=3 start=3072 layer=8 kind=gdn phase=gdn_qkv gpu_ms=2.53
[prefill-layer-phase] chunk=3 start=3072 layer=8 kind=gdn phase=gdn_z gpu_ms=1.29
[prefill-layer-phase] chunk=3 start=3072 layer=8 kind=gdn phase=gdn_beta_alpha gpu_ms=0.18
[prefill-layer-phase] chunk=3 start=3072 layer=8 kind=gdn phase=gdn_alpha_beta gpu_ms=0.00
[prefill-layer-phase] chunk=3 start=3072 layer=8 kind=gdn phase=gdn_prep_conv gpu_ms=0.43
[prefill-layer-phase] chunk=3 start=3072 layer=8 kind=gdn phase=gdn_prep_l2 gpu_ms=0.03
[prefill-layer-phase] chunk=3 start=3072 layer=8 kind=gdn phase=gdn_step gpu_ms=1.56
[prefill-layer-phase] chunk=3 start=3072 layer=8 kind=gdn phase=gdn_gated gpu_ms=0.11
[prefill-layer-phase] chunk=3 start=3072 layer=8 kind=gdn phase=gdn_back gpu_ms=1.30
[prefill-layer-phase] chunk=3 start=3072 layer=8 kind=gdn phase=mixer_resid gpu_ms=0.03
[prefill-layer-phase] chunk=3 start=3072 layer=8 kind=moe phase=post_norm gpu_ms=0.02
[prefill-layer-phase] chunk=3 start=3072 layer=8 kind=moe phase=route_fused gpu_ms=0.31
[prefill-layer-phase] chunk=3 start=3072 layer=8 kind=moe phase=routed_swiglu gpu_ms=4.24
[prefill-layer-phase] chunk=3 start=3072 layer=8 kind=moe phase=routed_down gpu_ms=2.62
[prefill-layer-phase] chunk=3 start=3072 layer=8 kind=moe phase=routed_reduce gpu_ms=0.14
[prefill-layer-phase] chunk=3 start=3072 layer=8 kind=moe phase=shared_packed gpu_ms=0.64
[prefill-layer-phase] chunk=3 start=3072 layer=9 kind=gdn phase=pre_norm gpu_ms=0.02
[prefill-layer-phase] chunk=3 start=3072 layer=9 kind=gdn phase=gdn_qkv gpu_ms=2.53
[prefill-layer-phase] chunk=3 start=3072 layer=9 kind=gdn phase=gdn_z gpu_ms=1.29
[prefill-layer-phase] chunk=3 start=3072 layer=9 kind=gdn phase=gdn_beta_alpha gpu_ms=0.18
[prefill-layer-phase] chunk=3 start=3072 layer=9 kind=gdn phase=gdn_alpha_beta gpu_ms=0.00
[prefill-layer-phase] chunk=3 start=3072 layer=9 kind=gdn phase=gdn_prep_conv gpu_ms=0.43
[prefill-layer-phase] chunk=3 start=3072 layer=9 kind=gdn phase=gdn_prep_l2 gpu_ms=0.03
[prefill-layer-phase] chunk=3 start=3072 layer=9 kind=gdn phase=gdn_step gpu_ms=1.60
[prefill-layer-phase] chunk=3 start=3072 layer=9 kind=gdn phase=gdn_gated gpu_ms=0.10
[prefill-layer-phase] chunk=3 start=3072 layer=9 kind=gdn phase=gdn_back gpu_ms=1.30
[prefill-layer-phase] chunk=3 start=3072 layer=9 kind=gdn phase=mixer_resid gpu_ms=0.03
[prefill-layer-phase] chunk=3 start=3072 layer=9 kind=moe phase=post_norm gpu_ms=0.02
[prefill-layer-phase] chunk=3 start=3072 layer=9 kind=moe phase=route_fused gpu_ms=0.31
[prefill-layer-phase] chunk=3 start=3072 layer=9 kind=moe phase=routed_swiglu gpu_ms=4.20
[prefill-layer-phase] chunk=3 start=3072 layer=9 kind=moe phase=routed_down gpu_ms=2.55
[prefill-layer-phase] chunk=3 start=3072 layer=9 kind=moe phase=routed_reduce gpu_ms=0.14
[prefill-layer-phase] chunk=3 start=3072 layer=9 kind=moe phase=shared_packed gpu_ms=0.64
[prefill-layer-phase] chunk=3 start=3072 layer=10 kind=gdn phase=pre_norm gpu_ms=0.02
[prefill-layer-phase] chunk=3 start=3072 layer=10 kind=gdn phase=gdn_qkv gpu_ms=2.53
[prefill-layer-phase] chunk=3 start=3072 layer=10 kind=gdn phase=gdn_z gpu_ms=1.29
[prefill-layer-phase] chunk=3 start=3072 layer=10 kind=gdn phase=gdn_beta_alpha gpu_ms=0.17
[prefill-layer-phase] chunk=3 start=3072 layer=10 kind=gdn phase=gdn_alpha_beta gpu_ms=0.01
[prefill-layer-phase] chunk=3 start=3072 layer=10 kind=gdn phase=gdn_prep_conv gpu_ms=0.43
[prefill-layer-phase] chunk=3 start=3072 layer=10 kind=gdn phase=gdn_prep_l2 gpu_ms=0.03
[prefill-layer-phase] chunk=3 start=3072 layer=10 kind=gdn phase=gdn_step gpu_ms=1.55
[prefill-layer-phase] chunk=3 start=3072 layer=10 kind=gdn phase=gdn_gated gpu_ms=0.11
[prefill-layer-phase] chunk=3 start=3072 layer=10 kind=gdn phase=gdn_back gpu_ms=1.30
[prefill-layer-phase] chunk=3 start=3072 layer=10 kind=gdn phase=mixer_resid gpu_ms=0.03
[prefill-layer-phase] chunk=3 start=3072 layer=10 kind=moe phase=post_norm gpu_ms=0.02
[prefill-layer-phase] chunk=3 start=3072 layer=10 kind=moe phase=route_fused gpu_ms=0.31
[prefill-layer-phase] chunk=3 start=3072 layer=10 kind=moe phase=routed_swiglu gpu_ms=4.27
[prefill-layer-phase] chunk=3 start=3072 layer=10 kind=moe phase=routed_down gpu_ms=2.46
[prefill-layer-phase] chunk=3 start=3072 layer=10 kind=moe phase=routed_reduce gpu_ms=0.14
[prefill-layer-phase] chunk=3 start=3072 layer=10 kind=moe phase=shared_packed gpu_ms=0.64
[prefill-layer-phase] chunk=3 start=3072 layer=11 kind=attn phase=pre_norm gpu_ms=0.02
[prefill-attn-phase] chunk=3 start=3072 layer=11 phase=proj gpu_ms=2.92
[prefill-attn-phase] chunk=3 start=3072 layer=11 phase=norm gpu_ms=0.29
[prefill-attn-phase] chunk=3 start=3072 layer=11 phase=rope_scatter gpu_ms=0.05
[prefill-attn-packed-shape] layer=11 chunk_start=3072 chunk_p=1024 group=8 packed_rows=4 qt=2 row_groups=256 dispatches=512 nwg=64 partial_rw_mib=2064.00
[prefill-attn-matrix-g8-shape] layer=11 chunk_start=3072 chunk_p=1024 query_rows=1024 query_tiles=1 n_pos=4096 score_tile_scratch_mib=136.00 vt_stride=4096 vt_layer_mib=4.00 vt_update_base=3072 vt_update_rows=1024 vt_update_mib=1.00
[prefill-attn-phase] chunk=3 start=3072 layer=11 phase=body_matrix_kq gpu_ms=2.26
[prefill-attn-phase] chunk=3 start=3072 layer=11 phase=body_matrix_kqv gpu_ms=2.25
[prefill-layer-phase] chunk=3 start=3072 layer=11 kind=attn phase=attn_back gpu_ms=1.39
[prefill-layer-phase] chunk=3 start=3072 layer=11 kind=attn phase=mixer_resid gpu_ms=0.03
[prefill-layer-phase] chunk=3 start=3072 layer=11 kind=moe phase=post_norm gpu_ms=0.02
[prefill-layer-phase] chunk=3 start=3072 layer=11 kind=moe phase=route_fused gpu_ms=0.31
[prefill-layer-phase] chunk=3 start=3072 layer=11 kind=moe phase=routed_swiglu gpu_ms=4.11
[prefill-layer-phase] chunk=3 start=3072 layer=11 kind=moe phase=routed_down gpu_ms=2.54
[prefill-layer-phase] chunk=3 start=3072 layer=11 kind=moe phase=routed_reduce gpu_ms=0.14
[prefill-layer-phase] chunk=3 start=3072 layer=11 kind=moe phase=shared_packed gpu_ms=0.64
[prefill-layer-phase] chunk=3 start=3072 layer=12 kind=gdn phase=pre_norm gpu_ms=0.02
[prefill-layer-phase] chunk=3 start=3072 layer=12 kind=gdn phase=gdn_qkv gpu_ms=2.53
[prefill-layer-phase] chunk=3 start=3072 layer=12 kind=gdn phase=gdn_z gpu_ms=1.29
[prefill-layer-phase] chunk=3 start=3072 layer=12 kind=gdn phase=gdn_beta_alpha gpu_ms=0.17
[prefill-layer-phase] chunk=3 start=3072 layer=12 kind=gdn phase=gdn_alpha_beta gpu_ms=0.01
[prefill-layer-phase] chunk=3 start=3072 layer=12 kind=gdn phase=gdn_prep_conv gpu_ms=0.43
[prefill-layer-phase] chunk=3 start=3072 layer=12 kind=gdn phase=gdn_prep_l2 gpu_ms=0.03
[prefill-layer-phase] chunk=3 start=3072 layer=12 kind=gdn phase=gdn_step gpu_ms=1.59
[prefill-layer-phase] chunk=3 start=3072 layer=12 kind=gdn phase=gdn_gated gpu_ms=0.11
[prefill-layer-phase] chunk=3 start=3072 layer=12 kind=gdn phase=gdn_back gpu_ms=1.30
[prefill-layer-phase] chunk=3 start=3072 layer=12 kind=gdn phase=mixer_resid gpu_ms=0.03
[prefill-layer-phase] chunk=3 start=3072 layer=12 kind=moe phase=post_norm gpu_ms=0.02
[prefill-layer-phase] chunk=3 start=3072 layer=12 kind=moe phase=route_fused gpu_ms=0.31
[prefill-layer-phase] chunk=3 start=3072 layer=12 kind=moe phase=routed_swiglu gpu_ms=4.14
[prefill-layer-phase] chunk=3 start=3072 layer=12 kind=moe phase=routed_down gpu_ms=2.52
[prefill-layer-phase] chunk=3 start=3072 layer=12 kind=moe phase=routed_reduce gpu_ms=0.14
[prefill-layer-phase] chunk=3 start=3072 layer=12 kind=moe phase=shared_packed gpu_ms=0.64
[prefill-layer-phase] chunk=3 start=3072 layer=13 kind=gdn phase=pre_norm gpu_ms=0.02
[prefill-layer-phase] chunk=3 start=3072 layer=13 kind=gdn phase=gdn_qkv gpu_ms=2.53
[prefill-layer-phase] chunk=3 start=3072 layer=13 kind=gdn phase=gdn_z gpu_ms=1.29
[prefill-layer-phase] chunk=3 start=3072 layer=13 kind=gdn phase=gdn_beta_alpha gpu_ms=0.17
[prefill-layer-phase] chunk=3 start=3072 layer=13 kind=gdn phase=gdn_alpha_beta gpu_ms=0.00
[prefill-layer-phase] chunk=3 start=3072 layer=13 kind=gdn phase=gdn_prep_conv gpu_ms=0.43
[prefill-layer-phase] chunk=3 start=3072 layer=13 kind=gdn phase=gdn_prep_l2 gpu_ms=0.03
[prefill-layer-phase] chunk=3 start=3072 layer=13 kind=gdn phase=gdn_step gpu_ms=1.56
[prefill-layer-phase] chunk=3 start=3072 layer=13 kind=gdn phase=gdn_gated gpu_ms=0.11
[prefill-layer-phase] chunk=3 start=3072 layer=13 kind=gdn phase=gdn_back gpu_ms=1.30
[prefill-layer-phase] chunk=3 start=3072 layer=13 kind=gdn phase=mixer_resid gpu_ms=0.03
[prefill-layer-phase] chunk=3 start=3072 layer=13 kind=moe phase=post_norm gpu_ms=0.02
[prefill-layer-phase] chunk=3 start=3072 layer=13 kind=moe phase=route_fused gpu_ms=0.31
[prefill-layer-phase] chunk=3 start=3072 layer=13 kind=moe phase=routed_swiglu gpu_ms=4.06
[prefill-layer-phase] chunk=3 start=3072 layer=13 kind=moe phase=routed_down gpu_ms=2.35
[prefill-layer-phase] chunk=3 start=3072 layer=13 kind=moe phase=routed_reduce gpu_ms=0.14
[prefill-layer-phase] chunk=3 start=3072 layer=13 kind=moe phase=shared_packed gpu_ms=0.64
[prefill-layer-phase] chunk=3 start=3072 layer=14 kind=gdn phase=pre_norm gpu_ms=0.02
[prefill-layer-phase] chunk=3 start=3072 layer=14 kind=gdn phase=gdn_qkv gpu_ms=2.53
[prefill-layer-phase] chunk=3 start=3072 layer=14 kind=gdn phase=gdn_z gpu_ms=1.29
[prefill-layer-phase] chunk=3 start=3072 layer=14 kind=gdn phase=gdn_beta_alpha gpu_ms=0.17
[prefill-layer-phase] chunk=3 start=3072 layer=14 kind=gdn phase=gdn_alpha_beta gpu_ms=0.00
[prefill-layer-phase] chunk=3 start=3072 layer=14 kind=gdn phase=gdn_prep_conv gpu_ms=0.43
[prefill-layer-phase] chunk=3 start=3072 layer=14 kind=gdn phase=gdn_prep_l2 gpu_ms=0.03
[prefill-layer-phase] chunk=3 start=3072 layer=14 kind=gdn phase=gdn_step gpu_ms=1.58
[prefill-layer-phase] chunk=3 start=3072 layer=14 kind=gdn phase=gdn_gated gpu_ms=0.11
[prefill-layer-phase] chunk=3 start=3072 layer=14 kind=gdn phase=gdn_back gpu_ms=1.30
[prefill-layer-phase] chunk=3 start=3072 layer=14 kind=gdn phase=mixer_resid gpu_ms=0.03
[prefill-layer-phase] chunk=3 start=3072 layer=14 kind=moe phase=post_norm gpu_ms=0.02
[prefill-layer-phase] chunk=3 start=3072 layer=14 kind=moe phase=route_fused gpu_ms=0.31
[prefill-layer-phase] chunk=3 start=3072 layer=14 kind=moe phase=routed_swiglu gpu_ms=4.13
[prefill-layer-phase] chunk=3 start=3072 layer=14 kind=moe phase=routed_down gpu_ms=2.45
[prefill-layer-phase] chunk=3 start=3072 layer=14 kind=moe phase=routed_reduce gpu_ms=0.15
[prefill-layer-phase] chunk=3 start=3072 layer=14 kind=moe phase=shared_packed gpu_ms=0.64
[prefill-layer-phase] chunk=3 start=3072 layer=15 kind=attn phase=pre_norm gpu_ms=0.03
[prefill-attn-phase] chunk=3 start=3072 layer=15 phase=proj gpu_ms=2.92
[prefill-attn-phase] chunk=3 start=3072 layer=15 phase=norm gpu_ms=0.29
[prefill-attn-phase] chunk=3 start=3072 layer=15 phase=rope_scatter gpu_ms=0.05
[prefill-attn-packed-shape] layer=15 chunk_start=3072 chunk_p=1024 group=8 packed_rows=4 qt=2 row_groups=256 dispatches=512 nwg=64 partial_rw_mib=2064.00
[prefill-attn-matrix-g8-shape] layer=15 chunk_start=3072 chunk_p=1024 query_rows=1024 query_tiles=1 n_pos=4096 score_tile_scratch_mib=136.00 vt_stride=4096 vt_layer_mib=4.00 vt_update_base=3072 vt_update_rows=1024 vt_update_mib=1.00
[prefill-attn-phase] chunk=3 start=3072 layer=15 phase=body_matrix_kq gpu_ms=2.26
[prefill-attn-phase] chunk=3 start=3072 layer=15 phase=body_matrix_kqv gpu_ms=2.26
[prefill-layer-phase] chunk=3 start=3072 layer=15 kind=attn phase=attn_back gpu_ms=1.39
[prefill-layer-phase] chunk=3 start=3072 layer=15 kind=attn phase=mixer_resid gpu_ms=0.03
[prefill-layer-phase] chunk=3 start=3072 layer=15 kind=moe phase=post_norm gpu_ms=0.02
[prefill-layer-phase] chunk=3 start=3072 layer=15 kind=moe phase=route_fused gpu_ms=0.31
[prefill-layer-phase] chunk=3 start=3072 layer=15 kind=moe phase=routed_swiglu gpu_ms=4.09
[prefill-layer-phase] chunk=3 start=3072 layer=15 kind=moe phase=routed_down gpu_ms=2.44
[prefill-layer-phase] chunk=3 start=3072 layer=15 kind=moe phase=routed_reduce gpu_ms=0.14
[prefill-layer-phase] chunk=3 start=3072 layer=15 kind=moe phase=shared_packed gpu_ms=0.64
[prefill-layer-phase] chunk=3 start=3072 layer=16 kind=gdn phase=pre_norm gpu_ms=0.02
[prefill-layer-phase] chunk=3 start=3072 layer=16 kind=gdn phase=gdn_qkv gpu_ms=2.53
[prefill-layer-phase] chunk=3 start=3072 layer=16 kind=gdn phase=gdn_z gpu_ms=1.29
[prefill-layer-phase] chunk=3 start=3072 layer=16 kind=gdn phase=gdn_beta_alpha gpu_ms=0.17
[prefill-layer-phase] chunk=3 start=3072 layer=16 kind=gdn phase=gdn_alpha_beta gpu_ms=0.00
[prefill-layer-phase] chunk=3 start=3072 layer=16 kind=gdn phase=gdn_prep_conv gpu_ms=0.43
[prefill-layer-phase] chunk=3 start=3072 layer=16 kind=gdn phase=gdn_prep_l2 gpu_ms=0.03
[prefill-layer-phase] chunk=3 start=3072 layer=16 kind=gdn phase=gdn_step gpu_ms=1.55
[prefill-layer-phase] chunk=3 start=3072 layer=16 kind=gdn phase=gdn_gated gpu_ms=0.11
[prefill-layer-phase] chunk=3 start=3072 layer=16 kind=gdn phase=gdn_back gpu_ms=1.30
[prefill-layer-phase] chunk=3 start=3072 layer=16 kind=gdn phase=mixer_resid gpu_ms=0.03
[prefill-layer-phase] chunk=3 start=3072 layer=16 kind=moe phase=post_norm gpu_ms=0.02
[prefill-layer-phase] chunk=3 start=3072 layer=16 kind=moe phase=route_fused gpu_ms=0.31
[prefill-layer-phase] chunk=3 start=3072 layer=16 kind=moe phase=routed_swiglu gpu_ms=3.93
[prefill-layer-phase] chunk=3 start=3072 layer=16 kind=moe phase=routed_down gpu_ms=2.20
[prefill-layer-phase] chunk=3 start=3072 layer=16 kind=moe phase=routed_reduce gpu_ms=0.15
[prefill-layer-phase] chunk=3 start=3072 layer=16 kind=moe phase=shared_packed gpu_ms=0.64
[prefill-layer-phase] chunk=3 start=3072 layer=17 kind=gdn phase=pre_norm gpu_ms=0.02
[prefill-layer-phase] chunk=3 start=3072 layer=17 kind=gdn phase=gdn_qkv gpu_ms=2.53
[prefill-layer-phase] chunk=3 start=3072 layer=17 kind=gdn phase=gdn_z gpu_ms=1.29
[prefill-layer-phase] chunk=3 start=3072 layer=17 kind=gdn phase=gdn_beta_alpha gpu_ms=0.18
[prefill-layer-phase] chunk=3 start=3072 layer=17 kind=gdn phase=gdn_alpha_beta gpu_ms=0.01
[prefill-layer-phase] chunk=3 start=3072 layer=17 kind=gdn phase=gdn_prep_conv gpu_ms=0.43
[prefill-layer-phase] chunk=3 start=3072 layer=17 kind=gdn phase=gdn_prep_l2 gpu_ms=0.03
[prefill-layer-phase] chunk=3 start=3072 layer=17 kind=gdn phase=gdn_step gpu_ms=1.60
[prefill-layer-phase] chunk=3 start=3072 layer=17 kind=gdn phase=gdn_gated gpu_ms=0.11
[prefill-layer-phase] chunk=3 start=3072 layer=17 kind=gdn phase=gdn_back gpu_ms=1.30
[prefill-layer-phase] chunk=3 start=3072 layer=17 kind=gdn phase=mixer_resid gpu_ms=0.03
[prefill-layer-phase] chunk=3 start=3072 layer=17 kind=moe phase=post_norm gpu_ms=0.02
[prefill-layer-phase] chunk=3 start=3072 layer=17 kind=moe phase=route_fused gpu_ms=0.31
[prefill-layer-phase] chunk=3 start=3072 layer=17 kind=moe phase=routed_swiglu gpu_ms=3.92
[prefill-layer-phase] chunk=3 start=3072 layer=17 kind=moe phase=routed_down gpu_ms=2.28
[prefill-layer-phase] chunk=3 start=3072 layer=17 kind=moe phase=routed_reduce gpu_ms=0.14
[prefill-layer-phase] chunk=3 start=3072 layer=17 kind=moe phase=shared_packed gpu_ms=0.64
[prefill-layer-phase] chunk=3 start=3072 layer=18 kind=gdn phase=pre_norm gpu_ms=0.02
[prefill-layer-phase] chunk=3 start=3072 layer=18 kind=gdn phase=gdn_qkv gpu_ms=2.53
[prefill-layer-phase] chunk=3 start=3072 layer=18 kind=gdn phase=gdn_z gpu_ms=1.29
[prefill-layer-phase] chunk=3 start=3072 layer=18 kind=gdn phase=gdn_beta_alpha gpu_ms=0.17
[prefill-layer-phase] chunk=3 start=3072 layer=18 kind=gdn phase=gdn_alpha_beta gpu_ms=0.01
[prefill-layer-phase] chunk=3 start=3072 layer=18 kind=gdn phase=gdn_prep_conv gpu_ms=0.43
[prefill-layer-phase] chunk=3 start=3072 layer=18 kind=gdn phase=gdn_prep_l2 gpu_ms=0.03
[prefill-layer-phase] chunk=3 start=3072 layer=18 kind=gdn phase=gdn_step gpu_ms=1.58
[prefill-layer-phase] chunk=3 start=3072 layer=18 kind=gdn phase=gdn_gated gpu_ms=0.10
[prefill-layer-phase] chunk=3 start=3072 layer=18 kind=gdn phase=gdn_back gpu_ms=1.30
[prefill-layer-phase] chunk=3 start=3072 layer=18 kind=gdn phase=mixer_resid gpu_ms=0.03
[prefill-layer-phase] chunk=3 start=3072 layer=18 kind=moe phase=post_norm gpu_ms=0.02
[prefill-layer-phase] chunk=3 start=3072 layer=18 kind=moe phase=route_fused gpu_ms=0.31
[prefill-layer-phase] chunk=3 start=3072 layer=18 kind=moe phase=routed_swiglu gpu_ms=4.14
[prefill-layer-phase] chunk=3 start=3072 layer=18 kind=moe phase=routed_down gpu_ms=2.45
[prefill-layer-phase] chunk=3 start=3072 layer=18 kind=moe phase=routed_reduce gpu_ms=0.14
[prefill-layer-phase] chunk=3 start=3072 layer=18 kind=moe phase=shared_packed gpu_ms=0.64
[prefill-layer-phase] chunk=3 start=3072 layer=19 kind=attn phase=pre_norm gpu_ms=0.02
[prefill-attn-phase] chunk=3 start=3072 layer=19 phase=proj gpu_ms=2.91
[prefill-attn-phase] chunk=3 start=3072 layer=19 phase=norm gpu_ms=0.29
[prefill-attn-phase] chunk=3 start=3072 layer=19 phase=rope_scatter gpu_ms=0.05
[prefill-attn-packed-shape] layer=19 chunk_start=3072 chunk_p=1024 group=8 packed_rows=4 qt=2 row_groups=256 dispatches=512 nwg=64 partial_rw_mib=2064.00
[prefill-attn-matrix-g8-shape] layer=19 chunk_start=3072 chunk_p=1024 query_rows=1024 query_tiles=1 n_pos=4096 score_tile_scratch_mib=136.00 vt_stride=4096 vt_layer_mib=4.00 vt_update_base=3072 vt_update_rows=1024 vt_update_mib=1.00
[prefill-attn-phase] chunk=3 start=3072 layer=19 phase=body_matrix_kq gpu_ms=2.26
[prefill-attn-phase] chunk=3 start=3072 layer=19 phase=body_matrix_kqv gpu_ms=2.25
[prefill-layer-phase] chunk=3 start=3072 layer=19 kind=attn phase=attn_back gpu_ms=1.39
[prefill-layer-phase] chunk=3 start=3072 layer=19 kind=attn phase=mixer_resid gpu_ms=0.03
[prefill-layer-phase] chunk=3 start=3072 layer=19 kind=moe phase=post_norm gpu_ms=0.02
[prefill-layer-phase] chunk=3 start=3072 layer=19 kind=moe phase=route_fused gpu_ms=0.31
[prefill-layer-phase] chunk=3 start=3072 layer=19 kind=moe phase=routed_swiglu gpu_ms=4.02
[prefill-layer-phase] chunk=3 start=3072 layer=19 kind=moe phase=routed_down gpu_ms=2.39
[prefill-layer-phase] chunk=3 start=3072 layer=19 kind=moe phase=routed_reduce gpu_ms=0.14
[prefill-layer-phase] chunk=3 start=3072 layer=19 kind=moe phase=shared_packed gpu_ms=0.64
[prefill-layer-phase] chunk=3 start=3072 layer=20 kind=gdn phase=pre_norm gpu_ms=0.02
[prefill-layer-phase] chunk=3 start=3072 layer=20 kind=gdn phase=gdn_qkv gpu_ms=2.53
[prefill-layer-phase] chunk=3 start=3072 layer=20 kind=gdn phase=gdn_z gpu_ms=1.29
[prefill-layer-phase] chunk=3 start=3072 layer=20 kind=gdn phase=gdn_beta_alpha gpu_ms=0.17
[prefill-layer-phase] chunk=3 start=3072 layer=20 kind=gdn phase=gdn_alpha_beta gpu_ms=0.00
[prefill-layer-phase] chunk=3 start=3072 layer=20 kind=gdn phase=gdn_prep_conv gpu_ms=0.43
[prefill-layer-phase] chunk=3 start=3072 layer=20 kind=gdn phase=gdn_prep_l2 gpu_ms=0.03
[prefill-layer-phase] chunk=3 start=3072 layer=20 kind=gdn phase=gdn_step gpu_ms=1.55
[prefill-layer-phase] chunk=3 start=3072 layer=20 kind=gdn phase=gdn_gated gpu_ms=0.11
[prefill-layer-phase] chunk=3 start=3072 layer=20 kind=gdn phase=gdn_back gpu_ms=1.30
[prefill-layer-phase] chunk=3 start=3072 layer=20 kind=gdn phase=mixer_resid gpu_ms=0.03
[prefill-layer-phase] chunk=3 start=3072 layer=20 kind=moe phase=post_norm gpu_ms=0.02
[prefill-layer-phase] chunk=3 start=3072 layer=20 kind=moe phase=route_fused gpu_ms=0.31
[prefill-layer-phase] chunk=3 start=3072 layer=20 kind=moe phase=routed_swiglu gpu_ms=4.41
[prefill-layer-phase] chunk=3 start=3072 layer=20 kind=moe phase=routed_down gpu_ms=2.64
[prefill-layer-phase] chunk=3 start=3072 layer=20 kind=moe phase=routed_reduce gpu_ms=0.14
[prefill-layer-phase] chunk=3 start=3072 layer=20 kind=moe phase=shared_packed gpu_ms=0.64
[prefill-layer-phase] chunk=3 start=3072 layer=21 kind=gdn phase=pre_norm gpu_ms=0.02
[prefill-layer-phase] chunk=3 start=3072 layer=21 kind=gdn phase=gdn_qkv gpu_ms=2.53
[prefill-layer-phase] chunk=3 start=3072 layer=21 kind=gdn phase=gdn_z gpu_ms=1.29
[prefill-layer-phase] chunk=3 start=3072 layer=21 kind=gdn phase=gdn_beta_alpha gpu_ms=0.18
[prefill-layer-phase] chunk=3 start=3072 layer=21 kind=gdn phase=gdn_alpha_beta gpu_ms=0.01
[prefill-layer-phase] chunk=3 start=3072 layer=21 kind=gdn phase=gdn_prep_conv gpu_ms=0.43
[prefill-layer-phase] chunk=3 start=3072 layer=21 kind=gdn phase=gdn_prep_l2 gpu_ms=0.03
[prefill-layer-phase] chunk=3 start=3072 layer=21 kind=gdn phase=gdn_step gpu_ms=1.56
[prefill-layer-phase] chunk=3 start=3072 layer=21 kind=gdn phase=gdn_gated gpu_ms=0.10
[prefill-layer-phase] chunk=3 start=3072 layer=21 kind=gdn phase=gdn_back gpu_ms=1.30
[prefill-layer-phase] chunk=3 start=3072 layer=21 kind=gdn phase=mixer_resid gpu_ms=0.03
[prefill-layer-phase] chunk=3 start=3072 layer=21 kind=moe phase=post_norm gpu_ms=0.02
[prefill-layer-phase] chunk=3 start=3072 layer=21 kind=moe phase=route_fused gpu_ms=0.31
[prefill-layer-phase] chunk=3 start=3072 layer=21 kind=moe phase=routed_swiglu gpu_ms=4.13
[prefill-layer-phase] chunk=3 start=3072 layer=21 kind=moe phase=routed_down gpu_ms=2.48
[prefill-layer-phase] chunk=3 start=3072 layer=21 kind=moe phase=routed_reduce gpu_ms=0.14
[prefill-layer-phase] chunk=3 start=3072 layer=21 kind=moe phase=shared_packed gpu_ms=0.64
[prefill-layer-phase] chunk=3 start=3072 layer=22 kind=gdn phase=pre_norm gpu_ms=0.02
[prefill-layer-phase] chunk=3 start=3072 layer=22 kind=gdn phase=gdn_qkv gpu_ms=2.53
[prefill-layer-phase] chunk=3 start=3072 layer=22 kind=gdn phase=gdn_z gpu_ms=1.29
[prefill-layer-phase] chunk=3 start=3072 layer=22 kind=gdn phase=gdn_beta_alpha gpu_ms=0.18
[prefill-layer-phase] chunk=3 start=3072 layer=22 kind=gdn phase=gdn_alpha_beta gpu_ms=0.00
[prefill-layer-phase] chunk=3 start=3072 layer=22 kind=gdn phase=gdn_prep_conv gpu_ms=0.43
[prefill-layer-phase] chunk=3 start=3072 layer=22 kind=gdn phase=gdn_prep_l2 gpu_ms=0.03
[prefill-layer-phase] chunk=3 start=3072 layer=22 kind=gdn phase=gdn_step gpu_ms=1.56
[prefill-layer-phase] chunk=3 start=3072 layer=22 kind=gdn phase=gdn_gated gpu_ms=0.10
[prefill-layer-phase] chunk=3 start=3072 layer=22 kind=gdn phase=gdn_back gpu_ms=1.30
[prefill-layer-phase] chunk=3 start=3072 layer=22 kind=gdn phase=mixer_resid gpu_ms=0.03
[prefill-layer-phase] chunk=3 start=3072 layer=22 kind=moe phase=post_norm gpu_ms=0.03
[prefill-layer-phase] chunk=3 start=3072 layer=22 kind=moe phase=route_fused gpu_ms=0.31
[prefill-layer-phase] chunk=3 start=3072 layer=22 kind=moe phase=routed_swiglu gpu_ms=4.20
[prefill-layer-phase] chunk=3 start=3072 layer=22 kind=moe phase=routed_down gpu_ms=2.46
[prefill-layer-phase] chunk=3 start=3072 layer=22 kind=moe phase=routed_reduce gpu_ms=0.14
[prefill-layer-phase] chunk=3 start=3072 layer=22 kind=moe phase=shared_packed gpu_ms=0.64
[prefill-layer-phase] chunk=3 start=3072 layer=23 kind=attn phase=pre_norm gpu_ms=0.02
[prefill-attn-phase] chunk=3 start=3072 layer=23 phase=proj gpu_ms=2.91
[prefill-attn-phase] chunk=3 start=3072 layer=23 phase=norm gpu_ms=0.28
[prefill-attn-phase] chunk=3 start=3072 layer=23 phase=rope_scatter gpu_ms=0.05
[prefill-attn-packed-shape] layer=23 chunk_start=3072 chunk_p=1024 group=8 packed_rows=4 qt=2 row_groups=256 dispatches=512 nwg=64 partial_rw_mib=2064.00
[prefill-attn-matrix-g8-shape] layer=23 chunk_start=3072 chunk_p=1024 query_rows=1024 query_tiles=1 n_pos=4096 score_tile_scratch_mib=136.00 vt_stride=4096 vt_layer_mib=4.00 vt_update_base=3072 vt_update_rows=1024 vt_update_mib=1.00
[prefill-attn-phase] chunk=3 start=3072 layer=23 phase=body_matrix_kq gpu_ms=2.26
[prefill-attn-phase] chunk=3 start=3072 layer=23 phase=body_matrix_kqv gpu_ms=2.25
[prefill-layer-phase] chunk=3 start=3072 layer=23 kind=attn phase=attn_back gpu_ms=1.39
[prefill-layer-phase] chunk=3 start=3072 layer=23 kind=attn phase=mixer_resid gpu_ms=0.03
[prefill-layer-phase] chunk=3 start=3072 layer=23 kind=moe phase=post_norm gpu_ms=0.02
[prefill-layer-phase] chunk=3 start=3072 layer=23 kind=moe phase=route_fused gpu_ms=0.31
[prefill-layer-phase] chunk=3 start=3072 layer=23 kind=moe phase=routed_swiglu gpu_ms=4.06
[prefill-layer-phase] chunk=3 start=3072 layer=23 kind=moe phase=routed_down gpu_ms=2.34
[prefill-layer-phase] chunk=3 start=3072 layer=23 kind=moe phase=routed_reduce gpu_ms=0.14
[prefill-layer-phase] chunk=3 start=3072 layer=23 kind=moe phase=shared_packed gpu_ms=0.63
[prefill-layer-phase] chunk=3 start=3072 layer=24 kind=gdn phase=pre_norm gpu_ms=0.02
[prefill-layer-phase] chunk=3 start=3072 layer=24 kind=gdn phase=gdn_qkv gpu_ms=2.53
[prefill-layer-phase] chunk=3 start=3072 layer=24 kind=gdn phase=gdn_z gpu_ms=1.29
[prefill-layer-phase] chunk=3 start=3072 layer=24 kind=gdn phase=gdn_beta_alpha gpu_ms=0.18
[prefill-layer-phase] chunk=3 start=3072 layer=24 kind=gdn phase=gdn_alpha_beta gpu_ms=0.00
[prefill-layer-phase] chunk=3 start=3072 layer=24 kind=gdn phase=gdn_prep_conv gpu_ms=0.43
[prefill-layer-phase] chunk=3 start=3072 layer=24 kind=gdn phase=gdn_prep_l2 gpu_ms=0.03
[prefill-layer-phase] chunk=3 start=3072 layer=24 kind=gdn phase=gdn_step gpu_ms=1.57
[prefill-layer-phase] chunk=3 start=3072 layer=24 kind=gdn phase=gdn_gated gpu_ms=0.11
[prefill-layer-phase] chunk=3 start=3072 layer=24 kind=gdn phase=gdn_back gpu_ms=1.30
[prefill-layer-phase] chunk=3 start=3072 layer=24 kind=gdn phase=mixer_resid gpu_ms=0.03
[prefill-layer-phase] chunk=3 start=3072 layer=24 kind=moe phase=post_norm gpu_ms=0.02
[prefill-layer-phase] chunk=3 start=3072 layer=24 kind=moe phase=route_fused gpu_ms=0.31
[prefill-layer-phase] chunk=3 start=3072 layer=24 kind=moe phase=routed_swiglu gpu_ms=4.05
[prefill-layer-phase] chunk=3 start=3072 layer=24 kind=moe phase=routed_down gpu_ms=2.40
[prefill-layer-phase] chunk=3 start=3072 layer=24 kind=moe phase=routed_reduce gpu_ms=0.14
[prefill-layer-phase] chunk=3 start=3072 layer=24 kind=moe phase=shared_packed gpu_ms=0.64
[prefill-layer-phase] chunk=3 start=3072 layer=25 kind=gdn phase=pre_norm gpu_ms=0.02
[prefill-layer-phase] chunk=3 start=3072 layer=25 kind=gdn phase=gdn_qkv gpu_ms=2.53
[prefill-layer-phase] chunk=3 start=3072 layer=25 kind=gdn phase=gdn_z gpu_ms=1.29
[prefill-layer-phase] chunk=3 start=3072 layer=25 kind=gdn phase=gdn_beta_alpha gpu_ms=0.18
[prefill-layer-phase] chunk=3 start=3072 layer=25 kind=gdn phase=gdn_alpha_beta gpu_ms=0.01
[prefill-layer-phase] chunk=3 start=3072 layer=25 kind=gdn phase=gdn_prep_conv gpu_ms=0.43
[prefill-layer-phase] chunk=3 start=3072 layer=25 kind=gdn phase=gdn_prep_l2 gpu_ms=0.03
[prefill-layer-phase] chunk=3 start=3072 layer=25 kind=gdn phase=gdn_step gpu_ms=1.57
[prefill-layer-phase] chunk=3 start=3072 layer=25 kind=gdn phase=gdn_gated gpu_ms=0.10
[prefill-layer-phase] chunk=3 start=3072 layer=25 kind=gdn phase=gdn_back gpu_ms=1.30
[prefill-layer-phase] chunk=3 start=3072 layer=25 kind=gdn phase=mixer_resid gpu_ms=0.03
[prefill-layer-phase] chunk=3 start=3072 layer=25 kind=moe phase=post_norm gpu_ms=0.02
[prefill-layer-phase] chunk=3 start=3072 layer=25 kind=moe phase=route_fused gpu_ms=0.31
[prefill-layer-phase] chunk=3 start=3072 layer=25 kind=moe phase=routed_swiglu gpu_ms=3.95
[prefill-layer-phase] chunk=3 start=3072 layer=25 kind=moe phase=routed_down gpu_ms=2.35
[prefill-layer-phase] chunk=3 start=3072 layer=25 kind=moe phase=routed_reduce gpu_ms=0.14
[prefill-layer-phase] chunk=3 start=3072 layer=25 kind=moe phase=shared_packed gpu_ms=0.64
[prefill-layer-phase] chunk=3 start=3072 layer=26 kind=gdn phase=pre_norm gpu_ms=0.02
[prefill-layer-phase] chunk=3 start=3072 layer=26 kind=gdn phase=gdn_qkv gpu_ms=2.53
[prefill-layer-phase] chunk=3 start=3072 layer=26 kind=gdn phase=gdn_z gpu_ms=1.29
[prefill-layer-phase] chunk=3 start=3072 layer=26 kind=gdn phase=gdn_beta_alpha gpu_ms=0.17
[prefill-layer-phase] chunk=3 start=3072 layer=26 kind=gdn phase=gdn_alpha_beta gpu_ms=0.01
[prefill-layer-phase] chunk=3 start=3072 layer=26 kind=gdn phase=gdn_prep_conv gpu_ms=0.44
[prefill-layer-phase] chunk=3 start=3072 layer=26 kind=gdn phase=gdn_prep_l2 gpu_ms=0.03
[prefill-layer-phase] chunk=3 start=3072 layer=26 kind=gdn phase=gdn_step gpu_ms=1.59
[prefill-layer-phase] chunk=3 start=3072 layer=26 kind=gdn phase=gdn_gated gpu_ms=0.11
[prefill-layer-phase] chunk=3 start=3072 layer=26 kind=gdn phase=gdn_back gpu_ms=1.30
[prefill-layer-phase] chunk=3 start=3072 layer=26 kind=gdn phase=mixer_resid gpu_ms=0.03
[prefill-layer-phase] chunk=3 start=3072 layer=26 kind=moe phase=post_norm gpu_ms=0.02
[prefill-layer-phase] chunk=3 start=3072 layer=26 kind=moe phase=route_fused gpu_ms=0.31
[prefill-layer-phase] chunk=3 start=3072 layer=26 kind=moe phase=routed_swiglu gpu_ms=4.09
[prefill-layer-phase] chunk=3 start=3072 layer=26 kind=moe phase=routed_down gpu_ms=2.48
[prefill-layer-phase] chunk=3 start=3072 layer=26 kind=moe phase=routed_reduce gpu_ms=0.14
[prefill-layer-phase] chunk=3 start=3072 layer=26 kind=moe phase=shared_packed gpu_ms=0.64
[prefill-layer-phase] chunk=3 start=3072 layer=27 kind=attn phase=pre_norm gpu_ms=0.02
[prefill-attn-phase] chunk=3 start=3072 layer=27 phase=proj gpu_ms=2.91
[prefill-attn-phase] chunk=3 start=3072 layer=27 phase=norm gpu_ms=0.29
[prefill-attn-phase] chunk=3 start=3072 layer=27 phase=rope_scatter gpu_ms=0.05
[prefill-attn-packed-shape] layer=27 chunk_start=3072 chunk_p=1024 group=8 packed_rows=4 qt=2 row_groups=256 dispatches=512 nwg=64 partial_rw_mib=2064.00
[prefill-attn-matrix-g8-shape] layer=27 chunk_start=3072 chunk_p=1024 query_rows=1024 query_tiles=1 n_pos=4096 score_tile_scratch_mib=136.00 vt_stride=4096 vt_layer_mib=4.00 vt_update_base=3072 vt_update_rows=1024 vt_update_mib=1.00
[prefill-attn-phase] chunk=3 start=3072 layer=27 phase=body_matrix_kq gpu_ms=2.26
[prefill-attn-phase] chunk=3 start=3072 layer=27 phase=body_matrix_kqv gpu_ms=2.25
[prefill-layer-phase] chunk=3 start=3072 layer=27 kind=attn phase=attn_back gpu_ms=1.39
[prefill-layer-phase] chunk=3 start=3072 layer=27 kind=attn phase=mixer_resid gpu_ms=0.03
[prefill-layer-phase] chunk=3 start=3072 layer=27 kind=moe phase=post_norm gpu_ms=0.02
[prefill-layer-phase] chunk=3 start=3072 layer=27 kind=moe phase=route_fused gpu_ms=0.31
[prefill-layer-phase] chunk=3 start=3072 layer=27 kind=moe phase=routed_swiglu gpu_ms=4.01
[prefill-layer-phase] chunk=3 start=3072 layer=27 kind=moe phase=routed_down gpu_ms=2.42
[prefill-layer-phase] chunk=3 start=3072 layer=27 kind=moe phase=routed_reduce gpu_ms=0.14
[prefill-layer-phase] chunk=3 start=3072 layer=27 kind=moe phase=shared_packed gpu_ms=0.63
[prefill-layer-phase] chunk=3 start=3072 layer=28 kind=gdn phase=pre_norm gpu_ms=0.02
[prefill-layer-phase] chunk=3 start=3072 layer=28 kind=gdn phase=gdn_qkv gpu_ms=2.53
[prefill-layer-phase] chunk=3 start=3072 layer=28 kind=gdn phase=gdn_z gpu_ms=1.29
[prefill-layer-phase] chunk=3 start=3072 layer=28 kind=gdn phase=gdn_beta_alpha gpu_ms=0.17
[prefill-layer-phase] chunk=3 start=3072 layer=28 kind=gdn phase=gdn_alpha_beta gpu_ms=0.01
[prefill-layer-phase] chunk=3 start=3072 layer=28 kind=gdn phase=gdn_prep_conv gpu_ms=0.43
[prefill-layer-phase] chunk=3 start=3072 layer=28 kind=gdn phase=gdn_prep_l2 gpu_ms=0.03
[prefill-layer-phase] chunk=3 start=3072 layer=28 kind=gdn phase=gdn_step gpu_ms=1.57
[prefill-layer-phase] chunk=3 start=3072 layer=28 kind=gdn phase=gdn_gated gpu_ms=0.10
[prefill-layer-phase] chunk=3 start=3072 layer=28 kind=gdn phase=gdn_back gpu_ms=1.30
[prefill-layer-phase] chunk=3 start=3072 layer=28 kind=gdn phase=mixer_resid gpu_ms=0.03
[prefill-layer-phase] chunk=3 start=3072 layer=28 kind=moe phase=post_norm gpu_ms=0.02
[prefill-layer-phase] chunk=3 start=3072 layer=28 kind=moe phase=route_fused gpu_ms=0.31
[prefill-layer-phase] chunk=3 start=3072 layer=28 kind=moe phase=routed_swiglu gpu_ms=3.95
[prefill-layer-phase] chunk=3 start=3072 layer=28 kind=moe phase=routed_down gpu_ms=2.28
[prefill-layer-phase] chunk=3 start=3072 layer=28 kind=moe phase=routed_reduce gpu_ms=0.15
[prefill-layer-phase] chunk=3 start=3072 layer=28 kind=moe phase=shared_packed gpu_ms=0.64
[prefill-layer-phase] chunk=3 start=3072 layer=29 kind=gdn phase=pre_norm gpu_ms=0.02
[prefill-layer-phase] chunk=3 start=3072 layer=29 kind=gdn phase=gdn_qkv gpu_ms=2.53
[prefill-layer-phase] chunk=3 start=3072 layer=29 kind=gdn phase=gdn_z gpu_ms=1.29
[prefill-layer-phase] chunk=3 start=3072 layer=29 kind=gdn phase=gdn_beta_alpha gpu_ms=0.17
[prefill-layer-phase] chunk=3 start=3072 layer=29 kind=gdn phase=gdn_alpha_beta gpu_ms=0.01
[prefill-layer-phase] chunk=3 start=3072 layer=29 kind=gdn phase=gdn_prep_conv gpu_ms=0.43
[prefill-layer-phase] chunk=3 start=3072 layer=29 kind=gdn phase=gdn_prep_l2 gpu_ms=0.03
[prefill-layer-phase] chunk=3 start=3072 layer=29 kind=gdn phase=gdn_step gpu_ms=1.60
[prefill-layer-phase] chunk=3 start=3072 layer=29 kind=gdn phase=gdn_gated gpu_ms=0.11
[prefill-layer-phase] chunk=3 start=3072 layer=29 kind=gdn phase=gdn_back gpu_ms=1.30
[prefill-layer-phase] chunk=3 start=3072 layer=29 kind=gdn phase=mixer_resid gpu_ms=0.03
[prefill-layer-phase] chunk=3 start=3072 layer=29 kind=moe phase=post_norm gpu_ms=0.02
[prefill-layer-phase] chunk=3 start=3072 layer=29 kind=moe phase=route_fused gpu_ms=0.31
[prefill-layer-phase] chunk=3 start=3072 layer=29 kind=moe phase=routed_swiglu gpu_ms=4.03
[prefill-layer-phase] chunk=3 start=3072 layer=29 kind=moe phase=routed_down gpu_ms=2.31
[prefill-layer-phase] chunk=3 start=3072 layer=29 kind=moe phase=routed_reduce gpu_ms=0.14
[prefill-layer-phase] chunk=3 start=3072 layer=29 kind=moe phase=shared_packed gpu_ms=0.64
[prefill-layer-phase] chunk=3 start=3072 layer=30 kind=gdn phase=pre_norm gpu_ms=0.02
[prefill-layer-phase] chunk=3 start=3072 layer=30 kind=gdn phase=gdn_qkv gpu_ms=2.53
[prefill-layer-phase] chunk=3 start=3072 layer=30 kind=gdn phase=gdn_z gpu_ms=1.29
[prefill-layer-phase] chunk=3 start=3072 layer=30 kind=gdn phase=gdn_beta_alpha gpu_ms=0.17
[prefill-layer-phase] chunk=3 start=3072 layer=30 kind=gdn phase=gdn_alpha_beta gpu_ms=0.00
[prefill-layer-phase] chunk=3 start=3072 layer=30 kind=gdn phase=gdn_prep_conv gpu_ms=0.43
[prefill-layer-phase] chunk=3 start=3072 layer=30 kind=gdn phase=gdn_prep_l2 gpu_ms=0.03
[prefill-layer-phase] chunk=3 start=3072 layer=30 kind=gdn phase=gdn_step gpu_ms=1.57
[prefill-layer-phase] chunk=3 start=3072 layer=30 kind=gdn phase=gdn_gated gpu_ms=0.11
[prefill-layer-phase] chunk=3 start=3072 layer=30 kind=gdn phase=gdn_back gpu_ms=1.30
[prefill-layer-phase] chunk=3 start=3072 layer=30 kind=gdn phase=mixer_resid gpu_ms=0.03
[prefill-layer-phase] chunk=3 start=3072 layer=30 kind=moe phase=post_norm gpu_ms=0.02
[prefill-layer-phase] chunk=3 start=3072 layer=30 kind=moe phase=route_fused gpu_ms=0.31
[prefill-layer-phase] chunk=3 start=3072 layer=30 kind=moe phase=routed_swiglu gpu_ms=4.02
[prefill-layer-phase] chunk=3 start=3072 layer=30 kind=moe phase=routed_down gpu_ms=2.48
[prefill-layer-phase] chunk=3 start=3072 layer=30 kind=moe phase=routed_reduce gpu_ms=0.14
[prefill-layer-phase] chunk=3 start=3072 layer=30 kind=moe phase=shared_packed gpu_ms=0.64
[prefill-layer-phase] chunk=3 start=3072 layer=31 kind=attn phase=pre_norm gpu_ms=0.02
[prefill-attn-phase] chunk=3 start=3072 layer=31 phase=proj gpu_ms=2.91
[prefill-attn-phase] chunk=3 start=3072 layer=31 phase=norm gpu_ms=0.29
[prefill-attn-phase] chunk=3 start=3072 layer=31 phase=rope_scatter gpu_ms=0.06
[prefill-attn-packed-shape] layer=31 chunk_start=3072 chunk_p=1024 group=8 packed_rows=4 qt=2 row_groups=256 dispatches=512 nwg=64 partial_rw_mib=2064.00
[prefill-attn-matrix-g8-shape] layer=31 chunk_start=3072 chunk_p=1024 query_rows=1024 query_tiles=1 n_pos=4096 score_tile_scratch_mib=136.00 vt_stride=4096 vt_layer_mib=4.00 vt_update_base=3072 vt_update_rows=1024 vt_update_mib=1.00
[prefill-attn-phase] chunk=3 start=3072 layer=31 phase=body_matrix_kq gpu_ms=2.26
[prefill-attn-phase] chunk=3 start=3072 layer=31 phase=body_matrix_kqv gpu_ms=2.25
[prefill-layer-phase] chunk=3 start=3072 layer=31 kind=attn phase=attn_back gpu_ms=1.39
[prefill-layer-phase] chunk=3 start=3072 layer=31 kind=attn phase=mixer_resid gpu_ms=0.03
[prefill-layer-phase] chunk=3 start=3072 layer=31 kind=moe phase=post_norm gpu_ms=0.02
[prefill-layer-phase] chunk=3 start=3072 layer=31 kind=moe phase=route_fused gpu_ms=0.31
[prefill-layer-phase] chunk=3 start=3072 layer=31 kind=moe phase=routed_swiglu gpu_ms=3.89
[prefill-layer-phase] chunk=3 start=3072 layer=31 kind=moe phase=routed_down gpu_ms=2.22
[prefill-layer-phase] chunk=3 start=3072 layer=31 kind=moe phase=routed_reduce gpu_ms=0.14
[prefill-layer-phase] chunk=3 start=3072 layer=31 kind=moe phase=shared_packed gpu_ms=0.64
[prefill-layer-phase] chunk=3 start=3072 layer=32 kind=gdn phase=pre_norm gpu_ms=0.02
[prefill-layer-phase] chunk=3 start=3072 layer=32 kind=gdn phase=gdn_qkv gpu_ms=2.53
[prefill-layer-phase] chunk=3 start=3072 layer=32 kind=gdn phase=gdn_z gpu_ms=1.29
[prefill-layer-phase] chunk=3 start=3072 layer=32 kind=gdn phase=gdn_beta_alpha gpu_ms=0.17
[prefill-layer-phase] chunk=3 start=3072 layer=32 kind=gdn phase=gdn_alpha_beta gpu_ms=0.00
[prefill-layer-phase] chunk=3 start=3072 layer=32 kind=gdn phase=gdn_prep_conv gpu_ms=0.43
[prefill-layer-phase] chunk=3 start=3072 layer=32 kind=gdn phase=gdn_prep_l2 gpu_ms=0.03
[prefill-layer-phase] chunk=3 start=3072 layer=32 kind=gdn phase=gdn_step gpu_ms=1.57
[prefill-layer-phase] chunk=3 start=3072 layer=32 kind=gdn phase=gdn_gated gpu_ms=0.11
[prefill-layer-phase] chunk=3 start=3072 layer=32 kind=gdn phase=gdn_back gpu_ms=1.30
[prefill-layer-phase] chunk=3 start=3072 layer=32 kind=gdn phase=mixer_resid gpu_ms=0.03
[prefill-layer-phase] chunk=3 start=3072 layer=32 kind=moe phase=post_norm gpu_ms=0.03
[prefill-layer-phase] chunk=3 start=3072 layer=32 kind=moe phase=route_fused gpu_ms=0.31
[prefill-layer-phase] chunk=3 start=3072 layer=32 kind=moe phase=routed_swiglu gpu_ms=4.09
[prefill-layer-phase] chunk=3 start=3072 layer=32 kind=moe phase=routed_down gpu_ms=2.27
[prefill-layer-phase] chunk=3 start=3072 layer=32 kind=moe phase=routed_reduce gpu_ms=0.14
[prefill-layer-phase] chunk=3 start=3072 layer=32 kind=moe phase=shared_packed gpu_ms=0.64
[prefill-layer-phase] chunk=3 start=3072 layer=33 kind=gdn phase=pre_norm gpu_ms=0.02
[prefill-layer-phase] chunk=3 start=3072 layer=33 kind=gdn phase=gdn_qkv gpu_ms=2.53
[prefill-layer-phase] chunk=3 start=3072 layer=33 kind=gdn phase=gdn_z gpu_ms=1.29
[prefill-layer-phase] chunk=3 start=3072 layer=33 kind=gdn phase=gdn_beta_alpha gpu_ms=0.17
[prefill-layer-phase] chunk=3 start=3072 layer=33 kind=gdn phase=gdn_alpha_beta gpu_ms=0.00
[prefill-layer-phase] chunk=3 start=3072 layer=33 kind=gdn phase=gdn_prep_conv gpu_ms=0.43
[prefill-layer-phase] chunk=3 start=3072 layer=33 kind=gdn phase=gdn_prep_l2 gpu_ms=0.03
[prefill-layer-phase] chunk=3 start=3072 layer=33 kind=gdn phase=gdn_step gpu_ms=1.58
[prefill-layer-phase] chunk=3 start=3072 layer=33 kind=gdn phase=gdn_gated gpu_ms=0.11
[prefill-layer-phase] chunk=3 start=3072 layer=33 kind=gdn phase=gdn_back gpu_ms=1.30
[prefill-layer-phase] chunk=3 start=3072 layer=33 kind=gdn phase=mixer_resid gpu_ms=0.03
[prefill-layer-phase] chunk=3 start=3072 layer=33 kind=moe phase=post_norm gpu_ms=0.02
[prefill-layer-phase] chunk=3 start=3072 layer=33 kind=moe phase=route_fused gpu_ms=0.31
[prefill-layer-phase] chunk=3 start=3072 layer=33 kind=moe phase=routed_swiglu gpu_ms=4.02
[prefill-layer-phase] chunk=3 start=3072 layer=33 kind=moe phase=routed_down gpu_ms=2.45
[prefill-layer-phase] chunk=3 start=3072 layer=33 kind=moe phase=routed_reduce gpu_ms=0.14
[prefill-layer-phase] chunk=3 start=3072 layer=33 kind=moe phase=shared_packed gpu_ms=0.64
[prefill-layer-phase] chunk=3 start=3072 layer=34 kind=gdn phase=pre_norm gpu_ms=0.02
[prefill-layer-phase] chunk=3 start=3072 layer=34 kind=gdn phase=gdn_qkv gpu_ms=2.53
[prefill-layer-phase] chunk=3 start=3072 layer=34 kind=gdn phase=gdn_z gpu_ms=1.29
[prefill-layer-phase] chunk=3 start=3072 layer=34 kind=gdn phase=gdn_beta_alpha gpu_ms=0.17
[prefill-layer-phase] chunk=3 start=3072 layer=34 kind=gdn phase=gdn_alpha_beta gpu_ms=0.01
[prefill-layer-phase] chunk=3 start=3072 layer=34 kind=gdn phase=gdn_prep_conv gpu_ms=0.43
[prefill-layer-phase] chunk=3 start=3072 layer=34 kind=gdn phase=gdn_prep_l2 gpu_ms=0.03
[prefill-layer-phase] chunk=3 start=3072 layer=34 kind=gdn phase=gdn_step gpu_ms=1.59
[prefill-layer-phase] chunk=3 start=3072 layer=34 kind=gdn phase=gdn_gated gpu_ms=0.11
[prefill-layer-phase] chunk=3 start=3072 layer=34 kind=gdn phase=gdn_back gpu_ms=1.30
[prefill-layer-phase] chunk=3 start=3072 layer=34 kind=gdn phase=mixer_resid gpu_ms=0.03
[prefill-layer-phase] chunk=3 start=3072 layer=34 kind=moe phase=post_norm gpu_ms=0.02
[prefill-layer-phase] chunk=3 start=3072 layer=34 kind=moe phase=route_fused gpu_ms=0.31
[prefill-layer-phase] chunk=3 start=3072 layer=34 kind=moe phase=routed_swiglu gpu_ms=3.89
[prefill-layer-phase] chunk=3 start=3072 layer=34 kind=moe phase=routed_down gpu_ms=2.19
[prefill-layer-phase] chunk=3 start=3072 layer=34 kind=moe phase=routed_reduce gpu_ms=0.14
[prefill-layer-phase] chunk=3 start=3072 layer=34 kind=moe phase=shared_packed gpu_ms=0.63
[prefill-layer-phase] chunk=3 start=3072 layer=35 kind=attn phase=pre_norm gpu_ms=0.02
[prefill-attn-phase] chunk=3 start=3072 layer=35 phase=proj gpu_ms=2.91
[prefill-attn-phase] chunk=3 start=3072 layer=35 phase=norm gpu_ms=0.29
[prefill-attn-phase] chunk=3 start=3072 layer=35 phase=rope_scatter gpu_ms=0.05
[prefill-attn-packed-shape] layer=35 chunk_start=3072 chunk_p=1024 group=8 packed_rows=4 qt=2 row_groups=256 dispatches=512 nwg=64 partial_rw_mib=2064.00
[prefill-attn-matrix-g8-shape] layer=35 chunk_start=3072 chunk_p=1024 query_rows=1024 query_tiles=1 n_pos=4096 score_tile_scratch_mib=136.00 vt_stride=4096 vt_layer_mib=4.00 vt_update_base=3072 vt_update_rows=1024 vt_update_mib=1.00
[prefill-attn-phase] chunk=3 start=3072 layer=35 phase=body_matrix_kq gpu_ms=2.26
[prefill-attn-phase] chunk=3 start=3072 layer=35 phase=body_matrix_kqv gpu_ms=2.25
[prefill-layer-phase] chunk=3 start=3072 layer=35 kind=attn phase=attn_back gpu_ms=1.39
[prefill-layer-phase] chunk=3 start=3072 layer=35 kind=attn phase=mixer_resid gpu_ms=0.03
[prefill-layer-phase] chunk=3 start=3072 layer=35 kind=moe phase=post_norm gpu_ms=0.02
[prefill-layer-phase] chunk=3 start=3072 layer=35 kind=moe phase=route_fused gpu_ms=0.31
[prefill-layer-phase] chunk=3 start=3072 layer=35 kind=moe phase=routed_swiglu gpu_ms=4.24
[prefill-layer-phase] chunk=3 start=3072 layer=35 kind=moe phase=routed_down gpu_ms=2.51
[prefill-layer-phase] chunk=3 start=3072 layer=35 kind=moe phase=routed_reduce gpu_ms=0.14
[prefill-layer-phase] chunk=3 start=3072 layer=35 kind=moe phase=shared_packed gpu_ms=0.64
[prefill-layer-phase] chunk=3 start=3072 layer=36 kind=gdn phase=pre_norm gpu_ms=0.02
[prefill-layer-phase] chunk=3 start=3072 layer=36 kind=gdn phase=gdn_qkv gpu_ms=2.53
[prefill-layer-phase] chunk=3 start=3072 layer=36 kind=gdn phase=gdn_z gpu_ms=1.29
[prefill-layer-phase] chunk=3 start=3072 layer=36 kind=gdn phase=gdn_beta_alpha gpu_ms=0.17
[prefill-layer-phase] chunk=3 start=3072 layer=36 kind=gdn phase=gdn_alpha_beta gpu_ms=0.00
[prefill-layer-phase] chunk=3 start=3072 layer=36 kind=gdn phase=gdn_prep_conv gpu_ms=0.43
[prefill-layer-phase] chunk=3 start=3072 layer=36 kind=gdn phase=gdn_prep_l2 gpu_ms=0.03
[prefill-layer-phase] chunk=3 start=3072 layer=36 kind=gdn phase=gdn_step gpu_ms=1.62
[prefill-layer-phase] chunk=3 start=3072 layer=36 kind=gdn phase=gdn_gated gpu_ms=0.11
[prefill-layer-phase] chunk=3 start=3072 layer=36 kind=gdn phase=gdn_back gpu_ms=1.30
[prefill-layer-phase] chunk=3 start=3072 layer=36 kind=gdn phase=mixer_resid gpu_ms=0.03
[prefill-layer-phase] chunk=3 start=3072 layer=36 kind=moe phase=post_norm gpu_ms=0.03
[prefill-layer-phase] chunk=3 start=3072 layer=36 kind=moe phase=route_fused gpu_ms=0.31
[prefill-layer-phase] chunk=3 start=3072 layer=36 kind=moe phase=routed_swiglu gpu_ms=4.10
[prefill-layer-phase] chunk=3 start=3072 layer=36 kind=moe phase=routed_down gpu_ms=2.34
[prefill-layer-phase] chunk=3 start=3072 layer=36 kind=moe phase=routed_reduce gpu_ms=0.14
[prefill-layer-phase] chunk=3 start=3072 layer=36 kind=moe phase=shared_packed gpu_ms=0.64
[prefill-layer-phase] chunk=3 start=3072 layer=37 kind=gdn phase=pre_norm gpu_ms=0.02
[prefill-layer-phase] chunk=3 start=3072 layer=37 kind=gdn phase=gdn_qkv gpu_ms=2.53
[prefill-layer-phase] chunk=3 start=3072 layer=37 kind=gdn phase=gdn_z gpu_ms=1.29
[prefill-layer-phase] chunk=3 start=3072 layer=37 kind=gdn phase=gdn_beta_alpha gpu_ms=0.17
[prefill-layer-phase] chunk=3 start=3072 layer=37 kind=gdn phase=gdn_alpha_beta gpu_ms=0.00
[prefill-layer-phase] chunk=3 start=3072 layer=37 kind=gdn phase=gdn_prep_conv gpu_ms=0.43
[prefill-layer-phase] chunk=3 start=3072 layer=37 kind=gdn phase=gdn_prep_l2 gpu_ms=0.03
[prefill-layer-phase] chunk=3 start=3072 layer=37 kind=gdn phase=gdn_step gpu_ms=1.58
[prefill-layer-phase] chunk=3 start=3072 layer=37 kind=gdn phase=gdn_gated gpu_ms=0.11
[prefill-layer-phase] chunk=3 start=3072 layer=37 kind=gdn phase=gdn_back gpu_ms=1.30
[prefill-layer-phase] chunk=3 start=3072 layer=37 kind=gdn phase=mixer_resid gpu_ms=0.03
[prefill-layer-phase] chunk=3 start=3072 layer=37 kind=moe phase=post_norm gpu_ms=0.02
[prefill-layer-phase] chunk=3 start=3072 layer=37 kind=moe phase=route_fused gpu_ms=0.31
[prefill-layer-phase] chunk=3 start=3072 layer=37 kind=moe phase=routed_swiglu gpu_ms=3.77
[prefill-layer-phase] chunk=3 start=3072 layer=37 kind=moe phase=routed_down gpu_ms=2.13
[prefill-layer-phase] chunk=3 start=3072 layer=37 kind=moe phase=routed_reduce gpu_ms=0.15
[prefill-layer-phase] chunk=3 start=3072 layer=37 kind=moe phase=shared_packed gpu_ms=0.64
[prefill-layer-phase] chunk=3 start=3072 layer=38 kind=gdn phase=pre_norm gpu_ms=0.02
[prefill-layer-phase] chunk=3 start=3072 layer=38 kind=gdn phase=gdn_qkv gpu_ms=2.53
[prefill-layer-phase] chunk=3 start=3072 layer=38 kind=gdn phase=gdn_z gpu_ms=1.29
[prefill-layer-phase] chunk=3 start=3072 layer=38 kind=gdn phase=gdn_beta_alpha gpu_ms=0.17
[prefill-layer-phase] chunk=3 start=3072 layer=38 kind=gdn phase=gdn_alpha_beta gpu_ms=0.00
[prefill-layer-phase] chunk=3 start=3072 layer=38 kind=gdn phase=gdn_prep_conv gpu_ms=0.43
[prefill-layer-phase] chunk=3 start=3072 layer=38 kind=gdn phase=gdn_prep_l2 gpu_ms=0.03
[prefill-layer-phase] chunk=3 start=3072 layer=38 kind=gdn phase=gdn_step gpu_ms=1.58
[prefill-layer-phase] chunk=3 start=3072 layer=38 kind=gdn phase=gdn_gated gpu_ms=0.11
[prefill-layer-phase] chunk=3 start=3072 layer=38 kind=gdn phase=gdn_back gpu_ms=1.30
[prefill-layer-phase] chunk=3 start=3072 layer=38 kind=gdn phase=mixer_resid gpu_ms=0.03
[prefill-layer-phase] chunk=3 start=3072 layer=38 kind=moe phase=post_norm gpu_ms=0.02
[prefill-layer-phase] chunk=3 start=3072 layer=38 kind=moe phase=route_fused gpu_ms=0.31
[prefill-layer-phase] chunk=3 start=3072 layer=38 kind=moe phase=routed_swiglu gpu_ms=3.83
[prefill-layer-phase] chunk=3 start=3072 layer=38 kind=moe phase=routed_down gpu_ms=2.03
[prefill-layer-phase] chunk=3 start=3072 layer=38 kind=moe phase=routed_reduce gpu_ms=0.14
[prefill-layer-phase] chunk=3 start=3072 layer=38 kind=moe phase=shared_packed gpu_ms=0.64
[prefill-layer-phase] chunk=3 start=3072 layer=39 kind=attn phase=pre_norm gpu_ms=0.02
[prefill-attn-phase] chunk=3 start=3072 layer=39 phase=proj gpu_ms=2.91
[prefill-attn-phase] chunk=3 start=3072 layer=39 phase=norm gpu_ms=0.29
[prefill-attn-phase] chunk=3 start=3072 layer=39 phase=rope_scatter gpu_ms=0.05
[prefill-attn-packed-shape] layer=39 chunk_start=3072 chunk_p=1024 group=8 packed_rows=4 qt=2 row_groups=256 dispatches=512 nwg=64 partial_rw_mib=2064.00
[prefill-attn-matrix-g8-shape] layer=39 chunk_start=3072 chunk_p=1024 query_rows=1024 query_tiles=1 n_pos=4096 score_tile_scratch_mib=136.00 vt_stride=4096 vt_layer_mib=4.00 vt_update_base=3072 vt_update_rows=1024 vt_update_mib=1.00
[prefill-attn-phase] chunk=3 start=3072 layer=39 phase=body_matrix_kq gpu_ms=2.26
[prefill-attn-phase] chunk=3 start=3072 layer=39 phase=body_matrix_kqv gpu_ms=2.25
[prefill-layer-phase] chunk=3 start=3072 layer=39 kind=attn phase=attn_back gpu_ms=1.39
[prefill-layer-phase] chunk=3 start=3072 layer=39 kind=attn phase=mixer_resid gpu_ms=0.03
[prefill-layer-phase] chunk=3 start=3072 layer=39 kind=moe phase=post_norm gpu_ms=0.02
[prefill-layer-phase] chunk=3 start=3072 layer=39 kind=moe phase=route_fused gpu_ms=0.31
[prefill-layer-phase] chunk=3 start=3072 layer=39 kind=moe phase=routed_swiglu gpu_ms=3.84
[prefill-layer-phase] chunk=3 start=3072 layer=39 kind=moe phase=routed_down gpu_ms=2.06
[prefill-layer-phase] chunk=3 start=3072 layer=39 kind=moe phase=routed_reduce gpu_ms=0.15
[prefill-layer-phase] chunk=3 start=3072 layer=39 kind=moe phase=shared_packed gpu_ms=0.64
[pp] run  3: wall   2888.3 ms  gpu   2413.4 ms  1418.12 t/s

[pp] === results ===
[pp] prompt: 4096 tokens in 2884.7 ms avg = 0.70 ms/token = 1419.90 +/- 2.17 t/s
[pp] gpu:    2412.2 ms avg = 0.59 ms/token = 83.6% of wall
[pp] note: session and scratch allocation are outside the timed interval; tail=skipped to match llama-bench pp logits policy.
