[pp] device: Apple M4 Max | unified_memory=true | max_threadgroup_memory=32768 bytes
[pp] power: source=AC Power battery=78% AC attached warning=none powermode_ac=2 powermode_battery=2 thermal_warning=false performance_warning=false
[metal-load] native quantized token embedding policy: auto-promoted (Q4_K [5120, 248320])
[metal-load-ledger] source=851/16806250496 direct_copy=851/16806250496 direct_view=0/0 direct_alias=0/0 tail_fallback=0/0 converted=0/0/0 derived=0/0
[pp] model=/Users/tito/models/Qwen3.6-27B-Q4_K_M.gguf source=synthetic token ids (seed=1) n_prompt=1024 runs=3 chunk=1024 tail=skip
[pp] lowering: gdn_batched=48/48 attn_batched=16/16 dense_ffn_batched=64/64 moe_gpu_token_loop=0/0
[pp] dtype sample gdn: qkv=Q6_K z=Q4_K out=Q5_K
[pp] dtype sample attn: q=Q4_K k=Q4_K v=Q6_K o=Q4_K
[prefill-layer-phase] chunk=0 start=0 layer=0 kind=gdn phase=pre_norm gpu_ms=1.45
[prefill-layer-phase] chunk=0 start=0 layer=0 kind=gdn phase=gdn_qkv gpu_ms=18.91
[prefill-layer-phase] chunk=0 start=0 layer=0 kind=gdn phase=gdn_z gpu_ms=4.95
[prefill-layer-phase] chunk=0 start=0 layer=0 kind=gdn phase=gdn_beta_alpha gpu_ms=0.45
[prefill-layer-phase] chunk=0 start=0 layer=0 kind=gdn phase=gdn_alpha_beta gpu_ms=0.01
[prefill-layer-phase] chunk=0 start=0 layer=0 kind=gdn phase=gdn_prep_conv gpu_ms=0.44
[prefill-layer-phase] chunk=0 start=0 layer=0 kind=gdn phase=gdn_prep_l2 gpu_ms=0.04
[prefill-layer-phase] chunk=0 start=0 layer=0 kind=gdn phase=gdn_step gpu_ms=2.29
[prefill-layer-phase] chunk=0 start=0 layer=0 kind=gdn phase=gdn_gated gpu_ms=0.17
[prefill-layer-phase] chunk=0 start=0 layer=0 kind=gdn phase=gdn_back gpu_ms=5.06
[prefill-layer-phase] chunk=0 start=0 layer=0 kind=gdn phase=mixer_resid gpu_ms=0.09
[prefill-layer-phase] chunk=0 start=0 layer=0 kind=gdn phase=ffn_norm gpu_ms=0.06
[prefill-layer-phase] chunk=0 start=0 layer=0 kind=gdn phase=ffn_gate gpu_ms=13.81
[prefill-layer-phase] chunk=0 start=0 layer=0 kind=gdn phase=ffn_up gpu_ms=13.81
[prefill-layer-phase] chunk=0 start=0 layer=0 kind=gdn phase=ffn_swiglu gpu_ms=0.43
[prefill-layer-phase] chunk=0 start=0 layer=0 kind=gdn phase=ffn_down gpu_ms=14.01
[prefill-layer-phase] chunk=0 start=0 layer=0 kind=gdn phase=ffn_resid gpu_ms=0.09
[prefill-layer-phase] chunk=0 start=0 layer=1 kind=gdn phase=pre_norm gpu_ms=0.05
[prefill-layer-phase] chunk=0 start=0 layer=1 kind=gdn phase=gdn_qkv gpu_ms=8.16
[prefill-layer-phase] chunk=0 start=0 layer=1 kind=gdn phase=gdn_z gpu_ms=4.95
[prefill-layer-phase] chunk=0 start=0 layer=1 kind=gdn phase=gdn_beta_alpha gpu_ms=0.45
[prefill-layer-phase] chunk=0 start=0 layer=1 kind=gdn phase=gdn_alpha_beta gpu_ms=0.01
[prefill-layer-phase] chunk=0 start=0 layer=1 kind=gdn phase=gdn_prep_conv gpu_ms=0.43
[prefill-layer-phase] chunk=0 start=0 layer=1 kind=gdn phase=gdn_prep_l2 gpu_ms=0.04
[prefill-layer-phase] chunk=0 start=0 layer=1 kind=gdn phase=gdn_step gpu_ms=2.31
[prefill-layer-phase] chunk=0 start=0 layer=1 kind=gdn phase=gdn_gated gpu_ms=0.16
[prefill-layer-phase] chunk=0 start=0 layer=1 kind=gdn phase=gdn_back gpu_ms=5.05
[prefill-layer-phase] chunk=0 start=0 layer=1 kind=gdn phase=mixer_resid gpu_ms=0.09
[prefill-layer-phase] chunk=0 start=0 layer=1 kind=gdn phase=ffn_norm gpu_ms=0.06
[prefill-layer-phase] chunk=0 start=0 layer=1 kind=gdn phase=ffn_gate gpu_ms=13.80
[prefill-layer-phase] chunk=0 start=0 layer=1 kind=gdn phase=ffn_up gpu_ms=13.80
[prefill-layer-phase] chunk=0 start=0 layer=1 kind=gdn phase=ffn_swiglu gpu_ms=0.41
[prefill-layer-phase] chunk=0 start=0 layer=1 kind=gdn phase=ffn_down gpu_ms=14.00
[prefill-layer-phase] chunk=0 start=0 layer=1 kind=gdn phase=ffn_resid gpu_ms=0.09
[prefill-layer-phase] chunk=0 start=0 layer=2 kind=gdn phase=pre_norm gpu_ms=0.06
[prefill-layer-phase] chunk=0 start=0 layer=2 kind=gdn phase=gdn_qkv gpu_ms=8.16
[prefill-layer-phase] chunk=0 start=0 layer=2 kind=gdn phase=gdn_z gpu_ms=4.95
[prefill-layer-phase] chunk=0 start=0 layer=2 kind=gdn phase=gdn_beta_alpha gpu_ms=0.45
[prefill-layer-phase] chunk=0 start=0 layer=2 kind=gdn phase=gdn_alpha_beta gpu_ms=0.01
[prefill-layer-phase] chunk=0 start=0 layer=2 kind=gdn phase=gdn_prep_conv gpu_ms=0.44
[prefill-layer-phase] chunk=0 start=0 layer=2 kind=gdn phase=gdn_prep_l2 gpu_ms=0.04
[prefill-layer-phase] chunk=0 start=0 layer=2 kind=gdn phase=gdn_step gpu_ms=2.34
[prefill-layer-phase] chunk=0 start=0 layer=2 kind=gdn phase=gdn_gated gpu_ms=0.16
[prefill-layer-phase] chunk=0 start=0 layer=2 kind=gdn phase=gdn_back gpu_ms=5.05
[prefill-layer-phase] chunk=0 start=0 layer=2 kind=gdn phase=mixer_resid gpu_ms=0.09
[prefill-layer-phase] chunk=0 start=0 layer=2 kind=gdn phase=ffn_norm gpu_ms=0.06
[prefill-layer-phase] chunk=0 start=0 layer=2 kind=gdn phase=ffn_gate gpu_ms=13.81
[prefill-layer-phase] chunk=0 start=0 layer=2 kind=gdn phase=ffn_up gpu_ms=13.80
[prefill-layer-phase] chunk=0 start=0 layer=2 kind=gdn phase=ffn_swiglu gpu_ms=0.41
[prefill-layer-phase] chunk=0 start=0 layer=2 kind=gdn phase=ffn_down gpu_ms=14.00
[prefill-layer-phase] chunk=0 start=0 layer=2 kind=gdn phase=ffn_resid gpu_ms=0.09
[prefill-layer-phase] chunk=0 start=0 layer=3 kind=attn phase=pre_norm gpu_ms=0.06
[prefill-attn-phase] chunk=0 start=0 layer=3 phase=proj gpu_ms=11.62
[prefill-attn-phase] chunk=0 start=0 layer=3 phase=norm gpu_ms=0.45
[prefill-attn-phase] chunk=0 start=0 layer=3 phase=rope_scatter gpu_ms=0.09
[prefill-attn-matrix-g6-shape] layer=3 chunk_start=0 chunk_p=1024 query_rows=1024 query_tiles=1 n_pos=1024 score_tile_scratch_mib=51.00 vt_stride=1024 vt_layer_mib=2.00 vt_update_base=0 vt_update_rows=1024 vt_update_mib=2.00
[prefill-attn-phase] chunk=0 start=0 layer=3 phase=body_matrix_kq gpu_ms=0.53
[prefill-attn-phase] chunk=0 start=0 layer=3 phase=body_matrix_kqv gpu_ms=0.51
[prefill-layer-phase] chunk=0 start=0 layer=3 kind=attn phase=attn_back gpu_ms=5.01
[prefill-layer-phase] chunk=0 start=0 layer=3 kind=attn phase=mixer_resid gpu_ms=0.10
[prefill-layer-phase] chunk=0 start=0 layer=3 kind=attn phase=ffn_norm gpu_ms=0.06
[prefill-layer-phase] chunk=0 start=0 layer=3 kind=attn phase=ffn_gate gpu_ms=13.80
[prefill-layer-phase] chunk=0 start=0 layer=3 kind=attn phase=ffn_up gpu_ms=13.81
[prefill-layer-phase] chunk=0 start=0 layer=3 kind=attn phase=ffn_swiglu gpu_ms=0.41
[prefill-layer-phase] chunk=0 start=0 layer=3 kind=attn phase=ffn_down gpu_ms=14.01
[prefill-layer-phase] chunk=0 start=0 layer=3 kind=attn phase=ffn_resid gpu_ms=0.09
[prefill-layer-phase] chunk=0 start=0 layer=4 kind=gdn phase=pre_norm gpu_ms=0.05
[prefill-layer-phase] chunk=0 start=0 layer=4 kind=gdn phase=gdn_qkv gpu_ms=8.16
[prefill-layer-phase] chunk=0 start=0 layer=4 kind=gdn phase=gdn_z gpu_ms=4.95
[prefill-layer-phase] chunk=0 start=0 layer=4 kind=gdn phase=gdn_beta_alpha gpu_ms=0.45
[prefill-layer-phase] chunk=0 start=0 layer=4 kind=gdn phase=gdn_alpha_beta gpu_ms=0.01
[prefill-layer-phase] chunk=0 start=0 layer=4 kind=gdn phase=gdn_prep_conv gpu_ms=0.43
[prefill-layer-phase] chunk=0 start=0 layer=4 kind=gdn phase=gdn_prep_l2 gpu_ms=0.04
[prefill-layer-phase] chunk=0 start=0 layer=4 kind=gdn phase=gdn_step gpu_ms=2.29
[prefill-layer-phase] chunk=0 start=0 layer=4 kind=gdn phase=gdn_gated gpu_ms=0.16
[prefill-layer-phase] chunk=0 start=0 layer=4 kind=gdn phase=gdn_back gpu_ms=5.05
[prefill-layer-phase] chunk=0 start=0 layer=4 kind=gdn phase=mixer_resid gpu_ms=0.09
[prefill-layer-phase] chunk=0 start=0 layer=4 kind=gdn phase=ffn_norm gpu_ms=0.06
[prefill-layer-phase] chunk=0 start=0 layer=4 kind=gdn phase=ffn_gate gpu_ms=13.81
[prefill-layer-phase] chunk=0 start=0 layer=4 kind=gdn phase=ffn_up gpu_ms=13.80
[prefill-layer-phase] chunk=0 start=0 layer=4 kind=gdn phase=ffn_swiglu gpu_ms=0.41
[prefill-layer-phase] chunk=0 start=0 layer=4 kind=gdn phase=ffn_down gpu_ms=14.00
[prefill-layer-phase] chunk=0 start=0 layer=4 kind=gdn phase=ffn_resid gpu_ms=0.09
[prefill-layer-phase] chunk=0 start=0 layer=5 kind=gdn phase=pre_norm gpu_ms=0.06
[prefill-layer-phase] chunk=0 start=0 layer=5 kind=gdn phase=gdn_qkv gpu_ms=8.16
[prefill-layer-phase] chunk=0 start=0 layer=5 kind=gdn phase=gdn_z gpu_ms=4.95
[prefill-layer-phase] chunk=0 start=0 layer=5 kind=gdn phase=gdn_beta_alpha gpu_ms=0.45
[prefill-layer-phase] chunk=0 start=0 layer=5 kind=gdn phase=gdn_alpha_beta gpu_ms=0.01
[prefill-layer-phase] chunk=0 start=0 layer=5 kind=gdn phase=gdn_prep_conv gpu_ms=0.44
[prefill-layer-phase] chunk=0 start=0 layer=5 kind=gdn phase=gdn_prep_l2 gpu_ms=0.04
[prefill-layer-phase] chunk=0 start=0 layer=5 kind=gdn phase=gdn_step gpu_ms=2.30
[prefill-layer-phase] chunk=0 start=0 layer=5 kind=gdn phase=gdn_gated gpu_ms=0.16
[prefill-layer-phase] chunk=0 start=0 layer=5 kind=gdn phase=gdn_back gpu_ms=5.05
[prefill-layer-phase] chunk=0 start=0 layer=5 kind=gdn phase=mixer_resid gpu_ms=0.09
[prefill-layer-phase] chunk=0 start=0 layer=5 kind=gdn phase=ffn_norm gpu_ms=0.06
[prefill-layer-phase] chunk=0 start=0 layer=5 kind=gdn phase=ffn_gate gpu_ms=13.81
[prefill-layer-phase] chunk=0 start=0 layer=5 kind=gdn phase=ffn_up gpu_ms=13.80
[prefill-layer-phase] chunk=0 start=0 layer=5 kind=gdn phase=ffn_swiglu gpu_ms=0.41
[prefill-layer-phase] chunk=0 start=0 layer=5 kind=gdn phase=ffn_down gpu_ms=14.00
[prefill-layer-phase] chunk=0 start=0 layer=5 kind=gdn phase=ffn_resid gpu_ms=0.09
[prefill-layer-phase] chunk=0 start=0 layer=6 kind=gdn phase=pre_norm gpu_ms=0.06
[prefill-layer-phase] chunk=0 start=0 layer=6 kind=gdn phase=gdn_qkv gpu_ms=8.16
[prefill-layer-phase] chunk=0 start=0 layer=6 kind=gdn phase=gdn_z gpu_ms=4.95
[prefill-layer-phase] chunk=0 start=0 layer=6 kind=gdn phase=gdn_beta_alpha gpu_ms=0.45
[prefill-layer-phase] chunk=0 start=0 layer=6 kind=gdn phase=gdn_alpha_beta gpu_ms=0.01
[prefill-layer-phase] chunk=0 start=0 layer=6 kind=gdn phase=gdn_prep_conv gpu_ms=0.43
[prefill-layer-phase] chunk=0 start=0 layer=6 kind=gdn phase=gdn_prep_l2 gpu_ms=0.04
[prefill-layer-phase] chunk=0 start=0 layer=6 kind=gdn phase=gdn_step gpu_ms=2.30
[prefill-layer-phase] chunk=0 start=0 layer=6 kind=gdn phase=gdn_gated gpu_ms=0.16
[prefill-layer-phase] chunk=0 start=0 layer=6 kind=gdn phase=gdn_back gpu_ms=5.05
[prefill-layer-phase] chunk=0 start=0 layer=6 kind=gdn phase=mixer_resid gpu_ms=0.09
[prefill-layer-phase] chunk=0 start=0 layer=6 kind=gdn phase=ffn_norm gpu_ms=0.06
[prefill-layer-phase] chunk=0 start=0 layer=6 kind=gdn phase=ffn_gate gpu_ms=13.80
[prefill-layer-phase] chunk=0 start=0 layer=6 kind=gdn phase=ffn_up gpu_ms=13.80
[prefill-layer-phase] chunk=0 start=0 layer=6 kind=gdn phase=ffn_swiglu gpu_ms=0.41
[prefill-layer-phase] chunk=0 start=0 layer=6 kind=gdn phase=ffn_down gpu_ms=14.00
[prefill-layer-phase] chunk=0 start=0 layer=6 kind=gdn phase=ffn_resid gpu_ms=0.09
[prefill-layer-phase] chunk=0 start=0 layer=7 kind=attn phase=pre_norm gpu_ms=0.06
[prefill-attn-phase] chunk=0 start=0 layer=7 phase=proj gpu_ms=11.62
[prefill-attn-phase] chunk=0 start=0 layer=7 phase=norm gpu_ms=0.44
[prefill-attn-phase] chunk=0 start=0 layer=7 phase=rope_scatter gpu_ms=0.09
[prefill-attn-matrix-g6-shape] layer=7 chunk_start=0 chunk_p=1024 query_rows=1024 query_tiles=1 n_pos=1024 score_tile_scratch_mib=51.00 vt_stride=1024 vt_layer_mib=2.00 vt_update_base=0 vt_update_rows=1024 vt_update_mib=2.00
[prefill-attn-phase] chunk=0 start=0 layer=7 phase=body_matrix_kq gpu_ms=0.52
[prefill-attn-phase] chunk=0 start=0 layer=7 phase=body_matrix_kqv gpu_ms=0.51
[prefill-layer-phase] chunk=0 start=0 layer=7 kind=attn phase=attn_back gpu_ms=5.01
[prefill-layer-phase] chunk=0 start=0 layer=7 kind=attn phase=mixer_resid gpu_ms=0.09
[prefill-layer-phase] chunk=0 start=0 layer=7 kind=attn phase=ffn_norm gpu_ms=0.06
[prefill-layer-phase] chunk=0 start=0 layer=7 kind=attn phase=ffn_gate gpu_ms=13.81
[prefill-layer-phase] chunk=0 start=0 layer=7 kind=attn phase=ffn_up gpu_ms=13.80
[prefill-layer-phase] chunk=0 start=0 layer=7 kind=attn phase=ffn_swiglu gpu_ms=0.41
[prefill-layer-phase] chunk=0 start=0 layer=7 kind=attn phase=ffn_down gpu_ms=14.00
[prefill-layer-phase] chunk=0 start=0 layer=7 kind=attn phase=ffn_resid gpu_ms=0.09
[prefill-layer-phase] chunk=0 start=0 layer=8 kind=gdn phase=pre_norm gpu_ms=0.06
[prefill-layer-phase] chunk=0 start=0 layer=8 kind=gdn phase=gdn_qkv gpu_ms=8.12
[prefill-layer-phase] chunk=0 start=0 layer=8 kind=gdn phase=gdn_z gpu_ms=4.95
[prefill-layer-phase] chunk=0 start=0 layer=8 kind=gdn phase=gdn_beta_alpha gpu_ms=0.45
[prefill-layer-phase] chunk=0 start=0 layer=8 kind=gdn phase=gdn_alpha_beta gpu_ms=0.01
[prefill-layer-phase] chunk=0 start=0 layer=8 kind=gdn phase=gdn_prep_conv gpu_ms=0.43
[prefill-layer-phase] chunk=0 start=0 layer=8 kind=gdn phase=gdn_prep_l2 gpu_ms=0.04
[prefill-layer-phase] chunk=0 start=0 layer=8 kind=gdn phase=gdn_step gpu_ms=2.28
[prefill-layer-phase] chunk=0 start=0 layer=8 kind=gdn phase=gdn_gated gpu_ms=0.16
[prefill-layer-phase] chunk=0 start=0 layer=8 kind=gdn phase=gdn_back gpu_ms=5.05
[prefill-layer-phase] chunk=0 start=0 layer=8 kind=gdn phase=mixer_resid gpu_ms=0.09
[prefill-layer-phase] chunk=0 start=0 layer=8 kind=gdn phase=ffn_norm gpu_ms=0.06
[prefill-layer-phase] chunk=0 start=0 layer=8 kind=gdn phase=ffn_gate gpu_ms=13.81
[prefill-layer-phase] chunk=0 start=0 layer=8 kind=gdn phase=ffn_up gpu_ms=13.80
[prefill-layer-phase] chunk=0 start=0 layer=8 kind=gdn phase=ffn_swiglu gpu_ms=0.41
[prefill-layer-phase] chunk=0 start=0 layer=8 kind=gdn phase=ffn_down gpu_ms=13.93
[prefill-layer-phase] chunk=0 start=0 layer=8 kind=gdn phase=ffn_resid gpu_ms=0.09
[prefill-layer-phase] chunk=0 start=0 layer=9 kind=gdn phase=pre_norm gpu_ms=0.06
[prefill-layer-phase] chunk=0 start=0 layer=9 kind=gdn phase=gdn_qkv gpu_ms=8.12
[prefill-layer-phase] chunk=0 start=0 layer=9 kind=gdn phase=gdn_z gpu_ms=4.95
[prefill-layer-phase] chunk=0 start=0 layer=9 kind=gdn phase=gdn_beta_alpha gpu_ms=0.45
[prefill-layer-phase] chunk=0 start=0 layer=9 kind=gdn phase=gdn_alpha_beta gpu_ms=0.01
[prefill-layer-phase] chunk=0 start=0 layer=9 kind=gdn phase=gdn_prep_conv gpu_ms=0.43
[prefill-layer-phase] chunk=0 start=0 layer=9 kind=gdn phase=gdn_prep_l2 gpu_ms=0.04
[prefill-layer-phase] chunk=0 start=0 layer=9 kind=gdn phase=gdn_step gpu_ms=2.30
[prefill-layer-phase] chunk=0 start=0 layer=9 kind=gdn phase=gdn_gated gpu_ms=0.16
[prefill-layer-phase] chunk=0 start=0 layer=9 kind=gdn phase=gdn_back gpu_ms=5.05
[prefill-layer-phase] chunk=0 start=0 layer=9 kind=gdn phase=mixer_resid gpu_ms=0.09
[prefill-layer-phase] chunk=0 start=0 layer=9 kind=gdn phase=ffn_norm gpu_ms=0.06
[prefill-layer-phase] chunk=0 start=0 layer=9 kind=gdn phase=ffn_gate gpu_ms=13.81
[prefill-layer-phase] chunk=0 start=0 layer=9 kind=gdn phase=ffn_up gpu_ms=13.80
[prefill-layer-phase] chunk=0 start=0 layer=9 kind=gdn phase=ffn_swiglu gpu_ms=0.41
[prefill-layer-phase] chunk=0 start=0 layer=9 kind=gdn phase=ffn_down gpu_ms=13.93
[prefill-layer-phase] chunk=0 start=0 layer=9 kind=gdn phase=ffn_resid gpu_ms=0.09
[prefill-layer-phase] chunk=0 start=0 layer=10 kind=gdn phase=pre_norm gpu_ms=0.06
[prefill-layer-phase] chunk=0 start=0 layer=10 kind=gdn phase=gdn_qkv gpu_ms=8.16
[prefill-layer-phase] chunk=0 start=0 layer=10 kind=gdn phase=gdn_z gpu_ms=4.95
[prefill-layer-phase] chunk=0 start=0 layer=10 kind=gdn phase=gdn_beta_alpha gpu_ms=0.45
[prefill-layer-phase] chunk=0 start=0 layer=10 kind=gdn phase=gdn_alpha_beta gpu_ms=0.01
[prefill-layer-phase] chunk=0 start=0 layer=10 kind=gdn phase=gdn_prep_conv gpu_ms=0.44
[prefill-layer-phase] chunk=0 start=0 layer=10 kind=gdn phase=gdn_prep_l2 gpu_ms=0.04
[prefill-layer-phase] chunk=0 start=0 layer=10 kind=gdn phase=gdn_step gpu_ms=2.38
[prefill-layer-phase] chunk=0 start=0 layer=10 kind=gdn phase=gdn_gated gpu_ms=0.16
[prefill-layer-phase] chunk=0 start=0 layer=10 kind=gdn phase=gdn_back gpu_ms=5.05
[prefill-layer-phase] chunk=0 start=0 layer=10 kind=gdn phase=mixer_resid gpu_ms=0.09
[prefill-layer-phase] chunk=0 start=0 layer=10 kind=gdn phase=ffn_norm gpu_ms=0.06
[prefill-layer-phase] chunk=0 start=0 layer=10 kind=gdn phase=ffn_gate gpu_ms=13.80
[prefill-layer-phase] chunk=0 start=0 layer=10 kind=gdn phase=ffn_up gpu_ms=13.80
[prefill-layer-phase] chunk=0 start=0 layer=10 kind=gdn phase=ffn_swiglu gpu_ms=0.41
[prefill-layer-phase] chunk=0 start=0 layer=10 kind=gdn phase=ffn_down gpu_ms=14.00
[prefill-layer-phase] chunk=0 start=0 layer=10 kind=gdn phase=ffn_resid gpu_ms=0.09
[prefill-layer-phase] chunk=0 start=0 layer=11 kind=attn phase=pre_norm gpu_ms=0.06
[prefill-attn-phase] chunk=0 start=0 layer=11 phase=proj gpu_ms=11.62
[prefill-attn-phase] chunk=0 start=0 layer=11 phase=norm gpu_ms=0.44
[prefill-attn-phase] chunk=0 start=0 layer=11 phase=rope_scatter gpu_ms=0.09
[prefill-attn-matrix-g6-shape] layer=11 chunk_start=0 chunk_p=1024 query_rows=1024 query_tiles=1 n_pos=1024 score_tile_scratch_mib=51.00 vt_stride=1024 vt_layer_mib=2.00 vt_update_base=0 vt_update_rows=1024 vt_update_mib=2.00
[prefill-attn-phase] chunk=0 start=0 layer=11 phase=body_matrix_kq gpu_ms=0.52
[prefill-attn-phase] chunk=0 start=0 layer=11 phase=body_matrix_kqv gpu_ms=0.51
[prefill-layer-phase] chunk=0 start=0 layer=11 kind=attn phase=attn_back gpu_ms=5.01
[prefill-layer-phase] chunk=0 start=0 layer=11 kind=attn phase=mixer_resid gpu_ms=0.10
[prefill-layer-phase] chunk=0 start=0 layer=11 kind=attn phase=ffn_norm gpu_ms=0.06
[prefill-layer-phase] chunk=0 start=0 layer=11 kind=attn phase=ffn_gate gpu_ms=13.81
[prefill-layer-phase] chunk=0 start=0 layer=11 kind=attn phase=ffn_up gpu_ms=13.80
[prefill-layer-phase] chunk=0 start=0 layer=11 kind=attn phase=ffn_swiglu gpu_ms=0.41
[prefill-layer-phase] chunk=0 start=0 layer=11 kind=attn phase=ffn_down gpu_ms=13.92
[prefill-layer-phase] chunk=0 start=0 layer=11 kind=attn phase=ffn_resid gpu_ms=0.09
[prefill-layer-phase] chunk=0 start=0 layer=12 kind=gdn phase=pre_norm gpu_ms=0.06
[prefill-layer-phase] chunk=0 start=0 layer=12 kind=gdn phase=gdn_qkv gpu_ms=8.12
[prefill-layer-phase] chunk=0 start=0 layer=12 kind=gdn phase=gdn_z gpu_ms=4.95
[prefill-layer-phase] chunk=0 start=0 layer=12 kind=gdn phase=gdn_beta_alpha gpu_ms=0.45
[prefill-layer-phase] chunk=0 start=0 layer=12 kind=gdn phase=gdn_alpha_beta gpu_ms=0.01
[prefill-layer-phase] chunk=0 start=0 layer=12 kind=gdn phase=gdn_prep_conv gpu_ms=0.44
[prefill-layer-phase] chunk=0 start=0 layer=12 kind=gdn phase=gdn_prep_l2 gpu_ms=0.04
[prefill-layer-phase] chunk=0 start=0 layer=12 kind=gdn phase=gdn_step gpu_ms=2.35
[prefill-layer-phase] chunk=0 start=0 layer=12 kind=gdn phase=gdn_gated gpu_ms=0.16
[prefill-layer-phase] chunk=0 start=0 layer=12 kind=gdn phase=gdn_back gpu_ms=5.05
[prefill-layer-phase] chunk=0 start=0 layer=12 kind=gdn phase=mixer_resid gpu_ms=0.09
[prefill-layer-phase] chunk=0 start=0 layer=12 kind=gdn phase=ffn_norm gpu_ms=0.06
[prefill-layer-phase] chunk=0 start=0 layer=12 kind=gdn phase=ffn_gate gpu_ms=13.80
[prefill-layer-phase] chunk=0 start=0 layer=12 kind=gdn phase=ffn_up gpu_ms=13.80
[prefill-layer-phase] chunk=0 start=0 layer=12 kind=gdn phase=ffn_swiglu gpu_ms=0.41
[prefill-layer-phase] chunk=0 start=0 layer=12 kind=gdn phase=ffn_down gpu_ms=13.93
[prefill-layer-phase] chunk=0 start=0 layer=12 kind=gdn phase=ffn_resid gpu_ms=0.09
[prefill-layer-phase] chunk=0 start=0 layer=13 kind=gdn phase=pre_norm gpu_ms=0.06
[prefill-layer-phase] chunk=0 start=0 layer=13 kind=gdn phase=gdn_qkv gpu_ms=8.16
[prefill-layer-phase] chunk=0 start=0 layer=13 kind=gdn phase=gdn_z gpu_ms=4.95
[prefill-layer-phase] chunk=0 start=0 layer=13 kind=gdn phase=gdn_beta_alpha gpu_ms=0.45
[prefill-layer-phase] chunk=0 start=0 layer=13 kind=gdn phase=gdn_alpha_beta gpu_ms=0.01
[prefill-layer-phase] chunk=0 start=0 layer=13 kind=gdn phase=gdn_prep_conv gpu_ms=0.43
[prefill-layer-phase] chunk=0 start=0 layer=13 kind=gdn phase=gdn_prep_l2 gpu_ms=0.04
[prefill-layer-phase] chunk=0 start=0 layer=13 kind=gdn phase=gdn_step gpu_ms=2.30
[prefill-layer-phase] chunk=0 start=0 layer=13 kind=gdn phase=gdn_gated gpu_ms=0.16
[prefill-layer-phase] chunk=0 start=0 layer=13 kind=gdn phase=gdn_back gpu_ms=5.05
[prefill-layer-phase] chunk=0 start=0 layer=13 kind=gdn phase=mixer_resid gpu_ms=0.09
[prefill-layer-phase] chunk=0 start=0 layer=13 kind=gdn phase=ffn_norm gpu_ms=0.06
[prefill-layer-phase] chunk=0 start=0 layer=13 kind=gdn phase=ffn_gate gpu_ms=13.81
[prefill-layer-phase] chunk=0 start=0 layer=13 kind=gdn phase=ffn_up gpu_ms=13.80
[prefill-layer-phase] chunk=0 start=0 layer=13 kind=gdn phase=ffn_swiglu gpu_ms=0.41
[prefill-layer-phase] chunk=0 start=0 layer=13 kind=gdn phase=ffn_down gpu_ms=14.00
[prefill-layer-phase] chunk=0 start=0 layer=13 kind=gdn phase=ffn_resid gpu_ms=0.09
[prefill-layer-phase] chunk=0 start=0 layer=14 kind=gdn phase=pre_norm gpu_ms=0.06
[prefill-layer-phase] chunk=0 start=0 layer=14 kind=gdn phase=gdn_qkv gpu_ms=8.12
[prefill-layer-phase] chunk=0 start=0 layer=14 kind=gdn phase=gdn_z gpu_ms=4.95
[prefill-layer-phase] chunk=0 start=0 layer=14 kind=gdn phase=gdn_beta_alpha gpu_ms=0.45
[prefill-layer-phase] chunk=0 start=0 layer=14 kind=gdn phase=gdn_alpha_beta gpu_ms=0.01
[prefill-layer-phase] chunk=0 start=0 layer=14 kind=gdn phase=gdn_prep_conv gpu_ms=0.43
[prefill-layer-phase] chunk=0 start=0 layer=14 kind=gdn phase=gdn_prep_l2 gpu_ms=0.04
[prefill-layer-phase] chunk=0 start=0 layer=14 kind=gdn phase=gdn_step gpu_ms=2.38
[prefill-layer-phase] chunk=0 start=0 layer=14 kind=gdn phase=gdn_gated gpu_ms=0.16
[prefill-layer-phase] chunk=0 start=0 layer=14 kind=gdn phase=gdn_back gpu_ms=5.05
[prefill-layer-phase] chunk=0 start=0 layer=14 kind=gdn phase=mixer_resid gpu_ms=0.09
[prefill-layer-phase] chunk=0 start=0 layer=14 kind=gdn phase=ffn_norm gpu_ms=0.06
[prefill-layer-phase] chunk=0 start=0 layer=14 kind=gdn phase=ffn_gate gpu_ms=13.81
[prefill-layer-phase] chunk=0 start=0 layer=14 kind=gdn phase=ffn_up gpu_ms=13.80
[prefill-layer-phase] chunk=0 start=0 layer=14 kind=gdn phase=ffn_swiglu gpu_ms=0.41
[prefill-layer-phase] chunk=0 start=0 layer=14 kind=gdn phase=ffn_down gpu_ms=13.93
[prefill-layer-phase] chunk=0 start=0 layer=14 kind=gdn phase=ffn_resid gpu_ms=0.09
[prefill-layer-phase] chunk=0 start=0 layer=15 kind=attn phase=pre_norm gpu_ms=0.06
[prefill-attn-phase] chunk=0 start=0 layer=15 phase=proj gpu_ms=11.61
[prefill-attn-phase] chunk=0 start=0 layer=15 phase=norm gpu_ms=0.45
[prefill-attn-phase] chunk=0 start=0 layer=15 phase=rope_scatter gpu_ms=0.09
[prefill-attn-matrix-g6-shape] layer=15 chunk_start=0 chunk_p=1024 query_rows=1024 query_tiles=1 n_pos=1024 score_tile_scratch_mib=51.00 vt_stride=1024 vt_layer_mib=2.00 vt_update_base=0 vt_update_rows=1024 vt_update_mib=2.00
[prefill-attn-phase] chunk=0 start=0 layer=15 phase=body_matrix_kq gpu_ms=0.52
[prefill-attn-phase] chunk=0 start=0 layer=15 phase=body_matrix_kqv gpu_ms=0.51
[prefill-layer-phase] chunk=0 start=0 layer=15 kind=attn phase=attn_back gpu_ms=5.01
[prefill-layer-phase] chunk=0 start=0 layer=15 kind=attn phase=mixer_resid gpu_ms=0.09
[prefill-layer-phase] chunk=0 start=0 layer=15 kind=attn phase=ffn_norm gpu_ms=0.06
[prefill-layer-phase] chunk=0 start=0 layer=15 kind=attn phase=ffn_gate gpu_ms=13.80
[prefill-layer-phase] chunk=0 start=0 layer=15 kind=attn phase=ffn_up gpu_ms=13.80
[prefill-layer-phase] chunk=0 start=0 layer=15 kind=attn phase=ffn_swiglu gpu_ms=0.41
[prefill-layer-phase] chunk=0 start=0 layer=15 kind=attn phase=ffn_down gpu_ms=13.92
[prefill-layer-phase] chunk=0 start=0 layer=15 kind=attn phase=ffn_resid gpu_ms=0.09
[prefill-layer-phase] chunk=0 start=0 layer=16 kind=gdn phase=pre_norm gpu_ms=0.06
[prefill-layer-phase] chunk=0 start=0 layer=16 kind=gdn phase=gdn_qkv gpu_ms=8.16
[prefill-layer-phase] chunk=0 start=0 layer=16 kind=gdn phase=gdn_z gpu_ms=4.95
[prefill-layer-phase] chunk=0 start=0 layer=16 kind=gdn phase=gdn_beta_alpha gpu_ms=0.45
[prefill-layer-phase] chunk=0 start=0 layer=16 kind=gdn phase=gdn_alpha_beta gpu_ms=0.01
[prefill-layer-phase] chunk=0 start=0 layer=16 kind=gdn phase=gdn_prep_conv gpu_ms=0.44
[prefill-layer-phase] chunk=0 start=0 layer=16 kind=gdn phase=gdn_prep_l2 gpu_ms=0.04
[prefill-layer-phase] chunk=0 start=0 layer=16 kind=gdn phase=gdn_step gpu_ms=2.34
[prefill-layer-phase] chunk=0 start=0 layer=16 kind=gdn phase=gdn_gated gpu_ms=0.15
[prefill-layer-phase] chunk=0 start=0 layer=16 kind=gdn phase=gdn_back gpu_ms=5.05
[prefill-layer-phase] chunk=0 start=0 layer=16 kind=gdn phase=mixer_resid gpu_ms=0.09
[prefill-layer-phase] chunk=0 start=0 layer=16 kind=gdn phase=ffn_norm gpu_ms=0.06
[prefill-layer-phase] chunk=0 start=0 layer=16 kind=gdn phase=ffn_gate gpu_ms=13.81
[prefill-layer-phase] chunk=0 start=0 layer=16 kind=gdn phase=ffn_up gpu_ms=13.80
[prefill-layer-phase] chunk=0 start=0 layer=16 kind=gdn phase=ffn_swiglu gpu_ms=0.41
[prefill-layer-phase] chunk=0 start=0 layer=16 kind=gdn phase=ffn_down gpu_ms=13.99
[prefill-layer-phase] chunk=0 start=0 layer=16 kind=gdn phase=ffn_resid gpu_ms=0.09
[prefill-layer-phase] chunk=0 start=0 layer=17 kind=gdn phase=pre_norm gpu_ms=0.06
[prefill-layer-phase] chunk=0 start=0 layer=17 kind=gdn phase=gdn_qkv gpu_ms=8.12
[prefill-layer-phase] chunk=0 start=0 layer=17 kind=gdn phase=gdn_z gpu_ms=4.95
[prefill-layer-phase] chunk=0 start=0 layer=17 kind=gdn phase=gdn_beta_alpha gpu_ms=0.45
[prefill-layer-phase] chunk=0 start=0 layer=17 kind=gdn phase=gdn_alpha_beta gpu_ms=0.01
[prefill-layer-phase] chunk=0 start=0 layer=17 kind=gdn phase=gdn_prep_conv gpu_ms=0.44
[prefill-layer-phase] chunk=0 start=0 layer=17 kind=gdn phase=gdn_prep_l2 gpu_ms=0.04
[prefill-layer-phase] chunk=0 start=0 layer=17 kind=gdn phase=gdn_step gpu_ms=2.25
[prefill-layer-phase] chunk=0 start=0 layer=17 kind=gdn phase=gdn_gated gpu_ms=0.16
[prefill-layer-phase] chunk=0 start=0 layer=17 kind=gdn phase=gdn_back gpu_ms=5.05
[prefill-layer-phase] chunk=0 start=0 layer=17 kind=gdn phase=mixer_resid gpu_ms=0.09
[prefill-layer-phase] chunk=0 start=0 layer=17 kind=gdn phase=ffn_norm gpu_ms=0.06
[prefill-layer-phase] chunk=0 start=0 layer=17 kind=gdn phase=ffn_gate gpu_ms=13.81
[prefill-layer-phase] chunk=0 start=0 layer=17 kind=gdn phase=ffn_up gpu_ms=13.80
[prefill-layer-phase] chunk=0 start=0 layer=17 kind=gdn phase=ffn_swiglu gpu_ms=0.41
[prefill-layer-phase] chunk=0 start=0 layer=17 kind=gdn phase=ffn_down gpu_ms=13.92
[prefill-layer-phase] chunk=0 start=0 layer=17 kind=gdn phase=ffn_resid gpu_ms=0.09
[prefill-layer-phase] chunk=0 start=0 layer=18 kind=gdn phase=pre_norm gpu_ms=0.06
[prefill-layer-phase] chunk=0 start=0 layer=18 kind=gdn phase=gdn_qkv gpu_ms=8.12
[prefill-layer-phase] chunk=0 start=0 layer=18 kind=gdn phase=gdn_z gpu_ms=4.96
[prefill-layer-phase] chunk=0 start=0 layer=18 kind=gdn phase=gdn_beta_alpha gpu_ms=0.45
[prefill-layer-phase] chunk=0 start=0 layer=18 kind=gdn phase=gdn_alpha_beta gpu_ms=0.01
[prefill-layer-phase] chunk=0 start=0 layer=18 kind=gdn phase=gdn_prep_conv gpu_ms=0.44
[prefill-layer-phase] chunk=0 start=0 layer=18 kind=gdn phase=gdn_prep_l2 gpu_ms=0.04
[prefill-layer-phase] chunk=0 start=0 layer=18 kind=gdn phase=gdn_step gpu_ms=2.34
[prefill-layer-phase] chunk=0 start=0 layer=18 kind=gdn phase=gdn_gated gpu_ms=0.15
[prefill-layer-phase] chunk=0 start=0 layer=18 kind=gdn phase=gdn_back gpu_ms=5.05
[prefill-layer-phase] chunk=0 start=0 layer=18 kind=gdn phase=mixer_resid gpu_ms=0.09
[prefill-layer-phase] chunk=0 start=0 layer=18 kind=gdn phase=ffn_norm gpu_ms=0.06
[prefill-layer-phase] chunk=0 start=0 layer=18 kind=gdn phase=ffn_gate gpu_ms=13.81
[prefill-layer-phase] chunk=0 start=0 layer=18 kind=gdn phase=ffn_up gpu_ms=13.80
[prefill-layer-phase] chunk=0 start=0 layer=18 kind=gdn phase=ffn_swiglu gpu_ms=0.41
[prefill-layer-phase] chunk=0 start=0 layer=18 kind=gdn phase=ffn_down gpu_ms=13.92
[prefill-layer-phase] chunk=0 start=0 layer=18 kind=gdn phase=ffn_resid gpu_ms=0.09
[prefill-layer-phase] chunk=0 start=0 layer=19 kind=attn phase=pre_norm gpu_ms=0.06
[prefill-attn-phase] chunk=0 start=0 layer=19 phase=proj gpu_ms=11.62
[prefill-attn-phase] chunk=0 start=0 layer=19 phase=norm gpu_ms=0.44
[prefill-attn-phase] chunk=0 start=0 layer=19 phase=rope_scatter gpu_ms=0.09
[prefill-attn-matrix-g6-shape] layer=19 chunk_start=0 chunk_p=1024 query_rows=1024 query_tiles=1 n_pos=1024 score_tile_scratch_mib=51.00 vt_stride=1024 vt_layer_mib=2.00 vt_update_base=0 vt_update_rows=1024 vt_update_mib=2.00
[prefill-attn-phase] chunk=0 start=0 layer=19 phase=body_matrix_kq gpu_ms=0.52
[prefill-attn-phase] chunk=0 start=0 layer=19 phase=body_matrix_kqv gpu_ms=0.51
[prefill-layer-phase] chunk=0 start=0 layer=19 kind=attn phase=attn_back gpu_ms=5.01
[prefill-layer-phase] chunk=0 start=0 layer=19 kind=attn phase=mixer_resid gpu_ms=0.10
[prefill-layer-phase] chunk=0 start=0 layer=19 kind=attn phase=ffn_norm gpu_ms=0.06
[prefill-layer-phase] chunk=0 start=0 layer=19 kind=attn phase=ffn_gate gpu_ms=13.80
[prefill-layer-phase] chunk=0 start=0 layer=19 kind=attn phase=ffn_up gpu_ms=13.81
[prefill-layer-phase] chunk=0 start=0 layer=19 kind=attn phase=ffn_swiglu gpu_ms=0.41
[prefill-layer-phase] chunk=0 start=0 layer=19 kind=attn phase=ffn_down gpu_ms=13.99
[prefill-layer-phase] chunk=0 start=0 layer=19 kind=attn phase=ffn_resid gpu_ms=0.09
[prefill-layer-phase] chunk=0 start=0 layer=20 kind=gdn phase=pre_norm gpu_ms=0.06
[prefill-layer-phase] chunk=0 start=0 layer=20 kind=gdn phase=gdn_qkv gpu_ms=8.13
[prefill-layer-phase] chunk=0 start=0 layer=20 kind=gdn phase=gdn_z gpu_ms=4.95
[prefill-layer-phase] chunk=0 start=0 layer=20 kind=gdn phase=gdn_beta_alpha gpu_ms=0.45
[prefill-layer-phase] chunk=0 start=0 layer=20 kind=gdn phase=gdn_alpha_beta gpu_ms=0.01
[prefill-layer-phase] chunk=0 start=0 layer=20 kind=gdn phase=gdn_prep_conv gpu_ms=0.44
[prefill-layer-phase] chunk=0 start=0 layer=20 kind=gdn phase=gdn_prep_l2 gpu_ms=0.04
[prefill-layer-phase] chunk=0 start=0 layer=20 kind=gdn phase=gdn_step gpu_ms=2.27
[prefill-layer-phase] chunk=0 start=0 layer=20 kind=gdn phase=gdn_gated gpu_ms=0.16
[prefill-layer-phase] chunk=0 start=0 layer=20 kind=gdn phase=gdn_back gpu_ms=5.06
[prefill-layer-phase] chunk=0 start=0 layer=20 kind=gdn phase=mixer_resid gpu_ms=0.09
[prefill-layer-phase] chunk=0 start=0 layer=20 kind=gdn phase=ffn_norm gpu_ms=0.06
[prefill-layer-phase] chunk=0 start=0 layer=20 kind=gdn phase=ffn_gate gpu_ms=13.80
[prefill-layer-phase] chunk=0 start=0 layer=20 kind=gdn phase=ffn_up gpu_ms=13.80
[prefill-layer-phase] chunk=0 start=0 layer=20 kind=gdn phase=ffn_swiglu gpu_ms=0.41
[prefill-layer-phase] chunk=0 start=0 layer=20 kind=gdn phase=ffn_down gpu_ms=13.92
[prefill-layer-phase] chunk=0 start=0 layer=20 kind=gdn phase=ffn_resid gpu_ms=0.09
[prefill-layer-phase] chunk=0 start=0 layer=21 kind=gdn phase=pre_norm gpu_ms=0.06
[prefill-layer-phase] chunk=0 start=0 layer=21 kind=gdn phase=gdn_qkv gpu_ms=8.12
[prefill-layer-phase] chunk=0 start=0 layer=21 kind=gdn phase=gdn_z gpu_ms=4.95
[prefill-layer-phase] chunk=0 start=0 layer=21 kind=gdn phase=gdn_beta_alpha gpu_ms=0.45
[prefill-layer-phase] chunk=0 start=0 layer=21 kind=gdn phase=gdn_alpha_beta gpu_ms=0.01
[prefill-layer-phase] chunk=0 start=0 layer=21 kind=gdn phase=gdn_prep_conv gpu_ms=0.43
[prefill-layer-phase] chunk=0 start=0 layer=21 kind=gdn phase=gdn_prep_l2 gpu_ms=0.04
[prefill-layer-phase] chunk=0 start=0 layer=21 kind=gdn phase=gdn_step gpu_ms=2.28
[prefill-layer-phase] chunk=0 start=0 layer=21 kind=gdn phase=gdn_gated gpu_ms=0.16
[prefill-layer-phase] chunk=0 start=0 layer=21 kind=gdn phase=gdn_back gpu_ms=5.05
[prefill-layer-phase] chunk=0 start=0 layer=21 kind=gdn phase=mixer_resid gpu_ms=0.09
[prefill-layer-phase] chunk=0 start=0 layer=21 kind=gdn phase=ffn_norm gpu_ms=0.06
[prefill-layer-phase] chunk=0 start=0 layer=21 kind=gdn phase=ffn_gate gpu_ms=13.81
[prefill-layer-phase] chunk=0 start=0 layer=21 kind=gdn phase=ffn_up gpu_ms=13.80
[prefill-layer-phase] chunk=0 start=0 layer=21 kind=gdn phase=ffn_swiglu gpu_ms=0.41
[prefill-layer-phase] chunk=0 start=0 layer=21 kind=gdn phase=ffn_down gpu_ms=13.92
[prefill-layer-phase] chunk=0 start=0 layer=21 kind=gdn phase=ffn_resid gpu_ms=0.09
[prefill-layer-phase] chunk=0 start=0 layer=22 kind=gdn phase=pre_norm gpu_ms=0.06
[prefill-layer-phase] chunk=0 start=0 layer=22 kind=gdn phase=gdn_qkv gpu_ms=8.16
[prefill-layer-phase] chunk=0 start=0 layer=22 kind=gdn phase=gdn_z gpu_ms=4.95
[prefill-layer-phase] chunk=0 start=0 layer=22 kind=gdn phase=gdn_beta_alpha gpu_ms=0.45
[prefill-layer-phase] chunk=0 start=0 layer=22 kind=gdn phase=gdn_alpha_beta gpu_ms=0.01
[prefill-layer-phase] chunk=0 start=0 layer=22 kind=gdn phase=gdn_prep_conv gpu_ms=0.43
[prefill-layer-phase] chunk=0 start=0 layer=22 kind=gdn phase=gdn_prep_l2 gpu_ms=0.04
[prefill-layer-phase] chunk=0 start=0 layer=22 kind=gdn phase=gdn_step gpu_ms=2.29
[prefill-layer-phase] chunk=0 start=0 layer=22 kind=gdn phase=gdn_gated gpu_ms=0.16
[prefill-layer-phase] chunk=0 start=0 layer=22 kind=gdn phase=gdn_back gpu_ms=5.05
[prefill-layer-phase] chunk=0 start=0 layer=22 kind=gdn phase=mixer_resid gpu_ms=0.09
[prefill-layer-phase] chunk=0 start=0 layer=22 kind=gdn phase=ffn_norm gpu_ms=0.06
[prefill-layer-phase] chunk=0 start=0 layer=22 kind=gdn phase=ffn_gate gpu_ms=13.81
[prefill-layer-phase] chunk=0 start=0 layer=22 kind=gdn phase=ffn_up gpu_ms=13.80
[prefill-layer-phase] chunk=0 start=0 layer=22 kind=gdn phase=ffn_swiglu gpu_ms=0.41
[prefill-layer-phase] chunk=0 start=0 layer=22 kind=gdn phase=ffn_down gpu_ms=14.00
[prefill-layer-phase] chunk=0 start=0 layer=22 kind=gdn phase=ffn_resid gpu_ms=0.09
[prefill-layer-phase] chunk=0 start=0 layer=23 kind=attn phase=pre_norm gpu_ms=0.06
[prefill-attn-phase] chunk=0 start=0 layer=23 phase=proj gpu_ms=11.61
[prefill-attn-phase] chunk=0 start=0 layer=23 phase=norm gpu_ms=0.44
[prefill-attn-phase] chunk=0 start=0 layer=23 phase=rope_scatter gpu_ms=0.09
[prefill-attn-matrix-g6-shape] layer=23 chunk_start=0 chunk_p=1024 query_rows=1024 query_tiles=1 n_pos=1024 score_tile_scratch_mib=51.00 vt_stride=1024 vt_layer_mib=2.00 vt_update_base=0 vt_update_rows=1024 vt_update_mib=2.00
[prefill-attn-phase] chunk=0 start=0 layer=23 phase=body_matrix_kq gpu_ms=0.52
[prefill-attn-phase] chunk=0 start=0 layer=23 phase=body_matrix_kqv gpu_ms=0.52
[prefill-layer-phase] chunk=0 start=0 layer=23 kind=attn phase=attn_back gpu_ms=5.02
[prefill-layer-phase] chunk=0 start=0 layer=23 kind=attn phase=mixer_resid gpu_ms=0.09
[prefill-layer-phase] chunk=0 start=0 layer=23 kind=attn phase=ffn_norm gpu_ms=0.06
[prefill-layer-phase] chunk=0 start=0 layer=23 kind=attn phase=ffn_gate gpu_ms=13.81
[prefill-layer-phase] chunk=0 start=0 layer=23 kind=attn phase=ffn_up gpu_ms=13.81
[prefill-layer-phase] chunk=0 start=0 layer=23 kind=attn phase=ffn_swiglu gpu_ms=0.41
[prefill-layer-phase] chunk=0 start=0 layer=23 kind=attn phase=ffn_down gpu_ms=13.93
[prefill-layer-phase] chunk=0 start=0 layer=23 kind=attn phase=ffn_resid gpu_ms=0.09
[prefill-layer-phase] chunk=0 start=0 layer=24 kind=gdn phase=pre_norm gpu_ms=0.06
[prefill-layer-phase] chunk=0 start=0 layer=24 kind=gdn phase=gdn_qkv gpu_ms=8.12
[prefill-layer-phase] chunk=0 start=0 layer=24 kind=gdn phase=gdn_z gpu_ms=4.95
[prefill-layer-phase] chunk=0 start=0 layer=24 kind=gdn phase=gdn_beta_alpha gpu_ms=0.45
[prefill-layer-phase] chunk=0 start=0 layer=24 kind=gdn phase=gdn_alpha_beta gpu_ms=0.01
[prefill-layer-phase] chunk=0 start=0 layer=24 kind=gdn phase=gdn_prep_conv gpu_ms=0.44
[prefill-layer-phase] chunk=0 start=0 layer=24 kind=gdn phase=gdn_prep_l2 gpu_ms=0.04
[prefill-layer-phase] chunk=0 start=0 layer=24 kind=gdn phase=gdn_step gpu_ms=2.28
[prefill-layer-phase] chunk=0 start=0 layer=24 kind=gdn phase=gdn_gated gpu_ms=0.16
[prefill-layer-phase] chunk=0 start=0 layer=24 kind=gdn phase=gdn_back gpu_ms=5.05
[prefill-layer-phase] chunk=0 start=0 layer=24 kind=gdn phase=mixer_resid gpu_ms=0.09
[prefill-layer-phase] chunk=0 start=0 layer=24 kind=gdn phase=ffn_norm gpu_ms=0.06
[prefill-layer-phase] chunk=0 start=0 layer=24 kind=gdn phase=ffn_gate gpu_ms=13.81
[prefill-layer-phase] chunk=0 start=0 layer=24 kind=gdn phase=ffn_up gpu_ms=13.80
[prefill-layer-phase] chunk=0 start=0 layer=24 kind=gdn phase=ffn_swiglu gpu_ms=0.41
[prefill-layer-phase] chunk=0 start=0 layer=24 kind=gdn phase=ffn_down gpu_ms=13.93
[prefill-layer-phase] chunk=0 start=0 layer=24 kind=gdn phase=ffn_resid gpu_ms=0.09
[prefill-layer-phase] chunk=0 start=0 layer=25 kind=gdn phase=pre_norm gpu_ms=0.06
[prefill-layer-phase] chunk=0 start=0 layer=25 kind=gdn phase=gdn_qkv gpu_ms=8.16
[prefill-layer-phase] chunk=0 start=0 layer=25 kind=gdn phase=gdn_z gpu_ms=4.95
[prefill-layer-phase] chunk=0 start=0 layer=25 kind=gdn phase=gdn_beta_alpha gpu_ms=0.45
[prefill-layer-phase] chunk=0 start=0 layer=25 kind=gdn phase=gdn_alpha_beta gpu_ms=0.01
[prefill-layer-phase] chunk=0 start=0 layer=25 kind=gdn phase=gdn_prep_conv gpu_ms=0.43
[prefill-layer-phase] chunk=0 start=0 layer=25 kind=gdn phase=gdn_prep_l2 gpu_ms=0.04
[prefill-layer-phase] chunk=0 start=0 layer=25 kind=gdn phase=gdn_step gpu_ms=2.30
[prefill-layer-phase] chunk=0 start=0 layer=25 kind=gdn phase=gdn_gated gpu_ms=0.16
[prefill-layer-phase] chunk=0 start=0 layer=25 kind=gdn phase=gdn_back gpu_ms=5.05
[prefill-layer-phase] chunk=0 start=0 layer=25 kind=gdn phase=mixer_resid gpu_ms=0.09
[prefill-layer-phase] chunk=0 start=0 layer=25 kind=gdn phase=ffn_norm gpu_ms=0.06
[prefill-layer-phase] chunk=0 start=0 layer=25 kind=gdn phase=ffn_gate gpu_ms=13.80
[prefill-layer-phase] chunk=0 start=0 layer=25 kind=gdn phase=ffn_up gpu_ms=13.80
[prefill-layer-phase] chunk=0 start=0 layer=25 kind=gdn phase=ffn_swiglu gpu_ms=0.41
[prefill-layer-phase] chunk=0 start=0 layer=25 kind=gdn phase=ffn_down gpu_ms=14.00
[prefill-layer-phase] chunk=0 start=0 layer=25 kind=gdn phase=ffn_resid gpu_ms=0.09
[prefill-layer-phase] chunk=0 start=0 layer=26 kind=gdn phase=pre_norm gpu_ms=0.06
[prefill-layer-phase] chunk=0 start=0 layer=26 kind=gdn phase=gdn_qkv gpu_ms=8.12
[prefill-layer-phase] chunk=0 start=0 layer=26 kind=gdn phase=gdn_z gpu_ms=4.95
[prefill-layer-phase] chunk=0 start=0 layer=26 kind=gdn phase=gdn_beta_alpha gpu_ms=0.45
[prefill-layer-phase] chunk=0 start=0 layer=26 kind=gdn phase=gdn_alpha_beta gpu_ms=0.01
[prefill-layer-phase] chunk=0 start=0 layer=26 kind=gdn phase=gdn_prep_conv gpu_ms=0.43
[prefill-layer-phase] chunk=0 start=0 layer=26 kind=gdn phase=gdn_prep_l2 gpu_ms=0.04
[prefill-layer-phase] chunk=0 start=0 layer=26 kind=gdn phase=gdn_step gpu_ms=2.31
[prefill-layer-phase] chunk=0 start=0 layer=26 kind=gdn phase=gdn_gated gpu_ms=0.16
[prefill-layer-phase] chunk=0 start=0 layer=26 kind=gdn phase=gdn_back gpu_ms=5.05
[prefill-layer-phase] chunk=0 start=0 layer=26 kind=gdn phase=mixer_resid gpu_ms=0.09
[prefill-layer-phase] chunk=0 start=0 layer=26 kind=gdn phase=ffn_norm gpu_ms=0.06
[prefill-layer-phase] chunk=0 start=0 layer=26 kind=gdn phase=ffn_gate gpu_ms=13.81
[prefill-layer-phase] chunk=0 start=0 layer=26 kind=gdn phase=ffn_up gpu_ms=13.81
[prefill-layer-phase] chunk=0 start=0 layer=26 kind=gdn phase=ffn_swiglu gpu_ms=0.41
[prefill-layer-phase] chunk=0 start=0 layer=26 kind=gdn phase=ffn_down gpu_ms=13.93
[prefill-layer-phase] chunk=0 start=0 layer=26 kind=gdn phase=ffn_resid gpu_ms=0.09
[prefill-layer-phase] chunk=0 start=0 layer=27 kind=attn phase=pre_norm gpu_ms=0.06
[prefill-attn-phase] chunk=0 start=0 layer=27 phase=proj gpu_ms=11.61
[prefill-attn-phase] chunk=0 start=0 layer=27 phase=norm gpu_ms=0.44
[prefill-attn-phase] chunk=0 start=0 layer=27 phase=rope_scatter gpu_ms=0.09
[prefill-attn-matrix-g6-shape] layer=27 chunk_start=0 chunk_p=1024 query_rows=1024 query_tiles=1 n_pos=1024 score_tile_scratch_mib=51.00 vt_stride=1024 vt_layer_mib=2.00 vt_update_base=0 vt_update_rows=1024 vt_update_mib=2.00
[prefill-attn-phase] chunk=0 start=0 layer=27 phase=body_matrix_kq gpu_ms=0.52
[prefill-attn-phase] chunk=0 start=0 layer=27 phase=body_matrix_kqv gpu_ms=0.51
[prefill-layer-phase] chunk=0 start=0 layer=27 kind=attn phase=attn_back gpu_ms=5.01
[prefill-layer-phase] chunk=0 start=0 layer=27 kind=attn phase=mixer_resid gpu_ms=0.10
[prefill-layer-phase] chunk=0 start=0 layer=27 kind=attn phase=ffn_norm gpu_ms=0.06
[prefill-layer-phase] chunk=0 start=0 layer=27 kind=attn phase=ffn_gate gpu_ms=13.80
[prefill-layer-phase] chunk=0 start=0 layer=27 kind=attn phase=ffn_up gpu_ms=13.81
[prefill-layer-phase] chunk=0 start=0 layer=27 kind=attn phase=ffn_swiglu gpu_ms=0.41
[prefill-layer-phase] chunk=0 start=0 layer=27 kind=attn phase=ffn_down gpu_ms=13.92
[prefill-layer-phase] chunk=0 start=0 layer=27 kind=attn phase=ffn_resid gpu_ms=0.09
[prefill-layer-phase] chunk=0 start=0 layer=28 kind=gdn phase=pre_norm gpu_ms=0.06
[prefill-layer-phase] chunk=0 start=0 layer=28 kind=gdn phase=gdn_qkv gpu_ms=8.16
[prefill-layer-phase] chunk=0 start=0 layer=28 kind=gdn phase=gdn_z gpu_ms=4.95
[prefill-layer-phase] chunk=0 start=0 layer=28 kind=gdn phase=gdn_beta_alpha gpu_ms=0.45
[prefill-layer-phase] chunk=0 start=0 layer=28 kind=gdn phase=gdn_alpha_beta gpu_ms=0.01
[prefill-layer-phase] chunk=0 start=0 layer=28 kind=gdn phase=gdn_prep_conv gpu_ms=0.43
[prefill-layer-phase] chunk=0 start=0 layer=28 kind=gdn phase=gdn_prep_l2 gpu_ms=0.04
[prefill-layer-phase] chunk=0 start=0 layer=28 kind=gdn phase=gdn_step gpu_ms=2.31
[prefill-layer-phase] chunk=0 start=0 layer=28 kind=gdn phase=gdn_gated gpu_ms=0.16
[prefill-layer-phase] chunk=0 start=0 layer=28 kind=gdn phase=gdn_back gpu_ms=5.06
[prefill-layer-phase] chunk=0 start=0 layer=28 kind=gdn phase=mixer_resid gpu_ms=0.09
[prefill-layer-phase] chunk=0 start=0 layer=28 kind=gdn phase=ffn_norm gpu_ms=0.06
[prefill-layer-phase] chunk=0 start=0 layer=28 kind=gdn phase=ffn_gate gpu_ms=13.80
[prefill-layer-phase] chunk=0 start=0 layer=28 kind=gdn phase=ffn_up gpu_ms=13.81
[prefill-layer-phase] chunk=0 start=0 layer=28 kind=gdn phase=ffn_swiglu gpu_ms=0.41
[prefill-layer-phase] chunk=0 start=0 layer=28 kind=gdn phase=ffn_down gpu_ms=14.00
[prefill-layer-phase] chunk=0 start=0 layer=28 kind=gdn phase=ffn_resid gpu_ms=0.09
[prefill-layer-phase] chunk=0 start=0 layer=29 kind=gdn phase=pre_norm gpu_ms=0.06
[prefill-layer-phase] chunk=0 start=0 layer=29 kind=gdn phase=gdn_qkv gpu_ms=8.12
[prefill-layer-phase] chunk=0 start=0 layer=29 kind=gdn phase=gdn_z gpu_ms=4.95
[prefill-layer-phase] chunk=0 start=0 layer=29 kind=gdn phase=gdn_beta_alpha gpu_ms=0.45
[prefill-layer-phase] chunk=0 start=0 layer=29 kind=gdn phase=gdn_alpha_beta gpu_ms=0.01
[prefill-layer-phase] chunk=0 start=0 layer=29 kind=gdn phase=gdn_prep_conv gpu_ms=0.43
[prefill-layer-phase] chunk=0 start=0 layer=29 kind=gdn phase=gdn_prep_l2 gpu_ms=0.04
[prefill-layer-phase] chunk=0 start=0 layer=29 kind=gdn phase=gdn_step gpu_ms=2.36
[prefill-layer-phase] chunk=0 start=0 layer=29 kind=gdn phase=gdn_gated gpu_ms=0.15
[prefill-layer-phase] chunk=0 start=0 layer=29 kind=gdn phase=gdn_back gpu_ms=5.05
[prefill-layer-phase] chunk=0 start=0 layer=29 kind=gdn phase=mixer_resid gpu_ms=0.09
[prefill-layer-phase] chunk=0 start=0 layer=29 kind=gdn phase=ffn_norm gpu_ms=0.06
[prefill-layer-phase] chunk=0 start=0 layer=29 kind=gdn phase=ffn_gate gpu_ms=13.80
[prefill-layer-phase] chunk=0 start=0 layer=29 kind=gdn phase=ffn_up gpu_ms=13.80
[prefill-layer-phase] chunk=0 start=0 layer=29 kind=gdn phase=ffn_swiglu gpu_ms=0.41
[prefill-layer-phase] chunk=0 start=0 layer=29 kind=gdn phase=ffn_down gpu_ms=13.94
[prefill-layer-phase] chunk=0 start=0 layer=29 kind=gdn phase=ffn_resid gpu_ms=0.09
[prefill-layer-phase] chunk=0 start=0 layer=30 kind=gdn phase=pre_norm gpu_ms=0.06
[prefill-layer-phase] chunk=0 start=0 layer=30 kind=gdn phase=gdn_qkv gpu_ms=8.13
[prefill-layer-phase] chunk=0 start=0 layer=30 kind=gdn phase=gdn_z gpu_ms=4.95
[prefill-layer-phase] chunk=0 start=0 layer=30 kind=gdn phase=gdn_beta_alpha gpu_ms=0.45
[prefill-layer-phase] chunk=0 start=0 layer=30 kind=gdn phase=gdn_alpha_beta gpu_ms=0.01
[prefill-layer-phase] chunk=0 start=0 layer=30 kind=gdn phase=gdn_prep_conv gpu_ms=0.43
[prefill-layer-phase] chunk=0 start=0 layer=30 kind=gdn phase=gdn_prep_l2 gpu_ms=0.04
[prefill-layer-phase] chunk=0 start=0 layer=30 kind=gdn phase=gdn_step gpu_ms=2.31
[prefill-layer-phase] chunk=0 start=0 layer=30 kind=gdn phase=gdn_gated gpu_ms=0.16
[prefill-layer-phase] chunk=0 start=0 layer=30 kind=gdn phase=gdn_back gpu_ms=5.05
[prefill-layer-phase] chunk=0 start=0 layer=30 kind=gdn phase=mixer_resid gpu_ms=0.09
[prefill-layer-phase] chunk=0 start=0 layer=30 kind=gdn phase=ffn_norm gpu_ms=0.06
[prefill-layer-phase] chunk=0 start=0 layer=30 kind=gdn phase=ffn_gate gpu_ms=13.80
[prefill-layer-phase] chunk=0 start=0 layer=30 kind=gdn phase=ffn_up gpu_ms=13.80
[prefill-layer-phase] chunk=0 start=0 layer=30 kind=gdn phase=ffn_swiglu gpu_ms=0.41
[prefill-layer-phase] chunk=0 start=0 layer=30 kind=gdn phase=ffn_down gpu_ms=13.92
[prefill-layer-phase] chunk=0 start=0 layer=30 kind=gdn phase=ffn_resid gpu_ms=0.09
[prefill-layer-phase] chunk=0 start=0 layer=31 kind=attn phase=pre_norm gpu_ms=0.06
[prefill-attn-phase] chunk=0 start=0 layer=31 phase=proj gpu_ms=11.61
[prefill-attn-phase] chunk=0 start=0 layer=31 phase=norm gpu_ms=0.44
[prefill-attn-phase] chunk=0 start=0 layer=31 phase=rope_scatter gpu_ms=0.09
[prefill-attn-matrix-g6-shape] layer=31 chunk_start=0 chunk_p=1024 query_rows=1024 query_tiles=1 n_pos=1024 score_tile_scratch_mib=51.00 vt_stride=1024 vt_layer_mib=2.00 vt_update_base=0 vt_update_rows=1024 vt_update_mib=2.00
[prefill-attn-phase] chunk=0 start=0 layer=31 phase=body_matrix_kq gpu_ms=0.52
[prefill-attn-phase] chunk=0 start=0 layer=31 phase=body_matrix_kqv gpu_ms=0.51
[prefill-layer-phase] chunk=0 start=0 layer=31 kind=attn phase=attn_back gpu_ms=5.01
[prefill-layer-phase] chunk=0 start=0 layer=31 kind=attn phase=mixer_resid gpu_ms=0.09
[prefill-layer-phase] chunk=0 start=0 layer=31 kind=attn phase=ffn_norm gpu_ms=0.06
[prefill-layer-phase] chunk=0 start=0 layer=31 kind=attn phase=ffn_gate gpu_ms=13.80
[prefill-layer-phase] chunk=0 start=0 layer=31 kind=attn phase=ffn_up gpu_ms=13.80
[prefill-layer-phase] chunk=0 start=0 layer=31 kind=attn phase=ffn_swiglu gpu_ms=0.41
[prefill-layer-phase] chunk=0 start=0 layer=31 kind=attn phase=ffn_down gpu_ms=14.00
[prefill-layer-phase] chunk=0 start=0 layer=31 kind=attn phase=ffn_resid gpu_ms=0.09
[prefill-layer-phase] chunk=0 start=0 layer=32 kind=gdn phase=pre_norm gpu_ms=0.06
[prefill-layer-phase] chunk=0 start=0 layer=32 kind=gdn phase=gdn_qkv gpu_ms=8.12
[prefill-layer-phase] chunk=0 start=0 layer=32 kind=gdn phase=gdn_z gpu_ms=4.95
[prefill-layer-phase] chunk=0 start=0 layer=32 kind=gdn phase=gdn_beta_alpha gpu_ms=0.46
[prefill-layer-phase] chunk=0 start=0 layer=32 kind=gdn phase=gdn_alpha_beta gpu_ms=0.01
[prefill-layer-phase] chunk=0 start=0 layer=32 kind=gdn phase=gdn_prep_conv gpu_ms=0.44
[prefill-layer-phase] chunk=0 start=0 layer=32 kind=gdn phase=gdn_prep_l2 gpu_ms=0.04
[prefill-layer-phase] chunk=0 start=0 layer=32 kind=gdn phase=gdn_step gpu_ms=2.33
[prefill-layer-phase] chunk=0 start=0 layer=32 kind=gdn phase=gdn_gated gpu_ms=0.16
[prefill-layer-phase] chunk=0 start=0 layer=32 kind=gdn phase=gdn_back gpu_ms=5.05
[prefill-layer-phase] chunk=0 start=0 layer=32 kind=gdn phase=mixer_resid gpu_ms=0.09
[prefill-layer-phase] chunk=0 start=0 layer=32 kind=gdn phase=ffn_norm gpu_ms=0.06
[prefill-layer-phase] chunk=0 start=0 layer=32 kind=gdn phase=ffn_gate gpu_ms=13.81
[prefill-layer-phase] chunk=0 start=0 layer=32 kind=gdn phase=ffn_up gpu_ms=13.80
[prefill-layer-phase] chunk=0 start=0 layer=32 kind=gdn phase=ffn_swiglu gpu_ms=0.41
[prefill-layer-phase] chunk=0 start=0 layer=32 kind=gdn phase=ffn_down gpu_ms=13.93
[prefill-layer-phase] chunk=0 start=0 layer=32 kind=gdn phase=ffn_resid gpu_ms=0.09
[prefill-layer-phase] chunk=0 start=0 layer=33 kind=gdn phase=pre_norm gpu_ms=0.06
[prefill-layer-phase] chunk=0 start=0 layer=33 kind=gdn phase=gdn_qkv gpu_ms=8.12
[prefill-layer-phase] chunk=0 start=0 layer=33 kind=gdn phase=gdn_z gpu_ms=4.95
[prefill-layer-phase] chunk=0 start=0 layer=33 kind=gdn phase=gdn_beta_alpha gpu_ms=0.45
[prefill-layer-phase] chunk=0 start=0 layer=33 kind=gdn phase=gdn_alpha_beta gpu_ms=0.01
[prefill-layer-phase] chunk=0 start=0 layer=33 kind=gdn phase=gdn_prep_conv gpu_ms=0.43
[prefill-layer-phase] chunk=0 start=0 layer=33 kind=gdn phase=gdn_prep_l2 gpu_ms=0.04
[prefill-layer-phase] chunk=0 start=0 layer=33 kind=gdn phase=gdn_step gpu_ms=2.28
[prefill-layer-phase] chunk=0 start=0 layer=33 kind=gdn phase=gdn_gated gpu_ms=0.16
[prefill-layer-phase] chunk=0 start=0 layer=33 kind=gdn phase=gdn_back gpu_ms=5.06
[prefill-layer-phase] chunk=0 start=0 layer=33 kind=gdn phase=mixer_resid gpu_ms=0.09
[prefill-layer-phase] chunk=0 start=0 layer=33 kind=gdn phase=ffn_norm gpu_ms=0.06
[prefill-layer-phase] chunk=0 start=0 layer=33 kind=gdn phase=ffn_gate gpu_ms=13.80
[prefill-layer-phase] chunk=0 start=0 layer=33 kind=gdn phase=ffn_up gpu_ms=13.80
[prefill-layer-phase] chunk=0 start=0 layer=33 kind=gdn phase=ffn_swiglu gpu_ms=0.41
[prefill-layer-phase] chunk=0 start=0 layer=33 kind=gdn phase=ffn_down gpu_ms=13.93
[prefill-layer-phase] chunk=0 start=0 layer=33 kind=gdn phase=ffn_resid gpu_ms=0.09
[prefill-layer-phase] chunk=0 start=0 layer=34 kind=gdn phase=pre_norm gpu_ms=0.06
[prefill-layer-phase] chunk=0 start=0 layer=34 kind=gdn phase=gdn_qkv gpu_ms=8.16
[prefill-layer-phase] chunk=0 start=0 layer=34 kind=gdn phase=gdn_z gpu_ms=4.95
[prefill-layer-phase] chunk=0 start=0 layer=34 kind=gdn phase=gdn_beta_alpha gpu_ms=0.45
[prefill-layer-phase] chunk=0 start=0 layer=34 kind=gdn phase=gdn_alpha_beta gpu_ms=0.01
[prefill-layer-phase] chunk=0 start=0 layer=34 kind=gdn phase=gdn_prep_conv gpu_ms=0.44
[prefill-layer-phase] chunk=0 start=0 layer=34 kind=gdn phase=gdn_prep_l2 gpu_ms=0.04
[prefill-layer-phase] chunk=0 start=0 layer=34 kind=gdn phase=gdn_step gpu_ms=2.34
[prefill-layer-phase] chunk=0 start=0 layer=34 kind=gdn phase=gdn_gated gpu_ms=0.16
[prefill-layer-phase] chunk=0 start=0 layer=34 kind=gdn phase=gdn_back gpu_ms=5.05
[prefill-layer-phase] chunk=0 start=0 layer=34 kind=gdn phase=mixer_resid gpu_ms=0.09
[prefill-layer-phase] chunk=0 start=0 layer=34 kind=gdn phase=ffn_norm gpu_ms=0.06
[prefill-layer-phase] chunk=0 start=0 layer=34 kind=gdn phase=ffn_gate gpu_ms=13.81
[prefill-layer-phase] chunk=0 start=0 layer=34 kind=gdn phase=ffn_up gpu_ms=13.81
[prefill-layer-phase] chunk=0 start=0 layer=34 kind=gdn phase=ffn_swiglu gpu_ms=0.41
[prefill-layer-phase] chunk=0 start=0 layer=34 kind=gdn phase=ffn_down gpu_ms=14.00
[prefill-layer-phase] chunk=0 start=0 layer=34 kind=gdn phase=ffn_resid gpu_ms=0.09
[prefill-layer-phase] chunk=0 start=0 layer=35 kind=attn phase=pre_norm gpu_ms=0.06
[prefill-attn-phase] chunk=0 start=0 layer=35 phase=proj gpu_ms=11.61
[prefill-attn-phase] chunk=0 start=0 layer=35 phase=norm gpu_ms=0.44
[prefill-attn-phase] chunk=0 start=0 layer=35 phase=rope_scatter gpu_ms=0.09
[prefill-attn-matrix-g6-shape] layer=35 chunk_start=0 chunk_p=1024 query_rows=1024 query_tiles=1 n_pos=1024 score_tile_scratch_mib=51.00 vt_stride=1024 vt_layer_mib=2.00 vt_update_base=0 vt_update_rows=1024 vt_update_mib=2.00
[prefill-attn-phase] chunk=0 start=0 layer=35 phase=body_matrix_kq gpu_ms=0.52
[prefill-attn-phase] chunk=0 start=0 layer=35 phase=body_matrix_kqv gpu_ms=0.51
[prefill-layer-phase] chunk=0 start=0 layer=35 kind=attn phase=attn_back gpu_ms=5.01
[prefill-layer-phase] chunk=0 start=0 layer=35 kind=attn phase=mixer_resid gpu_ms=0.10
[prefill-layer-phase] chunk=0 start=0 layer=35 kind=attn phase=ffn_norm gpu_ms=0.06
[prefill-layer-phase] chunk=0 start=0 layer=35 kind=attn phase=ffn_gate gpu_ms=13.80
[prefill-layer-phase] chunk=0 start=0 layer=35 kind=attn phase=ffn_up gpu_ms=13.80
[prefill-layer-phase] chunk=0 start=0 layer=35 kind=attn phase=ffn_swiglu gpu_ms=0.41
[prefill-layer-phase] chunk=0 start=0 layer=35 kind=attn phase=ffn_down gpu_ms=13.93
[prefill-layer-phase] chunk=0 start=0 layer=35 kind=attn phase=ffn_resid gpu_ms=0.09
[prefill-layer-phase] chunk=0 start=0 layer=36 kind=gdn phase=pre_norm gpu_ms=0.06
[prefill-layer-phase] chunk=0 start=0 layer=36 kind=gdn phase=gdn_qkv gpu_ms=8.13
[prefill-layer-phase] chunk=0 start=0 layer=36 kind=gdn phase=gdn_z gpu_ms=4.95
[prefill-layer-phase] chunk=0 start=0 layer=36 kind=gdn phase=gdn_beta_alpha gpu_ms=0.45
[prefill-layer-phase] chunk=0 start=0 layer=36 kind=gdn phase=gdn_alpha_beta gpu_ms=0.01
[prefill-layer-phase] chunk=0 start=0 layer=36 kind=gdn phase=gdn_prep_conv gpu_ms=0.43
[prefill-layer-phase] chunk=0 start=0 layer=36 kind=gdn phase=gdn_prep_l2 gpu_ms=0.04
[prefill-layer-phase] chunk=0 start=0 layer=36 kind=gdn phase=gdn_step gpu_ms=2.30
[prefill-layer-phase] chunk=0 start=0 layer=36 kind=gdn phase=gdn_gated gpu_ms=0.16
[prefill-layer-phase] chunk=0 start=0 layer=36 kind=gdn phase=gdn_back gpu_ms=5.06
[prefill-layer-phase] chunk=0 start=0 layer=36 kind=gdn phase=mixer_resid gpu_ms=0.09
[prefill-layer-phase] chunk=0 start=0 layer=36 kind=gdn phase=ffn_norm gpu_ms=0.06
[prefill-layer-phase] chunk=0 start=0 layer=36 kind=gdn phase=ffn_gate gpu_ms=13.80
[prefill-layer-phase] chunk=0 start=0 layer=36 kind=gdn phase=ffn_up gpu_ms=13.80
[prefill-layer-phase] chunk=0 start=0 layer=36 kind=gdn phase=ffn_swiglu gpu_ms=0.41
[prefill-layer-phase] chunk=0 start=0 layer=36 kind=gdn phase=ffn_down gpu_ms=13.93
[prefill-layer-phase] chunk=0 start=0 layer=36 kind=gdn phase=ffn_resid gpu_ms=0.09
[prefill-layer-phase] chunk=0 start=0 layer=37 kind=gdn phase=pre_norm gpu_ms=0.06
[prefill-layer-phase] chunk=0 start=0 layer=37 kind=gdn phase=gdn_qkv gpu_ms=8.17
[prefill-layer-phase] chunk=0 start=0 layer=37 kind=gdn phase=gdn_z gpu_ms=4.95
[prefill-layer-phase] chunk=0 start=0 layer=37 kind=gdn phase=gdn_beta_alpha gpu_ms=0.45
[prefill-layer-phase] chunk=0 start=0 layer=37 kind=gdn phase=gdn_alpha_beta gpu_ms=0.01
[prefill-layer-phase] chunk=0 start=0 layer=37 kind=gdn phase=gdn_prep_conv gpu_ms=0.43
[prefill-layer-phase] chunk=0 start=0 layer=37 kind=gdn phase=gdn_prep_l2 gpu_ms=0.04
[prefill-layer-phase] chunk=0 start=0 layer=37 kind=gdn phase=gdn_step gpu_ms=2.34
[prefill-layer-phase] chunk=0 start=0 layer=37 kind=gdn phase=gdn_gated gpu_ms=0.16
[prefill-layer-phase] chunk=0 start=0 layer=37 kind=gdn phase=gdn_back gpu_ms=5.05
[prefill-layer-phase] chunk=0 start=0 layer=37 kind=gdn phase=mixer_resid gpu_ms=0.09
[prefill-layer-phase] chunk=0 start=0 layer=37 kind=gdn phase=ffn_norm gpu_ms=0.06
[prefill-layer-phase] chunk=0 start=0 layer=37 kind=gdn phase=ffn_gate gpu_ms=13.81
[prefill-layer-phase] chunk=0 start=0 layer=37 kind=gdn phase=ffn_up gpu_ms=13.80
[prefill-layer-phase] chunk=0 start=0 layer=37 kind=gdn phase=ffn_swiglu gpu_ms=0.41
[prefill-layer-phase] chunk=0 start=0 layer=37 kind=gdn phase=ffn_down gpu_ms=13.99
[prefill-layer-phase] chunk=0 start=0 layer=37 kind=gdn phase=ffn_resid gpu_ms=0.09
[prefill-layer-phase] chunk=0 start=0 layer=38 kind=gdn phase=pre_norm gpu_ms=0.06
[prefill-layer-phase] chunk=0 start=0 layer=38 kind=gdn phase=gdn_qkv gpu_ms=8.12
[prefill-layer-phase] chunk=0 start=0 layer=38 kind=gdn phase=gdn_z gpu_ms=4.95
[prefill-layer-phase] chunk=0 start=0 layer=38 kind=gdn phase=gdn_beta_alpha gpu_ms=0.45
[prefill-layer-phase] chunk=0 start=0 layer=38 kind=gdn phase=gdn_alpha_beta gpu_ms=0.01
[prefill-layer-phase] chunk=0 start=0 layer=38 kind=gdn phase=gdn_prep_conv gpu_ms=0.43
[prefill-layer-phase] chunk=0 start=0 layer=38 kind=gdn phase=gdn_prep_l2 gpu_ms=0.04
[prefill-layer-phase] chunk=0 start=0 layer=38 kind=gdn phase=gdn_step gpu_ms=2.26
[prefill-layer-phase] chunk=0 start=0 layer=38 kind=gdn phase=gdn_gated gpu_ms=0.16
[prefill-layer-phase] chunk=0 start=0 layer=38 kind=gdn phase=gdn_back gpu_ms=5.05
[prefill-layer-phase] chunk=0 start=0 layer=38 kind=gdn phase=mixer_resid gpu_ms=0.09
[prefill-layer-phase] chunk=0 start=0 layer=38 kind=gdn phase=ffn_norm gpu_ms=0.06
[prefill-layer-phase] chunk=0 start=0 layer=38 kind=gdn phase=ffn_gate gpu_ms=13.80
[prefill-layer-phase] chunk=0 start=0 layer=38 kind=gdn phase=ffn_up gpu_ms=13.80
[prefill-layer-phase] chunk=0 start=0 layer=38 kind=gdn phase=ffn_swiglu gpu_ms=0.41
[prefill-layer-phase] chunk=0 start=0 layer=38 kind=gdn phase=ffn_down gpu_ms=13.93
[prefill-layer-phase] chunk=0 start=0 layer=38 kind=gdn phase=ffn_resid gpu_ms=0.09
[prefill-layer-phase] chunk=0 start=0 layer=39 kind=attn phase=pre_norm gpu_ms=0.06
[prefill-attn-phase] chunk=0 start=0 layer=39 phase=proj gpu_ms=11.61
[prefill-attn-phase] chunk=0 start=0 layer=39 phase=norm gpu_ms=0.44
[prefill-attn-phase] chunk=0 start=0 layer=39 phase=rope_scatter gpu_ms=0.09
[prefill-attn-matrix-g6-shape] layer=39 chunk_start=0 chunk_p=1024 query_rows=1024 query_tiles=1 n_pos=1024 score_tile_scratch_mib=51.00 vt_stride=1024 vt_layer_mib=2.00 vt_update_base=0 vt_update_rows=1024 vt_update_mib=2.00
[prefill-attn-phase] chunk=0 start=0 layer=39 phase=body_matrix_kq gpu_ms=0.52
[prefill-attn-phase] chunk=0 start=0 layer=39 phase=body_matrix_kqv gpu_ms=0.51
[prefill-layer-phase] chunk=0 start=0 layer=39 kind=attn phase=attn_back gpu_ms=5.01
[prefill-layer-phase] chunk=0 start=0 layer=39 kind=attn phase=mixer_resid gpu_ms=0.10
[prefill-layer-phase] chunk=0 start=0 layer=39 kind=attn phase=ffn_norm gpu_ms=0.06
[prefill-layer-phase] chunk=0 start=0 layer=39 kind=attn phase=ffn_gate gpu_ms=13.80
[prefill-layer-phase] chunk=0 start=0 layer=39 kind=attn phase=ffn_up gpu_ms=13.80
[prefill-layer-phase] chunk=0 start=0 layer=39 kind=attn phase=ffn_swiglu gpu_ms=0.41
[prefill-layer-phase] chunk=0 start=0 layer=39 kind=attn phase=ffn_down gpu_ms=13.94
[prefill-layer-phase] chunk=0 start=0 layer=39 kind=attn phase=ffn_resid gpu_ms=0.09
[prefill-layer-phase] chunk=0 start=0 layer=40 kind=gdn phase=pre_norm gpu_ms=0.06
[prefill-layer-phase] chunk=0 start=0 layer=40 kind=gdn phase=gdn_qkv gpu_ms=8.16
[prefill-layer-phase] chunk=0 start=0 layer=40 kind=gdn phase=gdn_z gpu_ms=4.95
[prefill-layer-phase] chunk=0 start=0 layer=40 kind=gdn phase=gdn_beta_alpha gpu_ms=0.45
[prefill-layer-phase] chunk=0 start=0 layer=40 kind=gdn phase=gdn_alpha_beta gpu_ms=0.01
[prefill-layer-phase] chunk=0 start=0 layer=40 kind=gdn phase=gdn_prep_conv gpu_ms=0.43
[prefill-layer-phase] chunk=0 start=0 layer=40 kind=gdn phase=gdn_prep_l2 gpu_ms=0.04
[prefill-layer-phase] chunk=0 start=0 layer=40 kind=gdn phase=gdn_step gpu_ms=2.33
[prefill-layer-phase] chunk=0 start=0 layer=40 kind=gdn phase=gdn_gated gpu_ms=0.16
[prefill-layer-phase] chunk=0 start=0 layer=40 kind=gdn phase=gdn_back gpu_ms=5.05
[prefill-layer-phase] chunk=0 start=0 layer=40 kind=gdn phase=mixer_resid gpu_ms=0.09
[prefill-layer-phase] chunk=0 start=0 layer=40 kind=gdn phase=ffn_norm gpu_ms=0.06
[prefill-layer-phase] chunk=0 start=0 layer=40 kind=gdn phase=ffn_gate gpu_ms=13.81
[prefill-layer-phase] chunk=0 start=0 layer=40 kind=gdn phase=ffn_up gpu_ms=13.80
[prefill-layer-phase] chunk=0 start=0 layer=40 kind=gdn phase=ffn_swiglu gpu_ms=0.41
[prefill-layer-phase] chunk=0 start=0 layer=40 kind=gdn phase=ffn_down gpu_ms=13.99
[prefill-layer-phase] chunk=0 start=0 layer=40 kind=gdn phase=ffn_resid gpu_ms=0.09
[prefill-layer-phase] chunk=0 start=0 layer=41 kind=gdn phase=pre_norm gpu_ms=0.06
[prefill-layer-phase] chunk=0 start=0 layer=41 kind=gdn phase=gdn_qkv gpu_ms=8.28
[prefill-layer-phase] chunk=0 start=0 layer=41 kind=gdn phase=gdn_z gpu_ms=4.94
[prefill-layer-phase] chunk=0 start=0 layer=41 kind=gdn phase=gdn_beta_alpha gpu_ms=0.46
[prefill-layer-phase] chunk=0 start=0 layer=41 kind=gdn phase=gdn_alpha_beta gpu_ms=0.01
[prefill-layer-phase] chunk=0 start=0 layer=41 kind=gdn phase=gdn_prep_conv gpu_ms=0.43
[prefill-layer-phase] chunk=0 start=0 layer=41 kind=gdn phase=gdn_prep_l2 gpu_ms=0.04
[prefill-layer-phase] chunk=0 start=0 layer=41 kind=gdn phase=gdn_step gpu_ms=2.28
[prefill-layer-phase] chunk=0 start=0 layer=41 kind=gdn phase=gdn_gated gpu_ms=0.16
[prefill-layer-phase] chunk=0 start=0 layer=41 kind=gdn phase=gdn_back gpu_ms=5.06
[prefill-layer-phase] chunk=0 start=0 layer=41 kind=gdn phase=mixer_resid gpu_ms=0.09
[prefill-layer-phase] chunk=0 start=0 layer=41 kind=gdn phase=ffn_norm gpu_ms=0.06
[prefill-layer-phase] chunk=0 start=0 layer=41 kind=gdn phase=ffn_gate gpu_ms=13.81
[prefill-layer-phase] chunk=0 start=0 layer=41 kind=gdn phase=ffn_up gpu_ms=13.80
[prefill-layer-phase] chunk=0 start=0 layer=41 kind=gdn phase=ffn_swiglu gpu_ms=0.41
[prefill-layer-phase] chunk=0 start=0 layer=41 kind=gdn phase=ffn_down gpu_ms=13.93
[prefill-layer-phase] chunk=0 start=0 layer=41 kind=gdn phase=ffn_resid gpu_ms=0.09
[prefill-layer-phase] chunk=0 start=0 layer=42 kind=gdn phase=pre_norm gpu_ms=0.06
[prefill-layer-phase] chunk=0 start=0 layer=42 kind=gdn phase=gdn_qkv gpu_ms=8.12
[prefill-layer-phase] chunk=0 start=0 layer=42 kind=gdn phase=gdn_z gpu_ms=4.96
[prefill-layer-phase] chunk=0 start=0 layer=42 kind=gdn phase=gdn_beta_alpha gpu_ms=0.45
[prefill-layer-phase] chunk=0 start=0 layer=42 kind=gdn phase=gdn_alpha_beta gpu_ms=0.01
[prefill-layer-phase] chunk=0 start=0 layer=42 kind=gdn phase=gdn_prep_conv gpu_ms=0.43
[prefill-layer-phase] chunk=0 start=0 layer=42 kind=gdn phase=gdn_prep_l2 gpu_ms=0.04
[prefill-layer-phase] chunk=0 start=0 layer=42 kind=gdn phase=gdn_step gpu_ms=2.33
[prefill-layer-phase] chunk=0 start=0 layer=42 kind=gdn phase=gdn_gated gpu_ms=0.16
[prefill-layer-phase] chunk=0 start=0 layer=42 kind=gdn phase=gdn_back gpu_ms=5.05
[prefill-layer-phase] chunk=0 start=0 layer=42 kind=gdn phase=mixer_resid gpu_ms=0.09
[prefill-layer-phase] chunk=0 start=0 layer=42 kind=gdn phase=ffn_norm gpu_ms=0.06
[prefill-layer-phase] chunk=0 start=0 layer=42 kind=gdn phase=ffn_gate gpu_ms=13.81
[prefill-layer-phase] chunk=0 start=0 layer=42 kind=gdn phase=ffn_up gpu_ms=13.80
[prefill-layer-phase] chunk=0 start=0 layer=42 kind=gdn phase=ffn_swiglu gpu_ms=0.41
[prefill-layer-phase] chunk=0 start=0 layer=42 kind=gdn phase=ffn_down gpu_ms=13.93
[prefill-layer-phase] chunk=0 start=0 layer=42 kind=gdn phase=ffn_resid gpu_ms=0.09
[prefill-layer-phase] chunk=0 start=0 layer=43 kind=attn phase=pre_norm gpu_ms=0.06
[prefill-attn-phase] chunk=0 start=0 layer=43 phase=proj gpu_ms=11.62
[prefill-attn-phase] chunk=0 start=0 layer=43 phase=norm gpu_ms=0.44
[prefill-attn-phase] chunk=0 start=0 layer=43 phase=rope_scatter gpu_ms=0.09
[prefill-attn-matrix-g6-shape] layer=43 chunk_start=0 chunk_p=1024 query_rows=1024 query_tiles=1 n_pos=1024 score_tile_scratch_mib=51.00 vt_stride=1024 vt_layer_mib=2.00 vt_update_base=0 vt_update_rows=1024 vt_update_mib=2.00
[prefill-attn-phase] chunk=0 start=0 layer=43 phase=body_matrix_kq gpu_ms=0.52
[prefill-attn-phase] chunk=0 start=0 layer=43 phase=body_matrix_kqv gpu_ms=0.51
[prefill-layer-phase] chunk=0 start=0 layer=43 kind=attn phase=attn_back gpu_ms=5.01
[prefill-layer-phase] chunk=0 start=0 layer=43 kind=attn phase=mixer_resid gpu_ms=0.09
[prefill-layer-phase] chunk=0 start=0 layer=43 kind=attn phase=ffn_norm gpu_ms=0.06
[prefill-layer-phase] chunk=0 start=0 layer=43 kind=attn phase=ffn_gate gpu_ms=13.80
[prefill-layer-phase] chunk=0 start=0 layer=43 kind=attn phase=ffn_up gpu_ms=13.81
[prefill-layer-phase] chunk=0 start=0 layer=43 kind=attn phase=ffn_swiglu gpu_ms=0.41
[prefill-layer-phase] chunk=0 start=0 layer=43 kind=attn phase=ffn_down gpu_ms=14.01
[prefill-layer-phase] chunk=0 start=0 layer=43 kind=attn phase=ffn_resid gpu_ms=0.09
[prefill-layer-phase] chunk=0 start=0 layer=44 kind=gdn phase=pre_norm gpu_ms=0.06
[prefill-layer-phase] chunk=0 start=0 layer=44 kind=gdn phase=gdn_qkv gpu_ms=8.12
[prefill-layer-phase] chunk=0 start=0 layer=44 kind=gdn phase=gdn_z gpu_ms=4.95
[prefill-layer-phase] chunk=0 start=0 layer=44 kind=gdn phase=gdn_beta_alpha gpu_ms=0.46
[prefill-layer-phase] chunk=0 start=0 layer=44 kind=gdn phase=gdn_alpha_beta gpu_ms=0.01
[prefill-layer-phase] chunk=0 start=0 layer=44 kind=gdn phase=gdn_prep_conv gpu_ms=0.43
[prefill-layer-phase] chunk=0 start=0 layer=44 kind=gdn phase=gdn_prep_l2 gpu_ms=0.04
[prefill-layer-phase] chunk=0 start=0 layer=44 kind=gdn phase=gdn_step gpu_ms=2.33
[prefill-layer-phase] chunk=0 start=0 layer=44 kind=gdn phase=gdn_gated gpu_ms=0.16
[prefill-layer-phase] chunk=0 start=0 layer=44 kind=gdn phase=gdn_back gpu_ms=5.06
[prefill-layer-phase] chunk=0 start=0 layer=44 kind=gdn phase=mixer_resid gpu_ms=0.09
[prefill-layer-phase] chunk=0 start=0 layer=44 kind=gdn phase=ffn_norm gpu_ms=0.06
[prefill-layer-phase] chunk=0 start=0 layer=44 kind=gdn phase=ffn_gate gpu_ms=13.80
[prefill-layer-phase] chunk=0 start=0 layer=44 kind=gdn phase=ffn_up gpu_ms=13.80
[prefill-layer-phase] chunk=0 start=0 layer=44 kind=gdn phase=ffn_swiglu gpu_ms=0.42
[prefill-layer-phase] chunk=0 start=0 layer=44 kind=gdn phase=ffn_down gpu_ms=13.94
[prefill-layer-phase] chunk=0 start=0 layer=44 kind=gdn phase=ffn_resid gpu_ms=0.09
[prefill-layer-phase] chunk=0 start=0 layer=45 kind=gdn phase=pre_norm gpu_ms=0.06
[prefill-layer-phase] chunk=0 start=0 layer=45 kind=gdn phase=gdn_qkv gpu_ms=8.12
[prefill-layer-phase] chunk=0 start=0 layer=45 kind=gdn phase=gdn_z gpu_ms=4.95
[prefill-layer-phase] chunk=0 start=0 layer=45 kind=gdn phase=gdn_beta_alpha gpu_ms=0.45
[prefill-layer-phase] chunk=0 start=0 layer=45 kind=gdn phase=gdn_alpha_beta gpu_ms=0.01
[prefill-layer-phase] chunk=0 start=0 layer=45 kind=gdn phase=gdn_prep_conv gpu_ms=0.43
[prefill-layer-phase] chunk=0 start=0 layer=45 kind=gdn phase=gdn_prep_l2 gpu_ms=0.04
[prefill-layer-phase] chunk=0 start=0 layer=45 kind=gdn phase=gdn_step gpu_ms=2.33
[prefill-layer-phase] chunk=0 start=0 layer=45 kind=gdn phase=gdn_gated gpu_ms=0.16
[prefill-layer-phase] chunk=0 start=0 layer=45 kind=gdn phase=gdn_back gpu_ms=5.05
[prefill-layer-phase] chunk=0 start=0 layer=45 kind=gdn phase=mixer_resid gpu_ms=0.09
[prefill-layer-phase] chunk=0 start=0 layer=45 kind=gdn phase=ffn_norm gpu_ms=0.06
[prefill-layer-phase] chunk=0 start=0 layer=45 kind=gdn phase=ffn_gate gpu_ms=13.81
[prefill-layer-phase] chunk=0 start=0 layer=45 kind=gdn phase=ffn_up gpu_ms=13.81
[prefill-layer-phase] chunk=0 start=0 layer=45 kind=gdn phase=ffn_swiglu gpu_ms=0.41
[prefill-layer-phase] chunk=0 start=0 layer=45 kind=gdn phase=ffn_down gpu_ms=13.94
[prefill-layer-phase] chunk=0 start=0 layer=45 kind=gdn phase=ffn_resid gpu_ms=0.09
[prefill-layer-phase] chunk=0 start=0 layer=46 kind=gdn phase=pre_norm gpu_ms=0.06
[prefill-layer-phase] chunk=0 start=0 layer=46 kind=gdn phase=gdn_qkv gpu_ms=8.16
[prefill-layer-phase] chunk=0 start=0 layer=46 kind=gdn phase=gdn_z gpu_ms=4.95
[prefill-layer-phase] chunk=0 start=0 layer=46 kind=gdn phase=gdn_beta_alpha gpu_ms=0.45
[prefill-layer-phase] chunk=0 start=0 layer=46 kind=gdn phase=gdn_alpha_beta gpu_ms=0.01
[prefill-layer-phase] chunk=0 start=0 layer=46 kind=gdn phase=gdn_prep_conv gpu_ms=0.44
[prefill-layer-phase] chunk=0 start=0 layer=46 kind=gdn phase=gdn_prep_l2 gpu_ms=0.04
[prefill-layer-phase] chunk=0 start=0 layer=46 kind=gdn phase=gdn_step gpu_ms=2.34
[prefill-layer-phase] chunk=0 start=0 layer=46 kind=gdn phase=gdn_gated gpu_ms=0.16
[prefill-layer-phase] chunk=0 start=0 layer=46 kind=gdn phase=gdn_back gpu_ms=5.05
[prefill-layer-phase] chunk=0 start=0 layer=46 kind=gdn phase=mixer_resid gpu_ms=0.09
[prefill-layer-phase] chunk=0 start=0 layer=46 kind=gdn phase=ffn_norm gpu_ms=0.06
[prefill-layer-phase] chunk=0 start=0 layer=46 kind=gdn phase=ffn_gate gpu_ms=13.81
[prefill-layer-phase] chunk=0 start=0 layer=46 kind=gdn phase=ffn_up gpu_ms=13.81
[prefill-layer-phase] chunk=0 start=0 layer=46 kind=gdn phase=ffn_swiglu gpu_ms=0.41
[prefill-layer-phase] chunk=0 start=0 layer=46 kind=gdn phase=ffn_down gpu_ms=14.01
[prefill-layer-phase] chunk=0 start=0 layer=46 kind=gdn phase=ffn_resid gpu_ms=0.09
[prefill-layer-phase] chunk=0 start=0 layer=47 kind=attn phase=pre_norm gpu_ms=0.06
[prefill-attn-phase] chunk=0 start=0 layer=47 phase=proj gpu_ms=11.61
[prefill-attn-phase] chunk=0 start=0 layer=47 phase=norm gpu_ms=0.44
[prefill-attn-phase] chunk=0 start=0 layer=47 phase=rope_scatter gpu_ms=0.09
[prefill-attn-matrix-g6-shape] layer=47 chunk_start=0 chunk_p=1024 query_rows=1024 query_tiles=1 n_pos=1024 score_tile_scratch_mib=51.00 vt_stride=1024 vt_layer_mib=2.00 vt_update_base=0 vt_update_rows=1024 vt_update_mib=2.00
[prefill-attn-phase] chunk=0 start=0 layer=47 phase=body_matrix_kq gpu_ms=0.52
[prefill-attn-phase] chunk=0 start=0 layer=47 phase=body_matrix_kqv gpu_ms=0.51
[prefill-layer-phase] chunk=0 start=0 layer=47 kind=attn phase=attn_back gpu_ms=5.01
[prefill-layer-phase] chunk=0 start=0 layer=47 kind=attn phase=mixer_resid gpu_ms=0.09
[prefill-layer-phase] chunk=0 start=0 layer=47 kind=attn phase=ffn_norm gpu_ms=0.06
[prefill-layer-phase] chunk=0 start=0 layer=47 kind=attn phase=ffn_gate gpu_ms=13.81
[prefill-layer-phase] chunk=0 start=0 layer=47 kind=attn phase=ffn_up gpu_ms=13.81
[prefill-layer-phase] chunk=0 start=0 layer=47 kind=attn phase=ffn_swiglu gpu_ms=0.41
[prefill-layer-phase] chunk=0 start=0 layer=47 kind=attn phase=ffn_down gpu_ms=13.93
[prefill-layer-phase] chunk=0 start=0 layer=47 kind=attn phase=ffn_resid gpu_ms=0.09
[prefill-layer-phase] chunk=0 start=0 layer=48 kind=gdn phase=pre_norm gpu_ms=0.06
[prefill-layer-phase] chunk=0 start=0 layer=48 kind=gdn phase=gdn_qkv gpu_ms=8.13
[prefill-layer-phase] chunk=0 start=0 layer=48 kind=gdn phase=gdn_z gpu_ms=4.95
[prefill-layer-phase] chunk=0 start=0 layer=48 kind=gdn phase=gdn_beta_alpha gpu_ms=0.46
[prefill-layer-phase] chunk=0 start=0 layer=48 kind=gdn phase=gdn_alpha_beta gpu_ms=0.01
[prefill-layer-phase] chunk=0 start=0 layer=48 kind=gdn phase=gdn_prep_conv gpu_ms=0.43
[prefill-layer-phase] chunk=0 start=0 layer=48 kind=gdn phase=gdn_prep_l2 gpu_ms=0.04
[prefill-layer-phase] chunk=0 start=0 layer=48 kind=gdn phase=gdn_step gpu_ms=2.31
[prefill-layer-phase] chunk=0 start=0 layer=48 kind=gdn phase=gdn_gated gpu_ms=0.16
[prefill-layer-phase] chunk=0 start=0 layer=48 kind=gdn phase=gdn_back gpu_ms=5.05
[prefill-layer-phase] chunk=0 start=0 layer=48 kind=gdn phase=mixer_resid gpu_ms=0.09
[prefill-layer-phase] chunk=0 start=0 layer=48 kind=gdn phase=ffn_norm gpu_ms=0.06
[prefill-layer-phase] chunk=0 start=0 layer=48 kind=gdn phase=ffn_gate gpu_ms=13.81
[prefill-layer-phase] chunk=0 start=0 layer=48 kind=gdn phase=ffn_up gpu_ms=13.80
[prefill-layer-phase] chunk=0 start=0 layer=48 kind=gdn phase=ffn_swiglu gpu_ms=0.41
[prefill-layer-phase] chunk=0 start=0 layer=48 kind=gdn phase=ffn_down gpu_ms=13.93
[prefill-layer-phase] chunk=0 start=0 layer=48 kind=gdn phase=ffn_resid gpu_ms=0.09
[prefill-layer-phase] chunk=0 start=0 layer=49 kind=gdn phase=pre_norm gpu_ms=0.06
[prefill-layer-phase] chunk=0 start=0 layer=49 kind=gdn phase=gdn_qkv gpu_ms=8.16
[prefill-layer-phase] chunk=0 start=0 layer=49 kind=gdn phase=gdn_z gpu_ms=4.95
[prefill-layer-phase] chunk=0 start=0 layer=49 kind=gdn phase=gdn_beta_alpha gpu_ms=0.45
[prefill-layer-phase] chunk=0 start=0 layer=49 kind=gdn phase=gdn_alpha_beta gpu_ms=0.01
[prefill-layer-phase] chunk=0 start=0 layer=49 kind=gdn phase=gdn_prep_conv gpu_ms=0.43
[prefill-layer-phase] chunk=0 start=0 layer=49 kind=gdn phase=gdn_prep_l2 gpu_ms=0.04
[prefill-layer-phase] chunk=0 start=0 layer=49 kind=gdn phase=gdn_step gpu_ms=2.29
[prefill-layer-phase] chunk=0 start=0 layer=49 kind=gdn phase=gdn_gated gpu_ms=0.16
[prefill-layer-phase] chunk=0 start=0 layer=49 kind=gdn phase=gdn_back gpu_ms=5.05
[prefill-layer-phase] chunk=0 start=0 layer=49 kind=gdn phase=mixer_resid gpu_ms=0.09
[prefill-layer-phase] chunk=0 start=0 layer=49 kind=gdn phase=ffn_norm gpu_ms=0.06
[prefill-layer-phase] chunk=0 start=0 layer=49 kind=gdn phase=ffn_gate gpu_ms=13.80
[prefill-layer-phase] chunk=0 start=0 layer=49 kind=gdn phase=ffn_up gpu_ms=13.80
[prefill-layer-phase] chunk=0 start=0 layer=49 kind=gdn phase=ffn_swiglu gpu_ms=0.42
[prefill-layer-phase] chunk=0 start=0 layer=49 kind=gdn phase=ffn_down gpu_ms=14.00
[prefill-layer-phase] chunk=0 start=0 layer=49 kind=gdn phase=ffn_resid gpu_ms=0.09
[prefill-layer-phase] chunk=0 start=0 layer=50 kind=gdn phase=pre_norm gpu_ms=0.06
[prefill-layer-phase] chunk=0 start=0 layer=50 kind=gdn phase=gdn_qkv gpu_ms=8.12
[prefill-layer-phase] chunk=0 start=0 layer=50 kind=gdn phase=gdn_z gpu_ms=4.95
[prefill-layer-phase] chunk=0 start=0 layer=50 kind=gdn phase=gdn_beta_alpha gpu_ms=0.45
[prefill-layer-phase] chunk=0 start=0 layer=50 kind=gdn phase=gdn_alpha_beta gpu_ms=0.01
[prefill-layer-phase] chunk=0 start=0 layer=50 kind=gdn phase=gdn_prep_conv gpu_ms=0.43
[prefill-layer-phase] chunk=0 start=0 layer=50 kind=gdn phase=gdn_prep_l2 gpu_ms=0.04
[prefill-layer-phase] chunk=0 start=0 layer=50 kind=gdn phase=gdn_step gpu_ms=2.30
[prefill-layer-phase] chunk=0 start=0 layer=50 kind=gdn phase=gdn_gated gpu_ms=0.16
[prefill-layer-phase] chunk=0 start=0 layer=50 kind=gdn phase=gdn_back gpu_ms=5.05
[prefill-layer-phase] chunk=0 start=0 layer=50 kind=gdn phase=mixer_resid gpu_ms=0.09
[prefill-layer-phase] chunk=0 start=0 layer=50 kind=gdn phase=ffn_norm gpu_ms=0.06
[prefill-layer-phase] chunk=0 start=0 layer=50 kind=gdn phase=ffn_gate gpu_ms=13.81
[prefill-layer-phase] chunk=0 start=0 layer=50 kind=gdn phase=ffn_up gpu_ms=13.80
[prefill-layer-phase] chunk=0 start=0 layer=50 kind=gdn phase=ffn_swiglu gpu_ms=0.41
[prefill-layer-phase] chunk=0 start=0 layer=50 kind=gdn phase=ffn_down gpu_ms=13.93
[prefill-layer-phase] chunk=0 start=0 layer=50 kind=gdn phase=ffn_resid gpu_ms=0.09
[prefill-layer-phase] chunk=0 start=0 layer=51 kind=attn phase=pre_norm gpu_ms=0.06
[prefill-attn-phase] chunk=0 start=0 layer=51 phase=proj gpu_ms=11.61
[prefill-attn-phase] chunk=0 start=0 layer=51 phase=norm gpu_ms=0.44
[prefill-attn-phase] chunk=0 start=0 layer=51 phase=rope_scatter gpu_ms=0.09
[prefill-attn-matrix-g6-shape] layer=51 chunk_start=0 chunk_p=1024 query_rows=1024 query_tiles=1 n_pos=1024 score_tile_scratch_mib=51.00 vt_stride=1024 vt_layer_mib=2.00 vt_update_base=0 vt_update_rows=1024 vt_update_mib=2.00
[prefill-attn-phase] chunk=0 start=0 layer=51 phase=body_matrix_kq gpu_ms=0.52
[prefill-attn-phase] chunk=0 start=0 layer=51 phase=body_matrix_kqv gpu_ms=0.51
[prefill-layer-phase] chunk=0 start=0 layer=51 kind=attn phase=attn_back gpu_ms=5.02
[prefill-layer-phase] chunk=0 start=0 layer=51 kind=attn phase=mixer_resid gpu_ms=0.10
[prefill-layer-phase] chunk=0 start=0 layer=51 kind=attn phase=ffn_norm gpu_ms=0.06
[prefill-layer-phase] chunk=0 start=0 layer=51 kind=attn phase=ffn_gate gpu_ms=13.81
[prefill-layer-phase] chunk=0 start=0 layer=51 kind=attn phase=ffn_up gpu_ms=13.80
[prefill-layer-phase] chunk=0 start=0 layer=51 kind=attn phase=ffn_swiglu gpu_ms=0.41
[prefill-layer-phase] chunk=0 start=0 layer=51 kind=attn phase=ffn_down gpu_ms=13.92
[prefill-layer-phase] chunk=0 start=0 layer=51 kind=attn phase=ffn_resid gpu_ms=0.09
[prefill-layer-phase] chunk=0 start=0 layer=52 kind=gdn phase=pre_norm gpu_ms=0.05
[prefill-layer-phase] chunk=0 start=0 layer=52 kind=gdn phase=gdn_qkv gpu_ms=8.16
[prefill-layer-phase] chunk=0 start=0 layer=52 kind=gdn phase=gdn_z gpu_ms=4.95
[prefill-layer-phase] chunk=0 start=0 layer=52 kind=gdn phase=gdn_beta_alpha gpu_ms=0.45
[prefill-layer-phase] chunk=0 start=0 layer=52 kind=gdn phase=gdn_alpha_beta gpu_ms=0.01
[prefill-layer-phase] chunk=0 start=0 layer=52 kind=gdn phase=gdn_prep_conv gpu_ms=0.43
[prefill-layer-phase] chunk=0 start=0 layer=52 kind=gdn phase=gdn_prep_l2 gpu_ms=0.04
[prefill-layer-phase] chunk=0 start=0 layer=52 kind=gdn phase=gdn_step gpu_ms=2.33
[prefill-layer-phase] chunk=0 start=0 layer=52 kind=gdn phase=gdn_gated gpu_ms=0.15
[prefill-layer-phase] chunk=0 start=0 layer=52 kind=gdn phase=gdn_back gpu_ms=5.05
[prefill-layer-phase] chunk=0 start=0 layer=52 kind=gdn phase=mixer_resid gpu_ms=0.09
[prefill-layer-phase] chunk=0 start=0 layer=52 kind=gdn phase=ffn_norm gpu_ms=0.06
[prefill-layer-phase] chunk=0 start=0 layer=52 kind=gdn phase=ffn_gate gpu_ms=13.80
[prefill-layer-phase] chunk=0 start=0 layer=52 kind=gdn phase=ffn_up gpu_ms=13.81
[prefill-layer-phase] chunk=0 start=0 layer=52 kind=gdn phase=ffn_swiglu gpu_ms=0.41
[prefill-layer-phase] chunk=0 start=0 layer=52 kind=gdn phase=ffn_down gpu_ms=14.00
[prefill-layer-phase] chunk=0 start=0 layer=52 kind=gdn phase=ffn_resid gpu_ms=0.09
[prefill-layer-phase] chunk=0 start=0 layer=53 kind=gdn phase=pre_norm gpu_ms=0.06
[prefill-layer-phase] chunk=0 start=0 layer=53 kind=gdn phase=gdn_qkv gpu_ms=8.12
[prefill-layer-phase] chunk=0 start=0 layer=53 kind=gdn phase=gdn_z gpu_ms=4.95
[prefill-layer-phase] chunk=0 start=0 layer=53 kind=gdn phase=gdn_beta_alpha gpu_ms=0.46
[prefill-layer-phase] chunk=0 start=0 layer=53 kind=gdn phase=gdn_alpha_beta gpu_ms=0.01
[prefill-layer-phase] chunk=0 start=0 layer=53 kind=gdn phase=gdn_prep_conv gpu_ms=0.44
[prefill-layer-phase] chunk=0 start=0 layer=53 kind=gdn phase=gdn_prep_l2 gpu_ms=0.04
[prefill-layer-phase] chunk=0 start=0 layer=53 kind=gdn phase=gdn_step gpu_ms=2.29
[prefill-layer-phase] chunk=0 start=0 layer=53 kind=gdn phase=gdn_gated gpu_ms=0.16
[prefill-layer-phase] chunk=0 start=0 layer=53 kind=gdn phase=gdn_back gpu_ms=5.05
[prefill-layer-phase] chunk=0 start=0 layer=53 kind=gdn phase=mixer_resid gpu_ms=0.09
[prefill-layer-phase] chunk=0 start=0 layer=53 kind=gdn phase=ffn_norm gpu_ms=0.06
[prefill-layer-phase] chunk=0 start=0 layer=53 kind=gdn phase=ffn_gate gpu_ms=13.80
[prefill-layer-phase] chunk=0 start=0 layer=53 kind=gdn phase=ffn_up gpu_ms=13.80
[prefill-layer-phase] chunk=0 start=0 layer=53 kind=gdn phase=ffn_swiglu gpu_ms=0.41
[prefill-layer-phase] chunk=0 start=0 layer=53 kind=gdn phase=ffn_down gpu_ms=13.93
[prefill-layer-phase] chunk=0 start=0 layer=53 kind=gdn phase=ffn_resid gpu_ms=0.09
[prefill-layer-phase] chunk=0 start=0 layer=54 kind=gdn phase=pre_norm gpu_ms=0.06
[prefill-layer-phase] chunk=0 start=0 layer=54 kind=gdn phase=gdn_qkv gpu_ms=8.12
[prefill-layer-phase] chunk=0 start=0 layer=54 kind=gdn phase=gdn_z gpu_ms=4.95
[prefill-layer-phase] chunk=0 start=0 layer=54 kind=gdn phase=gdn_beta_alpha gpu_ms=0.45
[prefill-layer-phase] chunk=0 start=0 layer=54 kind=gdn phase=gdn_alpha_beta gpu_ms=0.01
[prefill-layer-phase] chunk=0 start=0 layer=54 kind=gdn phase=gdn_prep_conv gpu_ms=0.44
[prefill-layer-phase] chunk=0 start=0 layer=54 kind=gdn phase=gdn_prep_l2 gpu_ms=0.04
[prefill-layer-phase] chunk=0 start=0 layer=54 kind=gdn phase=gdn_step gpu_ms=2.32
[prefill-layer-phase] chunk=0 start=0 layer=54 kind=gdn phase=gdn_gated gpu_ms=0.16
[prefill-layer-phase] chunk=0 start=0 layer=54 kind=gdn phase=gdn_back gpu_ms=5.06
[prefill-layer-phase] chunk=0 start=0 layer=54 kind=gdn phase=mixer_resid gpu_ms=0.09
[prefill-layer-phase] chunk=0 start=0 layer=54 kind=gdn phase=ffn_norm gpu_ms=0.06
[prefill-layer-phase] chunk=0 start=0 layer=54 kind=gdn phase=ffn_gate gpu_ms=13.81
[prefill-layer-phase] chunk=0 start=0 layer=54 kind=gdn phase=ffn_up gpu_ms=13.80
[prefill-layer-phase] chunk=0 start=0 layer=54 kind=gdn phase=ffn_swiglu gpu_ms=0.41
[prefill-layer-phase] chunk=0 start=0 layer=54 kind=gdn phase=ffn_down gpu_ms=13.94
[prefill-layer-phase] chunk=0 start=0 layer=54 kind=gdn phase=ffn_resid gpu_ms=0.09
[prefill-layer-phase] chunk=0 start=0 layer=55 kind=attn phase=pre_norm gpu_ms=0.06
[prefill-attn-phase] chunk=0 start=0 layer=55 phase=proj gpu_ms=11.62
[prefill-attn-phase] chunk=0 start=0 layer=55 phase=norm gpu_ms=0.44
[prefill-attn-phase] chunk=0 start=0 layer=55 phase=rope_scatter gpu_ms=0.09
[prefill-attn-matrix-g6-shape] layer=55 chunk_start=0 chunk_p=1024 query_rows=1024 query_tiles=1 n_pos=1024 score_tile_scratch_mib=51.00 vt_stride=1024 vt_layer_mib=2.00 vt_update_base=0 vt_update_rows=1024 vt_update_mib=2.00
[prefill-attn-phase] chunk=0 start=0 layer=55 phase=body_matrix_kq gpu_ms=0.52
[prefill-attn-phase] chunk=0 start=0 layer=55 phase=body_matrix_kqv gpu_ms=0.51
[prefill-layer-phase] chunk=0 start=0 layer=55 kind=attn phase=attn_back gpu_ms=5.02
[prefill-layer-phase] chunk=0 start=0 layer=55 kind=attn phase=mixer_resid gpu_ms=0.09
[prefill-layer-phase] chunk=0 start=0 layer=55 kind=attn phase=ffn_norm gpu_ms=0.06
[prefill-layer-phase] chunk=0 start=0 layer=55 kind=attn phase=ffn_gate gpu_ms=13.81
[prefill-layer-phase] chunk=0 start=0 layer=55 kind=attn phase=ffn_up gpu_ms=13.81
[prefill-layer-phase] chunk=0 start=0 layer=55 kind=attn phase=ffn_swiglu gpu_ms=0.41
[prefill-layer-phase] chunk=0 start=0 layer=55 kind=attn phase=ffn_down gpu_ms=14.01
[prefill-layer-phase] chunk=0 start=0 layer=55 kind=attn phase=ffn_resid gpu_ms=0.09
[prefill-layer-phase] chunk=0 start=0 layer=56 kind=gdn phase=pre_norm gpu_ms=0.06
[prefill-layer-phase] chunk=0 start=0 layer=56 kind=gdn phase=gdn_qkv gpu_ms=8.16
[prefill-layer-phase] chunk=0 start=0 layer=56 kind=gdn phase=gdn_z gpu_ms=4.95
[prefill-layer-phase] chunk=0 start=0 layer=56 kind=gdn phase=gdn_beta_alpha gpu_ms=0.45
[prefill-layer-phase] chunk=0 start=0 layer=56 kind=gdn phase=gdn_alpha_beta gpu_ms=0.01
[prefill-layer-phase] chunk=0 start=0 layer=56 kind=gdn phase=gdn_prep_conv gpu_ms=0.43
[prefill-layer-phase] chunk=0 start=0 layer=56 kind=gdn phase=gdn_prep_l2 gpu_ms=0.04
[prefill-layer-phase] chunk=0 start=0 layer=56 kind=gdn phase=gdn_step gpu_ms=2.38
[prefill-layer-phase] chunk=0 start=0 layer=56 kind=gdn phase=gdn_gated gpu_ms=0.16
[prefill-layer-phase] chunk=0 start=0 layer=56 kind=gdn phase=gdn_back gpu_ms=5.06
[prefill-layer-phase] chunk=0 start=0 layer=56 kind=gdn phase=mixer_resid gpu_ms=0.09
[prefill-layer-phase] chunk=0 start=0 layer=56 kind=gdn phase=ffn_norm gpu_ms=0.06
[prefill-layer-phase] chunk=0 start=0 layer=56 kind=gdn phase=ffn_gate gpu_ms=13.80
[prefill-layer-phase] chunk=0 start=0 layer=56 kind=gdn phase=ffn_up gpu_ms=13.80
[prefill-layer-phase] chunk=0 start=0 layer=56 kind=gdn phase=ffn_swiglu gpu_ms=0.41
[prefill-layer-phase] chunk=0 start=0 layer=56 kind=gdn phase=ffn_down gpu_ms=13.99
[prefill-layer-phase] chunk=0 start=0 layer=56 kind=gdn phase=ffn_resid gpu_ms=0.09
[prefill-layer-phase] chunk=0 start=0 layer=57 kind=gdn phase=pre_norm gpu_ms=0.06
[prefill-layer-phase] chunk=0 start=0 layer=57 kind=gdn phase=gdn_qkv gpu_ms=8.16
[prefill-layer-phase] chunk=0 start=0 layer=57 kind=gdn phase=gdn_z gpu_ms=4.95
[prefill-layer-phase] chunk=0 start=0 layer=57 kind=gdn phase=gdn_beta_alpha gpu_ms=0.45
[prefill-layer-phase] chunk=0 start=0 layer=57 kind=gdn phase=gdn_alpha_beta gpu_ms=0.01
[prefill-layer-phase] chunk=0 start=0 layer=57 kind=gdn phase=gdn_prep_conv gpu_ms=0.44
[prefill-layer-phase] chunk=0 start=0 layer=57 kind=gdn phase=gdn_prep_l2 gpu_ms=0.04
[prefill-layer-phase] chunk=0 start=0 layer=57 kind=gdn phase=gdn_step gpu_ms=2.40
[prefill-layer-phase] chunk=0 start=0 layer=57 kind=gdn phase=gdn_gated gpu_ms=0.16
[prefill-layer-phase] chunk=0 start=0 layer=57 kind=gdn phase=gdn_back gpu_ms=5.05
[prefill-layer-phase] chunk=0 start=0 layer=57 kind=gdn phase=mixer_resid gpu_ms=0.09
[prefill-layer-phase] chunk=0 start=0 layer=57 kind=gdn phase=ffn_norm gpu_ms=0.06
[prefill-layer-phase] chunk=0 start=0 layer=57 kind=gdn phase=ffn_gate gpu_ms=13.81
[prefill-layer-phase] chunk=0 start=0 layer=57 kind=gdn phase=ffn_up gpu_ms=13.80
[prefill-layer-phase] chunk=0 start=0 layer=57 kind=gdn phase=ffn_swiglu gpu_ms=0.41
[prefill-layer-phase] chunk=0 start=0 layer=57 kind=gdn phase=ffn_down gpu_ms=14.00
[prefill-layer-phase] chunk=0 start=0 layer=57 kind=gdn phase=ffn_resid gpu_ms=0.09
[prefill-layer-phase] chunk=0 start=0 layer=58 kind=gdn phase=pre_norm gpu_ms=0.06
[prefill-layer-phase] chunk=0 start=0 layer=58 kind=gdn phase=gdn_qkv gpu_ms=8.16
[prefill-layer-phase] chunk=0 start=0 layer=58 kind=gdn phase=gdn_z gpu_ms=4.95
[prefill-layer-phase] chunk=0 start=0 layer=58 kind=gdn phase=gdn_beta_alpha gpu_ms=0.45
[prefill-layer-phase] chunk=0 start=0 layer=58 kind=gdn phase=gdn_alpha_beta gpu_ms=0.01
[prefill-layer-phase] chunk=0 start=0 layer=58 kind=gdn phase=gdn_prep_conv gpu_ms=0.44
[prefill-layer-phase] chunk=0 start=0 layer=58 kind=gdn phase=gdn_prep_l2 gpu_ms=0.04
[prefill-layer-phase] chunk=0 start=0 layer=58 kind=gdn phase=gdn_step gpu_ms=2.30
[prefill-layer-phase] chunk=0 start=0 layer=58 kind=gdn phase=gdn_gated gpu_ms=0.16
[prefill-layer-phase] chunk=0 start=0 layer=58 kind=gdn phase=gdn_back gpu_ms=5.06
[prefill-layer-phase] chunk=0 start=0 layer=58 kind=gdn phase=mixer_resid gpu_ms=0.09
[prefill-layer-phase] chunk=0 start=0 layer=58 kind=gdn phase=ffn_norm gpu_ms=0.06
[prefill-layer-phase] chunk=0 start=0 layer=58 kind=gdn phase=ffn_gate gpu_ms=13.81
[prefill-layer-phase] chunk=0 start=0 layer=58 kind=gdn phase=ffn_up gpu_ms=13.80
[prefill-layer-phase] chunk=0 start=0 layer=58 kind=gdn phase=ffn_swiglu gpu_ms=0.41
[prefill-layer-phase] chunk=0 start=0 layer=58 kind=gdn phase=ffn_down gpu_ms=14.00
[prefill-layer-phase] chunk=0 start=0 layer=58 kind=gdn phase=ffn_resid gpu_ms=0.09
[prefill-layer-phase] chunk=0 start=0 layer=59 kind=attn phase=pre_norm gpu_ms=0.06
[prefill-attn-phase] chunk=0 start=0 layer=59 phase=proj gpu_ms=11.61
[prefill-attn-phase] chunk=0 start=0 layer=59 phase=norm gpu_ms=0.44
[prefill-attn-phase] chunk=0 start=0 layer=59 phase=rope_scatter gpu_ms=0.09
[prefill-attn-matrix-g6-shape] layer=59 chunk_start=0 chunk_p=1024 query_rows=1024 query_tiles=1 n_pos=1024 score_tile_scratch_mib=51.00 vt_stride=1024 vt_layer_mib=2.00 vt_update_base=0 vt_update_rows=1024 vt_update_mib=2.00
[prefill-attn-phase] chunk=0 start=0 layer=59 phase=body_matrix_kq gpu_ms=0.52
[prefill-attn-phase] chunk=0 start=0 layer=59 phase=body_matrix_kqv gpu_ms=0.51
[prefill-layer-phase] chunk=0 start=0 layer=59 kind=attn phase=attn_back gpu_ms=5.02
[prefill-layer-phase] chunk=0 start=0 layer=59 kind=attn phase=mixer_resid gpu_ms=0.09
[prefill-layer-phase] chunk=0 start=0 layer=59 kind=attn phase=ffn_norm gpu_ms=0.06
[prefill-layer-phase] chunk=0 start=0 layer=59 kind=attn phase=ffn_gate gpu_ms=13.81
[prefill-layer-phase] chunk=0 start=0 layer=59 kind=attn phase=ffn_up gpu_ms=13.81
[prefill-layer-phase] chunk=0 start=0 layer=59 kind=attn phase=ffn_swiglu gpu_ms=0.41
[prefill-layer-phase] chunk=0 start=0 layer=59 kind=attn phase=ffn_down gpu_ms=14.01
[prefill-layer-phase] chunk=0 start=0 layer=59 kind=attn phase=ffn_resid gpu_ms=0.09
[prefill-layer-phase] chunk=0 start=0 layer=60 kind=gdn phase=pre_norm gpu_ms=0.06
[prefill-layer-phase] chunk=0 start=0 layer=60 kind=gdn phase=gdn_qkv gpu_ms=8.16
[prefill-layer-phase] chunk=0 start=0 layer=60 kind=gdn phase=gdn_z gpu_ms=4.95
[prefill-layer-phase] chunk=0 start=0 layer=60 kind=gdn phase=gdn_beta_alpha gpu_ms=0.45
[prefill-layer-phase] chunk=0 start=0 layer=60 kind=gdn phase=gdn_alpha_beta gpu_ms=0.01
[prefill-layer-phase] chunk=0 start=0 layer=60 kind=gdn phase=gdn_prep_conv gpu_ms=0.44
[prefill-layer-phase] chunk=0 start=0 layer=60 kind=gdn phase=gdn_prep_l2 gpu_ms=0.04
[prefill-layer-phase] chunk=0 start=0 layer=60 kind=gdn phase=gdn_step gpu_ms=2.29
[prefill-layer-phase] chunk=0 start=0 layer=60 kind=gdn phase=gdn_gated gpu_ms=0.16
[prefill-layer-phase] chunk=0 start=0 layer=60 kind=gdn phase=gdn_back gpu_ms=5.06
[prefill-layer-phase] chunk=0 start=0 layer=60 kind=gdn phase=mixer_resid gpu_ms=0.09
[prefill-layer-phase] chunk=0 start=0 layer=60 kind=gdn phase=ffn_norm gpu_ms=0.06
[prefill-layer-phase] chunk=0 start=0 layer=60 kind=gdn phase=ffn_gate gpu_ms=13.81
[prefill-layer-phase] chunk=0 start=0 layer=60 kind=gdn phase=ffn_up gpu_ms=13.80
[prefill-layer-phase] chunk=0 start=0 layer=60 kind=gdn phase=ffn_swiglu gpu_ms=0.41
[prefill-layer-phase] chunk=0 start=0 layer=60 kind=gdn phase=ffn_down gpu_ms=14.00
[prefill-layer-phase] chunk=0 start=0 layer=60 kind=gdn phase=ffn_resid gpu_ms=0.09
[prefill-layer-phase] chunk=0 start=0 layer=61 kind=gdn phase=pre_norm gpu_ms=0.06
[prefill-layer-phase] chunk=0 start=0 layer=61 kind=gdn phase=gdn_qkv gpu_ms=8.16
[prefill-layer-phase] chunk=0 start=0 layer=61 kind=gdn phase=gdn_z gpu_ms=4.95
[prefill-layer-phase] chunk=0 start=0 layer=61 kind=gdn phase=gdn_beta_alpha gpu_ms=0.45
[prefill-layer-phase] chunk=0 start=0 layer=61 kind=gdn phase=gdn_alpha_beta gpu_ms=0.01
[prefill-layer-phase] chunk=0 start=0 layer=61 kind=gdn phase=gdn_prep_conv gpu_ms=0.44
[prefill-layer-phase] chunk=0 start=0 layer=61 kind=gdn phase=gdn_prep_l2 gpu_ms=0.04
[prefill-layer-phase] chunk=0 start=0 layer=61 kind=gdn phase=gdn_step gpu_ms=2.31
[prefill-layer-phase] chunk=0 start=0 layer=61 kind=gdn phase=gdn_gated gpu_ms=0.16
[prefill-layer-phase] chunk=0 start=0 layer=61 kind=gdn phase=gdn_back gpu_ms=5.05
[prefill-layer-phase] chunk=0 start=0 layer=61 kind=gdn phase=mixer_resid gpu_ms=0.09
[prefill-layer-phase] chunk=0 start=0 layer=61 kind=gdn phase=ffn_norm gpu_ms=0.06
[prefill-layer-phase] chunk=0 start=0 layer=61 kind=gdn phase=ffn_gate gpu_ms=13.81
[prefill-layer-phase] chunk=0 start=0 layer=61 kind=gdn phase=ffn_up gpu_ms=13.81
[prefill-layer-phase] chunk=0 start=0 layer=61 kind=gdn phase=ffn_swiglu gpu_ms=0.41
[prefill-layer-phase] chunk=0 start=0 layer=61 kind=gdn phase=ffn_down gpu_ms=14.01
[prefill-layer-phase] chunk=0 start=0 layer=61 kind=gdn phase=ffn_resid gpu_ms=0.09
[prefill-layer-phase] chunk=0 start=0 layer=62 kind=gdn phase=pre_norm gpu_ms=0.06
[prefill-layer-phase] chunk=0 start=0 layer=62 kind=gdn phase=gdn_qkv gpu_ms=8.16
[prefill-layer-phase] chunk=0 start=0 layer=62 kind=gdn phase=gdn_z gpu_ms=4.95
[prefill-layer-phase] chunk=0 start=0 layer=62 kind=gdn phase=gdn_beta_alpha gpu_ms=0.45
[prefill-layer-phase] chunk=0 start=0 layer=62 kind=gdn phase=gdn_alpha_beta gpu_ms=0.01
[prefill-layer-phase] chunk=0 start=0 layer=62 kind=gdn phase=gdn_prep_conv gpu_ms=0.43
[prefill-layer-phase] chunk=0 start=0 layer=62 kind=gdn phase=gdn_prep_l2 gpu_ms=0.04
[prefill-layer-phase] chunk=0 start=0 layer=62 kind=gdn phase=gdn_step gpu_ms=2.38
[prefill-layer-phase] chunk=0 start=0 layer=62 kind=gdn phase=gdn_gated gpu_ms=0.16
[prefill-layer-phase] chunk=0 start=0 layer=62 kind=gdn phase=gdn_back gpu_ms=5.05
[prefill-layer-phase] chunk=0 start=0 layer=62 kind=gdn phase=mixer_resid gpu_ms=0.09
[prefill-layer-phase] chunk=0 start=0 layer=62 kind=gdn phase=ffn_norm gpu_ms=0.06
[prefill-layer-phase] chunk=0 start=0 layer=62 kind=gdn phase=ffn_gate gpu_ms=13.81
[prefill-layer-phase] chunk=0 start=0 layer=62 kind=gdn phase=ffn_up gpu_ms=13.80
[prefill-layer-phase] chunk=0 start=0 layer=62 kind=gdn phase=ffn_swiglu gpu_ms=0.41
[prefill-layer-phase] chunk=0 start=0 layer=62 kind=gdn phase=ffn_down gpu_ms=13.99
[prefill-layer-phase] chunk=0 start=0 layer=62 kind=gdn phase=ffn_resid gpu_ms=0.09
[prefill-layer-phase] chunk=0 start=0 layer=63 kind=attn phase=pre_norm gpu_ms=0.06
[prefill-attn-phase] chunk=0 start=0 layer=63 phase=proj gpu_ms=11.61
[prefill-attn-phase] chunk=0 start=0 layer=63 phase=norm gpu_ms=0.44
[prefill-attn-phase] chunk=0 start=0 layer=63 phase=rope_scatter gpu_ms=0.09
[prefill-attn-matrix-g6-shape] layer=63 chunk_start=0 chunk_p=1024 query_rows=1024 query_tiles=1 n_pos=1024 score_tile_scratch_mib=51.00 vt_stride=1024 vt_layer_mib=2.00 vt_update_base=0 vt_update_rows=1024 vt_update_mib=2.00
[prefill-attn-phase] chunk=0 start=0 layer=63 phase=body_matrix_kq gpu_ms=0.52
[prefill-attn-phase] chunk=0 start=0 layer=63 phase=body_matrix_kqv gpu_ms=0.51
[prefill-layer-phase] chunk=0 start=0 layer=63 kind=attn phase=attn_back gpu_ms=5.01
[prefill-layer-phase] chunk=0 start=0 layer=63 kind=attn phase=mixer_resid gpu_ms=0.09
[prefill-layer-phase] chunk=0 start=0 layer=63 kind=attn phase=ffn_norm gpu_ms=0.06
[prefill-layer-phase] chunk=0 start=0 layer=63 kind=attn phase=ffn_gate gpu_ms=13.80
[prefill-layer-phase] chunk=0 start=0 layer=63 kind=attn phase=ffn_up gpu_ms=13.81
[prefill-layer-phase] chunk=0 start=0 layer=63 kind=attn phase=ffn_swiglu gpu_ms=0.41
[prefill-layer-phase] chunk=0 start=0 layer=63 kind=attn phase=ffn_down gpu_ms=14.00
[prefill-layer-phase] chunk=0 start=0 layer=63 kind=attn phase=ffn_resid gpu_ms=0.09
[prefill-layer-phase] chunk=0 start=0 layer=0 kind=gdn phase=pre_norm gpu_ms=0.36
[prefill-layer-phase] chunk=0 start=0 layer=0 kind=gdn phase=gdn_qkv gpu_ms=8.17
[prefill-layer-phase] chunk=0 start=0 layer=0 kind=gdn phase=gdn_z gpu_ms=4.96
[prefill-layer-phase] chunk=0 start=0 layer=0 kind=gdn phase=gdn_beta_alpha gpu_ms=0.46
[prefill-layer-phase] chunk=0 start=0 layer=0 kind=gdn phase=gdn_alpha_beta gpu_ms=0.01
[prefill-layer-phase] chunk=0 start=0 layer=0 kind=gdn phase=gdn_prep_conv gpu_ms=0.44
[prefill-layer-phase] chunk=0 start=0 layer=0 kind=gdn phase=gdn_prep_l2 gpu_ms=0.04
[prefill-layer-phase] chunk=0 start=0 layer=0 kind=gdn phase=gdn_step gpu_ms=2.42
[prefill-layer-phase] chunk=0 start=0 layer=0 kind=gdn phase=gdn_gated gpu_ms=0.18
[prefill-layer-phase] chunk=0 start=0 layer=0 kind=gdn phase=gdn_back gpu_ms=5.06
[prefill-layer-phase] chunk=0 start=0 layer=0 kind=gdn phase=mixer_resid gpu_ms=0.09
[prefill-layer-phase] chunk=0 start=0 layer=0 kind=gdn phase=ffn_norm gpu_ms=0.05
[prefill-layer-phase] chunk=0 start=0 layer=0 kind=gdn phase=ffn_gate gpu_ms=13.81
[prefill-layer-phase] chunk=0 start=0 layer=0 kind=gdn phase=ffn_up gpu_ms=13.81
[prefill-layer-phase] chunk=0 start=0 layer=0 kind=gdn phase=ffn_swiglu gpu_ms=0.43
[prefill-layer-phase] chunk=0 start=0 layer=0 kind=gdn phase=ffn_down gpu_ms=14.01
[prefill-layer-phase] chunk=0 start=0 layer=0 kind=gdn phase=ffn_resid gpu_ms=0.09
[prefill-layer-phase] chunk=0 start=0 layer=1 kind=gdn phase=pre_norm gpu_ms=0.05
[prefill-layer-phase] chunk=0 start=0 layer=1 kind=gdn phase=gdn_qkv gpu_ms=8.16
[prefill-layer-phase] chunk=0 start=0 layer=1 kind=gdn phase=gdn_z gpu_ms=4.95
[prefill-layer-phase] chunk=0 start=0 layer=1 kind=gdn phase=gdn_beta_alpha gpu_ms=0.46
[prefill-layer-phase] chunk=0 start=0 layer=1 kind=gdn phase=gdn_alpha_beta gpu_ms=0.01
[prefill-layer-phase] chunk=0 start=0 layer=1 kind=gdn phase=gdn_prep_conv gpu_ms=0.44
[prefill-layer-phase] chunk=0 start=0 layer=1 kind=gdn phase=gdn_prep_l2 gpu_ms=0.04
[prefill-layer-phase] chunk=0 start=0 layer=1 kind=gdn phase=gdn_step gpu_ms=2.32
[prefill-layer-phase] chunk=0 start=0 layer=1 kind=gdn phase=gdn_gated gpu_ms=0.15
[prefill-layer-phase] chunk=0 start=0 layer=1 kind=gdn phase=gdn_back gpu_ms=5.05
[prefill-layer-phase] chunk=0 start=0 layer=1 kind=gdn phase=mixer_resid gpu_ms=0.09
[prefill-layer-phase] chunk=0 start=0 layer=1 kind=gdn phase=ffn_norm gpu_ms=0.05
[prefill-layer-phase] chunk=0 start=0 layer=1 kind=gdn phase=ffn_gate gpu_ms=13.81
[prefill-layer-phase] chunk=0 start=0 layer=1 kind=gdn phase=ffn_up gpu_ms=13.80
[prefill-layer-phase] chunk=0 start=0 layer=1 kind=gdn phase=ffn_swiglu gpu_ms=0.41
[prefill-layer-phase] chunk=0 start=0 layer=1 kind=gdn phase=ffn_down gpu_ms=14.00
[prefill-layer-phase] chunk=0 start=0 layer=1 kind=gdn phase=ffn_resid gpu_ms=0.09
[prefill-layer-phase] chunk=0 start=0 layer=2 kind=gdn phase=pre_norm gpu_ms=0.05
[prefill-layer-phase] chunk=0 start=0 layer=2 kind=gdn phase=gdn_qkv gpu_ms=8.17
[prefill-layer-phase] chunk=0 start=0 layer=2 kind=gdn phase=gdn_z gpu_ms=4.96
[prefill-layer-phase] chunk=0 start=0 layer=2 kind=gdn phase=gdn_beta_alpha gpu_ms=0.45
[prefill-layer-phase] chunk=0 start=0 layer=2 kind=gdn phase=gdn_alpha_beta gpu_ms=0.01
[prefill-layer-phase] chunk=0 start=0 layer=2 kind=gdn phase=gdn_prep_conv gpu_ms=0.43
[prefill-layer-phase] chunk=0 start=0 layer=2 kind=gdn phase=gdn_prep_l2 gpu_ms=0.04
[prefill-layer-phase] chunk=0 start=0 layer=2 kind=gdn phase=gdn_step gpu_ms=2.30
[prefill-layer-phase] chunk=0 start=0 layer=2 kind=gdn phase=gdn_gated gpu_ms=0.16
[prefill-layer-phase] chunk=0 start=0 layer=2 kind=gdn phase=gdn_back gpu_ms=5.05
[prefill-layer-phase] chunk=0 start=0 layer=2 kind=gdn phase=mixer_resid gpu_ms=0.09
[prefill-layer-phase] chunk=0 start=0 layer=2 kind=gdn phase=ffn_norm gpu_ms=0.05
[prefill-layer-phase] chunk=0 start=0 layer=2 kind=gdn phase=ffn_gate gpu_ms=13.81
[prefill-layer-phase] chunk=0 start=0 layer=2 kind=gdn phase=ffn_up gpu_ms=13.81
[prefill-layer-phase] chunk=0 start=0 layer=2 kind=gdn phase=ffn_swiglu gpu_ms=0.41
[prefill-layer-phase] chunk=0 start=0 layer=2 kind=gdn phase=ffn_down gpu_ms=14.00
[prefill-layer-phase] chunk=0 start=0 layer=2 kind=gdn phase=ffn_resid gpu_ms=0.09
[prefill-layer-phase] chunk=0 start=0 layer=3 kind=attn phase=pre_norm gpu_ms=0.05
[prefill-attn-phase] chunk=0 start=0 layer=3 phase=proj gpu_ms=11.71
[prefill-attn-phase] chunk=0 start=0 layer=3 phase=norm gpu_ms=0.45
[prefill-attn-phase] chunk=0 start=0 layer=3 phase=rope_scatter gpu_ms=0.09
[prefill-attn-matrix-g6-shape] layer=3 chunk_start=0 chunk_p=1024 query_rows=1024 query_tiles=1 n_pos=1024 score_tile_scratch_mib=51.00 vt_stride=1024 vt_layer_mib=2.00 vt_update_base=0 vt_update_rows=1024 vt_update_mib=2.00
[prefill-attn-phase] chunk=0 start=0 layer=3 phase=body_matrix_kq gpu_ms=0.52
[prefill-attn-phase] chunk=0 start=0 layer=3 phase=body_matrix_kqv gpu_ms=0.51
[prefill-layer-phase] chunk=0 start=0 layer=3 kind=attn phase=attn_back gpu_ms=5.01
[prefill-layer-phase] chunk=0 start=0 layer=3 kind=attn phase=mixer_resid gpu_ms=0.09
[prefill-layer-phase] chunk=0 start=0 layer=3 kind=attn phase=ffn_norm gpu_ms=0.05
[prefill-layer-phase] chunk=0 start=0 layer=3 kind=attn phase=ffn_gate gpu_ms=13.81
[prefill-layer-phase] chunk=0 start=0 layer=3 kind=attn phase=ffn_up gpu_ms=13.81
[prefill-layer-phase] chunk=0 start=0 layer=3 kind=attn phase=ffn_swiglu gpu_ms=0.41
[prefill-layer-phase] chunk=0 start=0 layer=3 kind=attn phase=ffn_down gpu_ms=14.01
[prefill-layer-phase] chunk=0 start=0 layer=3 kind=attn phase=ffn_resid gpu_ms=0.09
[prefill-layer-phase] chunk=0 start=0 layer=4 kind=gdn phase=pre_norm gpu_ms=0.05
[prefill-layer-phase] chunk=0 start=0 layer=4 kind=gdn phase=gdn_qkv gpu_ms=8.16
[prefill-layer-phase] chunk=0 start=0 layer=4 kind=gdn phase=gdn_z gpu_ms=4.95
[prefill-layer-phase] chunk=0 start=0 layer=4 kind=gdn phase=gdn_beta_alpha gpu_ms=0.46
[prefill-layer-phase] chunk=0 start=0 layer=4 kind=gdn phase=gdn_alpha_beta gpu_ms=0.01
[prefill-layer-phase] chunk=0 start=0 layer=4 kind=gdn phase=gdn_prep_conv gpu_ms=0.44
[prefill-layer-phase] chunk=0 start=0 layer=4 kind=gdn phase=gdn_prep_l2 gpu_ms=0.04
[prefill-layer-phase] chunk=0 start=0 layer=4 kind=gdn phase=gdn_step gpu_ms=2.29
[prefill-layer-phase] chunk=0 start=0 layer=4 kind=gdn phase=gdn_gated gpu_ms=0.16
[prefill-layer-phase] chunk=0 start=0 layer=4 kind=gdn phase=gdn_back gpu_ms=5.05
[prefill-layer-phase] chunk=0 start=0 layer=4 kind=gdn phase=mixer_resid gpu_ms=0.09
[prefill-layer-phase] chunk=0 start=0 layer=4 kind=gdn phase=ffn_norm gpu_ms=0.05
[prefill-layer-phase] chunk=0 start=0 layer=4 kind=gdn phase=ffn_gate gpu_ms=13.80
[prefill-layer-phase] chunk=0 start=0 layer=4 kind=gdn phase=ffn_up gpu_ms=13.80
[prefill-layer-phase] chunk=0 start=0 layer=4 kind=gdn phase=ffn_swiglu gpu_ms=0.41
[prefill-layer-phase] chunk=0 start=0 layer=4 kind=gdn phase=ffn_down gpu_ms=14.00
[prefill-layer-phase] chunk=0 start=0 layer=4 kind=gdn phase=ffn_resid gpu_ms=0.09
[prefill-layer-phase] chunk=0 start=0 layer=5 kind=gdn phase=pre_norm gpu_ms=0.05
[prefill-layer-phase] chunk=0 start=0 layer=5 kind=gdn phase=gdn_qkv gpu_ms=8.17
[prefill-layer-phase] chunk=0 start=0 layer=5 kind=gdn phase=gdn_z gpu_ms=4.95
[prefill-layer-phase] chunk=0 start=0 layer=5 kind=gdn phase=gdn_beta_alpha gpu_ms=0.46
[prefill-layer-phase] chunk=0 start=0 layer=5 kind=gdn phase=gdn_alpha_beta gpu_ms=0.01
[prefill-layer-phase] chunk=0 start=0 layer=5 kind=gdn phase=gdn_prep_conv gpu_ms=0.44
[prefill-layer-phase] chunk=0 start=0 layer=5 kind=gdn phase=gdn_prep_l2 gpu_ms=0.04
[prefill-layer-phase] chunk=0 start=0 layer=5 kind=gdn phase=gdn_step gpu_ms=2.35
[prefill-layer-phase] chunk=0 start=0 layer=5 kind=gdn phase=gdn_gated gpu_ms=0.16
[prefill-layer-phase] chunk=0 start=0 layer=5 kind=gdn phase=gdn_back gpu_ms=5.05
[prefill-layer-phase] chunk=0 start=0 layer=5 kind=gdn phase=mixer_resid gpu_ms=0.09
[prefill-layer-phase] chunk=0 start=0 layer=5 kind=gdn phase=ffn_norm gpu_ms=0.05
[prefill-layer-phase] chunk=0 start=0 layer=5 kind=gdn phase=ffn_gate gpu_ms=13.81
[prefill-layer-phase] chunk=0 start=0 layer=5 kind=gdn phase=ffn_up gpu_ms=13.81
[prefill-layer-phase] chunk=0 start=0 layer=5 kind=gdn phase=ffn_swiglu gpu_ms=0.41
[prefill-layer-phase] chunk=0 start=0 layer=5 kind=gdn phase=ffn_down gpu_ms=14.02
[prefill-layer-phase] chunk=0 start=0 layer=5 kind=gdn phase=ffn_resid gpu_ms=0.09
[prefill-layer-phase] chunk=0 start=0 layer=6 kind=gdn phase=pre_norm gpu_ms=0.05
[prefill-layer-phase] chunk=0 start=0 layer=6 kind=gdn phase=gdn_qkv gpu_ms=8.16
[prefill-layer-phase] chunk=0 start=0 layer=6 kind=gdn phase=gdn_z gpu_ms=4.95
[prefill-layer-phase] chunk=0 start=0 layer=6 kind=gdn phase=gdn_beta_alpha gpu_ms=0.46
[prefill-layer-phase] chunk=0 start=0 layer=6 kind=gdn phase=gdn_alpha_beta gpu_ms=0.00
[prefill-layer-phase] chunk=0 start=0 layer=6 kind=gdn phase=gdn_prep_conv gpu_ms=0.43
[prefill-layer-phase] chunk=0 start=0 layer=6 kind=gdn phase=gdn_prep_l2 gpu_ms=0.04
[prefill-layer-phase] chunk=0 start=0 layer=6 kind=gdn phase=gdn_step gpu_ms=2.34
[prefill-layer-phase] chunk=0 start=0 layer=6 kind=gdn phase=gdn_gated gpu_ms=0.16
[prefill-layer-phase] chunk=0 start=0 layer=6 kind=gdn phase=gdn_back gpu_ms=5.05
[prefill-layer-phase] chunk=0 start=0 layer=6 kind=gdn phase=mixer_resid gpu_ms=0.09
[prefill-layer-phase] chunk=0 start=0 layer=6 kind=gdn phase=ffn_norm gpu_ms=0.05
[prefill-layer-phase] chunk=0 start=0 layer=6 kind=gdn phase=ffn_gate gpu_ms=13.81
[prefill-layer-phase] chunk=0 start=0 layer=6 kind=gdn phase=ffn_up gpu_ms=13.81
[prefill-layer-phase] chunk=0 start=0 layer=6 kind=gdn phase=ffn_swiglu gpu_ms=0.41
[prefill-layer-phase] chunk=0 start=0 layer=6 kind=gdn phase=ffn_down gpu_ms=14.01
[prefill-layer-phase] chunk=0 start=0 layer=6 kind=gdn phase=ffn_resid gpu_ms=0.09
[prefill-layer-phase] chunk=0 start=0 layer=7 kind=attn phase=pre_norm gpu_ms=0.05
[prefill-attn-phase] chunk=0 start=0 layer=7 phase=proj gpu_ms=11.62
[prefill-attn-phase] chunk=0 start=0 layer=7 phase=norm gpu_ms=0.45
[prefill-attn-phase] chunk=0 start=0 layer=7 phase=rope_scatter gpu_ms=0.09
[prefill-attn-matrix-g6-shape] layer=7 chunk_start=0 chunk_p=1024 query_rows=1024 query_tiles=1 n_pos=1024 score_tile_scratch_mib=51.00 vt_stride=1024 vt_layer_mib=2.00 vt_update_base=0 vt_update_rows=1024 vt_update_mib=2.00
[prefill-attn-phase] chunk=0 start=0 layer=7 phase=body_matrix_kq gpu_ms=0.53
[prefill-attn-phase] chunk=0 start=0 layer=7 phase=body_matrix_kqv gpu_ms=0.51
[prefill-layer-phase] chunk=0 start=0 layer=7 kind=attn phase=attn_back gpu_ms=5.01
[prefill-layer-phase] chunk=0 start=0 layer=7 kind=attn phase=mixer_resid gpu_ms=0.09
[prefill-layer-phase] chunk=0 start=0 layer=7 kind=attn phase=ffn_norm gpu_ms=0.06
[prefill-layer-phase] chunk=0 start=0 layer=7 kind=attn phase=ffn_gate gpu_ms=13.81
[prefill-layer-phase] chunk=0 start=0 layer=7 kind=attn phase=ffn_up gpu_ms=13.80
[prefill-layer-phase] chunk=0 start=0 layer=7 kind=attn phase=ffn_swiglu gpu_ms=0.41
[prefill-layer-phase] chunk=0 start=0 layer=7 kind=attn phase=ffn_down gpu_ms=14.02
[prefill-layer-phase] chunk=0 start=0 layer=7 kind=attn phase=ffn_resid gpu_ms=0.09
[prefill-layer-phase] chunk=0 start=0 layer=8 kind=gdn phase=pre_norm gpu_ms=0.05
[prefill-layer-phase] chunk=0 start=0 layer=8 kind=gdn phase=gdn_qkv gpu_ms=8.12
[prefill-layer-phase] chunk=0 start=0 layer=8 kind=gdn phase=gdn_z gpu_ms=4.95
[prefill-layer-phase] chunk=0 start=0 layer=8 kind=gdn phase=gdn_beta_alpha gpu_ms=0.46
[prefill-layer-phase] chunk=0 start=0 layer=8 kind=gdn phase=gdn_alpha_beta gpu_ms=0.01
[prefill-layer-phase] chunk=0 start=0 layer=8 kind=gdn phase=gdn_prep_conv gpu_ms=0.44
[prefill-layer-phase] chunk=0 start=0 layer=8 kind=gdn phase=gdn_prep_l2 gpu_ms=0.04
[prefill-layer-phase] chunk=0 start=0 layer=8 kind=gdn phase=gdn_step gpu_ms=2.33
[prefill-layer-phase] chunk=0 start=0 layer=8 kind=gdn phase=gdn_gated gpu_ms=0.15
[prefill-layer-phase] chunk=0 start=0 layer=8 kind=gdn phase=gdn_back gpu_ms=5.05
[prefill-layer-phase] chunk=0 start=0 layer=8 kind=gdn phase=mixer_resid gpu_ms=0.09
[prefill-layer-phase] chunk=0 start=0 layer=8 kind=gdn phase=ffn_norm gpu_ms=0.05
[prefill-layer-phase] chunk=0 start=0 layer=8 kind=gdn phase=ffn_gate gpu_ms=13.81
[prefill-layer-phase] chunk=0 start=0 layer=8 kind=gdn phase=ffn_up gpu_ms=13.80
[prefill-layer-phase] chunk=0 start=0 layer=8 kind=gdn phase=ffn_swiglu gpu_ms=0.41
[prefill-layer-phase] chunk=0 start=0 layer=8 kind=gdn phase=ffn_down gpu_ms=13.96
[prefill-layer-phase] chunk=0 start=0 layer=8 kind=gdn phase=ffn_resid gpu_ms=0.09
[prefill-layer-phase] chunk=0 start=0 layer=9 kind=gdn phase=pre_norm gpu_ms=0.05
[prefill-layer-phase] chunk=0 start=0 layer=9 kind=gdn phase=gdn_qkv gpu_ms=8.12
[prefill-layer-phase] chunk=0 start=0 layer=9 kind=gdn phase=gdn_z gpu_ms=4.96
[prefill-layer-phase] chunk=0 start=0 layer=9 kind=gdn phase=gdn_beta_alpha gpu_ms=0.46
[prefill-layer-phase] chunk=0 start=0 layer=9 kind=gdn phase=gdn_alpha_beta gpu_ms=0.01
[prefill-layer-phase] chunk=0 start=0 layer=9 kind=gdn phase=gdn_prep_conv gpu_ms=0.44
[prefill-layer-phase] chunk=0 start=0 layer=9 kind=gdn phase=gdn_prep_l2 gpu_ms=0.04
[prefill-layer-phase] chunk=0 start=0 layer=9 kind=gdn phase=gdn_step gpu_ms=2.34
[prefill-layer-phase] chunk=0 start=0 layer=9 kind=gdn phase=gdn_gated gpu_ms=0.16
[prefill-layer-phase] chunk=0 start=0 layer=9 kind=gdn phase=gdn_back gpu_ms=5.05
[prefill-layer-phase] chunk=0 start=0 layer=9 kind=gdn phase=mixer_resid gpu_ms=0.09
[prefill-layer-phase] chunk=0 start=0 layer=9 kind=gdn phase=ffn_norm gpu_ms=0.05
[prefill-layer-phase] chunk=0 start=0 layer=9 kind=gdn phase=ffn_gate gpu_ms=13.80
[prefill-layer-phase] chunk=0 start=0 layer=9 kind=gdn phase=ffn_up gpu_ms=13.81
[prefill-layer-phase] chunk=0 start=0 layer=9 kind=gdn phase=ffn_swiglu gpu_ms=0.41
[prefill-layer-phase] chunk=0 start=0 layer=9 kind=gdn phase=ffn_down gpu_ms=13.94
[prefill-layer-phase] chunk=0 start=0 layer=9 kind=gdn phase=ffn_resid gpu_ms=0.09
[prefill-layer-phase] chunk=0 start=0 layer=10 kind=gdn phase=pre_norm gpu_ms=0.05
[prefill-layer-phase] chunk=0 start=0 layer=10 kind=gdn phase=gdn_qkv gpu_ms=8.16
[prefill-layer-phase] chunk=0 start=0 layer=10 kind=gdn phase=gdn_z gpu_ms=4.95
[prefill-layer-phase] chunk=0 start=0 layer=10 kind=gdn phase=gdn_beta_alpha gpu_ms=0.46
[prefill-layer-phase] chunk=0 start=0 layer=10 kind=gdn phase=gdn_alpha_beta gpu_ms=0.01
[prefill-layer-phase] chunk=0 start=0 layer=10 kind=gdn phase=gdn_prep_conv gpu_ms=0.44
[prefill-layer-phase] chunk=0 start=0 layer=10 kind=gdn phase=gdn_prep_l2 gpu_ms=0.04
[prefill-layer-phase] chunk=0 start=0 layer=10 kind=gdn phase=gdn_step gpu_ms=2.34
[prefill-layer-phase] chunk=0 start=0 layer=10 kind=gdn phase=gdn_gated gpu_ms=0.15
[prefill-layer-phase] chunk=0 start=0 layer=10 kind=gdn phase=gdn_back gpu_ms=5.05
[prefill-layer-phase] chunk=0 start=0 layer=10 kind=gdn phase=mixer_resid gpu_ms=0.09
[prefill-layer-phase] chunk=0 start=0 layer=10 kind=gdn phase=ffn_norm gpu_ms=0.05
[prefill-layer-phase] chunk=0 start=0 layer=10 kind=gdn phase=ffn_gate gpu_ms=13.81
[prefill-layer-phase] chunk=0 start=0 layer=10 kind=gdn phase=ffn_up gpu_ms=13.81
[prefill-layer-phase] chunk=0 start=0 layer=10 kind=gdn phase=ffn_swiglu gpu_ms=0.41
[prefill-layer-phase] chunk=0 start=0 layer=10 kind=gdn phase=ffn_down gpu_ms=14.01
[prefill-layer-phase] chunk=0 start=0 layer=10 kind=gdn phase=ffn_resid gpu_ms=0.09
[prefill-layer-phase] chunk=0 start=0 layer=11 kind=attn phase=pre_norm gpu_ms=0.05
[prefill-attn-phase] chunk=0 start=0 layer=11 phase=proj gpu_ms=11.61
[prefill-attn-phase] chunk=0 start=0 layer=11 phase=norm gpu_ms=0.44
[prefill-attn-phase] chunk=0 start=0 layer=11 phase=rope_scatter gpu_ms=0.09
[prefill-attn-matrix-g6-shape] layer=11 chunk_start=0 chunk_p=1024 query_rows=1024 query_tiles=1 n_pos=1024 score_tile_scratch_mib=51.00 vt_stride=1024 vt_layer_mib=2.00 vt_update_base=0 vt_update_rows=1024 vt_update_mib=2.00
[prefill-attn-phase] chunk=0 start=0 layer=11 phase=body_matrix_kq gpu_ms=0.52
[prefill-attn-phase] chunk=0 start=0 layer=11 phase=body_matrix_kqv gpu_ms=0.51
[prefill-layer-phase] chunk=0 start=0 layer=11 kind=attn phase=attn_back gpu_ms=5.01
[prefill-layer-phase] chunk=0 start=0 layer=11 kind=attn phase=mixer_resid gpu_ms=0.09
[prefill-layer-phase] chunk=0 start=0 layer=11 kind=attn phase=ffn_norm gpu_ms=0.05
[prefill-layer-phase] chunk=0 start=0 layer=11 kind=attn phase=ffn_gate gpu_ms=13.80
[prefill-layer-phase] chunk=0 start=0 layer=11 kind=attn phase=ffn_up gpu_ms=13.80
[prefill-layer-phase] chunk=0 start=0 layer=11 kind=attn phase=ffn_swiglu gpu_ms=0.41
[prefill-layer-phase] chunk=0 start=0 layer=11 kind=attn phase=ffn_down gpu_ms=13.94
[prefill-layer-phase] chunk=0 start=0 layer=11 kind=attn phase=ffn_resid gpu_ms=0.09
[prefill-layer-phase] chunk=0 start=0 layer=12 kind=gdn phase=pre_norm gpu_ms=0.05
[prefill-layer-phase] chunk=0 start=0 layer=12 kind=gdn phase=gdn_qkv gpu_ms=8.12
[prefill-layer-phase] chunk=0 start=0 layer=12 kind=gdn phase=gdn_z gpu_ms=4.95
[prefill-layer-phase] chunk=0 start=0 layer=12 kind=gdn phase=gdn_beta_alpha gpu_ms=0.46
[prefill-layer-phase] chunk=0 start=0 layer=12 kind=gdn phase=gdn_alpha_beta gpu_ms=0.00
[prefill-layer-phase] chunk=0 start=0 layer=12 kind=gdn phase=gdn_prep_conv gpu_ms=0.43
[prefill-layer-phase] chunk=0 start=0 layer=12 kind=gdn phase=gdn_prep_l2 gpu_ms=0.04
[prefill-layer-phase] chunk=0 start=0 layer=12 kind=gdn phase=gdn_step gpu_ms=2.28
[prefill-layer-phase] chunk=0 start=0 layer=12 kind=gdn phase=gdn_gated gpu_ms=0.16
[prefill-layer-phase] chunk=0 start=0 layer=12 kind=gdn phase=gdn_back gpu_ms=5.05
[prefill-layer-phase] chunk=0 start=0 layer=12 kind=gdn phase=mixer_resid gpu_ms=0.09
[prefill-layer-phase] chunk=0 start=0 layer=12 kind=gdn phase=ffn_norm gpu_ms=0.05
[prefill-layer-phase] chunk=0 start=0 layer=12 kind=gdn phase=ffn_gate gpu_ms=13.80
[prefill-layer-phase] chunk=0 start=0 layer=12 kind=gdn phase=ffn_up gpu_ms=13.80
[prefill-layer-phase] chunk=0 start=0 layer=12 kind=gdn phase=ffn_swiglu gpu_ms=0.41
[prefill-layer-phase] chunk=0 start=0 layer=12 kind=gdn phase=ffn_down gpu_ms=13.96
[prefill-layer-phase] chunk=0 start=0 layer=12 kind=gdn phase=ffn_resid gpu_ms=0.09
[prefill-layer-phase] chunk=0 start=0 layer=13 kind=gdn phase=pre_norm gpu_ms=0.05
[prefill-layer-phase] chunk=0 start=0 layer=13 kind=gdn phase=gdn_qkv gpu_ms=8.17
[prefill-layer-phase] chunk=0 start=0 layer=13 kind=gdn phase=gdn_z gpu_ms=4.95
[prefill-layer-phase] chunk=0 start=0 layer=13 kind=gdn phase=gdn_beta_alpha gpu_ms=0.45
[prefill-layer-phase] chunk=0 start=0 layer=13 kind=gdn phase=gdn_alpha_beta gpu_ms=0.01
[prefill-layer-phase] chunk=0 start=0 layer=13 kind=gdn phase=gdn_prep_conv gpu_ms=0.43
[prefill-layer-phase] chunk=0 start=0 layer=13 kind=gdn phase=gdn_prep_l2 gpu_ms=0.04
[prefill-layer-phase] chunk=0 start=0 layer=13 kind=gdn phase=gdn_step gpu_ms=2.38
[prefill-layer-phase] chunk=0 start=0 layer=13 kind=gdn phase=gdn_gated gpu_ms=0.15
[prefill-layer-phase] chunk=0 start=0 layer=13 kind=gdn phase=gdn_back gpu_ms=5.05
[prefill-layer-phase] chunk=0 start=0 layer=13 kind=gdn phase=mixer_resid gpu_ms=0.09
[prefill-layer-phase] chunk=0 start=0 layer=13 kind=gdn phase=ffn_norm gpu_ms=0.05
[prefill-layer-phase] chunk=0 start=0 layer=13 kind=gdn phase=ffn_gate gpu_ms=13.81
[prefill-layer-phase] chunk=0 start=0 layer=13 kind=gdn phase=ffn_up gpu_ms=13.81
[prefill-layer-phase] chunk=0 start=0 layer=13 kind=gdn phase=ffn_swiglu gpu_ms=0.41
[prefill-layer-phase] chunk=0 start=0 layer=13 kind=gdn phase=ffn_down gpu_ms=14.01
[prefill-layer-phase] chunk=0 start=0 layer=13 kind=gdn phase=ffn_resid gpu_ms=0.09
[prefill-layer-phase] chunk=0 start=0 layer=14 kind=gdn phase=pre_norm gpu_ms=0.05
[prefill-layer-phase] chunk=0 start=0 layer=14 kind=gdn phase=gdn_qkv gpu_ms=8.31
[prefill-layer-phase] chunk=0 start=0 layer=14 kind=gdn phase=gdn_z gpu_ms=4.95
[prefill-layer-phase] chunk=0 start=0 layer=14 kind=gdn phase=gdn_beta_alpha gpu_ms=0.46
[prefill-layer-phase] chunk=0 start=0 layer=14 kind=gdn phase=gdn_alpha_beta gpu_ms=0.01
[prefill-layer-phase] chunk=0 start=0 layer=14 kind=gdn phase=gdn_prep_conv gpu_ms=0.44
[prefill-layer-phase] chunk=0 start=0 layer=14 kind=gdn phase=gdn_prep_l2 gpu_ms=0.04
[prefill-layer-phase] chunk=0 start=0 layer=14 kind=gdn phase=gdn_step gpu_ms=2.34
[prefill-layer-phase] chunk=0 start=0 layer=14 kind=gdn phase=gdn_gated gpu_ms=0.16
[prefill-layer-phase] chunk=0 start=0 layer=14 kind=gdn phase=gdn_back gpu_ms=5.05
[prefill-layer-phase] chunk=0 start=0 layer=14 kind=gdn phase=mixer_resid gpu_ms=0.09
[prefill-layer-phase] chunk=0 start=0 layer=14 kind=gdn phase=ffn_norm gpu_ms=0.05
[prefill-layer-phase] chunk=0 start=0 layer=14 kind=gdn phase=ffn_gate gpu_ms=13.81
[prefill-layer-phase] chunk=0 start=0 layer=14 kind=gdn phase=ffn_up gpu_ms=13.81
[prefill-layer-phase] chunk=0 start=0 layer=14 kind=gdn phase=ffn_swiglu gpu_ms=0.41
[prefill-layer-phase] chunk=0 start=0 layer=14 kind=gdn phase=ffn_down gpu_ms=13.94
[prefill-layer-phase] chunk=0 start=0 layer=14 kind=gdn phase=ffn_resid gpu_ms=0.09
[prefill-layer-phase] chunk=0 start=0 layer=15 kind=attn phase=pre_norm gpu_ms=0.05
[prefill-attn-phase] chunk=0 start=0 layer=15 phase=proj gpu_ms=11.62
[prefill-attn-phase] chunk=0 start=0 layer=15 phase=norm gpu_ms=0.44
[prefill-attn-phase] chunk=0 start=0 layer=15 phase=rope_scatter gpu_ms=0.09
[prefill-attn-matrix-g6-shape] layer=15 chunk_start=0 chunk_p=1024 query_rows=1024 query_tiles=1 n_pos=1024 score_tile_scratch_mib=51.00 vt_stride=1024 vt_layer_mib=2.00 vt_update_base=0 vt_update_rows=1024 vt_update_mib=2.00
[prefill-attn-phase] chunk=0 start=0 layer=15 phase=body_matrix_kq gpu_ms=0.52
[prefill-attn-phase] chunk=0 start=0 layer=15 phase=body_matrix_kqv gpu_ms=0.51
[prefill-layer-phase] chunk=0 start=0 layer=15 kind=attn phase=attn_back gpu_ms=5.01
[prefill-layer-phase] chunk=0 start=0 layer=15 kind=attn phase=mixer_resid gpu_ms=0.09
[prefill-layer-phase] chunk=0 start=0 layer=15 kind=attn phase=ffn_norm gpu_ms=0.05
[prefill-layer-phase] chunk=0 start=0 layer=15 kind=attn phase=ffn_gate gpu_ms=13.80
[prefill-layer-phase] chunk=0 start=0 layer=15 kind=attn phase=ffn_up gpu_ms=13.81
[prefill-layer-phase] chunk=0 start=0 layer=15 kind=attn phase=ffn_swiglu gpu_ms=0.41
[prefill-layer-phase] chunk=0 start=0 layer=15 kind=attn phase=ffn_down gpu_ms=13.94
[prefill-layer-phase] chunk=0 start=0 layer=15 kind=attn phase=ffn_resid gpu_ms=0.09
[prefill-layer-phase] chunk=0 start=0 layer=16 kind=gdn phase=pre_norm gpu_ms=0.05
[prefill-layer-phase] chunk=0 start=0 layer=16 kind=gdn phase=gdn_qkv gpu_ms=8.17
[prefill-layer-phase] chunk=0 start=0 layer=16 kind=gdn phase=gdn_z gpu_ms=4.95
[prefill-layer-phase] chunk=0 start=0 layer=16 kind=gdn phase=gdn_beta_alpha gpu_ms=0.47
[prefill-layer-phase] chunk=0 start=0 layer=16 kind=gdn phase=gdn_alpha_beta gpu_ms=0.01
[prefill-layer-phase] chunk=0 start=0 layer=16 kind=gdn phase=gdn_prep_conv gpu_ms=0.43
[prefill-layer-phase] chunk=0 start=0 layer=16 kind=gdn phase=gdn_prep_l2 gpu_ms=0.04
[prefill-layer-phase] chunk=0 start=0 layer=16 kind=gdn phase=gdn_step gpu_ms=2.29
[prefill-layer-phase] chunk=0 start=0 layer=16 kind=gdn phase=gdn_gated gpu_ms=0.16
[prefill-layer-phase] chunk=0 start=0 layer=16 kind=gdn phase=gdn_back gpu_ms=5.05
[prefill-layer-phase] chunk=0 start=0 layer=16 kind=gdn phase=mixer_resid gpu_ms=0.09
[prefill-layer-phase] chunk=0 start=0 layer=16 kind=gdn phase=ffn_norm gpu_ms=0.05
[prefill-layer-phase] chunk=0 start=0 layer=16 kind=gdn phase=ffn_gate gpu_ms=13.81
[prefill-layer-phase] chunk=0 start=0 layer=16 kind=gdn phase=ffn_up gpu_ms=13.81
[prefill-layer-phase] chunk=0 start=0 layer=16 kind=gdn phase=ffn_swiglu gpu_ms=0.41
[prefill-layer-phase] chunk=0 start=0 layer=16 kind=gdn phase=ffn_down gpu_ms=14.01
[prefill-layer-phase] chunk=0 start=0 layer=16 kind=gdn phase=ffn_resid gpu_ms=0.09
[prefill-layer-phase] chunk=0 start=0 layer=17 kind=gdn phase=pre_norm gpu_ms=0.05
[prefill-layer-phase] chunk=0 start=0 layer=17 kind=gdn phase=gdn_qkv gpu_ms=8.12
[prefill-layer-phase] chunk=0 start=0 layer=17 kind=gdn phase=gdn_z gpu_ms=4.95
[prefill-layer-phase] chunk=0 start=0 layer=17 kind=gdn phase=gdn_beta_alpha gpu_ms=0.46
[prefill-layer-phase] chunk=0 start=0 layer=17 kind=gdn phase=gdn_alpha_beta gpu_ms=0.01
[prefill-layer-phase] chunk=0 start=0 layer=17 kind=gdn phase=gdn_prep_conv gpu_ms=0.44
[prefill-layer-phase] chunk=0 start=0 layer=17 kind=gdn phase=gdn_prep_l2 gpu_ms=0.04
[prefill-layer-phase] chunk=0 start=0 layer=17 kind=gdn phase=gdn_step gpu_ms=2.37
[prefill-layer-phase] chunk=0 start=0 layer=17 kind=gdn phase=gdn_gated gpu_ms=0.16
[prefill-layer-phase] chunk=0 start=0 layer=17 kind=gdn phase=gdn_back gpu_ms=5.05
[prefill-layer-phase] chunk=0 start=0 layer=17 kind=gdn phase=mixer_resid gpu_ms=0.09
[prefill-layer-phase] chunk=0 start=0 layer=17 kind=gdn phase=ffn_norm gpu_ms=0.05
[prefill-layer-phase] chunk=0 start=0 layer=17 kind=gdn phase=ffn_gate gpu_ms=13.80
[prefill-layer-phase] chunk=0 start=0 layer=17 kind=gdn phase=ffn_up gpu_ms=13.81
[prefill-layer-phase] chunk=0 start=0 layer=17 kind=gdn phase=ffn_swiglu gpu_ms=0.41
[prefill-layer-phase] chunk=0 start=0 layer=17 kind=gdn phase=ffn_down gpu_ms=14.00
[prefill-layer-phase] chunk=0 start=0 layer=17 kind=gdn phase=ffn_resid gpu_ms=0.09
[prefill-layer-phase] chunk=0 start=0 layer=18 kind=gdn phase=pre_norm gpu_ms=0.05
[prefill-layer-phase] chunk=0 start=0 layer=18 kind=gdn phase=gdn_qkv gpu_ms=8.13
[prefill-layer-phase] chunk=0 start=0 layer=18 kind=gdn phase=gdn_z gpu_ms=4.95
[prefill-layer-phase] chunk=0 start=0 layer=18 kind=gdn phase=gdn_beta_alpha gpu_ms=0.46
[prefill-layer-phase] chunk=0 start=0 layer=18 kind=gdn phase=gdn_alpha_beta gpu_ms=0.01
[prefill-layer-phase] chunk=0 start=0 layer=18 kind=gdn phase=gdn_prep_conv gpu_ms=0.44
[prefill-layer-phase] chunk=0 start=0 layer=18 kind=gdn phase=gdn_prep_l2 gpu_ms=0.04
[prefill-layer-phase] chunk=0 start=0 layer=18 kind=gdn phase=gdn_step gpu_ms=2.37
[prefill-layer-phase] chunk=0 start=0 layer=18 kind=gdn phase=gdn_gated gpu_ms=0.15
[prefill-layer-phase] chunk=0 start=0 layer=18 kind=gdn phase=gdn_back gpu_ms=5.05
[prefill-layer-phase] chunk=0 start=0 layer=18 kind=gdn phase=mixer_resid gpu_ms=0.09
[prefill-layer-phase] chunk=0 start=0 layer=18 kind=gdn phase=ffn_norm gpu_ms=0.05
[prefill-layer-phase] chunk=0 start=0 layer=18 kind=gdn phase=ffn_gate gpu_ms=13.80
[prefill-layer-phase] chunk=0 start=0 layer=18 kind=gdn phase=ffn_up gpu_ms=13.80
[prefill-layer-phase] chunk=0 start=0 layer=18 kind=gdn phase=ffn_swiglu gpu_ms=0.41
[prefill-layer-phase] chunk=0 start=0 layer=18 kind=gdn phase=ffn_down gpu_ms=13.93
[prefill-layer-phase] chunk=0 start=0 layer=18 kind=gdn phase=ffn_resid gpu_ms=0.09
[prefill-layer-phase] chunk=0 start=0 layer=19 kind=attn phase=pre_norm gpu_ms=0.05
[prefill-attn-phase] chunk=0 start=0 layer=19 phase=proj gpu_ms=11.62
[prefill-attn-phase] chunk=0 start=0 layer=19 phase=norm gpu_ms=0.44
[prefill-attn-phase] chunk=0 start=0 layer=19 phase=rope_scatter gpu_ms=0.09
[prefill-attn-matrix-g6-shape] layer=19 chunk_start=0 chunk_p=1024 query_rows=1024 query_tiles=1 n_pos=1024 score_tile_scratch_mib=51.00 vt_stride=1024 vt_layer_mib=2.00 vt_update_base=0 vt_update_rows=1024 vt_update_mib=2.00
[prefill-attn-phase] chunk=0 start=0 layer=19 phase=body_matrix_kq gpu_ms=0.52
[prefill-attn-phase] chunk=0 start=0 layer=19 phase=body_matrix_kqv gpu_ms=0.51
[prefill-layer-phase] chunk=0 start=0 layer=19 kind=attn phase=attn_back gpu_ms=5.01
[prefill-layer-phase] chunk=0 start=0 layer=19 kind=attn phase=mixer_resid gpu_ms=0.09
[prefill-layer-phase] chunk=0 start=0 layer=19 kind=attn phase=ffn_norm gpu_ms=0.05
[prefill-layer-phase] chunk=0 start=0 layer=19 kind=attn phase=ffn_gate gpu_ms=13.81
[prefill-layer-phase] chunk=0 start=0 layer=19 kind=attn phase=ffn_up gpu_ms=13.80
[prefill-layer-phase] chunk=0 start=0 layer=19 kind=attn phase=ffn_swiglu gpu_ms=0.41
[prefill-layer-phase] chunk=0 start=0 layer=19 kind=attn phase=ffn_down gpu_ms=13.99
[prefill-layer-phase] chunk=0 start=0 layer=19 kind=attn phase=ffn_resid gpu_ms=0.09
[prefill-layer-phase] chunk=0 start=0 layer=20 kind=gdn phase=pre_norm gpu_ms=0.05
[prefill-layer-phase] chunk=0 start=0 layer=20 kind=gdn phase=gdn_qkv gpu_ms=8.13
[prefill-layer-phase] chunk=0 start=0 layer=20 kind=gdn phase=gdn_z gpu_ms=4.95
[prefill-layer-phase] chunk=0 start=0 layer=20 kind=gdn phase=gdn_beta_alpha gpu_ms=0.46
[prefill-layer-phase] chunk=0 start=0 layer=20 kind=gdn phase=gdn_alpha_beta gpu_ms=0.01
[prefill-layer-phase] chunk=0 start=0 layer=20 kind=gdn phase=gdn_prep_conv gpu_ms=0.43
[prefill-layer-phase] chunk=0 start=0 layer=20 kind=gdn phase=gdn_prep_l2 gpu_ms=0.04
[prefill-layer-phase] chunk=0 start=0 layer=20 kind=gdn phase=gdn_step gpu_ms=2.37
[prefill-layer-phase] chunk=0 start=0 layer=20 kind=gdn phase=gdn_gated gpu_ms=0.16
[prefill-layer-phase] chunk=0 start=0 layer=20 kind=gdn phase=gdn_back gpu_ms=5.05
[prefill-layer-phase] chunk=0 start=0 layer=20 kind=gdn phase=mixer_resid gpu_ms=0.09
[prefill-layer-phase] chunk=0 start=0 layer=20 kind=gdn phase=ffn_norm gpu_ms=0.05
[prefill-layer-phase] chunk=0 start=0 layer=20 kind=gdn phase=ffn_gate gpu_ms=13.81
[prefill-layer-phase] chunk=0 start=0 layer=20 kind=gdn phase=ffn_up gpu_ms=13.81
[prefill-layer-phase] chunk=0 start=0 layer=20 kind=gdn phase=ffn_swiglu gpu_ms=0.41
[prefill-layer-phase] chunk=0 start=0 layer=20 kind=gdn phase=ffn_down gpu_ms=13.94
[prefill-layer-phase] chunk=0 start=0 layer=20 kind=gdn phase=ffn_resid gpu_ms=0.09
[prefill-layer-phase] chunk=0 start=0 layer=21 kind=gdn phase=pre_norm gpu_ms=0.05
[prefill-layer-phase] chunk=0 start=0 layer=21 kind=gdn phase=gdn_qkv gpu_ms=8.12
[prefill-layer-phase] chunk=0 start=0 layer=21 kind=gdn phase=gdn_z gpu_ms=4.95
[prefill-layer-phase] chunk=0 start=0 layer=21 kind=gdn phase=gdn_beta_alpha gpu_ms=0.46
[prefill-layer-phase] chunk=0 start=0 layer=21 kind=gdn phase=gdn_alpha_beta gpu_ms=0.01
[prefill-layer-phase] chunk=0 start=0 layer=21 kind=gdn phase=gdn_prep_conv gpu_ms=0.44
[prefill-layer-phase] chunk=0 start=0 layer=21 kind=gdn phase=gdn_prep_l2 gpu_ms=0.04
[prefill-layer-phase] chunk=0 start=0 layer=21 kind=gdn phase=gdn_step gpu_ms=2.29
[prefill-layer-phase] chunk=0 start=0 layer=21 kind=gdn phase=gdn_gated gpu_ms=0.15
[prefill-layer-phase] chunk=0 start=0 layer=21 kind=gdn phase=gdn_back gpu_ms=5.05
[prefill-layer-phase] chunk=0 start=0 layer=21 kind=gdn phase=mixer_resid gpu_ms=0.09
[prefill-layer-phase] chunk=0 start=0 layer=21 kind=gdn phase=ffn_norm gpu_ms=0.05
[prefill-layer-phase] chunk=0 start=0 layer=21 kind=gdn phase=ffn_gate gpu_ms=13.81
[prefill-layer-phase] chunk=0 start=0 layer=21 kind=gdn phase=ffn_up gpu_ms=13.80
[prefill-layer-phase] chunk=0 start=0 layer=21 kind=gdn phase=ffn_swiglu gpu_ms=0.41
[prefill-layer-phase] chunk=0 start=0 layer=21 kind=gdn phase=ffn_down gpu_ms=13.93
[prefill-layer-phase] chunk=0 start=0 layer=21 kind=gdn phase=ffn_resid gpu_ms=0.09
[prefill-layer-phase] chunk=0 start=0 layer=22 kind=gdn phase=pre_norm gpu_ms=0.05
[prefill-layer-phase] chunk=0 start=0 layer=22 kind=gdn phase=gdn_qkv gpu_ms=8.16
[prefill-layer-phase] chunk=0 start=0 layer=22 kind=gdn phase=gdn_z gpu_ms=4.95
[prefill-layer-phase] chunk=0 start=0 layer=22 kind=gdn phase=gdn_beta_alpha gpu_ms=0.45
[prefill-layer-phase] chunk=0 start=0 layer=22 kind=gdn phase=gdn_alpha_beta gpu_ms=0.01
[prefill-layer-phase] chunk=0 start=0 layer=22 kind=gdn phase=gdn_prep_conv gpu_ms=0.44
[prefill-layer-phase] chunk=0 start=0 layer=22 kind=gdn phase=gdn_prep_l2 gpu_ms=0.04
[prefill-layer-phase] chunk=0 start=0 layer=22 kind=gdn phase=gdn_step gpu_ms=2.27
[prefill-layer-phase] chunk=0 start=0 layer=22 kind=gdn phase=gdn_gated gpu_ms=0.16
[prefill-layer-phase] chunk=0 start=0 layer=22 kind=gdn phase=gdn_back gpu_ms=5.05
[prefill-layer-phase] chunk=0 start=0 layer=22 kind=gdn phase=mixer_resid gpu_ms=0.09
[prefill-layer-phase] chunk=0 start=0 layer=22 kind=gdn phase=ffn_norm gpu_ms=0.05
[prefill-layer-phase] chunk=0 start=0 layer=22 kind=gdn phase=ffn_gate gpu_ms=13.81
[prefill-layer-phase] chunk=0 start=0 layer=22 kind=gdn phase=ffn_up gpu_ms=13.80
[prefill-layer-phase] chunk=0 start=0 layer=22 kind=gdn phase=ffn_swiglu gpu_ms=0.41
[prefill-layer-phase] chunk=0 start=0 layer=22 kind=gdn phase=ffn_down gpu_ms=14.00
[prefill-layer-phase] chunk=0 start=0 layer=22 kind=gdn phase=ffn_resid gpu_ms=0.09
[prefill-layer-phase] chunk=0 start=0 layer=23 kind=attn phase=pre_norm gpu_ms=0.05
[prefill-attn-phase] chunk=0 start=0 layer=23 phase=proj gpu_ms=11.61
[prefill-attn-phase] chunk=0 start=0 layer=23 phase=norm gpu_ms=0.44
[prefill-attn-phase] chunk=0 start=0 layer=23 phase=rope_scatter gpu_ms=0.09
[prefill-attn-matrix-g6-shape] layer=23 chunk_start=0 chunk_p=1024 query_rows=1024 query_tiles=1 n_pos=1024 score_tile_scratch_mib=51.00 vt_stride=1024 vt_layer_mib=2.00 vt_update_base=0 vt_update_rows=1024 vt_update_mib=2.00
[prefill-attn-phase] chunk=0 start=0 layer=23 phase=body_matrix_kq gpu_ms=0.52
[prefill-attn-phase] chunk=0 start=0 layer=23 phase=body_matrix_kqv gpu_ms=0.51
[prefill-layer-phase] chunk=0 start=0 layer=23 kind=attn phase=attn_back gpu_ms=5.01
[prefill-layer-phase] chunk=0 start=0 layer=23 kind=attn phase=mixer_resid gpu_ms=0.09
[prefill-layer-phase] chunk=0 start=0 layer=23 kind=attn phase=ffn_norm gpu_ms=0.05
[prefill-layer-phase] chunk=0 start=0 layer=23 kind=attn phase=ffn_gate gpu_ms=13.80
[prefill-layer-phase] chunk=0 start=0 layer=23 kind=attn phase=ffn_up gpu_ms=13.81
[prefill-layer-phase] chunk=0 start=0 layer=23 kind=attn phase=ffn_swiglu gpu_ms=0.41
[prefill-layer-phase] chunk=0 start=0 layer=23 kind=attn phase=ffn_down gpu_ms=13.93
[prefill-layer-phase] chunk=0 start=0 layer=23 kind=attn phase=ffn_resid gpu_ms=0.09
[prefill-layer-phase] chunk=0 start=0 layer=24 kind=gdn phase=pre_norm gpu_ms=0.05
[prefill-layer-phase] chunk=0 start=0 layer=24 kind=gdn phase=gdn_qkv gpu_ms=8.12
[prefill-layer-phase] chunk=0 start=0 layer=24 kind=gdn phase=gdn_z gpu_ms=4.95
[prefill-layer-phase] chunk=0 start=0 layer=24 kind=gdn phase=gdn_beta_alpha gpu_ms=0.46
[prefill-layer-phase] chunk=0 start=0 layer=24 kind=gdn phase=gdn_alpha_beta gpu_ms=0.01
[prefill-layer-phase] chunk=0 start=0 layer=24 kind=gdn phase=gdn_prep_conv gpu_ms=0.43
[prefill-layer-phase] chunk=0 start=0 layer=24 kind=gdn phase=gdn_prep_l2 gpu_ms=0.04
[prefill-layer-phase] chunk=0 start=0 layer=24 kind=gdn phase=gdn_step gpu_ms=2.30
[prefill-layer-phase] chunk=0 start=0 layer=24 kind=gdn phase=gdn_gated gpu_ms=0.15
[prefill-layer-phase] chunk=0 start=0 layer=24 kind=gdn phase=gdn_back gpu_ms=5.06
[prefill-layer-phase] chunk=0 start=0 layer=24 kind=gdn phase=mixer_resid gpu_ms=0.09
[prefill-layer-phase] chunk=0 start=0 layer=24 kind=gdn phase=ffn_norm gpu_ms=0.05
[prefill-layer-phase] chunk=0 start=0 layer=24 kind=gdn phase=ffn_gate gpu_ms=13.81
[prefill-layer-phase] chunk=0 start=0 layer=24 kind=gdn phase=ffn_up gpu_ms=13.81
[prefill-layer-phase] chunk=0 start=0 layer=24 kind=gdn phase=ffn_swiglu gpu_ms=0.41
[prefill-layer-phase] chunk=0 start=0 layer=24 kind=gdn phase=ffn_down gpu_ms=13.93
[prefill-layer-phase] chunk=0 start=0 layer=24 kind=gdn phase=ffn_resid gpu_ms=0.09
[prefill-layer-phase] chunk=0 start=0 layer=25 kind=gdn phase=pre_norm gpu_ms=0.06
[prefill-layer-phase] chunk=0 start=0 layer=25 kind=gdn phase=gdn_qkv gpu_ms=8.16
[prefill-layer-phase] chunk=0 start=0 layer=25 kind=gdn phase=gdn_z gpu_ms=4.96
[prefill-layer-phase] chunk=0 start=0 layer=25 kind=gdn phase=gdn_beta_alpha gpu_ms=0.46
[prefill-layer-phase] chunk=0 start=0 layer=25 kind=gdn phase=gdn_alpha_beta gpu_ms=0.01
[prefill-layer-phase] chunk=0 start=0 layer=25 kind=gdn phase=gdn_prep_conv gpu_ms=0.44
[prefill-layer-phase] chunk=0 start=0 layer=25 kind=gdn phase=gdn_prep_l2 gpu_ms=0.04
[prefill-layer-phase] chunk=0 start=0 layer=25 kind=gdn phase=gdn_step gpu_ms=2.31
[prefill-layer-phase] chunk=0 start=0 layer=25 kind=gdn phase=gdn_gated gpu_ms=0.16
[prefill-layer-phase] chunk=0 start=0 layer=25 kind=gdn phase=gdn_back gpu_ms=5.05
[prefill-layer-phase] chunk=0 start=0 layer=25 kind=gdn phase=mixer_resid gpu_ms=0.09
[prefill-layer-phase] chunk=0 start=0 layer=25 kind=gdn phase=ffn_norm gpu_ms=0.06
[prefill-layer-phase] chunk=0 start=0 layer=25 kind=gdn phase=ffn_gate gpu_ms=13.81
[prefill-layer-phase] chunk=0 start=0 layer=25 kind=gdn phase=ffn_up gpu_ms=13.80
[prefill-layer-phase] chunk=0 start=0 layer=25 kind=gdn phase=ffn_swiglu gpu_ms=0.41
[prefill-layer-phase] chunk=0 start=0 layer=25 kind=gdn phase=ffn_down gpu_ms=14.00
[prefill-layer-phase] chunk=0 start=0 layer=25 kind=gdn phase=ffn_resid gpu_ms=0.09
[prefill-layer-phase] chunk=0 start=0 layer=26 kind=gdn phase=pre_norm gpu_ms=0.05
[prefill-layer-phase] chunk=0 start=0 layer=26 kind=gdn phase=gdn_qkv gpu_ms=8.13
[prefill-layer-phase] chunk=0 start=0 layer=26 kind=gdn phase=gdn_z gpu_ms=4.95
[prefill-layer-phase] chunk=0 start=0 layer=26 kind=gdn phase=gdn_beta_alpha gpu_ms=0.46
[prefill-layer-phase] chunk=0 start=0 layer=26 kind=gdn phase=gdn_alpha_beta gpu_ms=0.01
[prefill-layer-phase] chunk=0 start=0 layer=26 kind=gdn phase=gdn_prep_conv gpu_ms=0.44
[prefill-layer-phase] chunk=0 start=0 layer=26 kind=gdn phase=gdn_prep_l2 gpu_ms=0.04
[prefill-layer-phase] chunk=0 start=0 layer=26 kind=gdn phase=gdn_step gpu_ms=2.32
[prefill-layer-phase] chunk=0 start=0 layer=26 kind=gdn phase=gdn_gated gpu_ms=0.16
[prefill-layer-phase] chunk=0 start=0 layer=26 kind=gdn phase=gdn_back gpu_ms=5.05
[prefill-layer-phase] chunk=0 start=0 layer=26 kind=gdn phase=mixer_resid gpu_ms=0.09
[prefill-layer-phase] chunk=0 start=0 layer=26 kind=gdn phase=ffn_norm gpu_ms=0.05
[prefill-layer-phase] chunk=0 start=0 layer=26 kind=gdn phase=ffn_gate gpu_ms=13.81
[prefill-layer-phase] chunk=0 start=0 layer=26 kind=gdn phase=ffn_up gpu_ms=13.80
[prefill-layer-phase] chunk=0 start=0 layer=26 kind=gdn phase=ffn_swiglu gpu_ms=0.41
[prefill-layer-phase] chunk=0 start=0 layer=26 kind=gdn phase=ffn_down gpu_ms=13.93
[prefill-layer-phase] chunk=0 start=0 layer=26 kind=gdn phase=ffn_resid gpu_ms=0.09
[prefill-layer-phase] chunk=0 start=0 layer=27 kind=attn phase=pre_norm gpu_ms=0.05
[prefill-attn-phase] chunk=0 start=0 layer=27 phase=proj gpu_ms=11.62
[prefill-attn-phase] chunk=0 start=0 layer=27 phase=norm gpu_ms=0.44
[prefill-attn-phase] chunk=0 start=0 layer=27 phase=rope_scatter gpu_ms=0.09
[prefill-attn-matrix-g6-shape] layer=27 chunk_start=0 chunk_p=1024 query_rows=1024 query_tiles=1 n_pos=1024 score_tile_scratch_mib=51.00 vt_stride=1024 vt_layer_mib=2.00 vt_update_base=0 vt_update_rows=1024 vt_update_mib=2.00
[prefill-attn-phase] chunk=0 start=0 layer=27 phase=body_matrix_kq gpu_ms=0.52
[prefill-attn-phase] chunk=0 start=0 layer=27 phase=body_matrix_kqv gpu_ms=0.51
[prefill-layer-phase] chunk=0 start=0 layer=27 kind=attn phase=attn_back gpu_ms=5.02
[prefill-layer-phase] chunk=0 start=0 layer=27 kind=attn phase=mixer_resid gpu_ms=0.09
[prefill-layer-phase] chunk=0 start=0 layer=27 kind=attn phase=ffn_norm gpu_ms=0.05
[prefill-layer-phase] chunk=0 start=0 layer=27 kind=attn phase=ffn_gate gpu_ms=13.81
[prefill-layer-phase] chunk=0 start=0 layer=27 kind=attn phase=ffn_up gpu_ms=13.81
[prefill-layer-phase] chunk=0 start=0 layer=27 kind=attn phase=ffn_swiglu gpu_ms=0.41
[prefill-layer-phase] chunk=0 start=0 layer=27 kind=attn phase=ffn_down gpu_ms=13.93
[prefill-layer-phase] chunk=0 start=0 layer=27 kind=attn phase=ffn_resid gpu_ms=0.09
[prefill-layer-phase] chunk=0 start=0 layer=28 kind=gdn phase=pre_norm gpu_ms=0.05
[prefill-layer-phase] chunk=0 start=0 layer=28 kind=gdn phase=gdn_qkv gpu_ms=8.16
[prefill-layer-phase] chunk=0 start=0 layer=28 kind=gdn phase=gdn_z gpu_ms=4.95
[prefill-layer-phase] chunk=0 start=0 layer=28 kind=gdn phase=gdn_beta_alpha gpu_ms=0.46
[prefill-layer-phase] chunk=0 start=0 layer=28 kind=gdn phase=gdn_alpha_beta gpu_ms=0.01
[prefill-layer-phase] chunk=0 start=0 layer=28 kind=gdn phase=gdn_prep_conv gpu_ms=0.43
[prefill-layer-phase] chunk=0 start=0 layer=28 kind=gdn phase=gdn_prep_l2 gpu_ms=0.04
[prefill-layer-phase] chunk=0 start=0 layer=28 kind=gdn phase=gdn_step gpu_ms=2.30
[prefill-layer-phase] chunk=0 start=0 layer=28 kind=gdn phase=gdn_gated gpu_ms=0.16
[prefill-layer-phase] chunk=0 start=0 layer=28 kind=gdn phase=gdn_back gpu_ms=5.06
[prefill-layer-phase] chunk=0 start=0 layer=28 kind=gdn phase=mixer_resid gpu_ms=0.09
[prefill-layer-phase] chunk=0 start=0 layer=28 kind=gdn phase=ffn_norm gpu_ms=0.05
[prefill-layer-phase] chunk=0 start=0 layer=28 kind=gdn phase=ffn_gate gpu_ms=13.81
[prefill-layer-phase] chunk=0 start=0 layer=28 kind=gdn phase=ffn_up gpu_ms=13.80
[prefill-layer-phase] chunk=0 start=0 layer=28 kind=gdn phase=ffn_swiglu gpu_ms=0.41
[prefill-layer-phase] chunk=0 start=0 layer=28 kind=gdn phase=ffn_down gpu_ms=14.00
[prefill-layer-phase] chunk=0 start=0 layer=28 kind=gdn phase=ffn_resid gpu_ms=0.09
[prefill-layer-phase] chunk=0 start=0 layer=29 kind=gdn phase=pre_norm gpu_ms=0.05
[prefill-layer-phase] chunk=0 start=0 layer=29 kind=gdn phase=gdn_qkv gpu_ms=8.13
[prefill-layer-phase] chunk=0 start=0 layer=29 kind=gdn phase=gdn_z gpu_ms=4.95
[prefill-layer-phase] chunk=0 start=0 layer=29 kind=gdn phase=gdn_beta_alpha gpu_ms=0.46
[prefill-layer-phase] chunk=0 start=0 layer=29 kind=gdn phase=gdn_alpha_beta gpu_ms=0.01
[prefill-layer-phase] chunk=0 start=0 layer=29 kind=gdn phase=gdn_prep_conv gpu_ms=0.44
[prefill-layer-phase] chunk=0 start=0 layer=29 kind=gdn phase=gdn_prep_l2 gpu_ms=0.04
[prefill-layer-phase] chunk=0 start=0 layer=29 kind=gdn phase=gdn_step gpu_ms=2.32
[prefill-layer-phase] chunk=0 start=0 layer=29 kind=gdn phase=gdn_gated gpu_ms=0.16
[prefill-layer-phase] chunk=0 start=0 layer=29 kind=gdn phase=gdn_back gpu_ms=5.05
[prefill-layer-phase] chunk=0 start=0 layer=29 kind=gdn phase=mixer_resid gpu_ms=0.09
[prefill-layer-phase] chunk=0 start=0 layer=29 kind=gdn phase=ffn_norm gpu_ms=0.05
[prefill-layer-phase] chunk=0 start=0 layer=29 kind=gdn phase=ffn_gate gpu_ms=13.82
[prefill-layer-phase] chunk=0 start=0 layer=29 kind=gdn phase=ffn_up gpu_ms=13.80
[prefill-layer-phase] chunk=0 start=0 layer=29 kind=gdn phase=ffn_swiglu gpu_ms=0.41
[prefill-layer-phase] chunk=0 start=0 layer=29 kind=gdn phase=ffn_down gpu_ms=13.93
[prefill-layer-phase] chunk=0 start=0 layer=29 kind=gdn phase=ffn_resid gpu_ms=0.09
[prefill-layer-phase] chunk=0 start=0 layer=30 kind=gdn phase=pre_norm gpu_ms=0.05
[prefill-layer-phase] chunk=0 start=0 layer=30 kind=gdn phase=gdn_qkv gpu_ms=8.13
[prefill-layer-phase] chunk=0 start=0 layer=30 kind=gdn phase=gdn_z gpu_ms=4.95
[prefill-layer-phase] chunk=0 start=0 layer=30 kind=gdn phase=gdn_beta_alpha gpu_ms=0.46
[prefill-layer-phase] chunk=0 start=0 layer=30 kind=gdn phase=gdn_alpha_beta gpu_ms=0.01
[prefill-layer-phase] chunk=0 start=0 layer=30 kind=gdn phase=gdn_prep_conv gpu_ms=0.44
[prefill-layer-phase] chunk=0 start=0 layer=30 kind=gdn phase=gdn_prep_l2 gpu_ms=0.04
[prefill-layer-phase] chunk=0 start=0 layer=30 kind=gdn phase=gdn_step gpu_ms=2.30
[prefill-layer-phase] chunk=0 start=0 layer=30 kind=gdn phase=gdn_gated gpu_ms=0.16
[prefill-layer-phase] chunk=0 start=0 layer=30 kind=gdn phase=gdn_back gpu_ms=5.05
[prefill-layer-phase] chunk=0 start=0 layer=30 kind=gdn phase=mixer_resid gpu_ms=0.09
[prefill-layer-phase] chunk=0 start=0 layer=30 kind=gdn phase=ffn_norm gpu_ms=0.05
[prefill-layer-phase] chunk=0 start=0 layer=30 kind=gdn phase=ffn_gate gpu_ms=13.81
[prefill-layer-phase] chunk=0 start=0 layer=30 kind=gdn phase=ffn_up gpu_ms=13.80
[prefill-layer-phase] chunk=0 start=0 layer=30 kind=gdn phase=ffn_swiglu gpu_ms=0.41
[prefill-layer-phase] chunk=0 start=0 layer=30 kind=gdn phase=ffn_down gpu_ms=13.94
[prefill-layer-phase] chunk=0 start=0 layer=30 kind=gdn phase=ffn_resid gpu_ms=0.09
[prefill-layer-phase] chunk=0 start=0 layer=31 kind=attn phase=pre_norm gpu_ms=0.05
[prefill-attn-phase] chunk=0 start=0 layer=31 phase=proj gpu_ms=11.62
[prefill-attn-phase] chunk=0 start=0 layer=31 phase=norm gpu_ms=0.44
[prefill-attn-phase] chunk=0 start=0 layer=31 phase=rope_scatter gpu_ms=0.09
[prefill-attn-matrix-g6-shape] layer=31 chunk_start=0 chunk_p=1024 query_rows=1024 query_tiles=1 n_pos=1024 score_tile_scratch_mib=51.00 vt_stride=1024 vt_layer_mib=2.00 vt_update_base=0 vt_update_rows=1024 vt_update_mib=2.00
[prefill-attn-phase] chunk=0 start=0 layer=31 phase=body_matrix_kq gpu_ms=0.52
[prefill-attn-phase] chunk=0 start=0 layer=31 phase=body_matrix_kqv gpu_ms=0.51
[prefill-layer-phase] chunk=0 start=0 layer=31 kind=attn phase=attn_back gpu_ms=5.02
[prefill-layer-phase] chunk=0 start=0 layer=31 kind=attn phase=mixer_resid gpu_ms=0.09
[prefill-layer-phase] chunk=0 start=0 layer=31 kind=attn phase=ffn_norm gpu_ms=0.05
[prefill-layer-phase] chunk=0 start=0 layer=31 kind=attn phase=ffn_gate gpu_ms=13.81
[prefill-layer-phase] chunk=0 start=0 layer=31 kind=attn phase=ffn_up gpu_ms=13.80
[prefill-layer-phase] chunk=0 start=0 layer=31 kind=attn phase=ffn_swiglu gpu_ms=0.41
[prefill-layer-phase] chunk=0 start=0 layer=31 kind=attn phase=ffn_down gpu_ms=14.01
[prefill-layer-phase] chunk=0 start=0 layer=31 kind=attn phase=ffn_resid gpu_ms=0.09
[prefill-layer-phase] chunk=0 start=0 layer=32 kind=gdn phase=pre_norm gpu_ms=0.05
[prefill-layer-phase] chunk=0 start=0 layer=32 kind=gdn phase=gdn_qkv gpu_ms=8.12
[prefill-layer-phase] chunk=0 start=0 layer=32 kind=gdn phase=gdn_z gpu_ms=4.95
[prefill-layer-phase] chunk=0 start=0 layer=32 kind=gdn phase=gdn_beta_alpha gpu_ms=0.46
[prefill-layer-phase] chunk=0 start=0 layer=32 kind=gdn phase=gdn_alpha_beta gpu_ms=0.01
[prefill-layer-phase] chunk=0 start=0 layer=32 kind=gdn phase=gdn_prep_conv gpu_ms=0.43
[prefill-layer-phase] chunk=0 start=0 layer=32 kind=gdn phase=gdn_prep_l2 gpu_ms=0.04
[prefill-layer-phase] chunk=0 start=0 layer=32 kind=gdn phase=gdn_step gpu_ms=2.33
[prefill-layer-phase] chunk=0 start=0 layer=32 kind=gdn phase=gdn_gated gpu_ms=0.16
[prefill-layer-phase] chunk=0 start=0 layer=32 kind=gdn phase=gdn_back gpu_ms=5.05
[prefill-layer-phase] chunk=0 start=0 layer=32 kind=gdn phase=mixer_resid gpu_ms=0.09
[prefill-layer-phase] chunk=0 start=0 layer=32 kind=gdn phase=ffn_norm gpu_ms=0.05
[prefill-layer-phase] chunk=0 start=0 layer=32 kind=gdn phase=ffn_gate gpu_ms=13.81
[prefill-layer-phase] chunk=0 start=0 layer=32 kind=gdn phase=ffn_up gpu_ms=13.80
[prefill-layer-phase] chunk=0 start=0 layer=32 kind=gdn phase=ffn_swiglu gpu_ms=0.41
[prefill-layer-phase] chunk=0 start=0 layer=32 kind=gdn phase=ffn_down gpu_ms=13.95
[prefill-layer-phase] chunk=0 start=0 layer=32 kind=gdn phase=ffn_resid gpu_ms=0.09
[prefill-layer-phase] chunk=0 start=0 layer=33 kind=gdn phase=pre_norm gpu_ms=0.05
[prefill-layer-phase] chunk=0 start=0 layer=33 kind=gdn phase=gdn_qkv gpu_ms=8.13
[prefill-layer-phase] chunk=0 start=0 layer=33 kind=gdn phase=gdn_z gpu_ms=4.95
[prefill-layer-phase] chunk=0 start=0 layer=33 kind=gdn phase=gdn_beta_alpha gpu_ms=0.46
[prefill-layer-phase] chunk=0 start=0 layer=33 kind=gdn phase=gdn_alpha_beta gpu_ms=0.01
[prefill-layer-phase] chunk=0 start=0 layer=33 kind=gdn phase=gdn_prep_conv gpu_ms=0.43
[prefill-layer-phase] chunk=0 start=0 layer=33 kind=gdn phase=gdn_prep_l2 gpu_ms=0.04
[prefill-layer-phase] chunk=0 start=0 layer=33 kind=gdn phase=gdn_step gpu_ms=2.30
[prefill-layer-phase] chunk=0 start=0 layer=33 kind=gdn phase=gdn_gated gpu_ms=0.16
[prefill-layer-phase] chunk=0 start=0 layer=33 kind=gdn phase=gdn_back gpu_ms=5.05
[prefill-layer-phase] chunk=0 start=0 layer=33 kind=gdn phase=mixer_resid gpu_ms=0.09
[prefill-layer-phase] chunk=0 start=0 layer=33 kind=gdn phase=ffn_norm gpu_ms=0.05
[prefill-layer-phase] chunk=0 start=0 layer=33 kind=gdn phase=ffn_gate gpu_ms=13.81
[prefill-layer-phase] chunk=0 start=0 layer=33 kind=gdn phase=ffn_up gpu_ms=13.81
[prefill-layer-phase] chunk=0 start=0 layer=33 kind=gdn phase=ffn_swiglu gpu_ms=0.41
[prefill-layer-phase] chunk=0 start=0 layer=33 kind=gdn phase=ffn_down gpu_ms=13.93
[prefill-layer-phase] chunk=0 start=0 layer=33 kind=gdn phase=ffn_resid gpu_ms=0.09
[prefill-layer-phase] chunk=0 start=0 layer=34 kind=gdn phase=pre_norm gpu_ms=0.05
[prefill-layer-phase] chunk=0 start=0 layer=34 kind=gdn phase=gdn_qkv gpu_ms=8.17
[prefill-layer-phase] chunk=0 start=0 layer=34 kind=gdn phase=gdn_z gpu_ms=4.95
[prefill-layer-phase] chunk=0 start=0 layer=34 kind=gdn phase=gdn_beta_alpha gpu_ms=0.46
[prefill-layer-phase] chunk=0 start=0 layer=34 kind=gdn phase=gdn_alpha_beta gpu_ms=0.01
[prefill-layer-phase] chunk=0 start=0 layer=34 kind=gdn phase=gdn_prep_conv gpu_ms=0.43
[prefill-layer-phase] chunk=0 start=0 layer=34 kind=gdn phase=gdn_prep_l2 gpu_ms=0.04
[prefill-layer-phase] chunk=0 start=0 layer=34 kind=gdn phase=gdn_step gpu_ms=2.34
[prefill-layer-phase] chunk=0 start=0 layer=34 kind=gdn phase=gdn_gated gpu_ms=0.16
[prefill-layer-phase] chunk=0 start=0 layer=34 kind=gdn phase=gdn_back gpu_ms=5.05
[prefill-layer-phase] chunk=0 start=0 layer=34 kind=gdn phase=mixer_resid gpu_ms=0.09
[prefill-layer-phase] chunk=0 start=0 layer=34 kind=gdn phase=ffn_norm gpu_ms=0.05
[prefill-layer-phase] chunk=0 start=0 layer=34 kind=gdn phase=ffn_gate gpu_ms=13.81
[prefill-layer-phase] chunk=0 start=0 layer=34 kind=gdn phase=ffn_up gpu_ms=13.81
[prefill-layer-phase] chunk=0 start=0 layer=34 kind=gdn phase=ffn_swiglu gpu_ms=0.41
[prefill-layer-phase] chunk=0 start=0 layer=34 kind=gdn phase=ffn_down gpu_ms=14.01
[prefill-layer-phase] chunk=0 start=0 layer=34 kind=gdn phase=ffn_resid gpu_ms=0.09
[prefill-layer-phase] chunk=0 start=0 layer=35 kind=attn phase=pre_norm gpu_ms=0.05
[prefill-attn-phase] chunk=0 start=0 layer=35 phase=proj gpu_ms=11.61
[prefill-attn-phase] chunk=0 start=0 layer=35 phase=norm gpu_ms=0.44
[prefill-attn-phase] chunk=0 start=0 layer=35 phase=rope_scatter gpu_ms=0.09
[prefill-attn-matrix-g6-shape] layer=35 chunk_start=0 chunk_p=1024 query_rows=1024 query_tiles=1 n_pos=1024 score_tile_scratch_mib=51.00 vt_stride=1024 vt_layer_mib=2.00 vt_update_base=0 vt_update_rows=1024 vt_update_mib=2.00
[prefill-attn-phase] chunk=0 start=0 layer=35 phase=body_matrix_kq gpu_ms=0.52
[prefill-attn-phase] chunk=0 start=0 layer=35 phase=body_matrix_kqv gpu_ms=0.52
[prefill-layer-phase] chunk=0 start=0 layer=35 kind=attn phase=attn_back gpu_ms=5.02
[prefill-layer-phase] chunk=0 start=0 layer=35 kind=attn phase=mixer_resid gpu_ms=0.09
[prefill-layer-phase] chunk=0 start=0 layer=35 kind=attn phase=ffn_norm gpu_ms=0.05
[prefill-layer-phase] chunk=0 start=0 layer=35 kind=attn phase=ffn_gate gpu_ms=13.81
[prefill-layer-phase] chunk=0 start=0 layer=35 kind=attn phase=ffn_up gpu_ms=13.81
[prefill-layer-phase] chunk=0 start=0 layer=35 kind=attn phase=ffn_swiglu gpu_ms=0.41
[prefill-layer-phase] chunk=0 start=0 layer=35 kind=attn phase=ffn_down gpu_ms=13.93
[prefill-layer-phase] chunk=0 start=0 layer=35 kind=attn phase=ffn_resid gpu_ms=0.09
[prefill-layer-phase] chunk=0 start=0 layer=36 kind=gdn phase=pre_norm gpu_ms=0.05
[prefill-layer-phase] chunk=0 start=0 layer=36 kind=gdn phase=gdn_qkv gpu_ms=8.12
[prefill-layer-phase] chunk=0 start=0 layer=36 kind=gdn phase=gdn_z gpu_ms=4.95
[prefill-layer-phase] chunk=0 start=0 layer=36 kind=gdn phase=gdn_beta_alpha gpu_ms=0.46
[prefill-layer-phase] chunk=0 start=0 layer=36 kind=gdn phase=gdn_alpha_beta gpu_ms=0.01
[prefill-layer-phase] chunk=0 start=0 layer=36 kind=gdn phase=gdn_prep_conv gpu_ms=0.43
[prefill-layer-phase] chunk=0 start=0 layer=36 kind=gdn phase=gdn_prep_l2 gpu_ms=0.04
[prefill-layer-phase] chunk=0 start=0 layer=36 kind=gdn phase=gdn_step gpu_ms=2.38
[prefill-layer-phase] chunk=0 start=0 layer=36 kind=gdn phase=gdn_gated gpu_ms=0.15
[prefill-layer-phase] chunk=0 start=0 layer=36 kind=gdn phase=gdn_back gpu_ms=5.05
[prefill-layer-phase] chunk=0 start=0 layer=36 kind=gdn phase=mixer_resid gpu_ms=0.09
[prefill-layer-phase] chunk=0 start=0 layer=36 kind=gdn phase=ffn_norm gpu_ms=0.05
[prefill-layer-phase] chunk=0 start=0 layer=36 kind=gdn phase=ffn_gate gpu_ms=13.81
[prefill-layer-phase] chunk=0 start=0 layer=36 kind=gdn phase=ffn_up gpu_ms=13.80
[prefill-layer-phase] chunk=0 start=0 layer=36 kind=gdn phase=ffn_swiglu gpu_ms=0.42
[prefill-layer-phase] chunk=0 start=0 layer=36 kind=gdn phase=ffn_down gpu_ms=13.94
[prefill-layer-phase] chunk=0 start=0 layer=36 kind=gdn phase=ffn_resid gpu_ms=0.09
[prefill-layer-phase] chunk=0 start=0 layer=37 kind=gdn phase=pre_norm gpu_ms=0.05
[prefill-layer-phase] chunk=0 start=0 layer=37 kind=gdn phase=gdn_qkv gpu_ms=8.16
[prefill-layer-phase] chunk=0 start=0 layer=37 kind=gdn phase=gdn_z gpu_ms=4.95
[prefill-layer-phase] chunk=0 start=0 layer=37 kind=gdn phase=gdn_beta_alpha gpu_ms=0.46
[prefill-layer-phase] chunk=0 start=0 layer=37 kind=gdn phase=gdn_alpha_beta gpu_ms=0.01
[prefill-layer-phase] chunk=0 start=0 layer=37 kind=gdn phase=gdn_prep_conv gpu_ms=0.43
[prefill-layer-phase] chunk=0 start=0 layer=37 kind=gdn phase=gdn_prep_l2 gpu_ms=0.04
[prefill-layer-phase] chunk=0 start=0 layer=37 kind=gdn phase=gdn_step gpu_ms=2.34
[prefill-layer-phase] chunk=0 start=0 layer=37 kind=gdn phase=gdn_gated gpu_ms=0.16
[prefill-layer-phase] chunk=0 start=0 layer=37 kind=gdn phase=gdn_back gpu_ms=5.05
[prefill-layer-phase] chunk=0 start=0 layer=37 kind=gdn phase=mixer_resid gpu_ms=0.09
[prefill-layer-phase] chunk=0 start=0 layer=37 kind=gdn phase=ffn_norm gpu_ms=0.06
[prefill-layer-phase] chunk=0 start=0 layer=37 kind=gdn phase=ffn_gate gpu_ms=13.81
[prefill-layer-phase] chunk=0 start=0 layer=37 kind=gdn phase=ffn_up gpu_ms=13.80
[prefill-layer-phase] chunk=0 start=0 layer=37 kind=gdn phase=ffn_swiglu gpu_ms=0.41
[prefill-layer-phase] chunk=0 start=0 layer=37 kind=gdn phase=ffn_down gpu_ms=14.00
[prefill-layer-phase] chunk=0 start=0 layer=37 kind=gdn phase=ffn_resid gpu_ms=0.09
[prefill-layer-phase] chunk=0 start=0 layer=38 kind=gdn phase=pre_norm gpu_ms=0.05
[prefill-layer-phase] chunk=0 start=0 layer=38 kind=gdn phase=gdn_qkv gpu_ms=8.12
[prefill-layer-phase] chunk=0 start=0 layer=38 kind=gdn phase=gdn_z gpu_ms=4.95
[prefill-layer-phase] chunk=0 start=0 layer=38 kind=gdn phase=gdn_beta_alpha gpu_ms=0.46
[prefill-layer-phase] chunk=0 start=0 layer=38 kind=gdn phase=gdn_alpha_beta gpu_ms=0.01
[prefill-layer-phase] chunk=0 start=0 layer=38 kind=gdn phase=gdn_prep_conv gpu_ms=0.43
[prefill-layer-phase] chunk=0 start=0 layer=38 kind=gdn phase=gdn_prep_l2 gpu_ms=0.04
[prefill-layer-phase] chunk=0 start=0 layer=38 kind=gdn phase=gdn_step gpu_ms=2.35
[prefill-layer-phase] chunk=0 start=0 layer=38 kind=gdn phase=gdn_gated gpu_ms=0.16
[prefill-layer-phase] chunk=0 start=0 layer=38 kind=gdn phase=gdn_back gpu_ms=5.05
[prefill-layer-phase] chunk=0 start=0 layer=38 kind=gdn phase=mixer_resid gpu_ms=0.09
[prefill-layer-phase] chunk=0 start=0 layer=38 kind=gdn phase=ffn_norm gpu_ms=0.05
[prefill-layer-phase] chunk=0 start=0 layer=38 kind=gdn phase=ffn_gate gpu_ms=13.81
[prefill-layer-phase] chunk=0 start=0 layer=38 kind=gdn phase=ffn_up gpu_ms=13.81
[prefill-layer-phase] chunk=0 start=0 layer=38 kind=gdn phase=ffn_swiglu gpu_ms=0.41
[prefill-layer-phase] chunk=0 start=0 layer=38 kind=gdn phase=ffn_down gpu_ms=13.94
[prefill-layer-phase] chunk=0 start=0 layer=38 kind=gdn phase=ffn_resid gpu_ms=0.09
[prefill-layer-phase] chunk=0 start=0 layer=39 kind=attn phase=pre_norm gpu_ms=0.05
[prefill-attn-phase] chunk=0 start=0 layer=39 phase=proj gpu_ms=11.62
[prefill-attn-phase] chunk=0 start=0 layer=39 phase=norm gpu_ms=0.44
[prefill-attn-phase] chunk=0 start=0 layer=39 phase=rope_scatter gpu_ms=0.09
[prefill-attn-matrix-g6-shape] layer=39 chunk_start=0 chunk_p=1024 query_rows=1024 query_tiles=1 n_pos=1024 score_tile_scratch_mib=51.00 vt_stride=1024 vt_layer_mib=2.00 vt_update_base=0 vt_update_rows=1024 vt_update_mib=2.00
[prefill-attn-phase] chunk=0 start=0 layer=39 phase=body_matrix_kq gpu_ms=0.52
[prefill-attn-phase] chunk=0 start=0 layer=39 phase=body_matrix_kqv gpu_ms=0.51
[prefill-layer-phase] chunk=0 start=0 layer=39 kind=attn phase=attn_back gpu_ms=5.01
[prefill-layer-phase] chunk=0 start=0 layer=39 kind=attn phase=mixer_resid gpu_ms=0.09
[prefill-layer-phase] chunk=0 start=0 layer=39 kind=attn phase=ffn_norm gpu_ms=0.05
[prefill-layer-phase] chunk=0 start=0 layer=39 kind=attn phase=ffn_gate gpu_ms=13.81
[prefill-layer-phase] chunk=0 start=0 layer=39 kind=attn phase=ffn_up gpu_ms=13.80
[prefill-layer-phase] chunk=0 start=0 layer=39 kind=attn phase=ffn_swiglu gpu_ms=0.41
[prefill-layer-phase] chunk=0 start=0 layer=39 kind=attn phase=ffn_down gpu_ms=13.93
[prefill-layer-phase] chunk=0 start=0 layer=39 kind=attn phase=ffn_resid gpu_ms=0.09
[prefill-layer-phase] chunk=0 start=0 layer=40 kind=gdn phase=pre_norm gpu_ms=0.05
[prefill-layer-phase] chunk=0 start=0 layer=40 kind=gdn phase=gdn_qkv gpu_ms=8.16
[prefill-layer-phase] chunk=0 start=0 layer=40 kind=gdn phase=gdn_z gpu_ms=4.95
[prefill-layer-phase] chunk=0 start=0 layer=40 kind=gdn phase=gdn_beta_alpha gpu_ms=0.46
[prefill-layer-phase] chunk=0 start=0 layer=40 kind=gdn phase=gdn_alpha_beta gpu_ms=0.01
[prefill-layer-phase] chunk=0 start=0 layer=40 kind=gdn phase=gdn_prep_conv gpu_ms=0.43
[prefill-layer-phase] chunk=0 start=0 layer=40 kind=gdn phase=gdn_prep_l2 gpu_ms=0.04
[prefill-layer-phase] chunk=0 start=0 layer=40 kind=gdn phase=gdn_step gpu_ms=2.33
[prefill-layer-phase] chunk=0 start=0 layer=40 kind=gdn phase=gdn_gated gpu_ms=0.16
[prefill-layer-phase] chunk=0 start=0 layer=40 kind=gdn phase=gdn_back gpu_ms=5.05
[prefill-layer-phase] chunk=0 start=0 layer=40 kind=gdn phase=mixer_resid gpu_ms=0.09
[prefill-layer-phase] chunk=0 start=0 layer=40 kind=gdn phase=ffn_norm gpu_ms=0.05
[prefill-layer-phase] chunk=0 start=0 layer=40 kind=gdn phase=ffn_gate gpu_ms=13.81
[prefill-layer-phase] chunk=0 start=0 layer=40 kind=gdn phase=ffn_up gpu_ms=13.81
[prefill-layer-phase] chunk=0 start=0 layer=40 kind=gdn phase=ffn_swiglu gpu_ms=0.41
[prefill-layer-phase] chunk=0 start=0 layer=40 kind=gdn phase=ffn_down gpu_ms=14.01
[prefill-layer-phase] chunk=0 start=0 layer=40 kind=gdn phase=ffn_resid gpu_ms=0.09
[prefill-layer-phase] chunk=0 start=0 layer=41 kind=gdn phase=pre_norm gpu_ms=0.05
[prefill-layer-phase] chunk=0 start=0 layer=41 kind=gdn phase=gdn_qkv gpu_ms=8.12
[prefill-layer-phase] chunk=0 start=0 layer=41 kind=gdn phase=gdn_z gpu_ms=4.95
[prefill-layer-phase] chunk=0 start=0 layer=41 kind=gdn phase=gdn_beta_alpha gpu_ms=0.46
[prefill-layer-phase] chunk=0 start=0 layer=41 kind=gdn phase=gdn_alpha_beta gpu_ms=0.01
[prefill-layer-phase] chunk=0 start=0 layer=41 kind=gdn phase=gdn_prep_conv gpu_ms=0.43
[prefill-layer-phase] chunk=0 start=0 layer=41 kind=gdn phase=gdn_prep_l2 gpu_ms=0.04
[prefill-layer-phase] chunk=0 start=0 layer=41 kind=gdn phase=gdn_step gpu_ms=2.35
[prefill-layer-phase] chunk=0 start=0 layer=41 kind=gdn phase=gdn_gated gpu_ms=0.16
[prefill-layer-phase] chunk=0 start=0 layer=41 kind=gdn phase=gdn_back gpu_ms=5.05
[prefill-layer-phase] chunk=0 start=0 layer=41 kind=gdn phase=mixer_resid gpu_ms=0.09
[prefill-layer-phase] chunk=0 start=0 layer=41 kind=gdn phase=ffn_norm gpu_ms=0.05
[prefill-layer-phase] chunk=0 start=0 layer=41 kind=gdn phase=ffn_gate gpu_ms=13.81
[prefill-layer-phase] chunk=0 start=0 layer=41 kind=gdn phase=ffn_up gpu_ms=13.81
[prefill-layer-phase] chunk=0 start=0 layer=41 kind=gdn phase=ffn_swiglu gpu_ms=0.41
[prefill-layer-phase] chunk=0 start=0 layer=41 kind=gdn phase=ffn_down gpu_ms=13.94
[prefill-layer-phase] chunk=0 start=0 layer=41 kind=gdn phase=ffn_resid gpu_ms=0.09
[prefill-layer-phase] chunk=0 start=0 layer=42 kind=gdn phase=pre_norm gpu_ms=0.05
[prefill-layer-phase] chunk=0 start=0 layer=42 kind=gdn phase=gdn_qkv gpu_ms=8.12
[prefill-layer-phase] chunk=0 start=0 layer=42 kind=gdn phase=gdn_z gpu_ms=4.95
[prefill-layer-phase] chunk=0 start=0 layer=42 kind=gdn phase=gdn_beta_alpha gpu_ms=0.47
[prefill-layer-phase] chunk=0 start=0 layer=42 kind=gdn phase=gdn_alpha_beta gpu_ms=0.01
[prefill-layer-phase] chunk=0 start=0 layer=42 kind=gdn phase=gdn_prep_conv gpu_ms=0.44
[prefill-layer-phase] chunk=0 start=0 layer=42 kind=gdn phase=gdn_prep_l2 gpu_ms=0.04
[prefill-layer-phase] chunk=0 start=0 layer=42 kind=gdn phase=gdn_step gpu_ms=2.33
[prefill-layer-phase] chunk=0 start=0 layer=42 kind=gdn phase=gdn_gated gpu_ms=0.15
[prefill-layer-phase] chunk=0 start=0 layer=42 kind=gdn phase=gdn_back gpu_ms=5.05
[prefill-layer-phase] chunk=0 start=0 layer=42 kind=gdn phase=mixer_resid gpu_ms=0.09
[prefill-layer-phase] chunk=0 start=0 layer=42 kind=gdn phase=ffn_norm gpu_ms=0.05
[prefill-layer-phase] chunk=0 start=0 layer=42 kind=gdn phase=ffn_gate gpu_ms=13.81
[prefill-layer-phase] chunk=0 start=0 layer=42 kind=gdn phase=ffn_up gpu_ms=13.80
[prefill-layer-phase] chunk=0 start=0 layer=42 kind=gdn phase=ffn_swiglu gpu_ms=0.41
[prefill-layer-phase] chunk=0 start=0 layer=42 kind=gdn phase=ffn_down gpu_ms=13.95
[prefill-layer-phase] chunk=0 start=0 layer=42 kind=gdn phase=ffn_resid gpu_ms=0.09
[prefill-layer-phase] chunk=0 start=0 layer=43 kind=attn phase=pre_norm gpu_ms=0.05
[prefill-attn-phase] chunk=0 start=0 layer=43 phase=proj gpu_ms=11.62
[prefill-attn-phase] chunk=0 start=0 layer=43 phase=norm gpu_ms=0.44
[prefill-attn-phase] chunk=0 start=0 layer=43 phase=rope_scatter gpu_ms=0.09
[prefill-attn-matrix-g6-shape] layer=43 chunk_start=0 chunk_p=1024 query_rows=1024 query_tiles=1 n_pos=1024 score_tile_scratch_mib=51.00 vt_stride=1024 vt_layer_mib=2.00 vt_update_base=0 vt_update_rows=1024 vt_update_mib=2.00
[prefill-attn-phase] chunk=0 start=0 layer=43 phase=body_matrix_kq gpu_ms=0.52
[prefill-attn-phase] chunk=0 start=0 layer=43 phase=body_matrix_kqv gpu_ms=0.51
[prefill-layer-phase] chunk=0 start=0 layer=43 kind=attn phase=attn_back gpu_ms=5.01
[prefill-layer-phase] chunk=0 start=0 layer=43 kind=attn phase=mixer_resid gpu_ms=0.09
[prefill-layer-phase] chunk=0 start=0 layer=43 kind=attn phase=ffn_norm gpu_ms=0.05
[prefill-layer-phase] chunk=0 start=0 layer=43 kind=attn phase=ffn_gate gpu_ms=13.81
[prefill-layer-phase] chunk=0 start=0 layer=43 kind=attn phase=ffn_up gpu_ms=13.81
[prefill-layer-phase] chunk=0 start=0 layer=43 kind=attn phase=ffn_swiglu gpu_ms=0.41
[prefill-layer-phase] chunk=0 start=0 layer=43 kind=attn phase=ffn_down gpu_ms=14.01
[prefill-layer-phase] chunk=0 start=0 layer=43 kind=attn phase=ffn_resid gpu_ms=0.09
[prefill-layer-phase] chunk=0 start=0 layer=44 kind=gdn phase=pre_norm gpu_ms=0.05
[prefill-layer-phase] chunk=0 start=0 layer=44 kind=gdn phase=gdn_qkv gpu_ms=8.12
[prefill-layer-phase] chunk=0 start=0 layer=44 kind=gdn phase=gdn_z gpu_ms=4.95
[prefill-layer-phase] chunk=0 start=0 layer=44 kind=gdn phase=gdn_beta_alpha gpu_ms=0.46
[prefill-layer-phase] chunk=0 start=0 layer=44 kind=gdn phase=gdn_alpha_beta gpu_ms=0.01
[prefill-layer-phase] chunk=0 start=0 layer=44 kind=gdn phase=gdn_prep_conv gpu_ms=0.44
[prefill-layer-phase] chunk=0 start=0 layer=44 kind=gdn phase=gdn_prep_l2 gpu_ms=0.04
[prefill-layer-phase] chunk=0 start=0 layer=44 kind=gdn phase=gdn_step gpu_ms=2.29
[prefill-layer-phase] chunk=0 start=0 layer=44 kind=gdn phase=gdn_gated gpu_ms=0.15
[prefill-layer-phase] chunk=0 start=0 layer=44 kind=gdn phase=gdn_back gpu_ms=5.05
[prefill-layer-phase] chunk=0 start=0 layer=44 kind=gdn phase=mixer_resid gpu_ms=0.09
[prefill-layer-phase] chunk=0 start=0 layer=44 kind=gdn phase=ffn_norm gpu_ms=0.05
[prefill-layer-phase] chunk=0 start=0 layer=44 kind=gdn phase=ffn_gate gpu_ms=13.81
[prefill-layer-phase] chunk=0 start=0 layer=44 kind=gdn phase=ffn_up gpu_ms=13.80
[prefill-layer-phase] chunk=0 start=0 layer=44 kind=gdn phase=ffn_swiglu gpu_ms=0.41
[prefill-layer-phase] chunk=0 start=0 layer=44 kind=gdn phase=ffn_down gpu_ms=13.93
[prefill-layer-phase] chunk=0 start=0 layer=44 kind=gdn phase=ffn_resid gpu_ms=0.09
[prefill-layer-phase] chunk=0 start=0 layer=45 kind=gdn phase=pre_norm gpu_ms=0.05
[prefill-layer-phase] chunk=0 start=0 layer=45 kind=gdn phase=gdn_qkv gpu_ms=8.12
[prefill-layer-phase] chunk=0 start=0 layer=45 kind=gdn phase=gdn_z gpu_ms=4.95
[prefill-layer-phase] chunk=0 start=0 layer=45 kind=gdn phase=gdn_beta_alpha gpu_ms=0.46
[prefill-layer-phase] chunk=0 start=0 layer=45 kind=gdn phase=gdn_alpha_beta gpu_ms=0.01
[prefill-layer-phase] chunk=0 start=0 layer=45 kind=gdn phase=gdn_prep_conv gpu_ms=0.44
[prefill-layer-phase] chunk=0 start=0 layer=45 kind=gdn phase=gdn_prep_l2 gpu_ms=0.04
[prefill-layer-phase] chunk=0 start=0 layer=45 kind=gdn phase=gdn_step gpu_ms=2.36
[prefill-layer-phase] chunk=0 start=0 layer=45 kind=gdn phase=gdn_gated gpu_ms=0.15
[prefill-layer-phase] chunk=0 start=0 layer=45 kind=gdn phase=gdn_back gpu_ms=5.05
[prefill-layer-phase] chunk=0 start=0 layer=45 kind=gdn phase=mixer_resid gpu_ms=0.09
[prefill-layer-phase] chunk=0 start=0 layer=45 kind=gdn phase=ffn_norm gpu_ms=0.05
[prefill-layer-phase] chunk=0 start=0 layer=45 kind=gdn phase=ffn_gate gpu_ms=13.81
[prefill-layer-phase] chunk=0 start=0 layer=45 kind=gdn phase=ffn_up gpu_ms=13.81
[prefill-layer-phase] chunk=0 start=0 layer=45 kind=gdn phase=ffn_swiglu gpu_ms=0.41
[prefill-layer-phase] chunk=0 start=0 layer=45 kind=gdn phase=ffn_down gpu_ms=13.93
[prefill-layer-phase] chunk=0 start=0 layer=45 kind=gdn phase=ffn_resid gpu_ms=0.09
[prefill-layer-phase] chunk=0 start=0 layer=46 kind=gdn phase=pre_norm gpu_ms=0.05
[prefill-layer-phase] chunk=0 start=0 layer=46 kind=gdn phase=gdn_qkv gpu_ms=8.16
[prefill-layer-phase] chunk=0 start=0 layer=46 kind=gdn phase=gdn_z gpu_ms=4.95
[prefill-layer-phase] chunk=0 start=0 layer=46 kind=gdn phase=gdn_beta_alpha gpu_ms=0.46
[prefill-layer-phase] chunk=0 start=0 layer=46 kind=gdn phase=gdn_alpha_beta gpu_ms=0.01
[prefill-layer-phase] chunk=0 start=0 layer=46 kind=gdn phase=gdn_prep_conv gpu_ms=0.44
[prefill-layer-phase] chunk=0 start=0 layer=46 kind=gdn phase=gdn_prep_l2 gpu_ms=0.04
[prefill-layer-phase] chunk=0 start=0 layer=46 kind=gdn phase=gdn_step gpu_ms=2.32
[prefill-layer-phase] chunk=0 start=0 layer=46 kind=gdn phase=gdn_gated gpu_ms=0.16
[prefill-layer-phase] chunk=0 start=0 layer=46 kind=gdn phase=gdn_back gpu_ms=5.05
[prefill-layer-phase] chunk=0 start=0 layer=46 kind=gdn phase=mixer_resid gpu_ms=0.09
[prefill-layer-phase] chunk=0 start=0 layer=46 kind=gdn phase=ffn_norm gpu_ms=0.05
[prefill-layer-phase] chunk=0 start=0 layer=46 kind=gdn phase=ffn_gate gpu_ms=13.81
[prefill-layer-phase] chunk=0 start=0 layer=46 kind=gdn phase=ffn_up gpu_ms=13.80
[prefill-layer-phase] chunk=0 start=0 layer=46 kind=gdn phase=ffn_swiglu gpu_ms=0.41
[prefill-layer-phase] chunk=0 start=0 layer=46 kind=gdn phase=ffn_down gpu_ms=14.00
[prefill-layer-phase] chunk=0 start=0 layer=46 kind=gdn phase=ffn_resid gpu_ms=0.09
[prefill-layer-phase] chunk=0 start=0 layer=47 kind=attn phase=pre_norm gpu_ms=0.05
[prefill-attn-phase] chunk=0 start=0 layer=47 phase=proj gpu_ms=11.62
[prefill-attn-phase] chunk=0 start=0 layer=47 phase=norm gpu_ms=0.44
[prefill-attn-phase] chunk=0 start=0 layer=47 phase=rope_scatter gpu_ms=0.09
[prefill-attn-matrix-g6-shape] layer=47 chunk_start=0 chunk_p=1024 query_rows=1024 query_tiles=1 n_pos=1024 score_tile_scratch_mib=51.00 vt_stride=1024 vt_layer_mib=2.00 vt_update_base=0 vt_update_rows=1024 vt_update_mib=2.00
[prefill-attn-phase] chunk=0 start=0 layer=47 phase=body_matrix_kq gpu_ms=0.52
[prefill-attn-phase] chunk=0 start=0 layer=47 phase=body_matrix_kqv gpu_ms=0.52
[prefill-layer-phase] chunk=0 start=0 layer=47 kind=attn phase=attn_back gpu_ms=5.01
[prefill-layer-phase] chunk=0 start=0 layer=47 kind=attn phase=mixer_resid gpu_ms=0.09
[prefill-layer-phase] chunk=0 start=0 layer=47 kind=attn phase=ffn_norm gpu_ms=0.05
[prefill-layer-phase] chunk=0 start=0 layer=47 kind=attn phase=ffn_gate gpu_ms=13.81
[prefill-layer-phase] chunk=0 start=0 layer=47 kind=attn phase=ffn_up gpu_ms=13.81
[prefill-layer-phase] chunk=0 start=0 layer=47 kind=attn phase=ffn_swiglu gpu_ms=0.41
[prefill-layer-phase] chunk=0 start=0 layer=47 kind=attn phase=ffn_down gpu_ms=13.94
[prefill-layer-phase] chunk=0 start=0 layer=47 kind=attn phase=ffn_resid gpu_ms=0.09
[prefill-layer-phase] chunk=0 start=0 layer=48 kind=gdn phase=pre_norm gpu_ms=0.05
[prefill-layer-phase] chunk=0 start=0 layer=48 kind=gdn phase=gdn_qkv gpu_ms=8.13
[prefill-layer-phase] chunk=0 start=0 layer=48 kind=gdn phase=gdn_z gpu_ms=4.95
[prefill-layer-phase] chunk=0 start=0 layer=48 kind=gdn phase=gdn_beta_alpha gpu_ms=0.46
[prefill-layer-phase] chunk=0 start=0 layer=48 kind=gdn phase=gdn_alpha_beta gpu_ms=0.01
[prefill-layer-phase] chunk=0 start=0 layer=48 kind=gdn phase=gdn_prep_conv gpu_ms=0.43
[prefill-layer-phase] chunk=0 start=0 layer=48 kind=gdn phase=gdn_prep_l2 gpu_ms=0.04
[prefill-layer-phase] chunk=0 start=0 layer=48 kind=gdn phase=gdn_step gpu_ms=2.35
[prefill-layer-phase] chunk=0 start=0 layer=48 kind=gdn phase=gdn_gated gpu_ms=0.15
[prefill-layer-phase] chunk=0 start=0 layer=48 kind=gdn phase=gdn_back gpu_ms=5.05
[prefill-layer-phase] chunk=0 start=0 layer=48 kind=gdn phase=mixer_resid gpu_ms=0.09
[prefill-layer-phase] chunk=0 start=0 layer=48 kind=gdn phase=ffn_norm gpu_ms=0.05
[prefill-layer-phase] chunk=0 start=0 layer=48 kind=gdn phase=ffn_gate gpu_ms=13.81
[prefill-layer-phase] chunk=0 start=0 layer=48 kind=gdn phase=ffn_up gpu_ms=13.81
[prefill-layer-phase] chunk=0 start=0 layer=48 kind=gdn phase=ffn_swiglu gpu_ms=0.42
[prefill-layer-phase] chunk=0 start=0 layer=48 kind=gdn phase=ffn_down gpu_ms=13.93
[prefill-layer-phase] chunk=0 start=0 layer=48 kind=gdn phase=ffn_resid gpu_ms=0.09
[prefill-layer-phase] chunk=0 start=0 layer=49 kind=gdn phase=pre_norm gpu_ms=0.05
[prefill-layer-phase] chunk=0 start=0 layer=49 kind=gdn phase=gdn_qkv gpu_ms=8.16
[prefill-layer-phase] chunk=0 start=0 layer=49 kind=gdn phase=gdn_z gpu_ms=4.96
[prefill-layer-phase] chunk=0 start=0 layer=49 kind=gdn phase=gdn_beta_alpha gpu_ms=0.46
[prefill-layer-phase] chunk=0 start=0 layer=49 kind=gdn phase=gdn_alpha_beta gpu_ms=0.01
[prefill-layer-phase] chunk=0 start=0 layer=49 kind=gdn phase=gdn_prep_conv gpu_ms=0.44
[prefill-layer-phase] chunk=0 start=0 layer=49 kind=gdn phase=gdn_prep_l2 gpu_ms=0.04
[prefill-layer-phase] chunk=0 start=0 layer=49 kind=gdn phase=gdn_step gpu_ms=2.28
[prefill-layer-phase] chunk=0 start=0 layer=49 kind=gdn phase=gdn_gated gpu_ms=0.16
[prefill-layer-phase] chunk=0 start=0 layer=49 kind=gdn phase=gdn_back gpu_ms=5.05
[prefill-layer-phase] chunk=0 start=0 layer=49 kind=gdn phase=mixer_resid gpu_ms=0.09
[prefill-layer-phase] chunk=0 start=0 layer=49 kind=gdn phase=ffn_norm gpu_ms=0.05
[prefill-layer-phase] chunk=0 start=0 layer=49 kind=gdn phase=ffn_gate gpu_ms=13.81
[prefill-layer-phase] chunk=0 start=0 layer=49 kind=gdn phase=ffn_up gpu_ms=13.80
[prefill-layer-phase] chunk=0 start=0 layer=49 kind=gdn phase=ffn_swiglu gpu_ms=0.41
[prefill-layer-phase] chunk=0 start=0 layer=49 kind=gdn phase=ffn_down gpu_ms=14.16
[prefill-layer-phase] chunk=0 start=0 layer=49 kind=gdn phase=ffn_resid gpu_ms=0.09
[prefill-layer-phase] chunk=0 start=0 layer=50 kind=gdn phase=pre_norm gpu_ms=0.05
[prefill-layer-phase] chunk=0 start=0 layer=50 kind=gdn phase=gdn_qkv gpu_ms=8.13
[prefill-layer-phase] chunk=0 start=0 layer=50 kind=gdn phase=gdn_z gpu_ms=4.95
[prefill-layer-phase] chunk=0 start=0 layer=50 kind=gdn phase=gdn_beta_alpha gpu_ms=0.46
[prefill-layer-phase] chunk=0 start=0 layer=50 kind=gdn phase=gdn_alpha_beta gpu_ms=0.01
[prefill-layer-phase] chunk=0 start=0 layer=50 kind=gdn phase=gdn_prep_conv gpu_ms=0.43
[prefill-layer-phase] chunk=0 start=0 layer=50 kind=gdn phase=gdn_prep_l2 gpu_ms=0.04
[prefill-layer-phase] chunk=0 start=0 layer=50 kind=gdn phase=gdn_step gpu_ms=2.28
[prefill-layer-phase] chunk=0 start=0 layer=50 kind=gdn phase=gdn_gated gpu_ms=0.16
[prefill-layer-phase] chunk=0 start=0 layer=50 kind=gdn phase=gdn_back gpu_ms=5.05
[prefill-layer-phase] chunk=0 start=0 layer=50 kind=gdn phase=mixer_resid gpu_ms=0.09
[prefill-layer-phase] chunk=0 start=0 layer=50 kind=gdn phase=ffn_norm gpu_ms=0.05
[prefill-layer-phase] chunk=0 start=0 layer=50 kind=gdn phase=ffn_gate gpu_ms=13.80
[prefill-layer-phase] chunk=0 start=0 layer=50 kind=gdn phase=ffn_up gpu_ms=13.80
[prefill-layer-phase] chunk=0 start=0 layer=50 kind=gdn phase=ffn_swiglu gpu_ms=0.41
[prefill-layer-phase] chunk=0 start=0 layer=50 kind=gdn phase=ffn_down gpu_ms=13.94
[prefill-layer-phase] chunk=0 start=0 layer=50 kind=gdn phase=ffn_resid gpu_ms=0.09
[prefill-layer-phase] chunk=0 start=0 layer=51 kind=attn phase=pre_norm gpu_ms=0.05
[prefill-attn-phase] chunk=0 start=0 layer=51 phase=proj gpu_ms=11.62
[prefill-attn-phase] chunk=0 start=0 layer=51 phase=norm gpu_ms=0.44
[prefill-attn-phase] chunk=0 start=0 layer=51 phase=rope_scatter gpu_ms=0.09
[prefill-attn-matrix-g6-shape] layer=51 chunk_start=0 chunk_p=1024 query_rows=1024 query_tiles=1 n_pos=1024 score_tile_scratch_mib=51.00 vt_stride=1024 vt_layer_mib=2.00 vt_update_base=0 vt_update_rows=1024 vt_update_mib=2.00
[prefill-attn-phase] chunk=0 start=0 layer=51 phase=body_matrix_kq gpu_ms=0.52
[prefill-attn-phase] chunk=0 start=0 layer=51 phase=body_matrix_kqv gpu_ms=0.51
[prefill-layer-phase] chunk=0 start=0 layer=51 kind=attn phase=attn_back gpu_ms=5.01
[prefill-layer-phase] chunk=0 start=0 layer=51 kind=attn phase=mixer_resid gpu_ms=0.09
[prefill-layer-phase] chunk=0 start=0 layer=51 kind=attn phase=ffn_norm gpu_ms=0.05
[prefill-layer-phase] chunk=0 start=0 layer=51 kind=attn phase=ffn_gate gpu_ms=13.81
[prefill-layer-phase] chunk=0 start=0 layer=51 kind=attn phase=ffn_up gpu_ms=13.81
[prefill-layer-phase] chunk=0 start=0 layer=51 kind=attn phase=ffn_swiglu gpu_ms=0.41
[prefill-layer-phase] chunk=0 start=0 layer=51 kind=attn phase=ffn_down gpu_ms=13.94
[prefill-layer-phase] chunk=0 start=0 layer=51 kind=attn phase=ffn_resid gpu_ms=0.09
[prefill-layer-phase] chunk=0 start=0 layer=52 kind=gdn phase=pre_norm gpu_ms=0.05
[prefill-layer-phase] chunk=0 start=0 layer=52 kind=gdn phase=gdn_qkv gpu_ms=8.17
[prefill-layer-phase] chunk=0 start=0 layer=52 kind=gdn phase=gdn_z gpu_ms=4.95
[prefill-layer-phase] chunk=0 start=0 layer=52 kind=gdn phase=gdn_beta_alpha gpu_ms=0.46
[prefill-layer-phase] chunk=0 start=0 layer=52 kind=gdn phase=gdn_alpha_beta gpu_ms=0.01
[prefill-layer-phase] chunk=0 start=0 layer=52 kind=gdn phase=gdn_prep_conv gpu_ms=0.44
[prefill-layer-phase] chunk=0 start=0 layer=52 kind=gdn phase=gdn_prep_l2 gpu_ms=0.04
[prefill-layer-phase] chunk=0 start=0 layer=52 kind=gdn phase=gdn_step gpu_ms=2.28
[prefill-layer-phase] chunk=0 start=0 layer=52 kind=gdn phase=gdn_gated gpu_ms=0.16
[prefill-layer-phase] chunk=0 start=0 layer=52 kind=gdn phase=gdn_back gpu_ms=5.05
[prefill-layer-phase] chunk=0 start=0 layer=52 kind=gdn phase=mixer_resid gpu_ms=0.09
[prefill-layer-phase] chunk=0 start=0 layer=52 kind=gdn phase=ffn_norm gpu_ms=0.05
[prefill-layer-phase] chunk=0 start=0 layer=52 kind=gdn phase=ffn_gate gpu_ms=13.81
[prefill-layer-phase] chunk=0 start=0 layer=52 kind=gdn phase=ffn_up gpu_ms=13.81
[prefill-layer-phase] chunk=0 start=0 layer=52 kind=gdn phase=ffn_swiglu gpu_ms=0.41
[prefill-layer-phase] chunk=0 start=0 layer=52 kind=gdn phase=ffn_down gpu_ms=14.01
[prefill-layer-phase] chunk=0 start=0 layer=52 kind=gdn phase=ffn_resid gpu_ms=0.09
[prefill-layer-phase] chunk=0 start=0 layer=53 kind=gdn phase=pre_norm gpu_ms=0.05
[prefill-layer-phase] chunk=0 start=0 layer=53 kind=gdn phase=gdn_qkv gpu_ms=8.13
[prefill-layer-phase] chunk=0 start=0 layer=53 kind=gdn phase=gdn_z gpu_ms=4.95
[prefill-layer-phase] chunk=0 start=0 layer=53 kind=gdn phase=gdn_beta_alpha gpu_ms=0.46
[prefill-layer-phase] chunk=0 start=0 layer=53 kind=gdn phase=gdn_alpha_beta gpu_ms=0.01
[prefill-layer-phase] chunk=0 start=0 layer=53 kind=gdn phase=gdn_prep_conv gpu_ms=0.43
[prefill-layer-phase] chunk=0 start=0 layer=53 kind=gdn phase=gdn_prep_l2 gpu_ms=0.04
[prefill-layer-phase] chunk=0 start=0 layer=53 kind=gdn phase=gdn_step gpu_ms=2.35
[prefill-layer-phase] chunk=0 start=0 layer=53 kind=gdn phase=gdn_gated gpu_ms=0.16
[prefill-layer-phase] chunk=0 start=0 layer=53 kind=gdn phase=gdn_back gpu_ms=5.05
[prefill-layer-phase] chunk=0 start=0 layer=53 kind=gdn phase=mixer_resid gpu_ms=0.09
[prefill-layer-phase] chunk=0 start=0 layer=53 kind=gdn phase=ffn_norm gpu_ms=0.05
[prefill-layer-phase] chunk=0 start=0 layer=53 kind=gdn phase=ffn_gate gpu_ms=13.81
[prefill-layer-phase] chunk=0 start=0 layer=53 kind=gdn phase=ffn_up gpu_ms=13.80
[prefill-layer-phase] chunk=0 start=0 layer=53 kind=gdn phase=ffn_swiglu gpu_ms=0.41
[prefill-layer-phase] chunk=0 start=0 layer=53 kind=gdn phase=ffn_down gpu_ms=13.94
[prefill-layer-phase] chunk=0 start=0 layer=53 kind=gdn phase=ffn_resid gpu_ms=0.09
[prefill-layer-phase] chunk=0 start=0 layer=54 kind=gdn phase=pre_norm gpu_ms=0.05
[prefill-layer-phase] chunk=0 start=0 layer=54 kind=gdn phase=gdn_qkv gpu_ms=8.12
[prefill-layer-phase] chunk=0 start=0 layer=54 kind=gdn phase=gdn_z gpu_ms=4.96
[prefill-layer-phase] chunk=0 start=0 layer=54 kind=gdn phase=gdn_beta_alpha gpu_ms=0.46
[prefill-layer-phase] chunk=0 start=0 layer=54 kind=gdn phase=gdn_alpha_beta gpu_ms=0.01
[prefill-layer-phase] chunk=0 start=0 layer=54 kind=gdn phase=gdn_prep_conv gpu_ms=0.44
[prefill-layer-phase] chunk=0 start=0 layer=54 kind=gdn phase=gdn_prep_l2 gpu_ms=0.04
[prefill-layer-phase] chunk=0 start=0 layer=54 kind=gdn phase=gdn_step gpu_ms=2.35
[prefill-layer-phase] chunk=0 start=0 layer=54 kind=gdn phase=gdn_gated gpu_ms=0.15
[prefill-layer-phase] chunk=0 start=0 layer=54 kind=gdn phase=gdn_back gpu_ms=5.05
[prefill-layer-phase] chunk=0 start=0 layer=54 kind=gdn phase=mixer_resid gpu_ms=0.09
[prefill-layer-phase] chunk=0 start=0 layer=54 kind=gdn phase=ffn_norm gpu_ms=0.05
[prefill-layer-phase] chunk=0 start=0 layer=54 kind=gdn phase=ffn_gate gpu_ms=13.81
[prefill-layer-phase] chunk=0 start=0 layer=54 kind=gdn phase=ffn_up gpu_ms=13.81
[prefill-layer-phase] chunk=0 start=0 layer=54 kind=gdn phase=ffn_swiglu gpu_ms=0.41
[prefill-layer-phase] chunk=0 start=0 layer=54 kind=gdn phase=ffn_down gpu_ms=13.94
[prefill-layer-phase] chunk=0 start=0 layer=54 kind=gdn phase=ffn_resid gpu_ms=0.09
[prefill-layer-phase] chunk=0 start=0 layer=55 kind=attn phase=pre_norm gpu_ms=0.05
[prefill-attn-phase] chunk=0 start=0 layer=55 phase=proj gpu_ms=11.62
[prefill-attn-phase] chunk=0 start=0 layer=55 phase=norm gpu_ms=0.44
[prefill-attn-phase] chunk=0 start=0 layer=55 phase=rope_scatter gpu_ms=0.09
[prefill-attn-matrix-g6-shape] layer=55 chunk_start=0 chunk_p=1024 query_rows=1024 query_tiles=1 n_pos=1024 score_tile_scratch_mib=51.00 vt_stride=1024 vt_layer_mib=2.00 vt_update_base=0 vt_update_rows=1024 vt_update_mib=2.00
[prefill-attn-phase] chunk=0 start=0 layer=55 phase=body_matrix_kq gpu_ms=0.52
[prefill-attn-phase] chunk=0 start=0 layer=55 phase=body_matrix_kqv gpu_ms=0.51
[prefill-layer-phase] chunk=0 start=0 layer=55 kind=attn phase=attn_back gpu_ms=5.01
[prefill-layer-phase] chunk=0 start=0 layer=55 kind=attn phase=mixer_resid gpu_ms=0.09
[prefill-layer-phase] chunk=0 start=0 layer=55 kind=attn phase=ffn_norm gpu_ms=0.05
[prefill-layer-phase] chunk=0 start=0 layer=55 kind=attn phase=ffn_gate gpu_ms=13.81
[prefill-layer-phase] chunk=0 start=0 layer=55 kind=attn phase=ffn_up gpu_ms=13.81
[prefill-layer-phase] chunk=0 start=0 layer=55 kind=attn phase=ffn_swiglu gpu_ms=0.41
[prefill-layer-phase] chunk=0 start=0 layer=55 kind=attn phase=ffn_down gpu_ms=14.03
[prefill-layer-phase] chunk=0 start=0 layer=55 kind=attn phase=ffn_resid gpu_ms=0.09
[prefill-layer-phase] chunk=0 start=0 layer=56 kind=gdn phase=pre_norm gpu_ms=0.05
[prefill-layer-phase] chunk=0 start=0 layer=56 kind=gdn phase=gdn_qkv gpu_ms=8.16
[prefill-layer-phase] chunk=0 start=0 layer=56 kind=gdn phase=gdn_z gpu_ms=4.95
[prefill-layer-phase] chunk=0 start=0 layer=56 kind=gdn phase=gdn_beta_alpha gpu_ms=0.46
[prefill-layer-phase] chunk=0 start=0 layer=56 kind=gdn phase=gdn_alpha_beta gpu_ms=0.01
[prefill-layer-phase] chunk=0 start=0 layer=56 kind=gdn phase=gdn_prep_conv gpu_ms=0.43
[prefill-layer-phase] chunk=0 start=0 layer=56 kind=gdn phase=gdn_prep_l2 gpu_ms=0.04
[prefill-layer-phase] chunk=0 start=0 layer=56 kind=gdn phase=gdn_step gpu_ms=2.30
[prefill-layer-phase] chunk=0 start=0 layer=56 kind=gdn phase=gdn_gated gpu_ms=0.15
[prefill-layer-phase] chunk=0 start=0 layer=56 kind=gdn phase=gdn_back gpu_ms=5.05
[prefill-layer-phase] chunk=0 start=0 layer=56 kind=gdn phase=mixer_resid gpu_ms=0.09
[prefill-layer-phase] chunk=0 start=0 layer=56 kind=gdn phase=ffn_norm gpu_ms=0.05
[prefill-layer-phase] chunk=0 start=0 layer=56 kind=gdn phase=ffn_gate gpu_ms=13.81
[prefill-layer-phase] chunk=0 start=0 layer=56 kind=gdn phase=ffn_up gpu_ms=13.80
[prefill-layer-phase] chunk=0 start=0 layer=56 kind=gdn phase=ffn_swiglu gpu_ms=0.41
[prefill-layer-phase] chunk=0 start=0 layer=56 kind=gdn phase=ffn_down gpu_ms=14.00
[prefill-layer-phase] chunk=0 start=0 layer=56 kind=gdn phase=ffn_resid gpu_ms=0.09
[prefill-layer-phase] chunk=0 start=0 layer=57 kind=gdn phase=pre_norm gpu_ms=0.05
[prefill-layer-phase] chunk=0 start=0 layer=57 kind=gdn phase=gdn_qkv gpu_ms=8.17
[prefill-layer-phase] chunk=0 start=0 layer=57 kind=gdn phase=gdn_z gpu_ms=4.95
[prefill-layer-phase] chunk=0 start=0 layer=57 kind=gdn phase=gdn_beta_alpha gpu_ms=0.46
[prefill-layer-phase] chunk=0 start=0 layer=57 kind=gdn phase=gdn_alpha_beta gpu_ms=0.01
[prefill-layer-phase] chunk=0 start=0 layer=57 kind=gdn phase=gdn_prep_conv gpu_ms=0.43
[prefill-layer-phase] chunk=0 start=0 layer=57 kind=gdn phase=gdn_prep_l2 gpu_ms=0.04
[prefill-layer-phase] chunk=0 start=0 layer=57 kind=gdn phase=gdn_step gpu_ms=2.35
[prefill-layer-phase] chunk=0 start=0 layer=57 kind=gdn phase=gdn_gated gpu_ms=0.16
[prefill-layer-phase] chunk=0 start=0 layer=57 kind=gdn phase=gdn_back gpu_ms=5.05
[prefill-layer-phase] chunk=0 start=0 layer=57 kind=gdn phase=mixer_resid gpu_ms=0.09
[prefill-layer-phase] chunk=0 start=0 layer=57 kind=gdn phase=ffn_norm gpu_ms=0.05
[prefill-layer-phase] chunk=0 start=0 layer=57 kind=gdn phase=ffn_gate gpu_ms=13.81
[prefill-layer-phase] chunk=0 start=0 layer=57 kind=gdn phase=ffn_up gpu_ms=13.81
[prefill-layer-phase] chunk=0 start=0 layer=57 kind=gdn phase=ffn_swiglu gpu_ms=0.41
[prefill-layer-phase] chunk=0 start=0 layer=57 kind=gdn phase=ffn_down gpu_ms=14.01
[prefill-layer-phase] chunk=0 start=0 layer=57 kind=gdn phase=ffn_resid gpu_ms=0.09
[prefill-layer-phase] chunk=0 start=0 layer=58 kind=gdn phase=pre_norm gpu_ms=0.05
[prefill-layer-phase] chunk=0 start=0 layer=58 kind=gdn phase=gdn_qkv gpu_ms=8.16
[prefill-layer-phase] chunk=0 start=0 layer=58 kind=gdn phase=gdn_z gpu_ms=4.95
[prefill-layer-phase] chunk=0 start=0 layer=58 kind=gdn phase=gdn_beta_alpha gpu_ms=0.45
[prefill-layer-phase] chunk=0 start=0 layer=58 kind=gdn phase=gdn_alpha_beta gpu_ms=0.01
[prefill-layer-phase] chunk=0 start=0 layer=58 kind=gdn phase=gdn_prep_conv gpu_ms=0.44
[prefill-layer-phase] chunk=0 start=0 layer=58 kind=gdn phase=gdn_prep_l2 gpu_ms=0.04
[prefill-layer-phase] chunk=0 start=0 layer=58 kind=gdn phase=gdn_step gpu_ms=2.33
[prefill-layer-phase] chunk=0 start=0 layer=58 kind=gdn phase=gdn_gated gpu_ms=0.16
[prefill-layer-phase] chunk=0 start=0 layer=58 kind=gdn phase=gdn_back gpu_ms=5.05
[prefill-layer-phase] chunk=0 start=0 layer=58 kind=gdn phase=mixer_resid gpu_ms=0.09
[prefill-layer-phase] chunk=0 start=0 layer=58 kind=gdn phase=ffn_norm gpu_ms=0.05
[prefill-layer-phase] chunk=0 start=0 layer=58 kind=gdn phase=ffn_gate gpu_ms=13.81
[prefill-layer-phase] chunk=0 start=0 layer=58 kind=gdn phase=ffn_up gpu_ms=13.81
[prefill-layer-phase] chunk=0 start=0 layer=58 kind=gdn phase=ffn_swiglu gpu_ms=0.41
[prefill-layer-phase] chunk=0 start=0 layer=58 kind=gdn phase=ffn_down gpu_ms=14.01
[prefill-layer-phase] chunk=0 start=0 layer=58 kind=gdn phase=ffn_resid gpu_ms=0.09
[prefill-layer-phase] chunk=0 start=0 layer=59 kind=attn phase=pre_norm gpu_ms=0.05
[prefill-attn-phase] chunk=0 start=0 layer=59 phase=proj gpu_ms=11.62
[prefill-attn-phase] chunk=0 start=0 layer=59 phase=norm gpu_ms=0.44
[prefill-attn-phase] chunk=0 start=0 layer=59 phase=rope_scatter gpu_ms=0.09
[prefill-attn-matrix-g6-shape] layer=59 chunk_start=0 chunk_p=1024 query_rows=1024 query_tiles=1 n_pos=1024 score_tile_scratch_mib=51.00 vt_stride=1024 vt_layer_mib=2.00 vt_update_base=0 vt_update_rows=1024 vt_update_mib=2.00
[prefill-attn-phase] chunk=0 start=0 layer=59 phase=body_matrix_kq gpu_ms=0.52
[prefill-attn-phase] chunk=0 start=0 layer=59 phase=body_matrix_kqv gpu_ms=0.51
[prefill-layer-phase] chunk=0 start=0 layer=59 kind=attn phase=attn_back gpu_ms=5.01
[prefill-layer-phase] chunk=0 start=0 layer=59 kind=attn phase=mixer_resid gpu_ms=0.09
[prefill-layer-phase] chunk=0 start=0 layer=59 kind=attn phase=ffn_norm gpu_ms=0.05
[prefill-layer-phase] chunk=0 start=0 layer=59 kind=attn phase=ffn_gate gpu_ms=13.81
[prefill-layer-phase] chunk=0 start=0 layer=59 kind=attn phase=ffn_up gpu_ms=13.81
[prefill-layer-phase] chunk=0 start=0 layer=59 kind=attn phase=ffn_swiglu gpu_ms=0.41
[prefill-layer-phase] chunk=0 start=0 layer=59 kind=attn phase=ffn_down gpu_ms=14.00
[prefill-layer-phase] chunk=0 start=0 layer=59 kind=attn phase=ffn_resid gpu_ms=0.09
[prefill-layer-phase] chunk=0 start=0 layer=60 kind=gdn phase=pre_norm gpu_ms=0.05
[prefill-layer-phase] chunk=0 start=0 layer=60 kind=gdn phase=gdn_qkv gpu_ms=8.16
[prefill-layer-phase] chunk=0 start=0 layer=60 kind=gdn phase=gdn_z gpu_ms=4.95
[prefill-layer-phase] chunk=0 start=0 layer=60 kind=gdn phase=gdn_beta_alpha gpu_ms=0.46
[prefill-layer-phase] chunk=0 start=0 layer=60 kind=gdn phase=gdn_alpha_beta gpu_ms=0.01
[prefill-layer-phase] chunk=0 start=0 layer=60 kind=gdn phase=gdn_prep_conv gpu_ms=0.43
[prefill-layer-phase] chunk=0 start=0 layer=60 kind=gdn phase=gdn_prep_l2 gpu_ms=0.04
[prefill-layer-phase] chunk=0 start=0 layer=60 kind=gdn phase=gdn_step gpu_ms=2.34
[prefill-layer-phase] chunk=0 start=0 layer=60 kind=gdn phase=gdn_gated gpu_ms=0.15
[prefill-layer-phase] chunk=0 start=0 layer=60 kind=gdn phase=gdn_back gpu_ms=5.05
[prefill-layer-phase] chunk=0 start=0 layer=60 kind=gdn phase=mixer_resid gpu_ms=0.09
[prefill-layer-phase] chunk=0 start=0 layer=60 kind=gdn phase=ffn_norm gpu_ms=0.05
[prefill-layer-phase] chunk=0 start=0 layer=60 kind=gdn phase=ffn_gate gpu_ms=13.81
[prefill-layer-phase] chunk=0 start=0 layer=60 kind=gdn phase=ffn_up gpu_ms=13.81
[prefill-layer-phase] chunk=0 start=0 layer=60 kind=gdn phase=ffn_swiglu gpu_ms=0.41
[prefill-layer-phase] chunk=0 start=0 layer=60 kind=gdn phase=ffn_down gpu_ms=14.01
[prefill-layer-phase] chunk=0 start=0 layer=60 kind=gdn phase=ffn_resid gpu_ms=0.09
[prefill-layer-phase] chunk=0 start=0 layer=61 kind=gdn phase=pre_norm gpu_ms=0.05
[prefill-layer-phase] chunk=0 start=0 layer=61 kind=gdn phase=gdn_qkv gpu_ms=8.16
[prefill-layer-phase] chunk=0 start=0 layer=61 kind=gdn phase=gdn_z gpu_ms=4.95
[prefill-layer-phase] chunk=0 start=0 layer=61 kind=gdn phase=gdn_beta_alpha gpu_ms=0.46
[prefill-layer-phase] chunk=0 start=0 layer=61 kind=gdn phase=gdn_alpha_beta gpu_ms=0.01
[prefill-layer-phase] chunk=0 start=0 layer=61 kind=gdn phase=gdn_prep_conv gpu_ms=0.44
[prefill-layer-phase] chunk=0 start=0 layer=61 kind=gdn phase=gdn_prep_l2 gpu_ms=0.04
[prefill-layer-phase] chunk=0 start=0 layer=61 kind=gdn phase=gdn_step gpu_ms=2.33
[prefill-layer-phase] chunk=0 start=0 layer=61 kind=gdn phase=gdn_gated gpu_ms=0.16
[prefill-layer-phase] chunk=0 start=0 layer=61 kind=gdn phase=gdn_back gpu_ms=5.05
[prefill-layer-phase] chunk=0 start=0 layer=61 kind=gdn phase=mixer_resid gpu_ms=0.09
[prefill-layer-phase] chunk=0 start=0 layer=61 kind=gdn phase=ffn_norm gpu_ms=0.05
[prefill-layer-phase] chunk=0 start=0 layer=61 kind=gdn phase=ffn_gate gpu_ms=13.81
[prefill-layer-phase] chunk=0 start=0 layer=61 kind=gdn phase=ffn_up gpu_ms=13.81
[prefill-layer-phase] chunk=0 start=0 layer=61 kind=gdn phase=ffn_swiglu gpu_ms=0.41
[prefill-layer-phase] chunk=0 start=0 layer=61 kind=gdn phase=ffn_down gpu_ms=14.01
[prefill-layer-phase] chunk=0 start=0 layer=61 kind=gdn phase=ffn_resid gpu_ms=0.09
[prefill-layer-phase] chunk=0 start=0 layer=62 kind=gdn phase=pre_norm gpu_ms=0.05
[prefill-layer-phase] chunk=0 start=0 layer=62 kind=gdn phase=gdn_qkv gpu_ms=8.17
[prefill-layer-phase] chunk=0 start=0 layer=62 kind=gdn phase=gdn_z gpu_ms=4.95
[prefill-layer-phase] chunk=0 start=0 layer=62 kind=gdn phase=gdn_beta_alpha gpu_ms=0.46
[prefill-layer-phase] chunk=0 start=0 layer=62 kind=gdn phase=gdn_alpha_beta gpu_ms=0.01
[prefill-layer-phase] chunk=0 start=0 layer=62 kind=gdn phase=gdn_prep_conv gpu_ms=0.43
[prefill-layer-phase] chunk=0 start=0 layer=62 kind=gdn phase=gdn_prep_l2 gpu_ms=0.04
[prefill-layer-phase] chunk=0 start=0 layer=62 kind=gdn phase=gdn_step gpu_ms=2.33
[prefill-layer-phase] chunk=0 start=0 layer=62 kind=gdn phase=gdn_gated gpu_ms=0.16
[prefill-layer-phase] chunk=0 start=0 layer=62 kind=gdn phase=gdn_back gpu_ms=5.05
[prefill-layer-phase] chunk=0 start=0 layer=62 kind=gdn phase=mixer_resid gpu_ms=0.09
[prefill-layer-phase] chunk=0 start=0 layer=62 kind=gdn phase=ffn_norm gpu_ms=0.05
[prefill-layer-phase] chunk=0 start=0 layer=62 kind=gdn phase=ffn_gate gpu_ms=13.81
[prefill-layer-phase] chunk=0 start=0 layer=62 kind=gdn phase=ffn_up gpu_ms=13.81
[prefill-layer-phase] chunk=0 start=0 layer=62 kind=gdn phase=ffn_swiglu gpu_ms=0.42
[prefill-layer-phase] chunk=0 start=0 layer=62 kind=gdn phase=ffn_down gpu_ms=14.01
[prefill-layer-phase] chunk=0 start=0 layer=62 kind=gdn phase=ffn_resid gpu_ms=0.09
[prefill-layer-phase] chunk=0 start=0 layer=63 kind=attn phase=pre_norm gpu_ms=0.05
[prefill-attn-phase] chunk=0 start=0 layer=63 phase=proj gpu_ms=11.62
[prefill-attn-phase] chunk=0 start=0 layer=63 phase=norm gpu_ms=0.44
[prefill-attn-phase] chunk=0 start=0 layer=63 phase=rope_scatter gpu_ms=0.09
[prefill-attn-matrix-g6-shape] layer=63 chunk_start=0 chunk_p=1024 query_rows=1024 query_tiles=1 n_pos=1024 score_tile_scratch_mib=51.00 vt_stride=1024 vt_layer_mib=2.00 vt_update_base=0 vt_update_rows=1024 vt_update_mib=2.00
[prefill-attn-phase] chunk=0 start=0 layer=63 phase=body_matrix_kq gpu_ms=0.52
[prefill-attn-phase] chunk=0 start=0 layer=63 phase=body_matrix_kqv gpu_ms=0.51
[prefill-layer-phase] chunk=0 start=0 layer=63 kind=attn phase=attn_back gpu_ms=5.01
[prefill-layer-phase] chunk=0 start=0 layer=63 kind=attn phase=mixer_resid gpu_ms=0.09
[prefill-layer-phase] chunk=0 start=0 layer=63 kind=attn phase=ffn_norm gpu_ms=0.05
[prefill-layer-phase] chunk=0 start=0 layer=63 kind=attn phase=ffn_gate gpu_ms=13.81
[prefill-layer-phase] chunk=0 start=0 layer=63 kind=attn phase=ffn_up gpu_ms=13.81
[prefill-layer-phase] chunk=0 start=0 layer=63 kind=attn phase=ffn_swiglu gpu_ms=0.41
[prefill-layer-phase] chunk=0 start=0 layer=63 kind=attn phase=ffn_down gpu_ms=14.01
[prefill-layer-phase] chunk=0 start=0 layer=63 kind=attn phase=ffn_resid gpu_ms=0.09
[pp] run  1: wall   4377.5 ms  gpu   4033.6 ms   233.92 t/s
[prefill-layer-phase] chunk=0 start=0 layer=0 kind=gdn phase=pre_norm gpu_ms=0.36
[prefill-layer-phase] chunk=0 start=0 layer=0 kind=gdn phase=gdn_qkv gpu_ms=8.17
[prefill-layer-phase] chunk=0 start=0 layer=0 kind=gdn phase=gdn_z gpu_ms=4.96
[prefill-layer-phase] chunk=0 start=0 layer=0 kind=gdn phase=gdn_beta_alpha gpu_ms=0.46
[prefill-layer-phase] chunk=0 start=0 layer=0 kind=gdn phase=gdn_alpha_beta gpu_ms=0.01
[prefill-layer-phase] chunk=0 start=0 layer=0 kind=gdn phase=gdn_prep_conv gpu_ms=0.44
[prefill-layer-phase] chunk=0 start=0 layer=0 kind=gdn phase=gdn_prep_l2 gpu_ms=0.04
[prefill-layer-phase] chunk=0 start=0 layer=0 kind=gdn phase=gdn_step gpu_ms=2.38
[prefill-layer-phase] chunk=0 start=0 layer=0 kind=gdn phase=gdn_gated gpu_ms=0.18
[prefill-layer-phase] chunk=0 start=0 layer=0 kind=gdn phase=gdn_back gpu_ms=5.06
[prefill-layer-phase] chunk=0 start=0 layer=0 kind=gdn phase=mixer_resid gpu_ms=0.09
[prefill-layer-phase] chunk=0 start=0 layer=0 kind=gdn phase=ffn_norm gpu_ms=0.05
[prefill-layer-phase] chunk=0 start=0 layer=0 kind=gdn phase=ffn_gate gpu_ms=13.81
[prefill-layer-phase] chunk=0 start=0 layer=0 kind=gdn phase=ffn_up gpu_ms=13.82
[prefill-layer-phase] chunk=0 start=0 layer=0 kind=gdn phase=ffn_swiglu gpu_ms=0.43
[prefill-layer-phase] chunk=0 start=0 layer=0 kind=gdn phase=ffn_down gpu_ms=14.02
[prefill-layer-phase] chunk=0 start=0 layer=0 kind=gdn phase=ffn_resid gpu_ms=0.09
[prefill-layer-phase] chunk=0 start=0 layer=1 kind=gdn phase=pre_norm gpu_ms=0.05
[prefill-layer-phase] chunk=0 start=0 layer=1 kind=gdn phase=gdn_qkv gpu_ms=8.17
[prefill-layer-phase] chunk=0 start=0 layer=1 kind=gdn phase=gdn_z gpu_ms=4.95
[prefill-layer-phase] chunk=0 start=0 layer=1 kind=gdn phase=gdn_beta_alpha gpu_ms=0.45
[prefill-layer-phase] chunk=0 start=0 layer=1 kind=gdn phase=gdn_alpha_beta gpu_ms=0.00
[prefill-layer-phase] chunk=0 start=0 layer=1 kind=gdn phase=gdn_prep_conv gpu_ms=0.43
[prefill-layer-phase] chunk=0 start=0 layer=1 kind=gdn phase=gdn_prep_l2 gpu_ms=0.04
[prefill-layer-phase] chunk=0 start=0 layer=1 kind=gdn phase=gdn_step gpu_ms=2.27
[prefill-layer-phase] chunk=0 start=0 layer=1 kind=gdn phase=gdn_gated gpu_ms=0.16
[prefill-layer-phase] chunk=0 start=0 layer=1 kind=gdn phase=gdn_back gpu_ms=5.05
[prefill-layer-phase] chunk=0 start=0 layer=1 kind=gdn phase=mixer_resid gpu_ms=0.09
[prefill-layer-phase] chunk=0 start=0 layer=1 kind=gdn phase=ffn_norm gpu_ms=0.05
[prefill-layer-phase] chunk=0 start=0 layer=1 kind=gdn phase=ffn_gate gpu_ms=13.81
[prefill-layer-phase] chunk=0 start=0 layer=1 kind=gdn phase=ffn_up gpu_ms=13.81
[prefill-layer-phase] chunk=0 start=0 layer=1 kind=gdn phase=ffn_swiglu gpu_ms=0.41
[prefill-layer-phase] chunk=0 start=0 layer=1 kind=gdn phase=ffn_down gpu_ms=14.01
[prefill-layer-phase] chunk=0 start=0 layer=1 kind=gdn phase=ffn_resid gpu_ms=0.09
[prefill-layer-phase] chunk=0 start=0 layer=2 kind=gdn phase=pre_norm gpu_ms=0.05
[prefill-layer-phase] chunk=0 start=0 layer=2 kind=gdn phase=gdn_qkv gpu_ms=8.16
[prefill-layer-phase] chunk=0 start=0 layer=2 kind=gdn phase=gdn_z gpu_ms=4.95
[prefill-layer-phase] chunk=0 start=0 layer=2 kind=gdn phase=gdn_beta_alpha gpu_ms=0.46
[prefill-layer-phase] chunk=0 start=0 layer=2 kind=gdn phase=gdn_alpha_beta gpu_ms=0.01
[prefill-layer-phase] chunk=0 start=0 layer=2 kind=gdn phase=gdn_prep_conv gpu_ms=0.44
[prefill-layer-phase] chunk=0 start=0 layer=2 kind=gdn phase=gdn_prep_l2 gpu_ms=0.04
[prefill-layer-phase] chunk=0 start=0 layer=2 kind=gdn phase=gdn_step gpu_ms=2.29
[prefill-layer-phase] chunk=0 start=0 layer=2 kind=gdn phase=gdn_gated gpu_ms=0.16
[prefill-layer-phase] chunk=0 start=0 layer=2 kind=gdn phase=gdn_back gpu_ms=5.05
[prefill-layer-phase] chunk=0 start=0 layer=2 kind=gdn phase=mixer_resid gpu_ms=0.09
[prefill-layer-phase] chunk=0 start=0 layer=2 kind=gdn phase=ffn_norm gpu_ms=0.05
[prefill-layer-phase] chunk=0 start=0 layer=2 kind=gdn phase=ffn_gate gpu_ms=13.81
[prefill-layer-phase] chunk=0 start=0 layer=2 kind=gdn phase=ffn_up gpu_ms=13.81
[prefill-layer-phase] chunk=0 start=0 layer=2 kind=gdn phase=ffn_swiglu gpu_ms=0.41
[prefill-layer-phase] chunk=0 start=0 layer=2 kind=gdn phase=ffn_down gpu_ms=14.03
[prefill-layer-phase] chunk=0 start=0 layer=2 kind=gdn phase=ffn_resid gpu_ms=0.09
[prefill-layer-phase] chunk=0 start=0 layer=3 kind=attn phase=pre_norm gpu_ms=0.05
[prefill-attn-phase] chunk=0 start=0 layer=3 phase=proj gpu_ms=11.62
[prefill-attn-phase] chunk=0 start=0 layer=3 phase=norm gpu_ms=0.45
[prefill-attn-phase] chunk=0 start=0 layer=3 phase=rope_scatter gpu_ms=0.09
[prefill-attn-matrix-g6-shape] layer=3 chunk_start=0 chunk_p=1024 query_rows=1024 query_tiles=1 n_pos=1024 score_tile_scratch_mib=51.00 vt_stride=1024 vt_layer_mib=2.00 vt_update_base=0 vt_update_rows=1024 vt_update_mib=2.00
[prefill-attn-phase] chunk=0 start=0 layer=3 phase=body_matrix_kq gpu_ms=0.52
[prefill-attn-phase] chunk=0 start=0 layer=3 phase=body_matrix_kqv gpu_ms=0.52
[prefill-layer-phase] chunk=0 start=0 layer=3 kind=attn phase=attn_back gpu_ms=5.01
[prefill-layer-phase] chunk=0 start=0 layer=3 kind=attn phase=mixer_resid gpu_ms=0.09
[prefill-layer-phase] chunk=0 start=0 layer=3 kind=attn phase=ffn_norm gpu_ms=0.05
[prefill-layer-phase] chunk=0 start=0 layer=3 kind=attn phase=ffn_gate gpu_ms=13.82
[prefill-layer-phase] chunk=0 start=0 layer=3 kind=attn phase=ffn_up gpu_ms=13.81
[prefill-layer-phase] chunk=0 start=0 layer=3 kind=attn phase=ffn_swiglu gpu_ms=0.41
[prefill-layer-phase] chunk=0 start=0 layer=3 kind=attn phase=ffn_down gpu_ms=14.01
[prefill-layer-phase] chunk=0 start=0 layer=3 kind=attn phase=ffn_resid gpu_ms=0.09
[prefill-layer-phase] chunk=0 start=0 layer=4 kind=gdn phase=pre_norm gpu_ms=0.05
[prefill-layer-phase] chunk=0 start=0 layer=4 kind=gdn phase=gdn_qkv gpu_ms=8.16
[prefill-layer-phase] chunk=0 start=0 layer=4 kind=gdn phase=gdn_z gpu_ms=4.96
[prefill-layer-phase] chunk=0 start=0 layer=4 kind=gdn phase=gdn_beta_alpha gpu_ms=0.45
[prefill-layer-phase] chunk=0 start=0 layer=4 kind=gdn phase=gdn_alpha_beta gpu_ms=0.01
[prefill-layer-phase] chunk=0 start=0 layer=4 kind=gdn phase=gdn_prep_conv gpu_ms=0.44
[prefill-layer-phase] chunk=0 start=0 layer=4 kind=gdn phase=gdn_prep_l2 gpu_ms=0.04
[prefill-layer-phase] chunk=0 start=0 layer=4 kind=gdn phase=gdn_step gpu_ms=2.36
[prefill-layer-phase] chunk=0 start=0 layer=4 kind=gdn phase=gdn_gated gpu_ms=0.15
[prefill-layer-phase] chunk=0 start=0 layer=4 kind=gdn phase=gdn_back gpu_ms=5.05
[prefill-layer-phase] chunk=0 start=0 layer=4 kind=gdn phase=mixer_resid gpu_ms=0.09
[prefill-layer-phase] chunk=0 start=0 layer=4 kind=gdn phase=ffn_norm gpu_ms=0.05
[prefill-layer-phase] chunk=0 start=0 layer=4 kind=gdn phase=ffn_gate gpu_ms=13.81
[prefill-layer-phase] chunk=0 start=0 layer=4 kind=gdn phase=ffn_up gpu_ms=13.80
[prefill-layer-phase] chunk=0 start=0 layer=4 kind=gdn phase=ffn_swiglu gpu_ms=0.41
[prefill-layer-phase] chunk=0 start=0 layer=4 kind=gdn phase=ffn_down gpu_ms=14.00
[prefill-layer-phase] chunk=0 start=0 layer=4 kind=gdn phase=ffn_resid gpu_ms=0.09
[prefill-layer-phase] chunk=0 start=0 layer=5 kind=gdn phase=pre_norm gpu_ms=0.05
[prefill-layer-phase] chunk=0 start=0 layer=5 kind=gdn phase=gdn_qkv gpu_ms=8.16
[prefill-layer-phase] chunk=0 start=0 layer=5 kind=gdn phase=gdn_z gpu_ms=4.96
[prefill-layer-phase] chunk=0 start=0 layer=5 kind=gdn phase=gdn_beta_alpha gpu_ms=0.46
[prefill-layer-phase] chunk=0 start=0 layer=5 kind=gdn phase=gdn_alpha_beta gpu_ms=0.01
[prefill-layer-phase] chunk=0 start=0 layer=5 kind=gdn phase=gdn_prep_conv gpu_ms=0.44
[prefill-layer-phase] chunk=0 start=0 layer=5 kind=gdn phase=gdn_prep_l2 gpu_ms=0.04
[prefill-layer-phase] chunk=0 start=0 layer=5 kind=gdn phase=gdn_step gpu_ms=2.33
[prefill-layer-phase] chunk=0 start=0 layer=5 kind=gdn phase=gdn_gated gpu_ms=0.16
[prefill-layer-phase] chunk=0 start=0 layer=5 kind=gdn phase=gdn_back gpu_ms=5.05
[prefill-layer-phase] chunk=0 start=0 layer=5 kind=gdn phase=mixer_resid gpu_ms=0.09
[prefill-layer-phase] chunk=0 start=0 layer=5 kind=gdn phase=ffn_norm gpu_ms=0.05
[prefill-layer-phase] chunk=0 start=0 layer=5 kind=gdn phase=ffn_gate gpu_ms=13.81
[prefill-layer-phase] chunk=0 start=0 layer=5 kind=gdn phase=ffn_up gpu_ms=13.81
[prefill-layer-phase] chunk=0 start=0 layer=5 kind=gdn phase=ffn_swiglu gpu_ms=0.41
[prefill-layer-phase] chunk=0 start=0 layer=5 kind=gdn phase=ffn_down gpu_ms=14.00
[prefill-layer-phase] chunk=0 start=0 layer=5 kind=gdn phase=ffn_resid gpu_ms=0.09
[prefill-layer-phase] chunk=0 start=0 layer=6 kind=gdn phase=pre_norm gpu_ms=0.05
[prefill-layer-phase] chunk=0 start=0 layer=6 kind=gdn phase=gdn_qkv gpu_ms=8.16
[prefill-layer-phase] chunk=0 start=0 layer=6 kind=gdn phase=gdn_z gpu_ms=4.95
[prefill-layer-phase] chunk=0 start=0 layer=6 kind=gdn phase=gdn_beta_alpha gpu_ms=0.46
[prefill-layer-phase] chunk=0 start=0 layer=6 kind=gdn phase=gdn_alpha_beta gpu_ms=0.01
[prefill-layer-phase] chunk=0 start=0 layer=6 kind=gdn phase=gdn_prep_conv gpu_ms=0.44
[prefill-layer-phase] chunk=0 start=0 layer=6 kind=gdn phase=gdn_prep_l2 gpu_ms=0.04
[prefill-layer-phase] chunk=0 start=0 layer=6 kind=gdn phase=gdn_step gpu_ms=2.36
[prefill-layer-phase] chunk=0 start=0 layer=6 kind=gdn phase=gdn_gated gpu_ms=0.16
[prefill-layer-phase] chunk=0 start=0 layer=6 kind=gdn phase=gdn_back gpu_ms=5.05
[prefill-layer-phase] chunk=0 start=0 layer=6 kind=gdn phase=mixer_resid gpu_ms=0.09
[prefill-layer-phase] chunk=0 start=0 layer=6 kind=gdn phase=ffn_norm gpu_ms=0.05
[prefill-layer-phase] chunk=0 start=0 layer=6 kind=gdn phase=ffn_gate gpu_ms=13.81
[prefill-layer-phase] chunk=0 start=0 layer=6 kind=gdn phase=ffn_up gpu_ms=13.81
[prefill-layer-phase] chunk=0 start=0 layer=6 kind=gdn phase=ffn_swiglu gpu_ms=0.41
[prefill-layer-phase] chunk=0 start=0 layer=6 kind=gdn phase=ffn_down gpu_ms=14.00
[prefill-layer-phase] chunk=0 start=0 layer=6 kind=gdn phase=ffn_resid gpu_ms=0.09
[prefill-layer-phase] chunk=0 start=0 layer=7 kind=attn phase=pre_norm gpu_ms=0.06
[prefill-attn-phase] chunk=0 start=0 layer=7 phase=proj gpu_ms=11.62
[prefill-attn-phase] chunk=0 start=0 layer=7 phase=norm gpu_ms=0.44
[prefill-attn-phase] chunk=0 start=0 layer=7 phase=rope_scatter gpu_ms=0.09
[prefill-attn-matrix-g6-shape] layer=7 chunk_start=0 chunk_p=1024 query_rows=1024 query_tiles=1 n_pos=1024 score_tile_scratch_mib=51.00 vt_stride=1024 vt_layer_mib=2.00 vt_update_base=0 vt_update_rows=1024 vt_update_mib=2.00
[prefill-attn-phase] chunk=0 start=0 layer=7 phase=body_matrix_kq gpu_ms=0.52
[prefill-attn-phase] chunk=0 start=0 layer=7 phase=body_matrix_kqv gpu_ms=0.51
[prefill-layer-phase] chunk=0 start=0 layer=7 kind=attn phase=attn_back gpu_ms=5.01
[prefill-layer-phase] chunk=0 start=0 layer=7 kind=attn phase=mixer_resid gpu_ms=0.09
[prefill-layer-phase] chunk=0 start=0 layer=7 kind=attn phase=ffn_norm gpu_ms=0.05
[prefill-layer-phase] chunk=0 start=0 layer=7 kind=attn phase=ffn_gate gpu_ms=13.81
[prefill-layer-phase] chunk=0 start=0 layer=7 kind=attn phase=ffn_up gpu_ms=13.81
[prefill-layer-phase] chunk=0 start=0 layer=7 kind=attn phase=ffn_swiglu gpu_ms=0.41
[prefill-layer-phase] chunk=0 start=0 layer=7 kind=attn phase=ffn_down gpu_ms=14.02
[prefill-layer-phase] chunk=0 start=0 layer=7 kind=attn phase=ffn_resid gpu_ms=0.09
[prefill-layer-phase] chunk=0 start=0 layer=8 kind=gdn phase=pre_norm gpu_ms=0.05
[prefill-layer-phase] chunk=0 start=0 layer=8 kind=gdn phase=gdn_qkv gpu_ms=8.13
[prefill-layer-phase] chunk=0 start=0 layer=8 kind=gdn phase=gdn_z gpu_ms=4.95
[prefill-layer-phase] chunk=0 start=0 layer=8 kind=gdn phase=gdn_beta_alpha gpu_ms=0.47
[prefill-layer-phase] chunk=0 start=0 layer=8 kind=gdn phase=gdn_alpha_beta gpu_ms=0.01
[prefill-layer-phase] chunk=0 start=0 layer=8 kind=gdn phase=gdn_prep_conv gpu_ms=0.43
[prefill-layer-phase] chunk=0 start=0 layer=8 kind=gdn phase=gdn_prep_l2 gpu_ms=0.04
[prefill-layer-phase] chunk=0 start=0 layer=8 kind=gdn phase=gdn_step gpu_ms=2.30
[prefill-layer-phase] chunk=0 start=0 layer=8 kind=gdn phase=gdn_gated gpu_ms=0.15
[prefill-layer-phase] chunk=0 start=0 layer=8 kind=gdn phase=gdn_back gpu_ms=5.05
[prefill-layer-phase] chunk=0 start=0 layer=8 kind=gdn phase=mixer_resid gpu_ms=0.09
[prefill-layer-phase] chunk=0 start=0 layer=8 kind=gdn phase=ffn_norm gpu_ms=0.05
[prefill-layer-phase] chunk=0 start=0 layer=8 kind=gdn phase=ffn_gate gpu_ms=13.81
[prefill-layer-phase] chunk=0 start=0 layer=8 kind=gdn phase=ffn_up gpu_ms=13.81
[prefill-layer-phase] chunk=0 start=0 layer=8 kind=gdn phase=ffn_swiglu gpu_ms=0.41
[prefill-layer-phase] chunk=0 start=0 layer=8 kind=gdn phase=ffn_down gpu_ms=13.94
[prefill-layer-phase] chunk=0 start=0 layer=8 kind=gdn phase=ffn_resid gpu_ms=0.09
[prefill-layer-phase] chunk=0 start=0 layer=9 kind=gdn phase=pre_norm gpu_ms=0.05
[prefill-layer-phase] chunk=0 start=0 layer=9 kind=gdn phase=gdn_qkv gpu_ms=8.13
[prefill-layer-phase] chunk=0 start=0 layer=9 kind=gdn phase=gdn_z gpu_ms=4.95
[prefill-layer-phase] chunk=0 start=0 layer=9 kind=gdn phase=gdn_beta_alpha gpu_ms=0.46
[prefill-layer-phase] chunk=0 start=0 layer=9 kind=gdn phase=gdn_alpha_beta gpu_ms=0.01
[prefill-layer-phase] chunk=0 start=0 layer=9 kind=gdn phase=gdn_prep_conv gpu_ms=0.44
[prefill-layer-phase] chunk=0 start=0 layer=9 kind=gdn phase=gdn_prep_l2 gpu_ms=0.04
[prefill-layer-phase] chunk=0 start=0 layer=9 kind=gdn phase=gdn_step gpu_ms=2.33
[prefill-layer-phase] chunk=0 start=0 layer=9 kind=gdn phase=gdn_gated gpu_ms=0.16
[prefill-layer-phase] chunk=0 start=0 layer=9 kind=gdn phase=gdn_back gpu_ms=5.05
[prefill-layer-phase] chunk=0 start=0 layer=9 kind=gdn phase=mixer_resid gpu_ms=0.09
[prefill-layer-phase] chunk=0 start=0 layer=9 kind=gdn phase=ffn_norm gpu_ms=0.05
[prefill-layer-phase] chunk=0 start=0 layer=9 kind=gdn phase=ffn_gate gpu_ms=13.82
[prefill-layer-phase] chunk=0 start=0 layer=9 kind=gdn phase=ffn_up gpu_ms=13.81
[prefill-layer-phase] chunk=0 start=0 layer=9 kind=gdn phase=ffn_swiglu gpu_ms=0.41
[prefill-layer-phase] chunk=0 start=0 layer=9 kind=gdn phase=ffn_down gpu_ms=13.94
[prefill-layer-phase] chunk=0 start=0 layer=9 kind=gdn phase=ffn_resid gpu_ms=0.09
[prefill-layer-phase] chunk=0 start=0 layer=10 kind=gdn phase=pre_norm gpu_ms=0.05
[prefill-layer-phase] chunk=0 start=0 layer=10 kind=gdn phase=gdn_qkv gpu_ms=8.16
[prefill-layer-phase] chunk=0 start=0 layer=10 kind=gdn phase=gdn_z gpu_ms=4.95
[prefill-layer-phase] chunk=0 start=0 layer=10 kind=gdn phase=gdn_beta_alpha gpu_ms=0.46
[prefill-layer-phase] chunk=0 start=0 layer=10 kind=gdn phase=gdn_alpha_beta gpu_ms=0.01
[prefill-layer-phase] chunk=0 start=0 layer=10 kind=gdn phase=gdn_prep_conv gpu_ms=0.44
[prefill-layer-phase] chunk=0 start=0 layer=10 kind=gdn phase=gdn_prep_l2 gpu_ms=0.04
[prefill-layer-phase] chunk=0 start=0 layer=10 kind=gdn phase=gdn_step gpu_ms=2.32
[prefill-layer-phase] chunk=0 start=0 layer=10 kind=gdn phase=gdn_gated gpu_ms=0.16
[prefill-layer-phase] chunk=0 start=0 layer=10 kind=gdn phase=gdn_back gpu_ms=5.05
[prefill-layer-phase] chunk=0 start=0 layer=10 kind=gdn phase=mixer_resid gpu_ms=0.09
[prefill-layer-phase] chunk=0 start=0 layer=10 kind=gdn phase=ffn_norm gpu_ms=0.05
[prefill-layer-phase] chunk=0 start=0 layer=10 kind=gdn phase=ffn_gate gpu_ms=13.81
[prefill-layer-phase] chunk=0 start=0 layer=10 kind=gdn phase=ffn_up gpu_ms=13.80
[prefill-layer-phase] chunk=0 start=0 layer=10 kind=gdn phase=ffn_swiglu gpu_ms=0.41
[prefill-layer-phase] chunk=0 start=0 layer=10 kind=gdn phase=ffn_down gpu_ms=14.01
[prefill-layer-phase] chunk=0 start=0 layer=10 kind=gdn phase=ffn_resid gpu_ms=0.09
[prefill-layer-phase] chunk=0 start=0 layer=11 kind=attn phase=pre_norm gpu_ms=0.05
[prefill-attn-phase] chunk=0 start=0 layer=11 phase=proj gpu_ms=11.62
[prefill-attn-phase] chunk=0 start=0 layer=11 phase=norm gpu_ms=0.44
[prefill-attn-phase] chunk=0 start=0 layer=11 phase=rope_scatter gpu_ms=0.09
[prefill-attn-matrix-g6-shape] layer=11 chunk_start=0 chunk_p=1024 query_rows=1024 query_tiles=1 n_pos=1024 score_tile_scratch_mib=51.00 vt_stride=1024 vt_layer_mib=2.00 vt_update_base=0 vt_update_rows=1024 vt_update_mib=2.00
[prefill-attn-phase] chunk=0 start=0 layer=11 phase=body_matrix_kq gpu_ms=0.52
[prefill-attn-phase] chunk=0 start=0 layer=11 phase=body_matrix_kqv gpu_ms=0.51
[prefill-layer-phase] chunk=0 start=0 layer=11 kind=attn phase=attn_back gpu_ms=5.01
[prefill-layer-phase] chunk=0 start=0 layer=11 kind=attn phase=mixer_resid gpu_ms=0.09
[prefill-layer-phase] chunk=0 start=0 layer=11 kind=attn phase=ffn_norm gpu_ms=0.05
[prefill-layer-phase] chunk=0 start=0 layer=11 kind=attn phase=ffn_gate gpu_ms=13.81
[prefill-layer-phase] chunk=0 start=0 layer=11 kind=attn phase=ffn_up gpu_ms=13.81
[prefill-layer-phase] chunk=0 start=0 layer=11 kind=attn phase=ffn_swiglu gpu_ms=0.41
[prefill-layer-phase] chunk=0 start=0 layer=11 kind=attn phase=ffn_down gpu_ms=13.95
[prefill-layer-phase] chunk=0 start=0 layer=11 kind=attn phase=ffn_resid gpu_ms=0.09
[prefill-layer-phase] chunk=0 start=0 layer=12 kind=gdn phase=pre_norm gpu_ms=0.05
[prefill-layer-phase] chunk=0 start=0 layer=12 kind=gdn phase=gdn_qkv gpu_ms=8.12
[prefill-layer-phase] chunk=0 start=0 layer=12 kind=gdn phase=gdn_z gpu_ms=4.95
[prefill-layer-phase] chunk=0 start=0 layer=12 kind=gdn phase=gdn_beta_alpha gpu_ms=0.46
[prefill-layer-phase] chunk=0 start=0 layer=12 kind=gdn phase=gdn_alpha_beta gpu_ms=0.01
[prefill-layer-phase] chunk=0 start=0 layer=12 kind=gdn phase=gdn_prep_conv gpu_ms=0.44
[prefill-layer-phase] chunk=0 start=0 layer=12 kind=gdn phase=gdn_prep_l2 gpu_ms=0.04
[prefill-layer-phase] chunk=0 start=0 layer=12 kind=gdn phase=gdn_step gpu_ms=2.29
[prefill-layer-phase] chunk=0 start=0 layer=12 kind=gdn phase=gdn_gated gpu_ms=0.16
[prefill-layer-phase] chunk=0 start=0 layer=12 kind=gdn phase=gdn_back gpu_ms=5.05
[prefill-layer-phase] chunk=0 start=0 layer=12 kind=gdn phase=mixer_resid gpu_ms=0.09
[prefill-layer-phase] chunk=0 start=0 layer=12 kind=gdn phase=ffn_norm gpu_ms=0.05
[prefill-layer-phase] chunk=0 start=0 layer=12 kind=gdn phase=ffn_gate gpu_ms=13.82
[prefill-layer-phase] chunk=0 start=0 layer=12 kind=gdn phase=ffn_up gpu_ms=13.81
[prefill-layer-phase] chunk=0 start=0 layer=12 kind=gdn phase=ffn_swiglu gpu_ms=0.41
[prefill-layer-phase] chunk=0 start=0 layer=12 kind=gdn phase=ffn_down gpu_ms=13.94
[prefill-layer-phase] chunk=0 start=0 layer=12 kind=gdn phase=ffn_resid gpu_ms=0.09
[prefill-layer-phase] chunk=0 start=0 layer=13 kind=gdn phase=pre_norm gpu_ms=0.05
[prefill-layer-phase] chunk=0 start=0 layer=13 kind=gdn phase=gdn_qkv gpu_ms=8.16
[prefill-layer-phase] chunk=0 start=0 layer=13 kind=gdn phase=gdn_z gpu_ms=4.95
[prefill-layer-phase] chunk=0 start=0 layer=13 kind=gdn phase=gdn_beta_alpha gpu_ms=0.46
[prefill-layer-phase] chunk=0 start=0 layer=13 kind=gdn phase=gdn_alpha_beta gpu_ms=0.01
[prefill-layer-phase] chunk=0 start=0 layer=13 kind=gdn phase=gdn_prep_conv gpu_ms=0.43
[prefill-layer-phase] chunk=0 start=0 layer=13 kind=gdn phase=gdn_prep_l2 gpu_ms=0.04
[prefill-layer-phase] chunk=0 start=0 layer=13 kind=gdn phase=gdn_step gpu_ms=2.24
[prefill-layer-phase] chunk=0 start=0 layer=13 kind=gdn phase=gdn_gated gpu_ms=0.16
[prefill-layer-phase] chunk=0 start=0 layer=13 kind=gdn phase=gdn_back gpu_ms=5.05
[prefill-layer-phase] chunk=0 start=0 layer=13 kind=gdn phase=mixer_resid gpu_ms=0.09
[prefill-layer-phase] chunk=0 start=0 layer=13 kind=gdn phase=ffn_norm gpu_ms=0.05
[prefill-layer-phase] chunk=0 start=0 layer=13 kind=gdn phase=ffn_gate gpu_ms=13.81
[prefill-layer-phase] chunk=0 start=0 layer=13 kind=gdn phase=ffn_up gpu_ms=13.81
[prefill-layer-phase] chunk=0 start=0 layer=13 kind=gdn phase=ffn_swiglu gpu_ms=0.41
[prefill-layer-phase] chunk=0 start=0 layer=13 kind=gdn phase=ffn_down gpu_ms=14.00
[prefill-layer-phase] chunk=0 start=0 layer=13 kind=gdn phase=ffn_resid gpu_ms=0.09
[prefill-layer-phase] chunk=0 start=0 layer=14 kind=gdn phase=pre_norm gpu_ms=0.05
[prefill-layer-phase] chunk=0 start=0 layer=14 kind=gdn phase=gdn_qkv gpu_ms=8.13
[prefill-layer-phase] chunk=0 start=0 layer=14 kind=gdn phase=gdn_z gpu_ms=4.96
[prefill-layer-phase] chunk=0 start=0 layer=14 kind=gdn phase=gdn_beta_alpha gpu_ms=0.46
[prefill-layer-phase] chunk=0 start=0 layer=14 kind=gdn phase=gdn_alpha_beta gpu_ms=0.01
[prefill-layer-phase] chunk=0 start=0 layer=14 kind=gdn phase=gdn_prep_conv gpu_ms=0.44
[prefill-layer-phase] chunk=0 start=0 layer=14 kind=gdn phase=gdn_prep_l2 gpu_ms=0.04
[prefill-layer-phase] chunk=0 start=0 layer=14 kind=gdn phase=gdn_step gpu_ms=2.25
[prefill-layer-phase] chunk=0 start=0 layer=14 kind=gdn phase=gdn_gated gpu_ms=0.16
[prefill-layer-phase] chunk=0 start=0 layer=14 kind=gdn phase=gdn_back gpu_ms=5.05
[prefill-layer-phase] chunk=0 start=0 layer=14 kind=gdn phase=mixer_resid gpu_ms=0.09
[prefill-layer-phase] chunk=0 start=0 layer=14 kind=gdn phase=ffn_norm gpu_ms=0.05
[prefill-layer-phase] chunk=0 start=0 layer=14 kind=gdn phase=ffn_gate gpu_ms=13.81
[prefill-layer-phase] chunk=0 start=0 layer=14 kind=gdn phase=ffn_up gpu_ms=13.81
[prefill-layer-phase] chunk=0 start=0 layer=14 kind=gdn phase=ffn_swiglu gpu_ms=0.41
[prefill-layer-phase] chunk=0 start=0 layer=14 kind=gdn phase=ffn_down gpu_ms=13.94
[prefill-layer-phase] chunk=0 start=0 layer=14 kind=gdn phase=ffn_resid gpu_ms=0.09
[prefill-layer-phase] chunk=0 start=0 layer=15 kind=attn phase=pre_norm gpu_ms=0.05
[prefill-attn-phase] chunk=0 start=0 layer=15 phase=proj gpu_ms=11.62
[prefill-attn-phase] chunk=0 start=0 layer=15 phase=norm gpu_ms=0.44
[prefill-attn-phase] chunk=0 start=0 layer=15 phase=rope_scatter gpu_ms=0.09
[prefill-attn-matrix-g6-shape] layer=15 chunk_start=0 chunk_p=1024 query_rows=1024 query_tiles=1 n_pos=1024 score_tile_scratch_mib=51.00 vt_stride=1024 vt_layer_mib=2.00 vt_update_base=0 vt_update_rows=1024 vt_update_mib=2.00
[prefill-attn-phase] chunk=0 start=0 layer=15 phase=body_matrix_kq gpu_ms=0.52
[prefill-attn-phase] chunk=0 start=0 layer=15 phase=body_matrix_kqv gpu_ms=0.51
[prefill-layer-phase] chunk=0 start=0 layer=15 kind=attn phase=attn_back gpu_ms=5.02
[prefill-layer-phase] chunk=0 start=0 layer=15 kind=attn phase=mixer_resid gpu_ms=0.09
[prefill-layer-phase] chunk=0 start=0 layer=15 kind=attn phase=ffn_norm gpu_ms=0.05
[prefill-layer-phase] chunk=0 start=0 layer=15 kind=attn phase=ffn_gate gpu_ms=13.81
[prefill-layer-phase] chunk=0 start=0 layer=15 kind=attn phase=ffn_up gpu_ms=13.81
[prefill-layer-phase] chunk=0 start=0 layer=15 kind=attn phase=ffn_swiglu gpu_ms=0.41
[prefill-layer-phase] chunk=0 start=0 layer=15 kind=attn phase=ffn_down gpu_ms=13.93
[prefill-layer-phase] chunk=0 start=0 layer=15 kind=attn phase=ffn_resid gpu_ms=0.09
[prefill-layer-phase] chunk=0 start=0 layer=16 kind=gdn phase=pre_norm gpu_ms=0.05
[prefill-layer-phase] chunk=0 start=0 layer=16 kind=gdn phase=gdn_qkv gpu_ms=8.16
[prefill-layer-phase] chunk=0 start=0 layer=16 kind=gdn phase=gdn_z gpu_ms=4.95
[prefill-layer-phase] chunk=0 start=0 layer=16 kind=gdn phase=gdn_beta_alpha gpu_ms=0.46
[prefill-layer-phase] chunk=0 start=0 layer=16 kind=gdn phase=gdn_alpha_beta gpu_ms=0.01
[prefill-layer-phase] chunk=0 start=0 layer=16 kind=gdn phase=gdn_prep_conv gpu_ms=0.44
[prefill-layer-phase] chunk=0 start=0 layer=16 kind=gdn phase=gdn_prep_l2 gpu_ms=0.04
[prefill-layer-phase] chunk=0 start=0 layer=16 kind=gdn phase=gdn_step gpu_ms=2.27
[prefill-layer-phase] chunk=0 start=0 layer=16 kind=gdn phase=gdn_gated gpu_ms=0.16
[prefill-layer-phase] chunk=0 start=0 layer=16 kind=gdn phase=gdn_back gpu_ms=5.05
[prefill-layer-phase] chunk=0 start=0 layer=16 kind=gdn phase=mixer_resid gpu_ms=0.09
[prefill-layer-phase] chunk=0 start=0 layer=16 kind=gdn phase=ffn_norm gpu_ms=0.05
[prefill-layer-phase] chunk=0 start=0 layer=16 kind=gdn phase=ffn_gate gpu_ms=13.81
[prefill-layer-phase] chunk=0 start=0 layer=16 kind=gdn phase=ffn_up gpu_ms=13.81
[prefill-layer-phase] chunk=0 start=0 layer=16 kind=gdn phase=ffn_swiglu gpu_ms=0.41
[prefill-layer-phase] chunk=0 start=0 layer=16 kind=gdn phase=ffn_down gpu_ms=14.00
[prefill-layer-phase] chunk=0 start=0 layer=16 kind=gdn phase=ffn_resid gpu_ms=0.09
[prefill-layer-phase] chunk=0 start=0 layer=17 kind=gdn phase=pre_norm gpu_ms=0.05
[prefill-layer-phase] chunk=0 start=0 layer=17 kind=gdn phase=gdn_qkv gpu_ms=8.12
[prefill-layer-phase] chunk=0 start=0 layer=17 kind=gdn phase=gdn_z gpu_ms=4.96
[prefill-layer-phase] chunk=0 start=0 layer=17 kind=gdn phase=gdn_beta_alpha gpu_ms=0.46
[prefill-layer-phase] chunk=0 start=0 layer=17 kind=gdn phase=gdn_alpha_beta gpu_ms=0.01
[prefill-layer-phase] chunk=0 start=0 layer=17 kind=gdn phase=gdn_prep_conv gpu_ms=0.44
[prefill-layer-phase] chunk=0 start=0 layer=17 kind=gdn phase=gdn_prep_l2 gpu_ms=0.04
[prefill-layer-phase] chunk=0 start=0 layer=17 kind=gdn phase=gdn_step gpu_ms=2.26
[prefill-layer-phase] chunk=0 start=0 layer=17 kind=gdn phase=gdn_gated gpu_ms=0.16
[prefill-layer-phase] chunk=0 start=0 layer=17 kind=gdn phase=gdn_back gpu_ms=5.05
[prefill-layer-phase] chunk=0 start=0 layer=17 kind=gdn phase=mixer_resid gpu_ms=0.09
[prefill-layer-phase] chunk=0 start=0 layer=17 kind=gdn phase=ffn_norm gpu_ms=0.05
[prefill-layer-phase] chunk=0 start=0 layer=17 kind=gdn phase=ffn_gate gpu_ms=13.81
[prefill-layer-phase] chunk=0 start=0 layer=17 kind=gdn phase=ffn_up gpu_ms=13.81
[prefill-layer-phase] chunk=0 start=0 layer=17 kind=gdn phase=ffn_swiglu gpu_ms=0.41
[prefill-layer-phase] chunk=0 start=0 layer=17 kind=gdn phase=ffn_down gpu_ms=13.97
[prefill-layer-phase] chunk=0 start=0 layer=17 kind=gdn phase=ffn_resid gpu_ms=0.09
[prefill-layer-phase] chunk=0 start=0 layer=18 kind=gdn phase=pre_norm gpu_ms=0.05
[prefill-layer-phase] chunk=0 start=0 layer=18 kind=gdn phase=gdn_qkv gpu_ms=8.13
[prefill-layer-phase] chunk=0 start=0 layer=18 kind=gdn phase=gdn_z gpu_ms=4.96
[prefill-layer-phase] chunk=0 start=0 layer=18 kind=gdn phase=gdn_beta_alpha gpu_ms=0.46
[prefill-layer-phase] chunk=0 start=0 layer=18 kind=gdn phase=gdn_alpha_beta gpu_ms=0.01
[prefill-layer-phase] chunk=0 start=0 layer=18 kind=gdn phase=gdn_prep_conv gpu_ms=0.44
[prefill-layer-phase] chunk=0 start=0 layer=18 kind=gdn phase=gdn_prep_l2 gpu_ms=0.04
[prefill-layer-phase] chunk=0 start=0 layer=18 kind=gdn phase=gdn_step gpu_ms=2.30
[prefill-layer-phase] chunk=0 start=0 layer=18 kind=gdn phase=gdn_gated gpu_ms=0.15
[prefill-layer-phase] chunk=0 start=0 layer=18 kind=gdn phase=gdn_back gpu_ms=5.05
[prefill-layer-phase] chunk=0 start=0 layer=18 kind=gdn phase=mixer_resid gpu_ms=0.09
[prefill-layer-phase] chunk=0 start=0 layer=18 kind=gdn phase=ffn_norm gpu_ms=0.05
[prefill-layer-phase] chunk=0 start=0 layer=18 kind=gdn phase=ffn_gate gpu_ms=13.81
[prefill-layer-phase] chunk=0 start=0 layer=18 kind=gdn phase=ffn_up gpu_ms=13.80
[prefill-layer-phase] chunk=0 start=0 layer=18 kind=gdn phase=ffn_swiglu gpu_ms=0.41
[prefill-layer-phase] chunk=0 start=0 layer=18 kind=gdn phase=ffn_down gpu_ms=13.94
[prefill-layer-phase] chunk=0 start=0 layer=18 kind=gdn phase=ffn_resid gpu_ms=0.09
[prefill-layer-phase] chunk=0 start=0 layer=19 kind=attn phase=pre_norm gpu_ms=0.05
[prefill-attn-phase] chunk=0 start=0 layer=19 phase=proj gpu_ms=11.63
[prefill-attn-phase] chunk=0 start=0 layer=19 phase=norm gpu_ms=0.44
[prefill-attn-phase] chunk=0 start=0 layer=19 phase=rope_scatter gpu_ms=0.09
[prefill-attn-matrix-g6-shape] layer=19 chunk_start=0 chunk_p=1024 query_rows=1024 query_tiles=1 n_pos=1024 score_tile_scratch_mib=51.00 vt_stride=1024 vt_layer_mib=2.00 vt_update_base=0 vt_update_rows=1024 vt_update_mib=2.00
[prefill-attn-phase] chunk=0 start=0 layer=19 phase=body_matrix_kq gpu_ms=0.53
[prefill-attn-phase] chunk=0 start=0 layer=19 phase=body_matrix_kqv gpu_ms=0.51
[prefill-layer-phase] chunk=0 start=0 layer=19 kind=attn phase=attn_back gpu_ms=5.01
[prefill-layer-phase] chunk=0 start=0 layer=19 kind=attn phase=mixer_resid gpu_ms=0.09
[prefill-layer-phase] chunk=0 start=0 layer=19 kind=attn phase=ffn_norm gpu_ms=0.05
[prefill-layer-phase] chunk=0 start=0 layer=19 kind=attn phase=ffn_gate gpu_ms=13.81
[prefill-layer-phase] chunk=0 start=0 layer=19 kind=attn phase=ffn_up gpu_ms=13.81
[prefill-layer-phase] chunk=0 start=0 layer=19 kind=attn phase=ffn_swiglu gpu_ms=0.41
[prefill-layer-phase] chunk=0 start=0 layer=19 kind=attn phase=ffn_down gpu_ms=14.02
[prefill-layer-phase] chunk=0 start=0 layer=19 kind=attn phase=ffn_resid gpu_ms=0.09
[prefill-layer-phase] chunk=0 start=0 layer=20 kind=gdn phase=pre_norm gpu_ms=0.05
[prefill-layer-phase] chunk=0 start=0 layer=20 kind=gdn phase=gdn_qkv gpu_ms=8.12
[prefill-layer-phase] chunk=0 start=0 layer=20 kind=gdn phase=gdn_z gpu_ms=4.95
[prefill-layer-phase] chunk=0 start=0 layer=20 kind=gdn phase=gdn_beta_alpha gpu_ms=0.46
[prefill-layer-phase] chunk=0 start=0 layer=20 kind=gdn phase=gdn_alpha_beta gpu_ms=0.01
[prefill-layer-phase] chunk=0 start=0 layer=20 kind=gdn phase=gdn_prep_conv gpu_ms=0.43
[prefill-layer-phase] chunk=0 start=0 layer=20 kind=gdn phase=gdn_prep_l2 gpu_ms=0.04
[prefill-layer-phase] chunk=0 start=0 layer=20 kind=gdn phase=gdn_step gpu_ms=2.34
[prefill-layer-phase] chunk=0 start=0 layer=20 kind=gdn phase=gdn_gated gpu_ms=0.16
[prefill-layer-phase] chunk=0 start=0 layer=20 kind=gdn phase=gdn_back gpu_ms=5.05
[prefill-layer-phase] chunk=0 start=0 layer=20 kind=gdn phase=mixer_resid gpu_ms=0.09
[prefill-layer-phase] chunk=0 start=0 layer=20 kind=gdn phase=ffn_norm gpu_ms=0.05
[prefill-layer-phase] chunk=0 start=0 layer=20 kind=gdn phase=ffn_gate gpu_ms=13.81
[prefill-layer-phase] chunk=0 start=0 layer=20 kind=gdn phase=ffn_up gpu_ms=13.81
[prefill-layer-phase] chunk=0 start=0 layer=20 kind=gdn phase=ffn_swiglu gpu_ms=0.41
[prefill-layer-phase] chunk=0 start=0 layer=20 kind=gdn phase=ffn_down gpu_ms=13.95
[prefill-layer-phase] chunk=0 start=0 layer=20 kind=gdn phase=ffn_resid gpu_ms=0.09
[prefill-layer-phase] chunk=0 start=0 layer=21 kind=gdn phase=pre_norm gpu_ms=0.05
[prefill-layer-phase] chunk=0 start=0 layer=21 kind=gdn phase=gdn_qkv gpu_ms=8.12
[prefill-layer-phase] chunk=0 start=0 layer=21 kind=gdn phase=gdn_z gpu_ms=4.95
[prefill-layer-phase] chunk=0 start=0 layer=21 kind=gdn phase=gdn_beta_alpha gpu_ms=0.46
[prefill-layer-phase] chunk=0 start=0 layer=21 kind=gdn phase=gdn_alpha_beta gpu_ms=0.01
[prefill-layer-phase] chunk=0 start=0 layer=21 kind=gdn phase=gdn_prep_conv gpu_ms=0.44
[prefill-layer-phase] chunk=0 start=0 layer=21 kind=gdn phase=gdn_prep_l2 gpu_ms=0.04
[prefill-layer-phase] chunk=0 start=0 layer=21 kind=gdn phase=gdn_step gpu_ms=2.36
[prefill-layer-phase] chunk=0 start=0 layer=21 kind=gdn phase=gdn_gated gpu_ms=0.15
[prefill-layer-phase] chunk=0 start=0 layer=21 kind=gdn phase=gdn_back gpu_ms=5.05
[prefill-layer-phase] chunk=0 start=0 layer=21 kind=gdn phase=mixer_resid gpu_ms=0.09
[prefill-layer-phase] chunk=0 start=0 layer=21 kind=gdn phase=ffn_norm gpu_ms=0.05
[prefill-layer-phase] chunk=0 start=0 layer=21 kind=gdn phase=ffn_gate gpu_ms=13.81
[prefill-layer-phase] chunk=0 start=0 layer=21 kind=gdn phase=ffn_up gpu_ms=13.81
[prefill-layer-phase] chunk=0 start=0 layer=21 kind=gdn phase=ffn_swiglu gpu_ms=0.41
[prefill-layer-phase] chunk=0 start=0 layer=21 kind=gdn phase=ffn_down gpu_ms=13.94
[prefill-layer-phase] chunk=0 start=0 layer=21 kind=gdn phase=ffn_resid gpu_ms=0.09
[prefill-layer-phase] chunk=0 start=0 layer=22 kind=gdn phase=pre_norm gpu_ms=0.05
[prefill-layer-phase] chunk=0 start=0 layer=22 kind=gdn phase=gdn_qkv gpu_ms=8.17
[prefill-layer-phase] chunk=0 start=0 layer=22 kind=gdn phase=gdn_z gpu_ms=4.96
[prefill-layer-phase] chunk=0 start=0 layer=22 kind=gdn phase=gdn_beta_alpha gpu_ms=0.47
[prefill-layer-phase] chunk=0 start=0 layer=22 kind=gdn phase=gdn_alpha_beta gpu_ms=0.01
[prefill-layer-phase] chunk=0 start=0 layer=22 kind=gdn phase=gdn_prep_conv gpu_ms=0.43
[prefill-layer-phase] chunk=0 start=0 layer=22 kind=gdn phase=gdn_prep_l2 gpu_ms=0.04
[prefill-layer-phase] chunk=0 start=0 layer=22 kind=gdn phase=gdn_step gpu_ms=2.32
[prefill-layer-phase] chunk=0 start=0 layer=22 kind=gdn phase=gdn_gated gpu_ms=0.16
[prefill-layer-phase] chunk=0 start=0 layer=22 kind=gdn phase=gdn_back gpu_ms=5.06
[prefill-layer-phase] chunk=0 start=0 layer=22 kind=gdn phase=mixer_resid gpu_ms=0.09
[prefill-layer-phase] chunk=0 start=0 layer=22 kind=gdn phase=ffn_norm gpu_ms=0.05
[prefill-layer-phase] chunk=0 start=0 layer=22 kind=gdn phase=ffn_gate gpu_ms=13.81
[prefill-layer-phase] chunk=0 start=0 layer=22 kind=gdn phase=ffn_up gpu_ms=13.81
[prefill-layer-phase] chunk=0 start=0 layer=22 kind=gdn phase=ffn_swiglu gpu_ms=0.41
[prefill-layer-phase] chunk=0 start=0 layer=22 kind=gdn phase=ffn_down gpu_ms=14.00
[prefill-layer-phase] chunk=0 start=0 layer=22 kind=gdn phase=ffn_resid gpu_ms=0.09
[prefill-layer-phase] chunk=0 start=0 layer=23 kind=attn phase=pre_norm gpu_ms=0.05
[prefill-attn-phase] chunk=0 start=0 layer=23 phase=proj gpu_ms=11.62
[prefill-attn-phase] chunk=0 start=0 layer=23 phase=norm gpu_ms=0.45
[prefill-attn-phase] chunk=0 start=0 layer=23 phase=rope_scatter gpu_ms=0.09
[prefill-attn-matrix-g6-shape] layer=23 chunk_start=0 chunk_p=1024 query_rows=1024 query_tiles=1 n_pos=1024 score_tile_scratch_mib=51.00 vt_stride=1024 vt_layer_mib=2.00 vt_update_base=0 vt_update_rows=1024 vt_update_mib=2.00
[prefill-attn-phase] chunk=0 start=0 layer=23 phase=body_matrix_kq gpu_ms=0.52
[prefill-attn-phase] chunk=0 start=0 layer=23 phase=body_matrix_kqv gpu_ms=0.51
[prefill-layer-phase] chunk=0 start=0 layer=23 kind=attn phase=attn_back gpu_ms=5.01
[prefill-layer-phase] chunk=0 start=0 layer=23 kind=attn phase=mixer_resid gpu_ms=0.09
[prefill-layer-phase] chunk=0 start=0 layer=23 kind=attn phase=ffn_norm gpu_ms=0.05
[prefill-layer-phase] chunk=0 start=0 layer=23 kind=attn phase=ffn_gate gpu_ms=13.81
[prefill-layer-phase] chunk=0 start=0 layer=23 kind=attn phase=ffn_up gpu_ms=13.81
[prefill-layer-phase] chunk=0 start=0 layer=23 kind=attn phase=ffn_swiglu gpu_ms=0.41
[prefill-layer-phase] chunk=0 start=0 layer=23 kind=attn phase=ffn_down gpu_ms=13.94
[prefill-layer-phase] chunk=0 start=0 layer=23 kind=attn phase=ffn_resid gpu_ms=0.09
[prefill-layer-phase] chunk=0 start=0 layer=24 kind=gdn phase=pre_norm gpu_ms=0.05
[prefill-layer-phase] chunk=0 start=0 layer=24 kind=gdn phase=gdn_qkv gpu_ms=8.12
[prefill-layer-phase] chunk=0 start=0 layer=24 kind=gdn phase=gdn_z gpu_ms=4.96
[prefill-layer-phase] chunk=0 start=0 layer=24 kind=gdn phase=gdn_beta_alpha gpu_ms=0.46
[prefill-layer-phase] chunk=0 start=0 layer=24 kind=gdn phase=gdn_alpha_beta gpu_ms=0.01
[prefill-layer-phase] chunk=0 start=0 layer=24 kind=gdn phase=gdn_prep_conv gpu_ms=0.43
[prefill-layer-phase] chunk=0 start=0 layer=24 kind=gdn phase=gdn_prep_l2 gpu_ms=0.04
[prefill-layer-phase] chunk=0 start=0 layer=24 kind=gdn phase=gdn_step gpu_ms=2.28
[prefill-layer-phase] chunk=0 start=0 layer=24 kind=gdn phase=gdn_gated gpu_ms=0.16
[prefill-layer-phase] chunk=0 start=0 layer=24 kind=gdn phase=gdn_back gpu_ms=5.05
[prefill-layer-phase] chunk=0 start=0 layer=24 kind=gdn phase=mixer_resid gpu_ms=0.09
[prefill-layer-phase] chunk=0 start=0 layer=24 kind=gdn phase=ffn_norm gpu_ms=0.05
[prefill-layer-phase] chunk=0 start=0 layer=24 kind=gdn phase=ffn_gate gpu_ms=13.81
[prefill-layer-phase] chunk=0 start=0 layer=24 kind=gdn phase=ffn_up gpu_ms=13.81
[prefill-layer-phase] chunk=0 start=0 layer=24 kind=gdn phase=ffn_swiglu gpu_ms=0.41
[prefill-layer-phase] chunk=0 start=0 layer=24 kind=gdn phase=ffn_down gpu_ms=13.94
[prefill-layer-phase] chunk=0 start=0 layer=24 kind=gdn phase=ffn_resid gpu_ms=0.09
[prefill-layer-phase] chunk=0 start=0 layer=25 kind=gdn phase=pre_norm gpu_ms=0.05
[prefill-layer-phase] chunk=0 start=0 layer=25 kind=gdn phase=gdn_qkv gpu_ms=8.16
[prefill-layer-phase] chunk=0 start=0 layer=25 kind=gdn phase=gdn_z gpu_ms=4.95
[prefill-layer-phase] chunk=0 start=0 layer=25 kind=gdn phase=gdn_beta_alpha gpu_ms=0.46
[prefill-layer-phase] chunk=0 start=0 layer=25 kind=gdn phase=gdn_alpha_beta gpu_ms=0.01
[prefill-layer-phase] chunk=0 start=0 layer=25 kind=gdn phase=gdn_prep_conv gpu_ms=0.43
[prefill-layer-phase] chunk=0 start=0 layer=25 kind=gdn phase=gdn_prep_l2 gpu_ms=0.04
[prefill-layer-phase] chunk=0 start=0 layer=25 kind=gdn phase=gdn_step gpu_ms=2.36
[prefill-layer-phase] chunk=0 start=0 layer=25 kind=gdn phase=gdn_gated gpu_ms=0.16
[prefill-layer-phase] chunk=0 start=0 layer=25 kind=gdn phase=gdn_back gpu_ms=5.05
[prefill-layer-phase] chunk=0 start=0 layer=25 kind=gdn phase=mixer_resid gpu_ms=0.09
[prefill-layer-phase] chunk=0 start=0 layer=25 kind=gdn phase=ffn_norm gpu_ms=0.05
[prefill-layer-phase] chunk=0 start=0 layer=25 kind=gdn phase=ffn_gate gpu_ms=13.81
[prefill-layer-phase] chunk=0 start=0 layer=25 kind=gdn phase=ffn_up gpu_ms=13.81
[prefill-layer-phase] chunk=0 start=0 layer=25 kind=gdn phase=ffn_swiglu gpu_ms=0.41
[prefill-layer-phase] chunk=0 start=0 layer=25 kind=gdn phase=ffn_down gpu_ms=14.01
[prefill-layer-phase] chunk=0 start=0 layer=25 kind=gdn phase=ffn_resid gpu_ms=0.09
[prefill-layer-phase] chunk=0 start=0 layer=26 kind=gdn phase=pre_norm gpu_ms=0.05
[prefill-layer-phase] chunk=0 start=0 layer=26 kind=gdn phase=gdn_qkv gpu_ms=8.13
[prefill-layer-phase] chunk=0 start=0 layer=26 kind=gdn phase=gdn_z gpu_ms=4.95
[prefill-layer-phase] chunk=0 start=0 layer=26 kind=gdn phase=gdn_beta_alpha gpu_ms=0.46
[prefill-layer-phase] chunk=0 start=0 layer=26 kind=gdn phase=gdn_alpha_beta gpu_ms=0.01
[prefill-layer-phase] chunk=0 start=0 layer=26 kind=gdn phase=gdn_prep_conv gpu_ms=0.43
[prefill-layer-phase] chunk=0 start=0 layer=26 kind=gdn phase=gdn_prep_l2 gpu_ms=0.04
[prefill-layer-phase] chunk=0 start=0 layer=26 kind=gdn phase=gdn_step gpu_ms=2.33
[prefill-layer-phase] chunk=0 start=0 layer=26 kind=gdn phase=gdn_gated gpu_ms=0.16
[prefill-layer-phase] chunk=0 start=0 layer=26 kind=gdn phase=gdn_back gpu_ms=5.05
[prefill-layer-phase] chunk=0 start=0 layer=26 kind=gdn phase=mixer_resid gpu_ms=0.09
[prefill-layer-phase] chunk=0 start=0 layer=26 kind=gdn phase=ffn_norm gpu_ms=0.05
[prefill-layer-phase] chunk=0 start=0 layer=26 kind=gdn phase=ffn_gate gpu_ms=13.81
[prefill-layer-phase] chunk=0 start=0 layer=26 kind=gdn phase=ffn_up gpu_ms=13.81
[prefill-layer-phase] chunk=0 start=0 layer=26 kind=gdn phase=ffn_swiglu gpu_ms=0.41
[prefill-layer-phase] chunk=0 start=0 layer=26 kind=gdn phase=ffn_down gpu_ms=13.93
[prefill-layer-phase] chunk=0 start=0 layer=26 kind=gdn phase=ffn_resid gpu_ms=0.09
[prefill-layer-phase] chunk=0 start=0 layer=27 kind=attn phase=pre_norm gpu_ms=0.06
[prefill-attn-phase] chunk=0 start=0 layer=27 phase=proj gpu_ms=11.62
[prefill-attn-phase] chunk=0 start=0 layer=27 phase=norm gpu_ms=0.45
[prefill-attn-phase] chunk=0 start=0 layer=27 phase=rope_scatter gpu_ms=0.09
[prefill-attn-matrix-g6-shape] layer=27 chunk_start=0 chunk_p=1024 query_rows=1024 query_tiles=1 n_pos=1024 score_tile_scratch_mib=51.00 vt_stride=1024 vt_layer_mib=2.00 vt_update_base=0 vt_update_rows=1024 vt_update_mib=2.00
[prefill-attn-phase] chunk=0 start=0 layer=27 phase=body_matrix_kq gpu_ms=0.52
[prefill-attn-phase] chunk=0 start=0 layer=27 phase=body_matrix_kqv gpu_ms=0.51
[prefill-layer-phase] chunk=0 start=0 layer=27 kind=attn phase=attn_back gpu_ms=5.01
[prefill-layer-phase] chunk=0 start=0 layer=27 kind=attn phase=mixer_resid gpu_ms=0.09
[prefill-layer-phase] chunk=0 start=0 layer=27 kind=attn phase=ffn_norm gpu_ms=0.05
[prefill-layer-phase] chunk=0 start=0 layer=27 kind=attn phase=ffn_gate gpu_ms=13.81
[prefill-layer-phase] chunk=0 start=0 layer=27 kind=attn phase=ffn_up gpu_ms=13.81
[prefill-layer-phase] chunk=0 start=0 layer=27 kind=attn phase=ffn_swiglu gpu_ms=0.41
[prefill-layer-phase] chunk=0 start=0 layer=27 kind=attn phase=ffn_down gpu_ms=13.95
[prefill-layer-phase] chunk=0 start=0 layer=27 kind=attn phase=ffn_resid gpu_ms=0.09
[prefill-layer-phase] chunk=0 start=0 layer=28 kind=gdn phase=pre_norm gpu_ms=0.05
[prefill-layer-phase] chunk=0 start=0 layer=28 kind=gdn phase=gdn_qkv gpu_ms=8.16
[prefill-layer-phase] chunk=0 start=0 layer=28 kind=gdn phase=gdn_z gpu_ms=4.95
[prefill-layer-phase] chunk=0 start=0 layer=28 kind=gdn phase=gdn_beta_alpha gpu_ms=0.46
[prefill-layer-phase] chunk=0 start=0 layer=28 kind=gdn phase=gdn_alpha_beta gpu_ms=0.01
[prefill-layer-phase] chunk=0 start=0 layer=28 kind=gdn phase=gdn_prep_conv gpu_ms=0.44
[prefill-layer-phase] chunk=0 start=0 layer=28 kind=gdn phase=gdn_prep_l2 gpu_ms=0.04
[prefill-layer-phase] chunk=0 start=0 layer=28 kind=gdn phase=gdn_step gpu_ms=2.38
[prefill-layer-phase] chunk=0 start=0 layer=28 kind=gdn phase=gdn_gated gpu_ms=0.16
[prefill-layer-phase] chunk=0 start=0 layer=28 kind=gdn phase=gdn_back gpu_ms=5.06
[prefill-layer-phase] chunk=0 start=0 layer=28 kind=gdn phase=mixer_resid gpu_ms=0.09
[prefill-layer-phase] chunk=0 start=0 layer=28 kind=gdn phase=ffn_norm gpu_ms=0.05
[prefill-layer-phase] chunk=0 start=0 layer=28 kind=gdn phase=ffn_gate gpu_ms=13.81
[prefill-layer-phase] chunk=0 start=0 layer=28 kind=gdn phase=ffn_up gpu_ms=13.81
[prefill-layer-phase] chunk=0 start=0 layer=28 kind=gdn phase=ffn_swiglu gpu_ms=0.41
[prefill-layer-phase] chunk=0 start=0 layer=28 kind=gdn phase=ffn_down gpu_ms=14.00
[prefill-layer-phase] chunk=0 start=0 layer=28 kind=gdn phase=ffn_resid gpu_ms=0.09
[prefill-layer-phase] chunk=0 start=0 layer=29 kind=gdn phase=pre_norm gpu_ms=0.05
[prefill-layer-phase] chunk=0 start=0 layer=29 kind=gdn phase=gdn_qkv gpu_ms=8.12
[prefill-layer-phase] chunk=0 start=0 layer=29 kind=gdn phase=gdn_z gpu_ms=4.95
[prefill-layer-phase] chunk=0 start=0 layer=29 kind=gdn phase=gdn_beta_alpha gpu_ms=0.46
[prefill-layer-phase] chunk=0 start=0 layer=29 kind=gdn phase=gdn_alpha_beta gpu_ms=0.01
[prefill-layer-phase] chunk=0 start=0 layer=29 kind=gdn phase=gdn_prep_conv gpu_ms=0.43
[prefill-layer-phase] chunk=0 start=0 layer=29 kind=gdn phase=gdn_prep_l2 gpu_ms=0.04
[prefill-layer-phase] chunk=0 start=0 layer=29 kind=gdn phase=gdn_step gpu_ms=2.38
[prefill-layer-phase] chunk=0 start=0 layer=29 kind=gdn phase=gdn_gated gpu_ms=0.16
[prefill-layer-phase] chunk=0 start=0 layer=29 kind=gdn phase=gdn_back gpu_ms=5.05
[prefill-layer-phase] chunk=0 start=0 layer=29 kind=gdn phase=mixer_resid gpu_ms=0.09
[prefill-layer-phase] chunk=0 start=0 layer=29 kind=gdn phase=ffn_norm gpu_ms=0.05
[prefill-layer-phase] chunk=0 start=0 layer=29 kind=gdn phase=ffn_gate gpu_ms=13.81
[prefill-layer-phase] chunk=0 start=0 layer=29 kind=gdn phase=ffn_up gpu_ms=13.81
[prefill-layer-phase] chunk=0 start=0 layer=29 kind=gdn phase=ffn_swiglu gpu_ms=0.42
[prefill-layer-phase] chunk=0 start=0 layer=29 kind=gdn phase=ffn_down gpu_ms=13.94
[prefill-layer-phase] chunk=0 start=0 layer=29 kind=gdn phase=ffn_resid gpu_ms=0.09
[prefill-layer-phase] chunk=0 start=0 layer=30 kind=gdn phase=pre_norm gpu_ms=0.05
[prefill-layer-phase] chunk=0 start=0 layer=30 kind=gdn phase=gdn_qkv gpu_ms=8.12
[prefill-layer-phase] chunk=0 start=0 layer=30 kind=gdn phase=gdn_z gpu_ms=4.95
[prefill-layer-phase] chunk=0 start=0 layer=30 kind=gdn phase=gdn_beta_alpha gpu_ms=0.46
[prefill-layer-phase] chunk=0 start=0 layer=30 kind=gdn phase=gdn_alpha_beta gpu_ms=0.01
[prefill-layer-phase] chunk=0 start=0 layer=30 kind=gdn phase=gdn_prep_conv gpu_ms=0.44
[prefill-layer-phase] chunk=0 start=0 layer=30 kind=gdn phase=gdn_prep_l2 gpu_ms=0.04
[prefill-layer-phase] chunk=0 start=0 layer=30 kind=gdn phase=gdn_step gpu_ms=2.32
[prefill-layer-phase] chunk=0 start=0 layer=30 kind=gdn phase=gdn_gated gpu_ms=0.16
[prefill-layer-phase] chunk=0 start=0 layer=30 kind=gdn phase=gdn_back gpu_ms=5.05
[prefill-layer-phase] chunk=0 start=0 layer=30 kind=gdn phase=mixer_resid gpu_ms=0.09
[prefill-layer-phase] chunk=0 start=0 layer=30 kind=gdn phase=ffn_norm gpu_ms=0.05
[prefill-layer-phase] chunk=0 start=0 layer=30 kind=gdn phase=ffn_gate gpu_ms=13.81
[prefill-layer-phase] chunk=0 start=0 layer=30 kind=gdn phase=ffn_up gpu_ms=13.81
[prefill-layer-phase] chunk=0 start=0 layer=30 kind=gdn phase=ffn_swiglu gpu_ms=0.41
[prefill-layer-phase] chunk=0 start=0 layer=30 kind=gdn phase=ffn_down gpu_ms=13.98
[prefill-layer-phase] chunk=0 start=0 layer=30 kind=gdn phase=ffn_resid gpu_ms=0.09
[prefill-layer-phase] chunk=0 start=0 layer=31 kind=attn phase=pre_norm gpu_ms=0.05
[prefill-attn-phase] chunk=0 start=0 layer=31 phase=proj gpu_ms=11.65
[prefill-attn-phase] chunk=0 start=0 layer=31 phase=norm gpu_ms=0.44
[prefill-attn-phase] chunk=0 start=0 layer=31 phase=rope_scatter gpu_ms=0.09
[prefill-attn-matrix-g6-shape] layer=31 chunk_start=0 chunk_p=1024 query_rows=1024 query_tiles=1 n_pos=1024 score_tile_scratch_mib=51.00 vt_stride=1024 vt_layer_mib=2.00 vt_update_base=0 vt_update_rows=1024 vt_update_mib=2.00
[prefill-attn-phase] chunk=0 start=0 layer=31 phase=body_matrix_kq gpu_ms=0.53
[prefill-attn-phase] chunk=0 start=0 layer=31 phase=body_matrix_kqv gpu_ms=0.51
[prefill-layer-phase] chunk=0 start=0 layer=31 kind=attn phase=attn_back gpu_ms=5.01
[prefill-layer-phase] chunk=0 start=0 layer=31 kind=attn phase=mixer_resid gpu_ms=0.09
[prefill-layer-phase] chunk=0 start=0 layer=31 kind=attn phase=ffn_norm gpu_ms=0.05
[prefill-layer-phase] chunk=0 start=0 layer=31 kind=attn phase=ffn_gate gpu_ms=13.83
[prefill-layer-phase] chunk=0 start=0 layer=31 kind=attn phase=ffn_up gpu_ms=13.85
[prefill-layer-phase] chunk=0 start=0 layer=31 kind=attn phase=ffn_swiglu gpu_ms=0.41
[prefill-layer-phase] chunk=0 start=0 layer=31 kind=attn phase=ffn_down gpu_ms=14.05
[prefill-layer-phase] chunk=0 start=0 layer=31 kind=attn phase=ffn_resid gpu_ms=0.09
[prefill-layer-phase] chunk=0 start=0 layer=32 kind=gdn phase=pre_norm gpu_ms=0.05
[prefill-layer-phase] chunk=0 start=0 layer=32 kind=gdn phase=gdn_qkv gpu_ms=8.15
[prefill-layer-phase] chunk=0 start=0 layer=32 kind=gdn phase=gdn_z gpu_ms=4.97
[prefill-layer-phase] chunk=0 start=0 layer=32 kind=gdn phase=gdn_beta_alpha gpu_ms=0.46
[prefill-layer-phase] chunk=0 start=0 layer=32 kind=gdn phase=gdn_alpha_beta gpu_ms=0.01
[prefill-layer-phase] chunk=0 start=0 layer=32 kind=gdn phase=gdn_prep_conv gpu_ms=0.44
[prefill-layer-phase] chunk=0 start=0 layer=32 kind=gdn phase=gdn_prep_l2 gpu_ms=0.04
[prefill-layer-phase] chunk=0 start=0 layer=32 kind=gdn phase=gdn_step gpu_ms=2.32
[prefill-layer-phase] chunk=0 start=0 layer=32 kind=gdn phase=gdn_gated gpu_ms=0.16
[prefill-layer-phase] chunk=0 start=0 layer=32 kind=gdn phase=gdn_back gpu_ms=5.06
[prefill-layer-phase] chunk=0 start=0 layer=32 kind=gdn phase=mixer_resid gpu_ms=0.09
[prefill-layer-phase] chunk=0 start=0 layer=32 kind=gdn phase=ffn_norm gpu_ms=0.05
[prefill-layer-phase] chunk=0 start=0 layer=32 kind=gdn phase=ffn_gate gpu_ms=13.86
[prefill-layer-phase] chunk=0 start=0 layer=32 kind=gdn phase=ffn_up gpu_ms=13.86
[prefill-layer-phase] chunk=0 start=0 layer=32 kind=gdn phase=ffn_swiglu gpu_ms=0.41
[prefill-layer-phase] chunk=0 start=0 layer=32 kind=gdn phase=ffn_down gpu_ms=14.06
[prefill-layer-phase] chunk=0 start=0 layer=32 kind=gdn phase=ffn_resid gpu_ms=0.10
[prefill-layer-phase] chunk=0 start=0 layer=33 kind=gdn phase=pre_norm gpu_ms=0.05
[prefill-layer-phase] chunk=0 start=0 layer=33 kind=gdn phase=gdn_qkv gpu_ms=8.17
[prefill-layer-phase] chunk=0 start=0 layer=33 kind=gdn phase=gdn_z gpu_ms=4.96
[prefill-layer-phase] chunk=0 start=0 layer=33 kind=gdn phase=gdn_beta_alpha gpu_ms=0.46
[prefill-layer-phase] chunk=0 start=0 layer=33 kind=gdn phase=gdn_alpha_beta gpu_ms=0.01
[prefill-layer-phase] chunk=0 start=0 layer=33 kind=gdn phase=gdn_prep_conv gpu_ms=0.44
[prefill-layer-phase] chunk=0 start=0 layer=33 kind=gdn phase=gdn_prep_l2 gpu_ms=0.04
[prefill-layer-phase] chunk=0 start=0 layer=33 kind=gdn phase=gdn_step gpu_ms=2.29
[prefill-layer-phase] chunk=0 start=0 layer=33 kind=gdn phase=gdn_gated gpu_ms=0.16
[prefill-layer-phase] chunk=0 start=0 layer=33 kind=gdn phase=gdn_back gpu_ms=5.06
[prefill-layer-phase] chunk=0 start=0 layer=33 kind=gdn phase=mixer_resid gpu_ms=0.09
[prefill-layer-phase] chunk=0 start=0 layer=33 kind=gdn phase=ffn_norm gpu_ms=0.05
[prefill-layer-phase] chunk=0 start=0 layer=33 kind=gdn phase=ffn_gate gpu_ms=13.85
[prefill-layer-phase] chunk=0 start=0 layer=33 kind=gdn phase=ffn_up gpu_ms=13.91
[prefill-layer-phase] chunk=0 start=0 layer=33 kind=gdn phase=ffn_swiglu gpu_ms=0.41
[prefill-layer-phase] chunk=0 start=0 layer=33 kind=gdn phase=ffn_down gpu_ms=14.04
[prefill-layer-phase] chunk=0 start=0 layer=33 kind=gdn phase=ffn_resid gpu_ms=0.09
[prefill-layer-phase] chunk=0 start=0 layer=34 kind=gdn phase=pre_norm gpu_ms=0.05
[prefill-layer-phase] chunk=0 start=0 layer=34 kind=gdn phase=gdn_qkv gpu_ms=8.21
[prefill-layer-phase] chunk=0 start=0 layer=34 kind=gdn phase=gdn_z gpu_ms=4.98
[prefill-layer-phase] chunk=0 start=0 layer=34 kind=gdn phase=gdn_beta_alpha gpu_ms=0.46
[prefill-layer-phase] chunk=0 start=0 layer=34 kind=gdn phase=gdn_alpha_beta gpu_ms=0.01
[prefill-layer-phase] chunk=0 start=0 layer=34 kind=gdn phase=gdn_prep_conv gpu_ms=0.44
[prefill-layer-phase] chunk=0 start=0 layer=34 kind=gdn phase=gdn_prep_l2 gpu_ms=0.04
[prefill-layer-phase] chunk=0 start=0 layer=34 kind=gdn phase=gdn_step gpu_ms=2.28
[prefill-layer-phase] chunk=0 start=0 layer=34 kind=gdn phase=gdn_gated gpu_ms=0.16
[prefill-layer-phase] chunk=0 start=0 layer=34 kind=gdn phase=gdn_back gpu_ms=5.10
[prefill-layer-phase] chunk=0 start=0 layer=34 kind=gdn phase=mixer_resid gpu_ms=0.09
[prefill-layer-phase] chunk=0 start=0 layer=34 kind=gdn phase=ffn_norm gpu_ms=0.05
[prefill-layer-phase] chunk=0 start=0 layer=34 kind=gdn phase=ffn_gate gpu_ms=13.86
[prefill-layer-phase] chunk=0 start=0 layer=34 kind=gdn phase=ffn_up gpu_ms=13.88
[prefill-layer-phase] chunk=0 start=0 layer=34 kind=gdn phase=ffn_swiglu gpu_ms=0.41
[prefill-layer-phase] chunk=0 start=0 layer=34 kind=gdn phase=ffn_down gpu_ms=14.10
[prefill-layer-phase] chunk=0 start=0 layer=34 kind=gdn phase=ffn_resid gpu_ms=0.09
[prefill-layer-phase] chunk=0 start=0 layer=35 kind=attn phase=pre_norm gpu_ms=0.05
[prefill-attn-phase] chunk=0 start=0 layer=35 phase=proj gpu_ms=11.70
[prefill-attn-phase] chunk=0 start=0 layer=35 phase=norm gpu_ms=0.45
[prefill-attn-phase] chunk=0 start=0 layer=35 phase=rope_scatter gpu_ms=0.09
[prefill-attn-matrix-g6-shape] layer=35 chunk_start=0 chunk_p=1024 query_rows=1024 query_tiles=1 n_pos=1024 score_tile_scratch_mib=51.00 vt_stride=1024 vt_layer_mib=2.00 vt_update_base=0 vt_update_rows=1024 vt_update_mib=2.00
[prefill-attn-phase] chunk=0 start=0 layer=35 phase=body_matrix_kq gpu_ms=0.53
[prefill-attn-phase] chunk=0 start=0 layer=35 phase=body_matrix_kqv gpu_ms=0.51
[prefill-layer-phase] chunk=0 start=0 layer=35 kind=attn phase=attn_back gpu_ms=5.01
[prefill-layer-phase] chunk=0 start=0 layer=35 kind=attn phase=mixer_resid gpu_ms=0.09
[prefill-layer-phase] chunk=0 start=0 layer=35 kind=attn phase=ffn_norm gpu_ms=0.05
[prefill-layer-phase] chunk=0 start=0 layer=35 kind=attn phase=ffn_gate gpu_ms=13.85
[prefill-layer-phase] chunk=0 start=0 layer=35 kind=attn phase=ffn_up gpu_ms=13.93
[prefill-layer-phase] chunk=0 start=0 layer=35 kind=attn phase=ffn_swiglu gpu_ms=0.41
[prefill-layer-phase] chunk=0 start=0 layer=35 kind=attn phase=ffn_down gpu_ms=14.11
[prefill-layer-phase] chunk=0 start=0 layer=35 kind=attn phase=ffn_resid gpu_ms=0.09
[prefill-layer-phase] chunk=0 start=0 layer=36 kind=gdn phase=pre_norm gpu_ms=0.05
[prefill-layer-phase] chunk=0 start=0 layer=36 kind=gdn phase=gdn_qkv gpu_ms=8.20
[prefill-layer-phase] chunk=0 start=0 layer=36 kind=gdn phase=gdn_z gpu_ms=4.98
[prefill-layer-phase] chunk=0 start=0 layer=36 kind=gdn phase=gdn_beta_alpha gpu_ms=0.48
[prefill-layer-phase] chunk=0 start=0 layer=36 kind=gdn phase=gdn_alpha_beta gpu_ms=0.01
[prefill-layer-phase] chunk=0 start=0 layer=36 kind=gdn phase=gdn_prep_conv gpu_ms=0.44
[prefill-layer-phase] chunk=0 start=0 layer=36 kind=gdn phase=gdn_prep_l2 gpu_ms=0.04
[prefill-layer-phase] chunk=0 start=0 layer=36 kind=gdn phase=gdn_step gpu_ms=2.33
[prefill-layer-phase] chunk=0 start=0 layer=36 kind=gdn phase=gdn_gated gpu_ms=0.16
[prefill-layer-phase] chunk=0 start=0 layer=36 kind=gdn phase=gdn_back gpu_ms=5.13
[prefill-layer-phase] chunk=0 start=0 layer=36 kind=gdn phase=mixer_resid gpu_ms=0.09
[prefill-layer-phase] chunk=0 start=0 layer=36 kind=gdn phase=ffn_norm gpu_ms=0.05
[prefill-layer-phase] chunk=0 start=0 layer=36 kind=gdn phase=ffn_gate gpu_ms=13.87
[prefill-layer-phase] chunk=0 start=0 layer=36 kind=gdn phase=ffn_up gpu_ms=13.92
[prefill-layer-phase] chunk=0 start=0 layer=36 kind=gdn phase=ffn_swiglu gpu_ms=0.42
[prefill-layer-phase] chunk=0 start=0 layer=36 kind=gdn phase=ffn_down gpu_ms=14.14
[prefill-layer-phase] chunk=0 start=0 layer=36 kind=gdn phase=ffn_resid gpu_ms=0.09
[prefill-layer-phase] chunk=0 start=0 layer=37 kind=gdn phase=pre_norm gpu_ms=0.05
[prefill-layer-phase] chunk=0 start=0 layer=37 kind=gdn phase=gdn_qkv gpu_ms=8.24
[prefill-layer-phase] chunk=0 start=0 layer=37 kind=gdn phase=gdn_z gpu_ms=5.03
[prefill-layer-phase] chunk=0 start=0 layer=37 kind=gdn phase=gdn_beta_alpha gpu_ms=0.45
[prefill-layer-phase] chunk=0 start=0 layer=37 kind=gdn phase=gdn_alpha_beta gpu_ms=0.01
[prefill-layer-phase] chunk=0 start=0 layer=37 kind=gdn phase=gdn_prep_conv gpu_ms=0.44
[prefill-layer-phase] chunk=0 start=0 layer=37 kind=gdn phase=gdn_prep_l2 gpu_ms=0.04
[prefill-layer-phase] chunk=0 start=0 layer=37 kind=gdn phase=gdn_step gpu_ms=2.39
[prefill-layer-phase] chunk=0 start=0 layer=37 kind=gdn phase=gdn_gated gpu_ms=0.16
[prefill-layer-phase] chunk=0 start=0 layer=37 kind=gdn phase=gdn_back gpu_ms=5.13
[prefill-layer-phase] chunk=0 start=0 layer=37 kind=gdn phase=mixer_resid gpu_ms=0.09
[prefill-layer-phase] chunk=0 start=0 layer=37 kind=gdn phase=ffn_norm gpu_ms=0.05
[prefill-layer-phase] chunk=0 start=0 layer=37 kind=gdn phase=ffn_gate gpu_ms=13.96
[prefill-layer-phase] chunk=0 start=0 layer=37 kind=gdn phase=ffn_up gpu_ms=13.91
[prefill-layer-phase] chunk=0 start=0 layer=37 kind=gdn phase=ffn_swiglu gpu_ms=0.41
[prefill-layer-phase] chunk=0 start=0 layer=37 kind=gdn phase=ffn_down gpu_ms=14.08
[prefill-layer-phase] chunk=0 start=0 layer=37 kind=gdn phase=ffn_resid gpu_ms=0.09
[prefill-layer-phase] chunk=0 start=0 layer=38 kind=gdn phase=pre_norm gpu_ms=0.05
[prefill-layer-phase] chunk=0 start=0 layer=38 kind=gdn phase=gdn_qkv gpu_ms=8.20
[prefill-layer-phase] chunk=0 start=0 layer=38 kind=gdn phase=gdn_z gpu_ms=5.02
[prefill-layer-phase] chunk=0 start=0 layer=38 kind=gdn phase=gdn_beta_alpha gpu_ms=0.46
[prefill-layer-phase] chunk=0 start=0 layer=38 kind=gdn phase=gdn_alpha_beta gpu_ms=0.01
[prefill-layer-phase] chunk=0 start=0 layer=38 kind=gdn phase=gdn_prep_conv gpu_ms=0.44
[prefill-layer-phase] chunk=0 start=0 layer=38 kind=gdn phase=gdn_prep_l2 gpu_ms=0.04
[prefill-layer-phase] chunk=0 start=0 layer=38 kind=gdn phase=gdn_step gpu_ms=2.33
[prefill-layer-phase] chunk=0 start=0 layer=38 kind=gdn phase=gdn_gated gpu_ms=0.16
[prefill-layer-phase] chunk=0 start=0 layer=38 kind=gdn phase=gdn_back gpu_ms=5.05
[prefill-layer-phase] chunk=0 start=0 layer=38 kind=gdn phase=mixer_resid gpu_ms=0.09
[prefill-layer-phase] chunk=0 start=0 layer=38 kind=gdn phase=ffn_norm gpu_ms=0.05
[prefill-layer-phase] chunk=0 start=0 layer=38 kind=gdn phase=ffn_gate gpu_ms=13.96
[prefill-layer-phase] chunk=0 start=0 layer=38 kind=gdn phase=ffn_up gpu_ms=13.96
[prefill-layer-phase] chunk=0 start=0 layer=38 kind=gdn phase=ffn_swiglu gpu_ms=0.42
[prefill-layer-phase] chunk=0 start=0 layer=38 kind=gdn phase=ffn_down gpu_ms=14.12
[prefill-layer-phase] chunk=0 start=0 layer=38 kind=gdn phase=ffn_resid gpu_ms=0.09
[prefill-layer-phase] chunk=0 start=0 layer=39 kind=attn phase=pre_norm gpu_ms=0.06
[prefill-attn-phase] chunk=0 start=0 layer=39 phase=proj gpu_ms=11.70
[prefill-attn-phase] chunk=0 start=0 layer=39 phase=norm gpu_ms=0.44
[prefill-attn-phase] chunk=0 start=0 layer=39 phase=rope_scatter gpu_ms=0.09
[prefill-attn-matrix-g6-shape] layer=39 chunk_start=0 chunk_p=1024 query_rows=1024 query_tiles=1 n_pos=1024 score_tile_scratch_mib=51.00 vt_stride=1024 vt_layer_mib=2.00 vt_update_base=0 vt_update_rows=1024 vt_update_mib=2.00
[prefill-attn-phase] chunk=0 start=0 layer=39 phase=body_matrix_kq gpu_ms=0.52
[prefill-attn-phase] chunk=0 start=0 layer=39 phase=body_matrix_kqv gpu_ms=0.52
[prefill-layer-phase] chunk=0 start=0 layer=39 kind=attn phase=attn_back gpu_ms=5.08
[prefill-layer-phase] chunk=0 start=0 layer=39 kind=attn phase=mixer_resid gpu_ms=0.09
[prefill-layer-phase] chunk=0 start=0 layer=39 kind=attn phase=ffn_norm gpu_ms=0.05
[prefill-layer-phase] chunk=0 start=0 layer=39 kind=attn phase=ffn_gate gpu_ms=13.96
[prefill-layer-phase] chunk=0 start=0 layer=39 kind=attn phase=ffn_up gpu_ms=13.96
[prefill-layer-phase] chunk=0 start=0 layer=39 kind=attn phase=ffn_swiglu gpu_ms=0.41
[prefill-layer-phase] chunk=0 start=0 layer=39 kind=attn phase=ffn_down gpu_ms=14.03
[prefill-layer-phase] chunk=0 start=0 layer=39 kind=attn phase=ffn_resid gpu_ms=0.09
[prefill-layer-phase] chunk=0 start=0 layer=40 kind=gdn phase=pre_norm gpu_ms=0.05
[prefill-layer-phase] chunk=0 start=0 layer=40 kind=gdn phase=gdn_qkv gpu_ms=8.23
[prefill-layer-phase] chunk=0 start=0 layer=40 kind=gdn phase=gdn_z gpu_ms=4.98
[prefill-layer-phase] chunk=0 start=0 layer=40 kind=gdn phase=gdn_beta_alpha gpu_ms=0.46
[prefill-layer-phase] chunk=0 start=0 layer=40 kind=gdn phase=gdn_alpha_beta gpu_ms=0.01
[prefill-layer-phase] chunk=0 start=0 layer=40 kind=gdn phase=gdn_prep_conv gpu_ms=0.44
[prefill-layer-phase] chunk=0 start=0 layer=40 kind=gdn phase=gdn_prep_l2 gpu_ms=0.04
[prefill-layer-phase] chunk=0 start=0 layer=40 kind=gdn phase=gdn_step gpu_ms=2.36
[prefill-layer-phase] chunk=0 start=0 layer=40 kind=gdn phase=gdn_gated gpu_ms=0.16
[prefill-layer-phase] chunk=0 start=0 layer=40 kind=gdn phase=gdn_back gpu_ms=5.06
[prefill-layer-phase] chunk=0 start=0 layer=40 kind=gdn phase=mixer_resid gpu_ms=0.09
[prefill-layer-phase] chunk=0 start=0 layer=40 kind=gdn phase=ffn_norm gpu_ms=0.05
[prefill-layer-phase] chunk=0 start=0 layer=40 kind=gdn phase=ffn_gate gpu_ms=13.96
[prefill-layer-phase] chunk=0 start=0 layer=40 kind=gdn phase=ffn_up gpu_ms=13.96
[prefill-layer-phase] chunk=0 start=0 layer=40 kind=gdn phase=ffn_swiglu gpu_ms=0.41
[prefill-layer-phase] chunk=0 start=0 layer=40 kind=gdn phase=ffn_down gpu_ms=14.18
[prefill-layer-phase] chunk=0 start=0 layer=40 kind=gdn phase=ffn_resid gpu_ms=0.09
[prefill-layer-phase] chunk=0 start=0 layer=41 kind=gdn phase=pre_norm gpu_ms=0.05
[prefill-layer-phase] chunk=0 start=0 layer=41 kind=gdn phase=gdn_qkv gpu_ms=8.20
[prefill-layer-phase] chunk=0 start=0 layer=41 kind=gdn phase=gdn_z gpu_ms=5.03
[prefill-layer-phase] chunk=0 start=0 layer=41 kind=gdn phase=gdn_beta_alpha gpu_ms=0.46
[prefill-layer-phase] chunk=0 start=0 layer=41 kind=gdn phase=gdn_alpha_beta gpu_ms=0.01
[prefill-layer-phase] chunk=0 start=0 layer=41 kind=gdn phase=gdn_prep_conv gpu_ms=0.43
[prefill-layer-phase] chunk=0 start=0 layer=41 kind=gdn phase=gdn_prep_l2 gpu_ms=0.04
[prefill-layer-phase] chunk=0 start=0 layer=41 kind=gdn phase=gdn_step gpu_ms=2.33
[prefill-layer-phase] chunk=0 start=0 layer=41 kind=gdn phase=gdn_gated gpu_ms=0.16
[prefill-layer-phase] chunk=0 start=0 layer=41 kind=gdn phase=gdn_back gpu_ms=5.13
[prefill-layer-phase] chunk=0 start=0 layer=41 kind=gdn phase=mixer_resid gpu_ms=0.09
[prefill-layer-phase] chunk=0 start=0 layer=41 kind=gdn phase=ffn_norm gpu_ms=0.05
[prefill-layer-phase] chunk=0 start=0 layer=41 kind=gdn phase=ffn_gate gpu_ms=13.94
[prefill-layer-phase] chunk=0 start=0 layer=41 kind=gdn phase=ffn_up gpu_ms=13.89
[prefill-layer-phase] chunk=0 start=0 layer=41 kind=gdn phase=ffn_swiglu gpu_ms=0.41
[prefill-layer-phase] chunk=0 start=0 layer=41 kind=gdn phase=ffn_down gpu_ms=14.06
[prefill-layer-phase] chunk=0 start=0 layer=41 kind=gdn phase=ffn_resid gpu_ms=0.09
[prefill-layer-phase] chunk=0 start=0 layer=42 kind=gdn phase=pre_norm gpu_ms=0.05
[prefill-layer-phase] chunk=0 start=0 layer=42 kind=gdn phase=gdn_qkv gpu_ms=8.20
[prefill-layer-phase] chunk=0 start=0 layer=42 kind=gdn phase=gdn_z gpu_ms=5.03
[prefill-layer-phase] chunk=0 start=0 layer=42 kind=gdn phase=gdn_beta_alpha gpu_ms=0.46
[prefill-layer-phase] chunk=0 start=0 layer=42 kind=gdn phase=gdn_alpha_beta gpu_ms=0.01
[prefill-layer-phase] chunk=0 start=0 layer=42 kind=gdn phase=gdn_prep_conv gpu_ms=0.44
[prefill-layer-phase] chunk=0 start=0 layer=42 kind=gdn phase=gdn_prep_l2 gpu_ms=0.04
[prefill-layer-phase] chunk=0 start=0 layer=42 kind=gdn phase=gdn_step gpu_ms=2.39
[prefill-layer-phase] chunk=0 start=0 layer=42 kind=gdn phase=gdn_gated gpu_ms=0.16
[prefill-layer-phase] chunk=0 start=0 layer=42 kind=gdn phase=gdn_back gpu_ms=5.06
[prefill-layer-phase] chunk=0 start=0 layer=42 kind=gdn phase=mixer_resid gpu_ms=0.09
[prefill-layer-phase] chunk=0 start=0 layer=42 kind=gdn phase=ffn_norm gpu_ms=0.05
[prefill-layer-phase] chunk=0 start=0 layer=42 kind=gdn phase=ffn_gate gpu_ms=13.94
[prefill-layer-phase] chunk=0 start=0 layer=42 kind=gdn phase=ffn_up gpu_ms=13.96
[prefill-layer-phase] chunk=0 start=0 layer=42 kind=gdn phase=ffn_swiglu gpu_ms=0.41
[prefill-layer-phase] chunk=0 start=0 layer=42 kind=gdn phase=ffn_down gpu_ms=14.05
[prefill-layer-phase] chunk=0 start=0 layer=42 kind=gdn phase=ffn_resid gpu_ms=0.09
[prefill-layer-phase] chunk=0 start=0 layer=43 kind=attn phase=pre_norm gpu_ms=0.06
[prefill-attn-phase] chunk=0 start=0 layer=43 phase=proj gpu_ms=11.70
[prefill-attn-phase] chunk=0 start=0 layer=43 phase=norm gpu_ms=0.44
[prefill-attn-phase] chunk=0 start=0 layer=43 phase=rope_scatter gpu_ms=0.09
[prefill-attn-matrix-g6-shape] layer=43 chunk_start=0 chunk_p=1024 query_rows=1024 query_tiles=1 n_pos=1024 score_tile_scratch_mib=51.00 vt_stride=1024 vt_layer_mib=2.00 vt_update_base=0 vt_update_rows=1024 vt_update_mib=2.00
[prefill-attn-phase] chunk=0 start=0 layer=43 phase=body_matrix_kq gpu_ms=0.52
[prefill-attn-phase] chunk=0 start=0 layer=43 phase=body_matrix_kqv gpu_ms=0.52
[prefill-layer-phase] chunk=0 start=0 layer=43 kind=attn phase=attn_back gpu_ms=5.09
[prefill-layer-phase] chunk=0 start=0 layer=43 kind=attn phase=mixer_resid gpu_ms=0.09
[prefill-layer-phase] chunk=0 start=0 layer=43 kind=attn phase=ffn_norm gpu_ms=0.05
[prefill-layer-phase] chunk=0 start=0 layer=43 kind=attn phase=ffn_gate gpu_ms=13.96
[prefill-layer-phase] chunk=0 start=0 layer=43 kind=attn phase=ffn_up gpu_ms=13.89
[prefill-layer-phase] chunk=0 start=0 layer=43 kind=attn phase=ffn_swiglu gpu_ms=0.41
[prefill-layer-phase] chunk=0 start=0 layer=43 kind=attn phase=ffn_down gpu_ms=14.10
[prefill-layer-phase] chunk=0 start=0 layer=43 kind=attn phase=ffn_resid gpu_ms=0.09
[prefill-layer-phase] chunk=0 start=0 layer=44 kind=gdn phase=pre_norm gpu_ms=0.05
[prefill-layer-phase] chunk=0 start=0 layer=44 kind=gdn phase=gdn_qkv gpu_ms=8.20
[prefill-layer-phase] chunk=0 start=0 layer=44 kind=gdn phase=gdn_z gpu_ms=5.03
[prefill-layer-phase] chunk=0 start=0 layer=44 kind=gdn phase=gdn_beta_alpha gpu_ms=0.46
[prefill-layer-phase] chunk=0 start=0 layer=44 kind=gdn phase=gdn_alpha_beta gpu_ms=0.01
[prefill-layer-phase] chunk=0 start=0 layer=44 kind=gdn phase=gdn_prep_conv gpu_ms=0.45
[prefill-layer-phase] chunk=0 start=0 layer=44 kind=gdn phase=gdn_prep_l2 gpu_ms=0.04
[prefill-layer-phase] chunk=0 start=0 layer=44 kind=gdn phase=gdn_step gpu_ms=2.38
[prefill-layer-phase] chunk=0 start=0 layer=44 kind=gdn phase=gdn_gated gpu_ms=0.16
[prefill-layer-phase] chunk=0 start=0 layer=44 kind=gdn phase=gdn_back gpu_ms=5.06
[prefill-layer-phase] chunk=0 start=0 layer=44 kind=gdn phase=mixer_resid gpu_ms=0.09
[prefill-layer-phase] chunk=0 start=0 layer=44 kind=gdn phase=ffn_norm gpu_ms=0.05
[prefill-layer-phase] chunk=0 start=0 layer=44 kind=gdn phase=ffn_gate gpu_ms=13.85
[prefill-layer-phase] chunk=0 start=0 layer=44 kind=gdn phase=ffn_up gpu_ms=13.89
[prefill-layer-phase] chunk=0 start=0 layer=44 kind=gdn phase=ffn_swiglu gpu_ms=0.41
[prefill-layer-phase] chunk=0 start=0 layer=44 kind=gdn phase=ffn_down gpu_ms=14.01
[prefill-layer-phase] chunk=0 start=0 layer=44 kind=gdn phase=ffn_resid gpu_ms=0.09
[prefill-layer-phase] chunk=0 start=0 layer=45 kind=gdn phase=pre_norm gpu_ms=0.06
[prefill-layer-phase] chunk=0 start=0 layer=45 kind=gdn phase=gdn_qkv gpu_ms=8.16
[prefill-layer-phase] chunk=0 start=0 layer=45 kind=gdn phase=gdn_z gpu_ms=4.96
[prefill-layer-phase] chunk=0 start=0 layer=45 kind=gdn phase=gdn_beta_alpha gpu_ms=0.46
[prefill-layer-phase] chunk=0 start=0 layer=45 kind=gdn phase=gdn_alpha_beta gpu_ms=0.01
[prefill-layer-phase] chunk=0 start=0 layer=45 kind=gdn phase=gdn_prep_conv gpu_ms=0.44
[prefill-layer-phase] chunk=0 start=0 layer=45 kind=gdn phase=gdn_prep_l2 gpu_ms=0.04
[prefill-layer-phase] chunk=0 start=0 layer=45 kind=gdn phase=gdn_step gpu_ms=2.34
[prefill-layer-phase] chunk=0 start=0 layer=45 kind=gdn phase=gdn_gated gpu_ms=0.16
[prefill-layer-phase] chunk=0 start=0 layer=45 kind=gdn phase=gdn_back gpu_ms=5.05
[prefill-layer-phase] chunk=0 start=0 layer=45 kind=gdn phase=mixer_resid gpu_ms=0.09
[prefill-layer-phase] chunk=0 start=0 layer=45 kind=gdn phase=ffn_norm gpu_ms=0.05
[prefill-layer-phase] chunk=0 start=0 layer=45 kind=gdn phase=ffn_gate gpu_ms=13.84
[prefill-layer-phase] chunk=0 start=0 layer=45 kind=gdn phase=ffn_up gpu_ms=13.91
[prefill-layer-phase] chunk=0 start=0 layer=45 kind=gdn phase=ffn_swiglu gpu_ms=0.41
[prefill-layer-phase] chunk=0 start=0 layer=45 kind=gdn phase=ffn_down gpu_ms=14.05
[prefill-layer-phase] chunk=0 start=0 layer=45 kind=gdn phase=ffn_resid gpu_ms=0.09
[prefill-layer-phase] chunk=0 start=0 layer=46 kind=gdn phase=pre_norm gpu_ms=0.05
[prefill-layer-phase] chunk=0 start=0 layer=46 kind=gdn phase=gdn_qkv gpu_ms=8.22
[prefill-layer-phase] chunk=0 start=0 layer=46 kind=gdn phase=gdn_z gpu_ms=4.95
[prefill-layer-phase] chunk=0 start=0 layer=46 kind=gdn phase=gdn_beta_alpha gpu_ms=0.47
[prefill-layer-phase] chunk=0 start=0 layer=46 kind=gdn phase=gdn_alpha_beta gpu_ms=0.01
[prefill-layer-phase] chunk=0 start=0 layer=46 kind=gdn phase=gdn_prep_conv gpu_ms=0.44
[prefill-layer-phase] chunk=0 start=0 layer=46 kind=gdn phase=gdn_prep_l2 gpu_ms=0.04
[prefill-layer-phase] chunk=0 start=0 layer=46 kind=gdn phase=gdn_step gpu_ms=2.33
[prefill-layer-phase] chunk=0 start=0 layer=46 kind=gdn phase=gdn_gated gpu_ms=0.16
[prefill-layer-phase] chunk=0 start=0 layer=46 kind=gdn phase=gdn_back gpu_ms=5.10
[prefill-layer-phase] chunk=0 start=0 layer=46 kind=gdn phase=mixer_resid gpu_ms=0.09
[prefill-layer-phase] chunk=0 start=0 layer=46 kind=gdn phase=ffn_norm gpu_ms=0.05
[prefill-layer-phase] chunk=0 start=0 layer=46 kind=gdn phase=ffn_gate gpu_ms=13.86
[prefill-layer-phase] chunk=0 start=0 layer=46 kind=gdn phase=ffn_up gpu_ms=13.92
[prefill-layer-phase] chunk=0 start=0 layer=46 kind=gdn phase=ffn_swiglu gpu_ms=0.42
[prefill-layer-phase] chunk=0 start=0 layer=46 kind=gdn phase=ffn_down gpu_ms=14.11
[prefill-layer-phase] chunk=0 start=0 layer=46 kind=gdn phase=ffn_resid gpu_ms=0.09
[prefill-layer-phase] chunk=0 start=0 layer=47 kind=attn phase=pre_norm gpu_ms=0.05
[prefill-attn-phase] chunk=0 start=0 layer=47 phase=proj gpu_ms=11.68
[prefill-attn-phase] chunk=0 start=0 layer=47 phase=norm gpu_ms=0.45
[prefill-attn-phase] chunk=0 start=0 layer=47 phase=rope_scatter gpu_ms=0.09
[prefill-attn-matrix-g6-shape] layer=47 chunk_start=0 chunk_p=1024 query_rows=1024 query_tiles=1 n_pos=1024 score_tile_scratch_mib=51.00 vt_stride=1024 vt_layer_mib=2.00 vt_update_base=0 vt_update_rows=1024 vt_update_mib=2.00
[prefill-attn-phase] chunk=0 start=0 layer=47 phase=body_matrix_kq gpu_ms=0.52
[prefill-attn-phase] chunk=0 start=0 layer=47 phase=body_matrix_kqv gpu_ms=0.51
[prefill-layer-phase] chunk=0 start=0 layer=47 kind=attn phase=attn_back gpu_ms=5.02
[prefill-layer-phase] chunk=0 start=0 layer=47 kind=attn phase=mixer_resid gpu_ms=0.09
[prefill-layer-phase] chunk=0 start=0 layer=47 kind=attn phase=ffn_norm gpu_ms=0.05
[prefill-layer-phase] chunk=0 start=0 layer=47 kind=attn phase=ffn_gate gpu_ms=13.89
[prefill-layer-phase] chunk=0 start=0 layer=47 kind=attn phase=ffn_up gpu_ms=13.94
[prefill-layer-phase] chunk=0 start=0 layer=47 kind=attn phase=ffn_swiglu gpu_ms=0.42
[prefill-layer-phase] chunk=0 start=0 layer=47 kind=attn phase=ffn_down gpu_ms=14.09
[prefill-layer-phase] chunk=0 start=0 layer=47 kind=attn phase=ffn_resid gpu_ms=0.09
[prefill-layer-phase] chunk=0 start=0 layer=48 kind=gdn phase=pre_norm gpu_ms=0.05
[prefill-layer-phase] chunk=0 start=0 layer=48 kind=gdn phase=gdn_qkv gpu_ms=8.20
[prefill-layer-phase] chunk=0 start=0 layer=48 kind=gdn phase=gdn_z gpu_ms=4.96
[prefill-layer-phase] chunk=0 start=0 layer=48 kind=gdn phase=gdn_beta_alpha gpu_ms=0.48
[prefill-layer-phase] chunk=0 start=0 layer=48 kind=gdn phase=gdn_alpha_beta gpu_ms=0.01
[prefill-layer-phase] chunk=0 start=0 layer=48 kind=gdn phase=gdn_prep_conv gpu_ms=0.44
[prefill-layer-phase] chunk=0 start=0 layer=48 kind=gdn phase=gdn_prep_l2 gpu_ms=0.04
[prefill-layer-phase] chunk=0 start=0 layer=48 kind=gdn phase=gdn_step gpu_ms=2.24
[prefill-layer-phase] chunk=0 start=0 layer=48 kind=gdn phase=gdn_gated gpu_ms=0.16
[prefill-layer-phase] chunk=0 start=0 layer=48 kind=gdn phase=gdn_back gpu_ms=5.13
[prefill-layer-phase] chunk=0 start=0 layer=48 kind=gdn phase=mixer_resid gpu_ms=0.09
[prefill-layer-phase] chunk=0 start=0 layer=48 kind=gdn phase=ffn_norm gpu_ms=0.05
[prefill-layer-phase] chunk=0 start=0 layer=48 kind=gdn phase=ffn_gate gpu_ms=13.88
[prefill-layer-phase] chunk=0 start=0 layer=48 kind=gdn phase=ffn_up gpu_ms=13.94
[prefill-layer-phase] chunk=0 start=0 layer=48 kind=gdn phase=ffn_swiglu gpu_ms=0.41
[prefill-layer-phase] chunk=0 start=0 layer=48 kind=gdn phase=ffn_down gpu_ms=14.09
[prefill-layer-phase] chunk=0 start=0 layer=48 kind=gdn phase=ffn_resid gpu_ms=0.09
[prefill-layer-phase] chunk=0 start=0 layer=49 kind=gdn phase=pre_norm gpu_ms=0.05
[prefill-layer-phase] chunk=0 start=0 layer=49 kind=gdn phase=gdn_qkv gpu_ms=8.24
[prefill-layer-phase] chunk=0 start=0 layer=49 kind=gdn phase=gdn_z gpu_ms=5.03
[prefill-layer-phase] chunk=0 start=0 layer=49 kind=gdn phase=gdn_beta_alpha gpu_ms=0.46
[prefill-layer-phase] chunk=0 start=0 layer=49 kind=gdn phase=gdn_alpha_beta gpu_ms=0.00
[prefill-layer-phase] chunk=0 start=0 layer=49 kind=gdn phase=gdn_prep_conv gpu_ms=0.44
[prefill-layer-phase] chunk=0 start=0 layer=49 kind=gdn phase=gdn_prep_l2 gpu_ms=0.04
[prefill-layer-phase] chunk=0 start=0 layer=49 kind=gdn phase=gdn_step gpu_ms=2.35
[prefill-layer-phase] chunk=0 start=0 layer=49 kind=gdn phase=gdn_gated gpu_ms=0.16
[prefill-layer-phase] chunk=0 start=0 layer=49 kind=gdn phase=gdn_back gpu_ms=5.13
[prefill-layer-phase] chunk=0 start=0 layer=49 kind=gdn phase=mixer_resid gpu_ms=0.09
[prefill-layer-phase] chunk=0 start=0 layer=49 kind=gdn phase=ffn_norm gpu_ms=0.05
[prefill-layer-phase] chunk=0 start=0 layer=49 kind=gdn phase=ffn_gate gpu_ms=13.97
[prefill-layer-phase] chunk=0 start=0 layer=49 kind=gdn phase=ffn_up gpu_ms=13.89
[prefill-layer-phase] chunk=0 start=0 layer=49 kind=gdn phase=ffn_swiglu gpu_ms=0.41
[prefill-layer-phase] chunk=0 start=0 layer=49 kind=gdn phase=ffn_down gpu_ms=14.10
[prefill-layer-phase] chunk=0 start=0 layer=49 kind=gdn phase=ffn_resid gpu_ms=0.09
[prefill-layer-phase] chunk=0 start=0 layer=50 kind=gdn phase=pre_norm gpu_ms=0.06
[prefill-layer-phase] chunk=0 start=0 layer=50 kind=gdn phase=gdn_qkv gpu_ms=8.21
[prefill-layer-phase] chunk=0 start=0 layer=50 kind=gdn phase=gdn_z gpu_ms=5.03
[prefill-layer-phase] chunk=0 start=0 layer=50 kind=gdn phase=gdn_beta_alpha gpu_ms=0.46
[prefill-layer-phase] chunk=0 start=0 layer=50 kind=gdn phase=gdn_alpha_beta gpu_ms=0.01
[prefill-layer-phase] chunk=0 start=0 layer=50 kind=gdn phase=gdn_prep_conv gpu_ms=0.44
[prefill-layer-phase] chunk=0 start=0 layer=50 kind=gdn phase=gdn_prep_l2 gpu_ms=0.04
[prefill-layer-phase] chunk=0 start=0 layer=50 kind=gdn phase=gdn_step gpu_ms=2.28
[prefill-layer-phase] chunk=0 start=0 layer=50 kind=gdn phase=gdn_gated gpu_ms=0.16
[prefill-layer-phase] chunk=0 start=0 layer=50 kind=gdn phase=gdn_back gpu_ms=5.05
[prefill-layer-phase] chunk=0 start=0 layer=50 kind=gdn phase=mixer_resid gpu_ms=0.09
[prefill-layer-phase] chunk=0 start=0 layer=50 kind=gdn phase=ffn_norm gpu_ms=0.05
[prefill-layer-phase] chunk=0 start=0 layer=50 kind=gdn phase=ffn_gate gpu_ms=13.96
[prefill-layer-phase] chunk=0 start=0 layer=50 kind=gdn phase=ffn_up gpu_ms=13.98
[prefill-layer-phase] chunk=0 start=0 layer=50 kind=gdn phase=ffn_swiglu gpu_ms=0.41
[prefill-layer-phase] chunk=0 start=0 layer=50 kind=gdn phase=ffn_down gpu_ms=14.11
[prefill-layer-phase] chunk=0 start=0 layer=50 kind=gdn phase=ffn_resid gpu_ms=0.09
[prefill-layer-phase] chunk=0 start=0 layer=51 kind=attn phase=pre_norm gpu_ms=0.05
[prefill-attn-phase] chunk=0 start=0 layer=51 phase=proj gpu_ms=11.73
[prefill-attn-phase] chunk=0 start=0 layer=51 phase=norm gpu_ms=0.45
[prefill-attn-phase] chunk=0 start=0 layer=51 phase=rope_scatter gpu_ms=0.09
[prefill-attn-matrix-g6-shape] layer=51 chunk_start=0 chunk_p=1024 query_rows=1024 query_tiles=1 n_pos=1024 score_tile_scratch_mib=51.00 vt_stride=1024 vt_layer_mib=2.00 vt_update_base=0 vt_update_rows=1024 vt_update_mib=2.00
[prefill-attn-phase] chunk=0 start=0 layer=51 phase=body_matrix_kq gpu_ms=0.53
[prefill-attn-phase] chunk=0 start=0 layer=51 phase=body_matrix_kqv gpu_ms=0.51
[prefill-layer-phase] chunk=0 start=0 layer=51 kind=attn phase=attn_back gpu_ms=5.09
[prefill-layer-phase] chunk=0 start=0 layer=51 kind=attn phase=mixer_resid gpu_ms=0.09
[prefill-layer-phase] chunk=0 start=0 layer=51 kind=attn phase=ffn_norm gpu_ms=0.06
[prefill-layer-phase] chunk=0 start=0 layer=51 kind=attn phase=ffn_gate gpu_ms=13.99
[prefill-layer-phase] chunk=0 start=0 layer=51 kind=attn phase=ffn_up gpu_ms=13.96
[prefill-layer-phase] chunk=0 start=0 layer=51 kind=attn phase=ffn_swiglu gpu_ms=0.41
[prefill-layer-phase] chunk=0 start=0 layer=51 kind=attn phase=ffn_down gpu_ms=14.09
[prefill-layer-phase] chunk=0 start=0 layer=51 kind=attn phase=ffn_resid gpu_ms=0.09
[prefill-layer-phase] chunk=0 start=0 layer=52 kind=gdn phase=pre_norm gpu_ms=0.05
[prefill-layer-phase] chunk=0 start=0 layer=52 kind=gdn phase=gdn_qkv gpu_ms=8.26
[prefill-layer-phase] chunk=0 start=0 layer=52 kind=gdn phase=gdn_z gpu_ms=4.96
[prefill-layer-phase] chunk=0 start=0 layer=52 kind=gdn phase=gdn_beta_alpha gpu_ms=0.46
[prefill-layer-phase] chunk=0 start=0 layer=52 kind=gdn phase=gdn_alpha_beta gpu_ms=0.01
[prefill-layer-phase] chunk=0 start=0 layer=52 kind=gdn phase=gdn_prep_conv gpu_ms=0.44
[prefill-layer-phase] chunk=0 start=0 layer=52 kind=gdn phase=gdn_prep_l2 gpu_ms=0.04
[prefill-layer-phase] chunk=0 start=0 layer=52 kind=gdn phase=gdn_step gpu_ms=2.41
[prefill-layer-phase] chunk=0 start=0 layer=52 kind=gdn phase=gdn_gated gpu_ms=0.16
[prefill-layer-phase] chunk=0 start=0 layer=52 kind=gdn phase=gdn_back gpu_ms=5.05
[prefill-layer-phase] chunk=0 start=0 layer=52 kind=gdn phase=mixer_resid gpu_ms=0.09
[prefill-layer-phase] chunk=0 start=0 layer=52 kind=gdn phase=ffn_norm gpu_ms=0.05
[prefill-layer-phase] chunk=0 start=0 layer=52 kind=gdn phase=ffn_gate gpu_ms=13.90
[prefill-layer-phase] chunk=0 start=0 layer=52 kind=gdn phase=ffn_up gpu_ms=14.02
[prefill-layer-phase] chunk=0 start=0 layer=52 kind=gdn phase=ffn_swiglu gpu_ms=0.41
[prefill-layer-phase] chunk=0 start=0 layer=52 kind=gdn phase=ffn_down gpu_ms=14.23
[prefill-layer-phase] chunk=0 start=0 layer=52 kind=gdn phase=ffn_resid gpu_ms=0.09
[prefill-layer-phase] chunk=0 start=0 layer=53 kind=gdn phase=pre_norm gpu_ms=0.05
[prefill-layer-phase] chunk=0 start=0 layer=53 kind=gdn phase=gdn_qkv gpu_ms=8.23
[prefill-layer-phase] chunk=0 start=0 layer=53 kind=gdn phase=gdn_z gpu_ms=5.01
[prefill-layer-phase] chunk=0 start=0 layer=53 kind=gdn phase=gdn_beta_alpha gpu_ms=0.49
[prefill-layer-phase] chunk=0 start=0 layer=53 kind=gdn phase=gdn_alpha_beta gpu_ms=0.01
[prefill-layer-phase] chunk=0 start=0 layer=53 kind=gdn phase=gdn_prep_conv gpu_ms=0.44
[prefill-layer-phase] chunk=0 start=0 layer=53 kind=gdn phase=gdn_prep_l2 gpu_ms=0.04
[prefill-layer-phase] chunk=0 start=0 layer=53 kind=gdn phase=gdn_step gpu_ms=2.31
[prefill-layer-phase] chunk=0 start=0 layer=53 kind=gdn phase=gdn_gated gpu_ms=0.16
[prefill-layer-phase] chunk=0 start=0 layer=53 kind=gdn phase=gdn_back gpu_ms=5.16
[prefill-layer-phase] chunk=0 start=0 layer=53 kind=gdn phase=mixer_resid gpu_ms=0.09
[prefill-layer-phase] chunk=0 start=0 layer=53 kind=gdn phase=ffn_norm gpu_ms=0.05
[prefill-layer-phase] chunk=0 start=0 layer=53 kind=gdn phase=ffn_gate gpu_ms=13.97
[prefill-layer-phase] chunk=0 start=0 layer=53 kind=gdn phase=ffn_up gpu_ms=13.94
[prefill-layer-phase] chunk=0 start=0 layer=53 kind=gdn phase=ffn_swiglu gpu_ms=0.41
[prefill-layer-phase] chunk=0 start=0 layer=53 kind=gdn phase=ffn_down gpu_ms=14.16
[prefill-layer-phase] chunk=0 start=0 layer=53 kind=gdn phase=ffn_resid gpu_ms=0.09
[prefill-layer-phase] chunk=0 start=0 layer=54 kind=gdn phase=pre_norm gpu_ms=0.05
[prefill-layer-phase] chunk=0 start=0 layer=54 kind=gdn phase=gdn_qkv gpu_ms=8.22
[prefill-layer-phase] chunk=0 start=0 layer=54 kind=gdn phase=gdn_z gpu_ms=5.06
[prefill-layer-phase] chunk=0 start=0 layer=54 kind=gdn phase=gdn_beta_alpha gpu_ms=0.46
[prefill-layer-phase] chunk=0 start=0 layer=54 kind=gdn phase=gdn_alpha_beta gpu_ms=0.01
[prefill-layer-phase] chunk=0 start=0 layer=54 kind=gdn phase=gdn_prep_conv gpu_ms=0.43
[prefill-layer-phase] chunk=0 start=0 layer=54 kind=gdn phase=gdn_prep_l2 gpu_ms=0.04
[prefill-layer-phase] chunk=0 start=0 layer=54 kind=gdn phase=gdn_step gpu_ms=2.30
[prefill-layer-phase] chunk=0 start=0 layer=54 kind=gdn phase=gdn_gated gpu_ms=0.16
[prefill-layer-phase] chunk=0 start=0 layer=54 kind=gdn phase=gdn_back gpu_ms=5.15
[prefill-layer-phase] chunk=0 start=0 layer=54 kind=gdn phase=mixer_resid gpu_ms=0.09
[prefill-layer-phase] chunk=0 start=0 layer=54 kind=gdn phase=ffn_norm gpu_ms=0.05
[prefill-layer-phase] chunk=0 start=0 layer=54 kind=gdn phase=ffn_gate gpu_ms=14.02
[prefill-layer-phase] chunk=0 start=0 layer=54 kind=gdn phase=ffn_up gpu_ms=13.97
[prefill-layer-phase] chunk=0 start=0 layer=54 kind=gdn phase=ffn_swiglu gpu_ms=0.41
[prefill-layer-phase] chunk=0 start=0 layer=54 kind=gdn phase=ffn_down gpu_ms=14.06
[prefill-layer-phase] chunk=0 start=0 layer=54 kind=gdn phase=ffn_resid gpu_ms=0.09
[prefill-layer-phase] chunk=0 start=0 layer=55 kind=attn phase=pre_norm gpu_ms=0.05
[prefill-attn-phase] chunk=0 start=0 layer=55 phase=proj gpu_ms=11.82
[prefill-attn-phase] chunk=0 start=0 layer=55 phase=norm gpu_ms=0.44
[prefill-attn-phase] chunk=0 start=0 layer=55 phase=rope_scatter gpu_ms=0.09
[prefill-attn-matrix-g6-shape] layer=55 chunk_start=0 chunk_p=1024 query_rows=1024 query_tiles=1 n_pos=1024 score_tile_scratch_mib=51.00 vt_stride=1024 vt_layer_mib=2.00 vt_update_base=0 vt_update_rows=1024 vt_update_mib=2.00
[prefill-attn-phase] chunk=0 start=0 layer=55 phase=body_matrix_kq gpu_ms=0.52
[prefill-attn-phase] chunk=0 start=0 layer=55 phase=body_matrix_kqv gpu_ms=0.51
[prefill-layer-phase] chunk=0 start=0 layer=55 kind=attn phase=attn_back gpu_ms=5.12
[prefill-layer-phase] chunk=0 start=0 layer=55 kind=attn phase=mixer_resid gpu_ms=0.09
[prefill-layer-phase] chunk=0 start=0 layer=55 kind=attn phase=ffn_norm gpu_ms=0.05
[prefill-layer-phase] chunk=0 start=0 layer=55 kind=attn phase=ffn_gate gpu_ms=14.00
[prefill-layer-phase] chunk=0 start=0 layer=55 kind=attn phase=ffn_up gpu_ms=13.91
[prefill-layer-phase] chunk=0 start=0 layer=55 kind=attn phase=ffn_swiglu gpu_ms=0.41
[prefill-layer-phase] chunk=0 start=0 layer=55 kind=attn phase=ffn_down gpu_ms=14.20
[prefill-layer-phase] chunk=0 start=0 layer=55 kind=attn phase=ffn_resid gpu_ms=0.09
[prefill-layer-phase] chunk=0 start=0 layer=56 kind=gdn phase=pre_norm gpu_ms=0.05
[prefill-layer-phase] chunk=0 start=0 layer=56 kind=gdn phase=gdn_qkv gpu_ms=8.28
[prefill-layer-phase] chunk=0 start=0 layer=56 kind=gdn phase=gdn_z gpu_ms=5.06
[prefill-layer-phase] chunk=0 start=0 layer=56 kind=gdn phase=gdn_beta_alpha gpu_ms=0.46
[prefill-layer-phase] chunk=0 start=0 layer=56 kind=gdn phase=gdn_alpha_beta gpu_ms=0.01
[prefill-layer-phase] chunk=0 start=0 layer=56 kind=gdn phase=gdn_prep_conv gpu_ms=0.44
[prefill-layer-phase] chunk=0 start=0 layer=56 kind=gdn phase=gdn_prep_l2 gpu_ms=0.04
[prefill-layer-phase] chunk=0 start=0 layer=56 kind=gdn phase=gdn_step gpu_ms=2.36
[prefill-layer-phase] chunk=0 start=0 layer=56 kind=gdn phase=gdn_gated gpu_ms=0.16
[prefill-layer-phase] chunk=0 start=0 layer=56 kind=gdn phase=gdn_back gpu_ms=5.10
[prefill-layer-phase] chunk=0 start=0 layer=56 kind=gdn phase=mixer_resid gpu_ms=0.09
[prefill-layer-phase] chunk=0 start=0 layer=56 kind=gdn phase=ffn_norm gpu_ms=0.05
[prefill-layer-phase] chunk=0 start=0 layer=56 kind=gdn phase=ffn_gate gpu_ms=14.02
[prefill-layer-phase] chunk=0 start=0 layer=56 kind=gdn phase=ffn_up gpu_ms=14.04
[prefill-layer-phase] chunk=0 start=0 layer=56 kind=gdn phase=ffn_swiglu gpu_ms=0.41
[prefill-layer-phase] chunk=0 start=0 layer=56 kind=gdn phase=ffn_down gpu_ms=14.19
[prefill-layer-phase] chunk=0 start=0 layer=56 kind=gdn phase=ffn_resid gpu_ms=0.09
[prefill-layer-phase] chunk=0 start=0 layer=57 kind=gdn phase=pre_norm gpu_ms=0.06
[prefill-layer-phase] chunk=0 start=0 layer=57 kind=gdn phase=gdn_qkv gpu_ms=8.28
[prefill-layer-phase] chunk=0 start=0 layer=57 kind=gdn phase=gdn_z gpu_ms=4.96
[prefill-layer-phase] chunk=0 start=0 layer=57 kind=gdn phase=gdn_beta_alpha gpu_ms=0.46
[prefill-layer-phase] chunk=0 start=0 layer=57 kind=gdn phase=gdn_alpha_beta gpu_ms=0.01
[prefill-layer-phase] chunk=0 start=0 layer=57 kind=gdn phase=gdn_prep_conv gpu_ms=0.43
[prefill-layer-phase] chunk=0 start=0 layer=57 kind=gdn phase=gdn_prep_l2 gpu_ms=0.04
[prefill-layer-phase] chunk=0 start=0 layer=57 kind=gdn phase=gdn_step gpu_ms=2.45
[prefill-layer-phase] chunk=0 start=0 layer=57 kind=gdn phase=gdn_gated gpu_ms=0.16
[prefill-layer-phase] chunk=0 start=0 layer=57 kind=gdn phase=gdn_back gpu_ms=5.07
[prefill-layer-phase] chunk=0 start=0 layer=57 kind=gdn phase=mixer_resid gpu_ms=0.09
[prefill-layer-phase] chunk=0 start=0 layer=57 kind=gdn phase=ffn_norm gpu_ms=0.06
[prefill-layer-phase] chunk=0 start=0 layer=57 kind=gdn phase=ffn_gate gpu_ms=13.94
[prefill-layer-phase] chunk=0 start=0 layer=57 kind=gdn phase=ffn_up gpu_ms=14.04
[prefill-layer-phase] chunk=0 start=0 layer=57 kind=gdn phase=ffn_swiglu gpu_ms=0.42
[prefill-layer-phase] chunk=0 start=0 layer=57 kind=gdn phase=ffn_down gpu_ms=14.37
[prefill-layer-phase] chunk=0 start=0 layer=57 kind=gdn phase=ffn_resid gpu_ms=0.09
[prefill-layer-phase] chunk=0 start=0 layer=58 kind=gdn phase=pre_norm gpu_ms=0.05
[prefill-layer-phase] chunk=0 start=0 layer=58 kind=gdn phase=gdn_qkv gpu_ms=8.28
[prefill-layer-phase] chunk=0 start=0 layer=58 kind=gdn phase=gdn_z gpu_ms=5.05
[prefill-layer-phase] chunk=0 start=0 layer=58 kind=gdn phase=gdn_beta_alpha gpu_ms=0.47
[prefill-layer-phase] chunk=0 start=0 layer=58 kind=gdn phase=gdn_alpha_beta gpu_ms=0.01
[prefill-layer-phase] chunk=0 start=0 layer=58 kind=gdn phase=gdn_prep_conv gpu_ms=0.43
[prefill-layer-phase] chunk=0 start=0 layer=58 kind=gdn phase=gdn_prep_l2 gpu_ms=0.04
[prefill-layer-phase] chunk=0 start=0 layer=58 kind=gdn phase=gdn_step gpu_ms=2.29
[prefill-layer-phase] chunk=0 start=0 layer=58 kind=gdn phase=gdn_gated gpu_ms=0.16
[prefill-layer-phase] chunk=0 start=0 layer=58 kind=gdn phase=gdn_back gpu_ms=5.18
[prefill-layer-phase] chunk=0 start=0 layer=58 kind=gdn phase=mixer_resid gpu_ms=0.09
[prefill-layer-phase] chunk=0 start=0 layer=58 kind=gdn phase=ffn_norm gpu_ms=0.05
[prefill-layer-phase] chunk=0 start=0 layer=58 kind=gdn phase=ffn_gate gpu_ms=13.99
[prefill-layer-phase] chunk=0 start=0 layer=58 kind=gdn phase=ffn_up gpu_ms=13.94
[prefill-layer-phase] chunk=0 start=0 layer=58 kind=gdn phase=ffn_swiglu gpu_ms=0.41
[prefill-layer-phase] chunk=0 start=0 layer=58 kind=gdn phase=ffn_down gpu_ms=14.25
[prefill-layer-phase] chunk=0 start=0 layer=58 kind=gdn phase=ffn_resid gpu_ms=0.09
[prefill-layer-phase] chunk=0 start=0 layer=59 kind=attn phase=pre_norm gpu_ms=0.05
[prefill-attn-phase] chunk=0 start=0 layer=59 phase=proj gpu_ms=11.88
[prefill-attn-phase] chunk=0 start=0 layer=59 phase=norm gpu_ms=0.44
[prefill-attn-phase] chunk=0 start=0 layer=59 phase=rope_scatter gpu_ms=0.09
[prefill-attn-matrix-g6-shape] layer=59 chunk_start=0 chunk_p=1024 query_rows=1024 query_tiles=1 n_pos=1024 score_tile_scratch_mib=51.00 vt_stride=1024 vt_layer_mib=2.00 vt_update_base=0 vt_update_rows=1024 vt_update_mib=2.00
[prefill-attn-phase] chunk=0 start=0 layer=59 phase=body_matrix_kq gpu_ms=0.52
[prefill-attn-phase] chunk=0 start=0 layer=59 phase=body_matrix_kqv gpu_ms=0.55
[prefill-layer-phase] chunk=0 start=0 layer=59 kind=attn phase=attn_back gpu_ms=5.01
[prefill-layer-phase] chunk=0 start=0 layer=59 kind=attn phase=mixer_resid gpu_ms=0.09
[prefill-layer-phase] chunk=0 start=0 layer=59 kind=attn phase=ffn_norm gpu_ms=0.05
[prefill-layer-phase] chunk=0 start=0 layer=59 kind=attn phase=ffn_gate gpu_ms=13.96
[prefill-layer-phase] chunk=0 start=0 layer=59 kind=attn phase=ffn_up gpu_ms=13.99
[prefill-layer-phase] chunk=0 start=0 layer=59 kind=attn phase=ffn_swiglu gpu_ms=0.41
[prefill-layer-phase] chunk=0 start=0 layer=59 kind=attn phase=ffn_down gpu_ms=14.18
[prefill-layer-phase] chunk=0 start=0 layer=59 kind=attn phase=ffn_resid gpu_ms=0.09
[prefill-layer-phase] chunk=0 start=0 layer=60 kind=gdn phase=pre_norm gpu_ms=0.05
[prefill-layer-phase] chunk=0 start=0 layer=60 kind=gdn phase=gdn_qkv gpu_ms=8.25
[prefill-layer-phase] chunk=0 start=0 layer=60 kind=gdn phase=gdn_z gpu_ms=5.03
[prefill-layer-phase] chunk=0 start=0 layer=60 kind=gdn phase=gdn_beta_alpha gpu_ms=0.46
[prefill-layer-phase] chunk=0 start=0 layer=60 kind=gdn phase=gdn_alpha_beta gpu_ms=0.01
[prefill-layer-phase] chunk=0 start=0 layer=60 kind=gdn phase=gdn_prep_conv gpu_ms=0.44
[prefill-layer-phase] chunk=0 start=0 layer=60 kind=gdn phase=gdn_prep_l2 gpu_ms=0.04
[prefill-layer-phase] chunk=0 start=0 layer=60 kind=gdn phase=gdn_step gpu_ms=2.38
[prefill-layer-phase] chunk=0 start=0 layer=60 kind=gdn phase=gdn_gated gpu_ms=0.16
[prefill-layer-phase] chunk=0 start=0 layer=60 kind=gdn phase=gdn_back gpu_ms=5.05
[prefill-layer-phase] chunk=0 start=0 layer=60 kind=gdn phase=mixer_resid gpu_ms=0.09
[prefill-layer-phase] chunk=0 start=0 layer=60 kind=gdn phase=ffn_norm gpu_ms=0.05
[prefill-layer-phase] chunk=0 start=0 layer=60 kind=gdn phase=ffn_gate gpu_ms=13.93
[prefill-layer-phase] chunk=0 start=0 layer=60 kind=gdn phase=ffn_up gpu_ms=13.96
[prefill-layer-phase] chunk=0 start=0 layer=60 kind=gdn phase=ffn_swiglu gpu_ms=0.41
[prefill-layer-phase] chunk=0 start=0 layer=60 kind=gdn phase=ffn_down gpu_ms=14.18
[prefill-layer-phase] chunk=0 start=0 layer=60 kind=gdn phase=ffn_resid gpu_ms=0.09
[prefill-layer-phase] chunk=0 start=0 layer=61 kind=gdn phase=pre_norm gpu_ms=0.05
[prefill-layer-phase] chunk=0 start=0 layer=61 kind=gdn phase=gdn_qkv gpu_ms=8.24
[prefill-layer-phase] chunk=0 start=0 layer=61 kind=gdn phase=gdn_z gpu_ms=4.95
[prefill-layer-phase] chunk=0 start=0 layer=61 kind=gdn phase=gdn_beta_alpha gpu_ms=0.47
[prefill-layer-phase] chunk=0 start=0 layer=61 kind=gdn phase=gdn_alpha_beta gpu_ms=0.01
[prefill-layer-phase] chunk=0 start=0 layer=61 kind=gdn phase=gdn_prep_conv gpu_ms=0.45
[prefill-layer-phase] chunk=0 start=0 layer=61 kind=gdn phase=gdn_prep_l2 gpu_ms=0.04
[prefill-layer-phase] chunk=0 start=0 layer=61 kind=gdn phase=gdn_step gpu_ms=2.35
[prefill-layer-phase] chunk=0 start=0 layer=61 kind=gdn phase=gdn_gated gpu_ms=0.16
[prefill-layer-phase] chunk=0 start=0 layer=61 kind=gdn phase=gdn_back gpu_ms=5.13
[prefill-layer-phase] chunk=0 start=0 layer=61 kind=gdn phase=mixer_resid gpu_ms=0.09
[prefill-layer-phase] chunk=0 start=0 layer=61 kind=gdn phase=ffn_norm gpu_ms=0.05
[prefill-layer-phase] chunk=0 start=0 layer=61 kind=gdn phase=ffn_gate gpu_ms=13.88
[prefill-layer-phase] chunk=0 start=0 layer=61 kind=gdn phase=ffn_up gpu_ms=13.94
[prefill-layer-phase] chunk=0 start=0 layer=61 kind=gdn phase=ffn_swiglu gpu_ms=0.41
[prefill-layer-phase] chunk=0 start=0 layer=61 kind=gdn phase=ffn_down gpu_ms=14.17
[prefill-layer-phase] chunk=0 start=0 layer=61 kind=gdn phase=ffn_resid gpu_ms=0.09
[prefill-layer-phase] chunk=0 start=0 layer=62 kind=gdn phase=pre_norm gpu_ms=0.05
[prefill-layer-phase] chunk=0 start=0 layer=62 kind=gdn phase=gdn_qkv gpu_ms=8.25
[prefill-layer-phase] chunk=0 start=0 layer=62 kind=gdn phase=gdn_z gpu_ms=5.06
[prefill-layer-phase] chunk=0 start=0 layer=62 kind=gdn phase=gdn_beta_alpha gpu_ms=0.46
[prefill-layer-phase] chunk=0 start=0 layer=62 kind=gdn phase=gdn_alpha_beta gpu_ms=0.01
[prefill-layer-phase] chunk=0 start=0 layer=62 kind=gdn phase=gdn_prep_conv gpu_ms=0.44
[prefill-layer-phase] chunk=0 start=0 layer=62 kind=gdn phase=gdn_prep_l2 gpu_ms=0.04
[prefill-layer-phase] chunk=0 start=0 layer=62 kind=gdn phase=gdn_step gpu_ms=2.33
[prefill-layer-phase] chunk=0 start=0 layer=62 kind=gdn phase=gdn_gated gpu_ms=0.16
[prefill-layer-phase] chunk=0 start=0 layer=62 kind=gdn phase=gdn_back gpu_ms=5.13
[prefill-layer-phase] chunk=0 start=0 layer=62 kind=gdn phase=mixer_resid gpu_ms=0.09
[prefill-layer-phase] chunk=0 start=0 layer=62 kind=gdn phase=ffn_norm gpu_ms=0.05
[prefill-layer-phase] chunk=0 start=0 layer=62 kind=gdn phase=ffn_gate gpu_ms=13.96
[prefill-layer-phase] chunk=0 start=0 layer=62 kind=gdn phase=ffn_up gpu_ms=13.90
[prefill-layer-phase] chunk=0 start=0 layer=62 kind=gdn phase=ffn_swiglu gpu_ms=0.41
[prefill-layer-phase] chunk=0 start=0 layer=62 kind=gdn phase=ffn_down gpu_ms=14.17
[prefill-layer-phase] chunk=0 start=0 layer=62 kind=gdn phase=ffn_resid gpu_ms=0.09
[prefill-layer-phase] chunk=0 start=0 layer=63 kind=attn phase=pre_norm gpu_ms=0.05
[prefill-attn-phase] chunk=0 start=0 layer=63 phase=proj gpu_ms=11.70
[prefill-attn-phase] chunk=0 start=0 layer=63 phase=norm gpu_ms=0.44
[prefill-attn-phase] chunk=0 start=0 layer=63 phase=rope_scatter gpu_ms=0.09
[prefill-attn-matrix-g6-shape] layer=63 chunk_start=0 chunk_p=1024 query_rows=1024 query_tiles=1 n_pos=1024 score_tile_scratch_mib=51.00 vt_stride=1024 vt_layer_mib=2.00 vt_update_base=0 vt_update_rows=1024 vt_update_mib=2.00
[prefill-attn-phase] chunk=0 start=0 layer=63 phase=body_matrix_kq gpu_ms=0.56
[prefill-attn-phase] chunk=0 start=0 layer=63 phase=body_matrix_kqv gpu_ms=0.54
[prefill-layer-phase] chunk=0 start=0 layer=63 kind=attn phase=attn_back gpu_ms=5.01
[prefill-layer-phase] chunk=0 start=0 layer=63 kind=attn phase=mixer_resid gpu_ms=0.09
[prefill-layer-phase] chunk=0 start=0 layer=63 kind=attn phase=ffn_norm gpu_ms=0.05
[prefill-layer-phase] chunk=0 start=0 layer=63 kind=attn phase=ffn_gate gpu_ms=13.91
[prefill-layer-phase] chunk=0 start=0 layer=63 kind=attn phase=ffn_up gpu_ms=13.97
[prefill-layer-phase] chunk=0 start=0 layer=63 kind=attn phase=ffn_swiglu gpu_ms=0.41
[prefill-layer-phase] chunk=0 start=0 layer=63 kind=attn phase=ffn_down gpu_ms=14.16
[prefill-layer-phase] chunk=0 start=0 layer=63 kind=attn phase=ffn_resid gpu_ms=0.09
[pp] run  2: wall   4399.0 ms  gpu   4052.8 ms   232.78 t/s
[prefill-layer-phase] chunk=0 start=0 layer=0 kind=gdn phase=pre_norm gpu_ms=0.37
[prefill-layer-phase] chunk=0 start=0 layer=0 kind=gdn phase=gdn_qkv gpu_ms=8.17
[prefill-layer-phase] chunk=0 start=0 layer=0 kind=gdn phase=gdn_z gpu_ms=4.95
[prefill-layer-phase] chunk=0 start=0 layer=0 kind=gdn phase=gdn_beta_alpha gpu_ms=0.46
[prefill-layer-phase] chunk=0 start=0 layer=0 kind=gdn phase=gdn_alpha_beta gpu_ms=0.01
[prefill-layer-phase] chunk=0 start=0 layer=0 kind=gdn phase=gdn_prep_conv gpu_ms=0.44
[prefill-layer-phase] chunk=0 start=0 layer=0 kind=gdn phase=gdn_prep_l2 gpu_ms=0.04
[prefill-layer-phase] chunk=0 start=0 layer=0 kind=gdn phase=gdn_step gpu_ms=2.36
[prefill-layer-phase] chunk=0 start=0 layer=0 kind=gdn phase=gdn_gated gpu_ms=0.18
[prefill-layer-phase] chunk=0 start=0 layer=0 kind=gdn phase=gdn_back gpu_ms=5.06
[prefill-layer-phase] chunk=0 start=0 layer=0 kind=gdn phase=mixer_resid gpu_ms=0.09
[prefill-layer-phase] chunk=0 start=0 layer=0 kind=gdn phase=ffn_norm gpu_ms=0.05
[prefill-layer-phase] chunk=0 start=0 layer=0 kind=gdn phase=ffn_gate gpu_ms=13.81
[prefill-layer-phase] chunk=0 start=0 layer=0 kind=gdn phase=ffn_up gpu_ms=13.81
[prefill-layer-phase] chunk=0 start=0 layer=0 kind=gdn phase=ffn_swiglu gpu_ms=0.44
[prefill-layer-phase] chunk=0 start=0 layer=0 kind=gdn phase=ffn_down gpu_ms=14.01
[prefill-layer-phase] chunk=0 start=0 layer=0 kind=gdn phase=ffn_resid gpu_ms=0.09
[prefill-layer-phase] chunk=0 start=0 layer=1 kind=gdn phase=pre_norm gpu_ms=0.05
[prefill-layer-phase] chunk=0 start=0 layer=1 kind=gdn phase=gdn_qkv gpu_ms=8.16
[prefill-layer-phase] chunk=0 start=0 layer=1 kind=gdn phase=gdn_z gpu_ms=4.95
[prefill-layer-phase] chunk=0 start=0 layer=1 kind=gdn phase=gdn_beta_alpha gpu_ms=0.46
[prefill-layer-phase] chunk=0 start=0 layer=1 kind=gdn phase=gdn_alpha_beta gpu_ms=0.01
[prefill-layer-phase] chunk=0 start=0 layer=1 kind=gdn phase=gdn_prep_conv gpu_ms=0.43
[prefill-layer-phase] chunk=0 start=0 layer=1 kind=gdn phase=gdn_prep_l2 gpu_ms=0.04
[prefill-layer-phase] chunk=0 start=0 layer=1 kind=gdn phase=gdn_step gpu_ms=2.32
[prefill-layer-phase] chunk=0 start=0 layer=1 kind=gdn phase=gdn_gated gpu_ms=0.16
[prefill-layer-phase] chunk=0 start=0 layer=1 kind=gdn phase=gdn_back gpu_ms=5.05
[prefill-layer-phase] chunk=0 start=0 layer=1 kind=gdn phase=mixer_resid gpu_ms=0.09
[prefill-layer-phase] chunk=0 start=0 layer=1 kind=gdn phase=ffn_norm gpu_ms=0.05
[prefill-layer-phase] chunk=0 start=0 layer=1 kind=gdn phase=ffn_gate gpu_ms=13.81
[prefill-layer-phase] chunk=0 start=0 layer=1 kind=gdn phase=ffn_up gpu_ms=13.82
[prefill-layer-phase] chunk=0 start=0 layer=1 kind=gdn phase=ffn_swiglu gpu_ms=0.41
[prefill-layer-phase] chunk=0 start=0 layer=1 kind=gdn phase=ffn_down gpu_ms=14.04
[prefill-layer-phase] chunk=0 start=0 layer=1 kind=gdn phase=ffn_resid gpu_ms=0.09
[prefill-layer-phase] chunk=0 start=0 layer=2 kind=gdn phase=pre_norm gpu_ms=0.05
[prefill-layer-phase] chunk=0 start=0 layer=2 kind=gdn phase=gdn_qkv gpu_ms=8.19
[prefill-layer-phase] chunk=0 start=0 layer=2 kind=gdn phase=gdn_z gpu_ms=4.98
[prefill-layer-phase] chunk=0 start=0 layer=2 kind=gdn phase=gdn_beta_alpha gpu_ms=0.46
[prefill-layer-phase] chunk=0 start=0 layer=2 kind=gdn phase=gdn_alpha_beta gpu_ms=0.00
[prefill-layer-phase] chunk=0 start=0 layer=2 kind=gdn phase=gdn_prep_conv gpu_ms=0.43
[prefill-layer-phase] chunk=0 start=0 layer=2 kind=gdn phase=gdn_prep_l2 gpu_ms=0.04
[prefill-layer-phase] chunk=0 start=0 layer=2 kind=gdn phase=gdn_step gpu_ms=2.29
[prefill-layer-phase] chunk=0 start=0 layer=2 kind=gdn phase=gdn_gated gpu_ms=0.16
[prefill-layer-phase] chunk=0 start=0 layer=2 kind=gdn phase=gdn_back gpu_ms=5.05
[prefill-layer-phase] chunk=0 start=0 layer=2 kind=gdn phase=mixer_resid gpu_ms=0.09
[prefill-layer-phase] chunk=0 start=0 layer=2 kind=gdn phase=ffn_norm gpu_ms=0.05
[prefill-layer-phase] chunk=0 start=0 layer=2 kind=gdn phase=ffn_gate gpu_ms=13.81
[prefill-layer-phase] chunk=0 start=0 layer=2 kind=gdn phase=ffn_up gpu_ms=13.81
[prefill-layer-phase] chunk=0 start=0 layer=2 kind=gdn phase=ffn_swiglu gpu_ms=0.41
[prefill-layer-phase] chunk=0 start=0 layer=2 kind=gdn phase=ffn_down gpu_ms=14.01
[prefill-layer-phase] chunk=0 start=0 layer=2 kind=gdn phase=ffn_resid gpu_ms=0.09
[prefill-layer-phase] chunk=0 start=0 layer=3 kind=attn phase=pre_norm gpu_ms=0.05
[prefill-attn-phase] chunk=0 start=0 layer=3 phase=proj gpu_ms=11.62
[prefill-attn-phase] chunk=0 start=0 layer=3 phase=norm gpu_ms=0.45
[prefill-attn-phase] chunk=0 start=0 layer=3 phase=rope_scatter gpu_ms=0.09
[prefill-attn-matrix-g6-shape] layer=3 chunk_start=0 chunk_p=1024 query_rows=1024 query_tiles=1 n_pos=1024 score_tile_scratch_mib=51.00 vt_stride=1024 vt_layer_mib=2.00 vt_update_base=0 vt_update_rows=1024 vt_update_mib=2.00
[prefill-attn-phase] chunk=0 start=0 layer=3 phase=body_matrix_kq gpu_ms=0.52
[prefill-attn-phase] chunk=0 start=0 layer=3 phase=body_matrix_kqv gpu_ms=0.51
[prefill-layer-phase] chunk=0 start=0 layer=3 kind=attn phase=attn_back gpu_ms=5.01
[prefill-layer-phase] chunk=0 start=0 layer=3 kind=attn phase=mixer_resid gpu_ms=0.09
[prefill-layer-phase] chunk=0 start=0 layer=3 kind=attn phase=ffn_norm gpu_ms=0.05
[prefill-layer-phase] chunk=0 start=0 layer=3 kind=attn phase=ffn_gate gpu_ms=13.81
[prefill-layer-phase] chunk=0 start=0 layer=3 kind=attn phase=ffn_up gpu_ms=13.81
[prefill-layer-phase] chunk=0 start=0 layer=3 kind=attn phase=ffn_swiglu gpu_ms=0.41
[prefill-layer-phase] chunk=0 start=0 layer=3 kind=attn phase=ffn_down gpu_ms=14.05
[prefill-layer-phase] chunk=0 start=0 layer=3 kind=attn phase=ffn_resid gpu_ms=0.09
[prefill-layer-phase] chunk=0 start=0 layer=4 kind=gdn phase=pre_norm gpu_ms=0.05
[prefill-layer-phase] chunk=0 start=0 layer=4 kind=gdn phase=gdn_qkv gpu_ms=8.19
[prefill-layer-phase] chunk=0 start=0 layer=4 kind=gdn phase=gdn_z gpu_ms=4.98
[prefill-layer-phase] chunk=0 start=0 layer=4 kind=gdn phase=gdn_beta_alpha gpu_ms=0.46
[prefill-layer-phase] chunk=0 start=0 layer=4 kind=gdn phase=gdn_alpha_beta gpu_ms=0.01
[prefill-layer-phase] chunk=0 start=0 layer=4 kind=gdn phase=gdn_prep_conv gpu_ms=0.44
[prefill-layer-phase] chunk=0 start=0 layer=4 kind=gdn phase=gdn_prep_l2 gpu_ms=0.04
[prefill-layer-phase] chunk=0 start=0 layer=4 kind=gdn phase=gdn_step gpu_ms=2.34
[prefill-layer-phase] chunk=0 start=0 layer=4 kind=gdn phase=gdn_gated gpu_ms=0.16
[prefill-layer-phase] chunk=0 start=0 layer=4 kind=gdn phase=gdn_back gpu_ms=5.06
[prefill-layer-phase] chunk=0 start=0 layer=4 kind=gdn phase=mixer_resid gpu_ms=0.09
[prefill-layer-phase] chunk=0 start=0 layer=4 kind=gdn phase=ffn_norm gpu_ms=0.05
[prefill-layer-phase] chunk=0 start=0 layer=4 kind=gdn phase=ffn_gate gpu_ms=13.86
[prefill-layer-phase] chunk=0 start=0 layer=4 kind=gdn phase=ffn_up gpu_ms=13.88
[prefill-layer-phase] chunk=0 start=0 layer=4 kind=gdn phase=ffn_swiglu gpu_ms=0.42
[prefill-layer-phase] chunk=0 start=0 layer=4 kind=gdn phase=ffn_down gpu_ms=14.06
[prefill-layer-phase] chunk=0 start=0 layer=4 kind=gdn phase=ffn_resid gpu_ms=0.09
[prefill-layer-phase] chunk=0 start=0 layer=5 kind=gdn phase=pre_norm gpu_ms=0.06
[prefill-layer-phase] chunk=0 start=0 layer=5 kind=gdn phase=gdn_qkv gpu_ms=8.21
[prefill-layer-phase] chunk=0 start=0 layer=5 kind=gdn phase=gdn_z gpu_ms=4.96
[prefill-layer-phase] chunk=0 start=0 layer=5 kind=gdn phase=gdn_beta_alpha gpu_ms=0.46
[prefill-layer-phase] chunk=0 start=0 layer=5 kind=gdn phase=gdn_alpha_beta gpu_ms=0.00
[prefill-layer-phase] chunk=0 start=0 layer=5 kind=gdn phase=gdn_prep_conv gpu_ms=0.44
[prefill-layer-phase] chunk=0 start=0 layer=5 kind=gdn phase=gdn_prep_l2 gpu_ms=0.04
[prefill-layer-phase] chunk=0 start=0 layer=5 kind=gdn phase=gdn_step gpu_ms=2.41
[prefill-layer-phase] chunk=0 start=0 layer=5 kind=gdn phase=gdn_gated gpu_ms=0.16
[prefill-layer-phase] chunk=0 start=0 layer=5 kind=gdn phase=gdn_back gpu_ms=5.05
[prefill-layer-phase] chunk=0 start=0 layer=5 kind=gdn phase=mixer_resid gpu_ms=0.09
[prefill-layer-phase] chunk=0 start=0 layer=5 kind=gdn phase=ffn_norm gpu_ms=0.05
[prefill-layer-phase] chunk=0 start=0 layer=5 kind=gdn phase=ffn_gate gpu_ms=13.90
[prefill-layer-phase] chunk=0 start=0 layer=5 kind=gdn phase=ffn_up gpu_ms=13.90
[prefill-layer-phase] chunk=0 start=0 layer=5 kind=gdn phase=ffn_swiglu gpu_ms=0.41
[prefill-layer-phase] chunk=0 start=0 layer=5 kind=gdn phase=ffn_down gpu_ms=14.16
[prefill-layer-phase] chunk=0 start=0 layer=5 kind=gdn phase=ffn_resid gpu_ms=0.09
[prefill-layer-phase] chunk=0 start=0 layer=6 kind=gdn phase=pre_norm gpu_ms=0.05
[prefill-layer-phase] chunk=0 start=0 layer=6 kind=gdn phase=gdn_qkv gpu_ms=8.24
[prefill-layer-phase] chunk=0 start=0 layer=6 kind=gdn phase=gdn_z gpu_ms=4.95
[prefill-layer-phase] chunk=0 start=0 layer=6 kind=gdn phase=gdn_beta_alpha gpu_ms=0.48
[prefill-layer-phase] chunk=0 start=0 layer=6 kind=gdn phase=gdn_alpha_beta gpu_ms=0.01
[prefill-layer-phase] chunk=0 start=0 layer=6 kind=gdn phase=gdn_prep_conv gpu_ms=0.44
[prefill-layer-phase] chunk=0 start=0 layer=6 kind=gdn phase=gdn_prep_l2 gpu_ms=0.04
[prefill-layer-phase] chunk=0 start=0 layer=6 kind=gdn phase=gdn_step gpu_ms=2.38
[prefill-layer-phase] chunk=0 start=0 layer=6 kind=gdn phase=gdn_gated gpu_ms=0.16
[prefill-layer-phase] chunk=0 start=0 layer=6 kind=gdn phase=gdn_back gpu_ms=5.13
[prefill-layer-phase] chunk=0 start=0 layer=6 kind=gdn phase=mixer_resid gpu_ms=0.09
[prefill-layer-phase] chunk=0 start=0 layer=6 kind=gdn phase=ffn_norm gpu_ms=0.05
[prefill-layer-phase] chunk=0 start=0 layer=6 kind=gdn phase=ffn_gate gpu_ms=13.90
[prefill-layer-phase] chunk=0 start=0 layer=6 kind=gdn phase=ffn_up gpu_ms=13.93
[prefill-layer-phase] chunk=0 start=0 layer=6 kind=gdn phase=ffn_swiglu gpu_ms=0.42
[prefill-layer-phase] chunk=0 start=0 layer=6 kind=gdn phase=ffn_down gpu_ms=14.20
[prefill-layer-phase] chunk=0 start=0 layer=6 kind=gdn phase=ffn_resid gpu_ms=0.09
[prefill-layer-phase] chunk=0 start=0 layer=7 kind=attn phase=pre_norm gpu_ms=0.05
[prefill-attn-phase] chunk=0 start=0 layer=7 phase=proj gpu_ms=11.78
[prefill-attn-phase] chunk=0 start=0 layer=7 phase=norm gpu_ms=0.45
[prefill-attn-phase] chunk=0 start=0 layer=7 phase=rope_scatter gpu_ms=0.09
[prefill-attn-matrix-g6-shape] layer=7 chunk_start=0 chunk_p=1024 query_rows=1024 query_tiles=1 n_pos=1024 score_tile_scratch_mib=51.00 vt_stride=1024 vt_layer_mib=2.00 vt_update_base=0 vt_update_rows=1024 vt_update_mib=2.00
[prefill-attn-phase] chunk=0 start=0 layer=7 phase=body_matrix_kq gpu_ms=0.53
[prefill-attn-phase] chunk=0 start=0 layer=7 phase=body_matrix_kqv gpu_ms=0.51
[prefill-layer-phase] chunk=0 start=0 layer=7 kind=attn phase=attn_back gpu_ms=5.04
[prefill-layer-phase] chunk=0 start=0 layer=7 kind=attn phase=mixer_resid gpu_ms=0.09
[prefill-layer-phase] chunk=0 start=0 layer=7 kind=attn phase=ffn_norm gpu_ms=0.05
[prefill-layer-phase] chunk=0 start=0 layer=7 kind=attn phase=ffn_gate gpu_ms=13.92
[prefill-layer-phase] chunk=0 start=0 layer=7 kind=attn phase=ffn_up gpu_ms=14.01
[prefill-layer-phase] chunk=0 start=0 layer=7 kind=attn phase=ffn_swiglu gpu_ms=0.41
[prefill-layer-phase] chunk=0 start=0 layer=7 kind=attn phase=ffn_down gpu_ms=14.23
[prefill-layer-phase] chunk=0 start=0 layer=7 kind=attn phase=ffn_resid gpu_ms=0.09
[prefill-layer-phase] chunk=0 start=0 layer=8 kind=gdn phase=pre_norm gpu_ms=0.05
[prefill-layer-phase] chunk=0 start=0 layer=8 kind=gdn phase=gdn_qkv gpu_ms=8.23
[prefill-layer-phase] chunk=0 start=0 layer=8 kind=gdn phase=gdn_z gpu_ms=5.03
[prefill-layer-phase] chunk=0 start=0 layer=8 kind=gdn phase=gdn_beta_alpha gpu_ms=0.49
[prefill-layer-phase] chunk=0 start=0 layer=8 kind=gdn phase=gdn_alpha_beta gpu_ms=0.00
[prefill-layer-phase] chunk=0 start=0 layer=8 kind=gdn phase=gdn_prep_conv gpu_ms=0.43
[prefill-layer-phase] chunk=0 start=0 layer=8 kind=gdn phase=gdn_prep_l2 gpu_ms=0.04
[prefill-layer-phase] chunk=0 start=0 layer=8 kind=gdn phase=gdn_step gpu_ms=2.35
[prefill-layer-phase] chunk=0 start=0 layer=8 kind=gdn phase=gdn_gated gpu_ms=0.16
[prefill-layer-phase] chunk=0 start=0 layer=8 kind=gdn phase=gdn_back gpu_ms=5.15
[prefill-layer-phase] chunk=0 start=0 layer=8 kind=gdn phase=mixer_resid gpu_ms=0.09
[prefill-layer-phase] chunk=0 start=0 layer=8 kind=gdn phase=ffn_norm gpu_ms=0.05
[prefill-layer-phase] chunk=0 start=0 layer=8 kind=gdn phase=ffn_gate gpu_ms=13.99
[prefill-layer-phase] chunk=0 start=0 layer=8 kind=gdn phase=ffn_up gpu_ms=13.95
[prefill-layer-phase] chunk=0 start=0 layer=8 kind=gdn phase=ffn_swiglu gpu_ms=0.41
[prefill-layer-phase] chunk=0 start=0 layer=8 kind=gdn phase=ffn_down gpu_ms=14.20
[prefill-layer-phase] chunk=0 start=0 layer=8 kind=gdn phase=ffn_resid gpu_ms=0.09
[prefill-layer-phase] chunk=0 start=0 layer=9 kind=gdn phase=pre_norm gpu_ms=0.05
[prefill-layer-phase] chunk=0 start=0 layer=9 kind=gdn phase=gdn_qkv gpu_ms=8.26
[prefill-layer-phase] chunk=0 start=0 layer=9 kind=gdn phase=gdn_z gpu_ms=5.08
[prefill-layer-phase] chunk=0 start=0 layer=9 kind=gdn phase=gdn_beta_alpha gpu_ms=0.46
[prefill-layer-phase] chunk=0 start=0 layer=9 kind=gdn phase=gdn_alpha_beta gpu_ms=0.01
[prefill-layer-phase] chunk=0 start=0 layer=9 kind=gdn phase=gdn_prep_conv gpu_ms=0.44
[prefill-layer-phase] chunk=0 start=0 layer=9 kind=gdn phase=gdn_prep_l2 gpu_ms=0.04
[prefill-layer-phase] chunk=0 start=0 layer=9 kind=gdn phase=gdn_step gpu_ms=2.38
[prefill-layer-phase] chunk=0 start=0 layer=9 kind=gdn phase=gdn_gated gpu_ms=0.16
[prefill-layer-phase] chunk=0 start=0 layer=9 kind=gdn phase=gdn_back gpu_ms=5.13
[prefill-layer-phase] chunk=0 start=0 layer=9 kind=gdn phase=mixer_resid gpu_ms=0.09
[prefill-layer-phase] chunk=0 start=0 layer=9 kind=gdn phase=ffn_norm gpu_ms=0.05
[prefill-layer-phase] chunk=0 start=0 layer=9 kind=gdn phase=ffn_gate gpu_ms=14.07
[prefill-layer-phase] chunk=0 start=0 layer=9 kind=gdn phase=ffn_up gpu_ms=14.06
[prefill-layer-phase] chunk=0 start=0 layer=9 kind=gdn phase=ffn_swiglu gpu_ms=0.42
[prefill-layer-phase] chunk=0 start=0 layer=9 kind=gdn phase=ffn_down gpu_ms=14.09
[prefill-layer-phase] chunk=0 start=0 layer=9 kind=gdn phase=ffn_resid gpu_ms=0.09
[prefill-layer-phase] chunk=0 start=0 layer=10 kind=gdn phase=pre_norm gpu_ms=0.06
[prefill-layer-phase] chunk=0 start=0 layer=10 kind=gdn phase=gdn_qkv gpu_ms=8.32
[prefill-layer-phase] chunk=0 start=0 layer=10 kind=gdn phase=gdn_z gpu_ms=5.00
[prefill-layer-phase] chunk=0 start=0 layer=10 kind=gdn phase=gdn_beta_alpha gpu_ms=0.46
[prefill-layer-phase] chunk=0 start=0 layer=10 kind=gdn phase=gdn_alpha_beta gpu_ms=0.01
[prefill-layer-phase] chunk=0 start=0 layer=10 kind=gdn phase=gdn_prep_conv gpu_ms=0.43
[prefill-layer-phase] chunk=0 start=0 layer=10 kind=gdn phase=gdn_prep_l2 gpu_ms=0.04
[prefill-layer-phase] chunk=0 start=0 layer=10 kind=gdn phase=gdn_step gpu_ms=2.35
[prefill-layer-phase] chunk=0 start=0 layer=10 kind=gdn phase=gdn_gated gpu_ms=0.16
[prefill-layer-phase] chunk=0 start=0 layer=10 kind=gdn phase=gdn_back gpu_ms=5.05
[prefill-layer-phase] chunk=0 start=0 layer=10 kind=gdn phase=mixer_resid gpu_ms=0.09
[prefill-layer-phase] chunk=0 start=0 layer=10 kind=gdn phase=ffn_norm gpu_ms=0.06
[prefill-layer-phase] chunk=0 start=0 layer=10 kind=gdn phase=ffn_gate gpu_ms=14.05
[prefill-layer-phase] chunk=0 start=0 layer=10 kind=gdn phase=ffn_up gpu_ms=14.11
[prefill-layer-phase] chunk=0 start=0 layer=10 kind=gdn phase=ffn_swiglu gpu_ms=0.41
[prefill-layer-phase] chunk=0 start=0 layer=10 kind=gdn phase=ffn_down gpu_ms=14.32
[prefill-layer-phase] chunk=0 start=0 layer=10 kind=gdn phase=ffn_resid gpu_ms=0.09
[prefill-layer-phase] chunk=0 start=0 layer=11 kind=attn phase=pre_norm gpu_ms=0.05
[prefill-attn-phase] chunk=0 start=0 layer=11 phase=proj gpu_ms=11.78
[prefill-attn-phase] chunk=0 start=0 layer=11 phase=norm gpu_ms=0.44
[prefill-attn-phase] chunk=0 start=0 layer=11 phase=rope_scatter gpu_ms=0.09
[prefill-attn-matrix-g6-shape] layer=11 chunk_start=0 chunk_p=1024 query_rows=1024 query_tiles=1 n_pos=1024 score_tile_scratch_mib=51.00 vt_stride=1024 vt_layer_mib=2.00 vt_update_base=0 vt_update_rows=1024 vt_update_mib=2.00
[prefill-attn-phase] chunk=0 start=0 layer=11 phase=body_matrix_kq gpu_ms=0.56
[prefill-attn-phase] chunk=0 start=0 layer=11 phase=body_matrix_kqv gpu_ms=0.55
[prefill-layer-phase] chunk=0 start=0 layer=11 kind=attn phase=attn_back gpu_ms=5.01
[prefill-layer-phase] chunk=0 start=0 layer=11 kind=attn phase=mixer_resid gpu_ms=0.09
[prefill-layer-phase] chunk=0 start=0 layer=11 kind=attn phase=ffn_norm gpu_ms=0.05
[prefill-layer-phase] chunk=0 start=0 layer=11 kind=attn phase=ffn_gate gpu_ms=14.10
[prefill-layer-phase] chunk=0 start=0 layer=11 kind=attn phase=ffn_up gpu_ms=14.11
[prefill-layer-phase] chunk=0 start=0 layer=11 kind=attn phase=ffn_swiglu gpu_ms=0.41
[prefill-layer-phase] chunk=0 start=0 layer=11 kind=attn phase=ffn_down gpu_ms=14.26
[prefill-layer-phase] chunk=0 start=0 layer=11 kind=attn phase=ffn_resid gpu_ms=0.09
[prefill-layer-phase] chunk=0 start=0 layer=12 kind=gdn phase=pre_norm gpu_ms=0.05
[prefill-layer-phase] chunk=0 start=0 layer=12 kind=gdn phase=gdn_qkv gpu_ms=8.31
[prefill-layer-phase] chunk=0 start=0 layer=12 kind=gdn phase=gdn_z gpu_ms=4.97
[prefill-layer-phase] chunk=0 start=0 layer=12 kind=gdn phase=gdn_beta_alpha gpu_ms=0.48
[prefill-layer-phase] chunk=0 start=0 layer=12 kind=gdn phase=gdn_alpha_beta gpu_ms=0.01
[prefill-layer-phase] chunk=0 start=0 layer=12 kind=gdn phase=gdn_prep_conv gpu_ms=0.45
[prefill-layer-phase] chunk=0 start=0 layer=12 kind=gdn phase=gdn_prep_l2 gpu_ms=0.04
[prefill-layer-phase] chunk=0 start=0 layer=12 kind=gdn phase=gdn_step gpu_ms=2.34
[prefill-layer-phase] chunk=0 start=0 layer=12 kind=gdn phase=gdn_gated gpu_ms=0.16
[prefill-layer-phase] chunk=0 start=0 layer=12 kind=gdn phase=gdn_back gpu_ms=5.18
[prefill-layer-phase] chunk=0 start=0 layer=12 kind=gdn phase=mixer_resid gpu_ms=0.09
[prefill-layer-phase] chunk=0 start=0 layer=12 kind=gdn phase=ffn_norm gpu_ms=0.06
[prefill-layer-phase] chunk=0 start=0 layer=12 kind=gdn phase=ffn_gate gpu_ms=14.00
[prefill-layer-phase] chunk=0 start=0 layer=12 kind=gdn phase=ffn_up gpu_ms=14.12
[prefill-layer-phase] chunk=0 start=0 layer=12 kind=gdn phase=ffn_swiglu gpu_ms=0.41
[prefill-layer-phase] chunk=0 start=0 layer=12 kind=gdn phase=ffn_down gpu_ms=14.31
[prefill-layer-phase] chunk=0 start=0 layer=12 kind=gdn phase=ffn_resid gpu_ms=0.09
[prefill-layer-phase] chunk=0 start=0 layer=13 kind=gdn phase=pre_norm gpu_ms=0.05
[prefill-layer-phase] chunk=0 start=0 layer=13 kind=gdn phase=gdn_qkv gpu_ms=8.35
[prefill-layer-phase] chunk=0 start=0 layer=13 kind=gdn phase=gdn_z gpu_ms=5.13
[prefill-layer-phase] chunk=0 start=0 layer=13 kind=gdn phase=gdn_beta_alpha gpu_ms=0.46
[prefill-layer-phase] chunk=0 start=0 layer=13 kind=gdn phase=gdn_alpha_beta gpu_ms=0.01
[prefill-layer-phase] chunk=0 start=0 layer=13 kind=gdn phase=gdn_prep_conv gpu_ms=0.44
[prefill-layer-phase] chunk=0 start=0 layer=13 kind=gdn phase=gdn_prep_l2 gpu_ms=0.04
[prefill-layer-phase] chunk=0 start=0 layer=13 kind=gdn phase=gdn_step gpu_ms=2.32
[prefill-layer-phase] chunk=0 start=0 layer=13 kind=gdn phase=gdn_gated gpu_ms=0.16
[prefill-layer-phase] chunk=0 start=0 layer=13 kind=gdn phase=gdn_back gpu_ms=5.23
[prefill-layer-phase] chunk=0 start=0 layer=13 kind=gdn phase=mixer_resid gpu_ms=0.09
[prefill-layer-phase] chunk=0 start=0 layer=13 kind=gdn phase=ffn_norm gpu_ms=0.05
[prefill-layer-phase] chunk=0 start=0 layer=13 kind=gdn phase=ffn_gate gpu_ms=14.17
[prefill-layer-phase] chunk=0 start=0 layer=13 kind=gdn phase=ffn_up gpu_ms=14.09
[prefill-layer-phase] chunk=0 start=0 layer=13 kind=gdn phase=ffn_swiglu gpu_ms=0.41
[prefill-layer-phase] chunk=0 start=0 layer=13 kind=gdn phase=ffn_down gpu_ms=14.23
[prefill-layer-phase] chunk=0 start=0 layer=13 kind=gdn phase=ffn_resid gpu_ms=0.09
[prefill-layer-phase] chunk=0 start=0 layer=14 kind=gdn phase=pre_norm gpu_ms=0.05
[prefill-layer-phase] chunk=0 start=0 layer=14 kind=gdn phase=gdn_qkv gpu_ms=8.33
[prefill-layer-phase] chunk=0 start=0 layer=14 kind=gdn phase=gdn_z gpu_ms=5.08
[prefill-layer-phase] chunk=0 start=0 layer=14 kind=gdn phase=gdn_beta_alpha gpu_ms=0.46
[prefill-layer-phase] chunk=0 start=0 layer=14 kind=gdn phase=gdn_alpha_beta gpu_ms=0.01
[prefill-layer-phase] chunk=0 start=0 layer=14 kind=gdn phase=gdn_prep_conv gpu_ms=0.44
[prefill-layer-phase] chunk=0 start=0 layer=14 kind=gdn phase=gdn_prep_l2 gpu_ms=0.04
[prefill-layer-phase] chunk=0 start=0 layer=14 kind=gdn phase=gdn_step gpu_ms=2.45
[prefill-layer-phase] chunk=0 start=0 layer=14 kind=gdn phase=gdn_gated gpu_ms=0.15
[prefill-layer-phase] chunk=0 start=0 layer=14 kind=gdn phase=gdn_back gpu_ms=5.05
[prefill-layer-phase] chunk=0 start=0 layer=14 kind=gdn phase=mixer_resid gpu_ms=0.09
[prefill-layer-phase] chunk=0 start=0 layer=14 kind=gdn phase=ffn_norm gpu_ms=0.05
[prefill-layer-phase] chunk=0 start=0 layer=14 kind=gdn phase=ffn_gate gpu_ms=14.10
[prefill-layer-phase] chunk=0 start=0 layer=14 kind=gdn phase=ffn_up gpu_ms=14.20
[prefill-layer-phase] chunk=0 start=0 layer=14 kind=gdn phase=ffn_swiglu gpu_ms=0.41
[prefill-layer-phase] chunk=0 start=0 layer=14 kind=gdn phase=ffn_down gpu_ms=14.36
[prefill-layer-phase] chunk=0 start=0 layer=14 kind=gdn phase=ffn_resid gpu_ms=0.09
[prefill-layer-phase] chunk=0 start=0 layer=15 kind=attn phase=pre_norm gpu_ms=0.05
[prefill-attn-phase] chunk=0 start=0 layer=15 phase=proj gpu_ms=11.83
[prefill-attn-phase] chunk=0 start=0 layer=15 phase=norm gpu_ms=0.45
[prefill-attn-phase] chunk=0 start=0 layer=15 phase=rope_scatter gpu_ms=0.09
[prefill-attn-matrix-g6-shape] layer=15 chunk_start=0 chunk_p=1024 query_rows=1024 query_tiles=1 n_pos=1024 score_tile_scratch_mib=51.00 vt_stride=1024 vt_layer_mib=2.00 vt_update_base=0 vt_update_rows=1024 vt_update_mib=2.00
[prefill-attn-phase] chunk=0 start=0 layer=15 phase=body_matrix_kq gpu_ms=0.56
[prefill-attn-phase] chunk=0 start=0 layer=15 phase=body_matrix_kqv gpu_ms=0.55
[prefill-layer-phase] chunk=0 start=0 layer=15 kind=attn phase=attn_back gpu_ms=5.05
[prefill-layer-phase] chunk=0 start=0 layer=15 kind=attn phase=mixer_resid gpu_ms=0.09
[prefill-layer-phase] chunk=0 start=0 layer=15 kind=attn phase=ffn_norm gpu_ms=0.05
[prefill-layer-phase] chunk=0 start=0 layer=15 kind=attn phase=ffn_gate gpu_ms=14.18
[prefill-layer-phase] chunk=0 start=0 layer=15 kind=attn phase=ffn_up gpu_ms=14.22
[prefill-layer-phase] chunk=0 start=0 layer=15 kind=attn phase=ffn_swiglu gpu_ms=0.41
[prefill-layer-phase] chunk=0 start=0 layer=15 kind=attn phase=ffn_down gpu_ms=14.33
[prefill-layer-phase] chunk=0 start=0 layer=15 kind=attn phase=ffn_resid gpu_ms=0.09
[prefill-layer-phase] chunk=0 start=0 layer=16 kind=gdn phase=pre_norm gpu_ms=0.05
[prefill-layer-phase] chunk=0 start=0 layer=16 kind=gdn phase=gdn_qkv gpu_ms=8.38
[prefill-layer-phase] chunk=0 start=0 layer=16 kind=gdn phase=gdn_z gpu_ms=5.02
[prefill-layer-phase] chunk=0 start=0 layer=16 kind=gdn phase=gdn_beta_alpha gpu_ms=0.48
[prefill-layer-phase] chunk=0 start=0 layer=16 kind=gdn phase=gdn_alpha_beta gpu_ms=0.01
[prefill-layer-phase] chunk=0 start=0 layer=16 kind=gdn phase=gdn_prep_conv gpu_ms=0.45
[prefill-layer-phase] chunk=0 start=0 layer=16 kind=gdn phase=gdn_prep_l2 gpu_ms=0.04
[prefill-layer-phase] chunk=0 start=0 layer=16 kind=gdn phase=gdn_step gpu_ms=2.33
[prefill-layer-phase] chunk=0 start=0 layer=16 kind=gdn phase=gdn_gated gpu_ms=0.16
[prefill-layer-phase] chunk=0 start=0 layer=16 kind=gdn phase=gdn_back gpu_ms=5.23
[prefill-layer-phase] chunk=0 start=0 layer=16 kind=gdn phase=mixer_resid gpu_ms=0.09
[prefill-layer-phase] chunk=0 start=0 layer=16 kind=gdn phase=ffn_norm gpu_ms=0.06
[prefill-layer-phase] chunk=0 start=0 layer=16 kind=gdn phase=ffn_gate gpu_ms=14.09
[prefill-layer-phase] chunk=0 start=0 layer=16 kind=gdn phase=ffn_up gpu_ms=14.12
[prefill-layer-phase] chunk=0 start=0 layer=16 kind=gdn phase=ffn_swiglu gpu_ms=0.41
[prefill-layer-phase] chunk=0 start=0 layer=16 kind=gdn phase=ffn_down gpu_ms=14.41
[prefill-layer-phase] chunk=0 start=0 layer=16 kind=gdn phase=ffn_resid gpu_ms=0.09
[prefill-layer-phase] chunk=0 start=0 layer=17 kind=gdn phase=pre_norm gpu_ms=0.05
[prefill-layer-phase] chunk=0 start=0 layer=17 kind=gdn phase=gdn_qkv gpu_ms=8.34
[prefill-layer-phase] chunk=0 start=0 layer=17 kind=gdn phase=gdn_z gpu_ms=5.16
[prefill-layer-phase] chunk=0 start=0 layer=17 kind=gdn phase=gdn_beta_alpha gpu_ms=0.46
[prefill-layer-phase] chunk=0 start=0 layer=17 kind=gdn phase=gdn_alpha_beta gpu_ms=0.01
[prefill-layer-phase] chunk=0 start=0 layer=17 kind=gdn phase=gdn_prep_conv gpu_ms=0.52
[prefill-layer-phase] chunk=0 start=0 layer=17 kind=gdn phase=gdn_prep_l2 gpu_ms=0.04
[prefill-layer-phase] chunk=0 start=0 layer=17 kind=gdn phase=gdn_step gpu_ms=2.37
[prefill-layer-phase] chunk=0 start=0 layer=17 kind=gdn phase=gdn_gated gpu_ms=0.16
[prefill-layer-phase] chunk=0 start=0 layer=17 kind=gdn phase=gdn_back gpu_ms=5.11
[prefill-layer-phase] chunk=0 start=0 layer=17 kind=gdn phase=mixer_resid gpu_ms=0.09
[prefill-layer-phase] chunk=0 start=0 layer=17 kind=gdn phase=ffn_norm gpu_ms=0.05
[prefill-layer-phase] chunk=0 start=0 layer=17 kind=gdn phase=ffn_gate gpu_ms=13.94
[prefill-layer-phase] chunk=0 start=0 layer=17 kind=gdn phase=ffn_up gpu_ms=14.08
[prefill-layer-phase] chunk=0 start=0 layer=17 kind=gdn phase=ffn_swiglu gpu_ms=0.41
[prefill-layer-phase] chunk=0 start=0 layer=17 kind=gdn phase=ffn_down gpu_ms=14.26
[prefill-layer-phase] chunk=0 start=0 layer=17 kind=gdn phase=ffn_resid gpu_ms=0.09
[prefill-layer-phase] chunk=0 start=0 layer=18 kind=gdn phase=pre_norm gpu_ms=0.05
[prefill-layer-phase] chunk=0 start=0 layer=18 kind=gdn phase=gdn_qkv gpu_ms=8.28
[prefill-layer-phase] chunk=0 start=0 layer=18 kind=gdn phase=gdn_z gpu_ms=5.09
[prefill-layer-phase] chunk=0 start=0 layer=18 kind=gdn phase=gdn_beta_alpha gpu_ms=0.47
[prefill-layer-phase] chunk=0 start=0 layer=18 kind=gdn phase=gdn_alpha_beta gpu_ms=0.01
[prefill-layer-phase] chunk=0 start=0 layer=18 kind=gdn phase=gdn_prep_conv gpu_ms=0.44
[prefill-layer-phase] chunk=0 start=0 layer=18 kind=gdn phase=gdn_prep_l2 gpu_ms=0.04
[prefill-layer-phase] chunk=0 start=0 layer=18 kind=gdn phase=gdn_step gpu_ms=2.35
[prefill-layer-phase] chunk=0 start=0 layer=18 kind=gdn phase=gdn_gated gpu_ms=0.16
[prefill-layer-phase] chunk=0 start=0 layer=18 kind=gdn phase=gdn_back gpu_ms=5.17
[prefill-layer-phase] chunk=0 start=0 layer=18 kind=gdn phase=mixer_resid gpu_ms=0.09
[prefill-layer-phase] chunk=0 start=0 layer=18 kind=gdn phase=ffn_norm gpu_ms=0.05
[prefill-layer-phase] chunk=0 start=0 layer=18 kind=gdn phase=ffn_gate gpu_ms=14.07
[prefill-layer-phase] chunk=0 start=0 layer=18 kind=gdn phase=ffn_up gpu_ms=13.96
[prefill-layer-phase] chunk=0 start=0 layer=18 kind=gdn phase=ffn_swiglu gpu_ms=0.41
[prefill-layer-phase] chunk=0 start=0 layer=18 kind=gdn phase=ffn_down gpu_ms=14.19
[prefill-layer-phase] chunk=0 start=0 layer=18 kind=gdn phase=ffn_resid gpu_ms=0.09
[prefill-layer-phase] chunk=0 start=0 layer=19 kind=attn phase=pre_norm gpu_ms=0.05
[prefill-attn-phase] chunk=0 start=0 layer=19 phase=proj gpu_ms=11.92
[prefill-attn-phase] chunk=0 start=0 layer=19 phase=norm gpu_ms=0.44
[prefill-attn-phase] chunk=0 start=0 layer=19 phase=rope_scatter gpu_ms=0.09
[prefill-attn-matrix-g6-shape] layer=19 chunk_start=0 chunk_p=1024 query_rows=1024 query_tiles=1 n_pos=1024 score_tile_scratch_mib=51.00 vt_stride=1024 vt_layer_mib=2.00 vt_update_base=0 vt_update_rows=1024 vt_update_mib=2.00
[prefill-attn-phase] chunk=0 start=0 layer=19 phase=body_matrix_kq gpu_ms=0.52
[prefill-attn-phase] chunk=0 start=0 layer=19 phase=body_matrix_kqv gpu_ms=0.52
[prefill-layer-phase] chunk=0 start=0 layer=19 kind=attn phase=attn_back gpu_ms=5.17
[prefill-layer-phase] chunk=0 start=0 layer=19 kind=attn phase=mixer_resid gpu_ms=0.09
[prefill-layer-phase] chunk=0 start=0 layer=19 kind=attn phase=ffn_norm gpu_ms=0.05
[prefill-layer-phase] chunk=0 start=0 layer=19 kind=attn phase=ffn_gate gpu_ms=14.03
[prefill-layer-phase] chunk=0 start=0 layer=19 kind=attn phase=ffn_up gpu_ms=14.02
[prefill-layer-phase] chunk=0 start=0 layer=19 kind=attn phase=ffn_swiglu gpu_ms=0.41
[prefill-layer-phase] chunk=0 start=0 layer=19 kind=attn phase=ffn_down gpu_ms=14.32
[prefill-layer-phase] chunk=0 start=0 layer=19 kind=attn phase=ffn_resid gpu_ms=0.09
[prefill-layer-phase] chunk=0 start=0 layer=20 kind=gdn phase=pre_norm gpu_ms=0.05
[prefill-layer-phase] chunk=0 start=0 layer=20 kind=gdn phase=gdn_qkv gpu_ms=8.28
[prefill-layer-phase] chunk=0 start=0 layer=20 kind=gdn phase=gdn_z gpu_ms=5.11
[prefill-layer-phase] chunk=0 start=0 layer=20 kind=gdn phase=gdn_beta_alpha gpu_ms=0.46
[prefill-layer-phase] chunk=0 start=0 layer=20 kind=gdn phase=gdn_alpha_beta gpu_ms=0.01
[prefill-layer-phase] chunk=0 start=0 layer=20 kind=gdn phase=gdn_prep_conv gpu_ms=0.44
[prefill-layer-phase] chunk=0 start=0 layer=20 kind=gdn phase=gdn_prep_l2 gpu_ms=0.04
[prefill-layer-phase] chunk=0 start=0 layer=20 kind=gdn phase=gdn_step gpu_ms=2.27
[prefill-layer-phase] chunk=0 start=0 layer=20 kind=gdn phase=gdn_gated gpu_ms=0.16
[prefill-layer-phase] chunk=0 start=0 layer=20 kind=gdn phase=gdn_back gpu_ms=5.16
[prefill-layer-phase] chunk=0 start=0 layer=20 kind=gdn phase=mixer_resid gpu_ms=0.09
[prefill-layer-phase] chunk=0 start=0 layer=20 kind=gdn phase=ffn_norm gpu_ms=0.05
[prefill-layer-phase] chunk=0 start=0 layer=20 kind=gdn phase=ffn_gate gpu_ms=14.11
[prefill-layer-phase] chunk=0 start=0 layer=20 kind=gdn phase=ffn_up gpu_ms=14.09
[prefill-layer-phase] chunk=0 start=0 layer=20 kind=gdn phase=ffn_swiglu gpu_ms=0.41
[prefill-layer-phase] chunk=0 start=0 layer=20 kind=gdn phase=ffn_down gpu_ms=14.27
[prefill-layer-phase] chunk=0 start=0 layer=20 kind=gdn phase=ffn_resid gpu_ms=0.09
[prefill-layer-phase] chunk=0 start=0 layer=21 kind=gdn phase=pre_norm gpu_ms=0.06
[prefill-layer-phase] chunk=0 start=0 layer=21 kind=gdn phase=gdn_qkv gpu_ms=8.27
[prefill-layer-phase] chunk=0 start=0 layer=21 kind=gdn phase=gdn_z gpu_ms=5.07
[prefill-layer-phase] chunk=0 start=0 layer=21 kind=gdn phase=gdn_beta_alpha gpu_ms=0.48
[prefill-layer-phase] chunk=0 start=0 layer=21 kind=gdn phase=gdn_alpha_beta gpu_ms=0.01
[prefill-layer-phase] chunk=0 start=0 layer=21 kind=gdn phase=gdn_prep_conv gpu_ms=0.44
[prefill-layer-phase] chunk=0 start=0 layer=21 kind=gdn phase=gdn_prep_l2 gpu_ms=0.04
[prefill-layer-phase] chunk=0 start=0 layer=21 kind=gdn phase=gdn_step gpu_ms=2.29
[prefill-layer-phase] chunk=0 start=0 layer=21 kind=gdn phase=gdn_gated gpu_ms=0.15
[prefill-layer-phase] chunk=0 start=0 layer=21 kind=gdn phase=gdn_back gpu_ms=5.20
[prefill-layer-phase] chunk=0 start=0 layer=21 kind=gdn phase=mixer_resid gpu_ms=0.09
[prefill-layer-phase] chunk=0 start=0 layer=21 kind=gdn phase=ffn_norm gpu_ms=0.05
[prefill-layer-phase] chunk=0 start=0 layer=21 kind=gdn phase=ffn_gate gpu_ms=14.09
[prefill-layer-phase] chunk=0 start=0 layer=21 kind=gdn phase=ffn_up gpu_ms=13.98
[prefill-layer-phase] chunk=0 start=0 layer=21 kind=gdn phase=ffn_swiglu gpu_ms=0.41
[prefill-layer-phase] chunk=0 start=0 layer=21 kind=gdn phase=ffn_down gpu_ms=14.17
[prefill-layer-phase] chunk=0 start=0 layer=21 kind=gdn phase=ffn_resid gpu_ms=0.09
[prefill-layer-phase] chunk=0 start=0 layer=22 kind=gdn phase=pre_norm gpu_ms=0.05
[prefill-layer-phase] chunk=0 start=0 layer=22 kind=gdn phase=gdn_qkv gpu_ms=8.32
[prefill-layer-phase] chunk=0 start=0 layer=22 kind=gdn phase=gdn_z gpu_ms=5.09
[prefill-layer-phase] chunk=0 start=0 layer=22 kind=gdn phase=gdn_beta_alpha gpu_ms=0.46
[prefill-layer-phase] chunk=0 start=0 layer=22 kind=gdn phase=gdn_alpha_beta gpu_ms=0.01
[prefill-layer-phase] chunk=0 start=0 layer=22 kind=gdn phase=gdn_prep_conv gpu_ms=0.44
[prefill-layer-phase] chunk=0 start=0 layer=22 kind=gdn phase=gdn_prep_l2 gpu_ms=0.04
[prefill-layer-phase] chunk=0 start=0 layer=22 kind=gdn phase=gdn_step gpu_ms=2.35
[prefill-layer-phase] chunk=0 start=0 layer=22 kind=gdn phase=gdn_gated gpu_ms=0.16
[prefill-layer-phase] chunk=0 start=0 layer=22 kind=gdn phase=gdn_back gpu_ms=5.08
[prefill-layer-phase] chunk=0 start=0 layer=22 kind=gdn phase=mixer_resid gpu_ms=0.09
[prefill-layer-phase] chunk=0 start=0 layer=22 kind=gdn phase=ffn_norm gpu_ms=0.05
[prefill-layer-phase] chunk=0 start=0 layer=22 kind=gdn phase=ffn_gate gpu_ms=14.11
[prefill-layer-phase] chunk=0 start=0 layer=22 kind=gdn phase=ffn_up gpu_ms=14.11
[prefill-layer-phase] chunk=0 start=0 layer=22 kind=gdn phase=ffn_swiglu gpu_ms=0.41
[prefill-layer-phase] chunk=0 start=0 layer=22 kind=gdn phase=ffn_down gpu_ms=14.30
[prefill-layer-phase] chunk=0 start=0 layer=22 kind=gdn phase=ffn_resid gpu_ms=0.09
[prefill-layer-phase] chunk=0 start=0 layer=23 kind=attn phase=pre_norm gpu_ms=0.06
[prefill-attn-phase] chunk=0 start=0 layer=23 phase=proj gpu_ms=11.80
[prefill-attn-phase] chunk=0 start=0 layer=23 phase=norm gpu_ms=0.44
[prefill-attn-phase] chunk=0 start=0 layer=23 phase=rope_scatter gpu_ms=0.09
[prefill-attn-matrix-g6-shape] layer=23 chunk_start=0 chunk_p=1024 query_rows=1024 query_tiles=1 n_pos=1024 score_tile_scratch_mib=51.00 vt_stride=1024 vt_layer_mib=2.00 vt_update_base=0 vt_update_rows=1024 vt_update_mib=2.00
[prefill-attn-phase] chunk=0 start=0 layer=23 phase=body_matrix_kq gpu_ms=0.52
[prefill-attn-phase] chunk=0 start=0 layer=23 phase=body_matrix_kqv gpu_ms=0.55
[prefill-layer-phase] chunk=0 start=0 layer=23 kind=attn phase=attn_back gpu_ms=5.09
[prefill-layer-phase] chunk=0 start=0 layer=23 kind=attn phase=mixer_resid gpu_ms=0.09
[prefill-layer-phase] chunk=0 start=0 layer=23 kind=attn phase=ffn_norm gpu_ms=0.05
[prefill-layer-phase] chunk=0 start=0 layer=23 kind=attn phase=ffn_gate gpu_ms=14.12
[prefill-layer-phase] chunk=0 start=0 layer=23 kind=attn phase=ffn_up gpu_ms=14.15
[prefill-layer-phase] chunk=0 start=0 layer=23 kind=attn phase=ffn_swiglu gpu_ms=0.41
[prefill-layer-phase] chunk=0 start=0 layer=23 kind=attn phase=ffn_down gpu_ms=14.22
[prefill-layer-phase] chunk=0 start=0 layer=23 kind=attn phase=ffn_resid gpu_ms=0.09
[prefill-layer-phase] chunk=0 start=0 layer=24 kind=gdn phase=pre_norm gpu_ms=0.06
[prefill-layer-phase] chunk=0 start=0 layer=24 kind=gdn phase=gdn_qkv gpu_ms=8.30
[prefill-layer-phase] chunk=0 start=0 layer=24 kind=gdn phase=gdn_z gpu_ms=4.98
[prefill-layer-phase] chunk=0 start=0 layer=24 kind=gdn phase=gdn_beta_alpha gpu_ms=0.46
[prefill-layer-phase] chunk=0 start=0 layer=24 kind=gdn phase=gdn_alpha_beta gpu_ms=0.01
[prefill-layer-phase] chunk=0 start=0 layer=24 kind=gdn phase=gdn_prep_conv gpu_ms=0.45
[prefill-layer-phase] chunk=0 start=0 layer=24 kind=gdn phase=gdn_prep_l2 gpu_ms=0.04
[prefill-layer-phase] chunk=0 start=0 layer=24 kind=gdn phase=gdn_step gpu_ms=2.33
[prefill-layer-phase] chunk=0 start=0 layer=24 kind=gdn phase=gdn_gated gpu_ms=0.16
[prefill-layer-phase] chunk=0 start=0 layer=24 kind=gdn phase=gdn_back gpu_ms=5.11
[prefill-layer-phase] chunk=0 start=0 layer=24 kind=gdn phase=mixer_resid gpu_ms=0.09
[prefill-layer-phase] chunk=0 start=0 layer=24 kind=gdn phase=ffn_norm gpu_ms=0.06
[prefill-layer-phase] chunk=0 start=0 layer=24 kind=gdn phase=ffn_gate gpu_ms=14.05
[prefill-layer-phase] chunk=0 start=0 layer=24 kind=gdn phase=ffn_up gpu_ms=14.16
[prefill-layer-phase] chunk=0 start=0 layer=24 kind=gdn phase=ffn_swiglu gpu_ms=0.42
[prefill-layer-phase] chunk=0 start=0 layer=24 kind=gdn phase=ffn_down gpu_ms=14.31
[prefill-layer-phase] chunk=0 start=0 layer=24 kind=gdn phase=ffn_resid gpu_ms=0.09
[prefill-layer-phase] chunk=0 start=0 layer=25 kind=gdn phase=pre_norm gpu_ms=0.05
[prefill-layer-phase] chunk=0 start=0 layer=25 kind=gdn phase=gdn_qkv gpu_ms=8.35
[prefill-layer-phase] chunk=0 start=0 layer=25 kind=gdn phase=gdn_z gpu_ms=5.10
[prefill-layer-phase] chunk=0 start=0 layer=25 kind=gdn phase=gdn_beta_alpha gpu_ms=0.47
[prefill-layer-phase] chunk=0 start=0 layer=25 kind=gdn phase=gdn_alpha_beta gpu_ms=0.01
[prefill-layer-phase] chunk=0 start=0 layer=25 kind=gdn phase=gdn_prep_conv gpu_ms=0.44
[prefill-layer-phase] chunk=0 start=0 layer=25 kind=gdn phase=gdn_prep_l2 gpu_ms=0.04
[prefill-layer-phase] chunk=0 start=0 layer=25 kind=gdn phase=gdn_step gpu_ms=2.31
[prefill-layer-phase] chunk=0 start=0 layer=25 kind=gdn phase=gdn_gated gpu_ms=0.16
[prefill-layer-phase] chunk=0 start=0 layer=25 kind=gdn phase=gdn_back gpu_ms=5.23
[prefill-layer-phase] chunk=0 start=0 layer=25 kind=gdn phase=mixer_resid gpu_ms=0.09
[prefill-layer-phase] chunk=0 start=0 layer=25 kind=gdn phase=ffn_norm gpu_ms=0.05
[prefill-layer-phase] chunk=0 start=0 layer=25 kind=gdn phase=ffn_gate gpu_ms=14.17
[prefill-layer-phase] chunk=0 start=0 layer=25 kind=gdn phase=ffn_up gpu_ms=14.05
[prefill-layer-phase] chunk=0 start=0 layer=25 kind=gdn phase=ffn_swiglu gpu_ms=0.41
[prefill-layer-phase] chunk=0 start=0 layer=25 kind=gdn phase=ffn_down gpu_ms=14.21
[prefill-layer-phase] chunk=0 start=0 layer=25 kind=gdn phase=ffn_resid gpu_ms=0.09
[prefill-layer-phase] chunk=0 start=0 layer=26 kind=gdn phase=pre_norm gpu_ms=0.06
[prefill-layer-phase] chunk=0 start=0 layer=26 kind=gdn phase=gdn_qkv gpu_ms=8.30
[prefill-layer-phase] chunk=0 start=0 layer=26 kind=gdn phase=gdn_z gpu_ms=5.07
[prefill-layer-phase] chunk=0 start=0 layer=26 kind=gdn phase=gdn_beta_alpha gpu_ms=0.46
[prefill-layer-phase] chunk=0 start=0 layer=26 kind=gdn phase=gdn_alpha_beta gpu_ms=0.01
[prefill-layer-phase] chunk=0 start=0 layer=26 kind=gdn phase=gdn_prep_conv gpu_ms=0.44
[prefill-layer-phase] chunk=0 start=0 layer=26 kind=gdn phase=gdn_prep_l2 gpu_ms=0.04
[prefill-layer-phase] chunk=0 start=0 layer=26 kind=gdn phase=gdn_step gpu_ms=2.36
[prefill-layer-phase] chunk=0 start=0 layer=26 kind=gdn phase=gdn_gated gpu_ms=0.16
[prefill-layer-phase] chunk=0 start=0 layer=26 kind=gdn phase=gdn_back gpu_ms=5.06
[prefill-layer-phase] chunk=0 start=0 layer=26 kind=gdn phase=mixer_resid gpu_ms=0.09
[prefill-layer-phase] chunk=0 start=0 layer=26 kind=gdn phase=ffn_norm gpu_ms=0.05
[prefill-layer-phase] chunk=0 start=0 layer=26 kind=gdn phase=ffn_gate gpu_ms=14.14
[prefill-layer-phase] chunk=0 start=0 layer=26 kind=gdn phase=ffn_up gpu_ms=14.20
[prefill-layer-phase] chunk=0 start=0 layer=26 kind=gdn phase=ffn_swiglu gpu_ms=0.41
[prefill-layer-phase] chunk=0 start=0 layer=26 kind=gdn phase=ffn_down gpu_ms=14.36
[prefill-layer-phase] chunk=0 start=0 layer=26 kind=gdn phase=ffn_resid gpu_ms=0.09
[prefill-layer-phase] chunk=0 start=0 layer=27 kind=attn phase=pre_norm gpu_ms=0.06
[prefill-attn-phase] chunk=0 start=0 layer=27 phase=proj gpu_ms=11.83
[prefill-attn-phase] chunk=0 start=0 layer=27 phase=norm gpu_ms=0.44
[prefill-attn-phase] chunk=0 start=0 layer=27 phase=rope_scatter gpu_ms=0.09
[prefill-attn-matrix-g6-shape] layer=27 chunk_start=0 chunk_p=1024 query_rows=1024 query_tiles=1 n_pos=1024 score_tile_scratch_mib=51.00 vt_stride=1024 vt_layer_mib=2.00 vt_update_base=0 vt_update_rows=1024 vt_update_mib=2.00
[prefill-attn-phase] chunk=0 start=0 layer=27 phase=body_matrix_kq gpu_ms=0.56
[prefill-attn-phase] chunk=0 start=0 layer=27 phase=body_matrix_kqv gpu_ms=0.55
[prefill-layer-phase] chunk=0 start=0 layer=27 kind=attn phase=attn_back gpu_ms=5.08
[prefill-layer-phase] chunk=0 start=0 layer=27 kind=attn phase=mixer_resid gpu_ms=0.09
[prefill-layer-phase] chunk=0 start=0 layer=27 kind=attn phase=ffn_norm gpu_ms=0.05
[prefill-layer-phase] chunk=0 start=0 layer=27 kind=attn phase=ffn_gate gpu_ms=14.22
[prefill-layer-phase] chunk=0 start=0 layer=27 kind=attn phase=ffn_up gpu_ms=14.22
[prefill-layer-phase] chunk=0 start=0 layer=27 kind=attn phase=ffn_swiglu gpu_ms=0.41
[prefill-layer-phase] chunk=0 start=0 layer=27 kind=attn phase=ffn_down gpu_ms=14.30
[prefill-layer-phase] chunk=0 start=0 layer=27 kind=attn phase=ffn_resid gpu_ms=0.09
[prefill-layer-phase] chunk=0 start=0 layer=28 kind=gdn phase=pre_norm gpu_ms=0.05
[prefill-layer-phase] chunk=0 start=0 layer=28 kind=gdn phase=gdn_qkv gpu_ms=8.38
[prefill-layer-phase] chunk=0 start=0 layer=28 kind=gdn phase=gdn_z gpu_ms=4.97
[prefill-layer-phase] chunk=0 start=0 layer=28 kind=gdn phase=gdn_beta_alpha gpu_ms=0.46
[prefill-layer-phase] chunk=0 start=0 layer=28 kind=gdn phase=gdn_alpha_beta gpu_ms=0.01
[prefill-layer-phase] chunk=0 start=0 layer=28 kind=gdn phase=gdn_prep_conv gpu_ms=0.44
[prefill-layer-phase] chunk=0 start=0 layer=28 kind=gdn phase=gdn_prep_l2 gpu_ms=0.04
[prefill-layer-phase] chunk=0 start=0 layer=28 kind=gdn phase=gdn_step gpu_ms=2.36
[prefill-layer-phase] chunk=0 start=0 layer=28 kind=gdn phase=gdn_gated gpu_ms=0.16
[prefill-layer-phase] chunk=0 start=0 layer=28 kind=gdn phase=gdn_back gpu_ms=5.13
[prefill-layer-phase] chunk=0 start=0 layer=28 kind=gdn phase=mixer_resid gpu_ms=0.09
[prefill-layer-phase] chunk=0 start=0 layer=28 kind=gdn phase=ffn_norm gpu_ms=0.05
[prefill-layer-phase] chunk=0 start=0 layer=28 kind=gdn phase=ffn_gate gpu_ms=14.16
[prefill-layer-phase] chunk=0 start=0 layer=28 kind=gdn phase=ffn_up gpu_ms=14.17
[prefill-layer-phase] chunk=0 start=0 layer=28 kind=gdn phase=ffn_swiglu gpu_ms=0.42
[prefill-layer-phase] chunk=0 start=0 layer=28 kind=gdn phase=ffn_down gpu_ms=14.38
[prefill-layer-phase] chunk=0 start=0 layer=28 kind=gdn phase=ffn_resid gpu_ms=0.09
[prefill-layer-phase] chunk=0 start=0 layer=29 kind=gdn phase=pre_norm gpu_ms=0.05
[prefill-layer-phase] chunk=0 start=0 layer=29 kind=gdn phase=gdn_qkv gpu_ms=8.30
[prefill-layer-phase] chunk=0 start=0 layer=29 kind=gdn phase=gdn_z gpu_ms=5.00
[prefill-layer-phase] chunk=0 start=0 layer=29 kind=gdn phase=gdn_beta_alpha gpu_ms=0.48
[prefill-layer-phase] chunk=0 start=0 layer=29 kind=gdn phase=gdn_alpha_beta gpu_ms=0.01
[prefill-layer-phase] chunk=0 start=0 layer=29 kind=gdn phase=gdn_prep_conv gpu_ms=0.45
[prefill-layer-phase] chunk=0 start=0 layer=29 kind=gdn phase=gdn_prep_l2 gpu_ms=0.04
[prefill-layer-phase] chunk=0 start=0 layer=29 kind=gdn phase=gdn_step gpu_ms=2.27
[prefill-layer-phase] chunk=0 start=0 layer=29 kind=gdn phase=gdn_gated gpu_ms=0.16
[prefill-layer-phase] chunk=0 start=0 layer=29 kind=gdn phase=gdn_back gpu_ms=5.22
[prefill-layer-phase] chunk=0 start=0 layer=29 kind=gdn phase=mixer_resid gpu_ms=0.09
[prefill-layer-phase] chunk=0 start=0 layer=29 kind=gdn phase=ffn_norm gpu_ms=0.05
[prefill-layer-phase] chunk=0 start=0 layer=29 kind=gdn phase=ffn_gate gpu_ms=14.05
[prefill-layer-phase] chunk=0 start=0 layer=29 kind=gdn phase=ffn_up gpu_ms=14.08
[prefill-layer-phase] chunk=0 start=0 layer=29 kind=gdn phase=ffn_swiglu gpu_ms=0.42
[prefill-layer-phase] chunk=0 start=0 layer=29 kind=gdn phase=ffn_down gpu_ms=14.33
[prefill-layer-phase] chunk=0 start=0 layer=29 kind=gdn phase=ffn_resid gpu_ms=0.09
[prefill-layer-phase] chunk=0 start=0 layer=30 kind=gdn phase=pre_norm gpu_ms=0.05
[prefill-layer-phase] chunk=0 start=0 layer=30 kind=gdn phase=gdn_qkv gpu_ms=8.34
[prefill-layer-phase] chunk=0 start=0 layer=30 kind=gdn phase=gdn_z gpu_ms=5.16
[prefill-layer-phase] chunk=0 start=0 layer=30 kind=gdn phase=gdn_beta_alpha gpu_ms=0.50
[prefill-layer-phase] chunk=0 start=0 layer=30 kind=gdn phase=gdn_alpha_beta gpu_ms=0.01
[prefill-layer-phase] chunk=0 start=0 layer=30 kind=gdn phase=gdn_prep_conv gpu_ms=0.43
[prefill-layer-phase] chunk=0 start=0 layer=30 kind=gdn phase=gdn_prep_l2 gpu_ms=0.04
[prefill-layer-phase] chunk=0 start=0 layer=30 kind=gdn phase=gdn_step gpu_ms=2.35
[prefill-layer-phase] chunk=0 start=0 layer=30 kind=gdn phase=gdn_gated gpu_ms=0.16
[prefill-layer-phase] chunk=0 start=0 layer=30 kind=gdn phase=gdn_back gpu_ms=5.19
[prefill-layer-phase] chunk=0 start=0 layer=30 kind=gdn phase=mixer_resid gpu_ms=0.09
[prefill-layer-phase] chunk=0 start=0 layer=30 kind=gdn phase=ffn_norm gpu_ms=0.05
[prefill-layer-phase] chunk=0 start=0 layer=30 kind=gdn phase=ffn_gate gpu_ms=14.17
[prefill-layer-phase] chunk=0 start=0 layer=30 kind=gdn phase=ffn_up gpu_ms=14.17
[prefill-layer-phase] chunk=0 start=0 layer=30 kind=gdn phase=ffn_swiglu gpu_ms=0.42
[prefill-layer-phase] chunk=0 start=0 layer=30 kind=gdn phase=ffn_down gpu_ms=14.23
[prefill-layer-phase] chunk=0 start=0 layer=30 kind=gdn phase=ffn_resid gpu_ms=0.09
[prefill-layer-phase] chunk=0 start=0 layer=31 kind=attn phase=pre_norm gpu_ms=0.06
[prefill-attn-phase] chunk=0 start=0 layer=31 phase=proj gpu_ms=11.92
[prefill-attn-phase] chunk=0 start=0 layer=31 phase=norm gpu_ms=0.44
[prefill-attn-phase] chunk=0 start=0 layer=31 phase=rope_scatter gpu_ms=0.09
[prefill-attn-matrix-g6-shape] layer=31 chunk_start=0 chunk_p=1024 query_rows=1024 query_tiles=1 n_pos=1024 score_tile_scratch_mib=51.00 vt_stride=1024 vt_layer_mib=2.00 vt_update_base=0 vt_update_rows=1024 vt_update_mib=2.00
[prefill-attn-phase] chunk=0 start=0 layer=31 phase=body_matrix_kq gpu_ms=0.52
[prefill-attn-phase] chunk=0 start=0 layer=31 phase=body_matrix_kqv gpu_ms=0.51
[prefill-layer-phase] chunk=0 start=0 layer=31 kind=attn phase=attn_back gpu_ms=5.21
[prefill-layer-phase] chunk=0 start=0 layer=31 kind=attn phase=mixer_resid gpu_ms=0.09
[prefill-layer-phase] chunk=0 start=0 layer=31 kind=attn phase=ffn_norm gpu_ms=0.05
[prefill-layer-phase] chunk=0 start=0 layer=31 kind=attn phase=ffn_gate gpu_ms=14.22
[prefill-layer-phase] chunk=0 start=0 layer=31 kind=attn phase=ffn_up gpu_ms=14.12
[prefill-layer-phase] chunk=0 start=0 layer=31 kind=attn phase=ffn_swiglu gpu_ms=0.42
[prefill-layer-phase] chunk=0 start=0 layer=31 kind=attn phase=ffn_down gpu_ms=14.38
[prefill-layer-phase] chunk=0 start=0 layer=31 kind=attn phase=ffn_resid gpu_ms=0.09
[prefill-layer-phase] chunk=0 start=0 layer=32 kind=gdn phase=pre_norm gpu_ms=0.05
[prefill-layer-phase] chunk=0 start=0 layer=32 kind=gdn phase=gdn_qkv gpu_ms=8.30
[prefill-layer-phase] chunk=0 start=0 layer=32 kind=gdn phase=gdn_z gpu_ms=5.12
[prefill-layer-phase] chunk=0 start=0 layer=32 kind=gdn phase=gdn_beta_alpha gpu_ms=0.47
[prefill-layer-phase] chunk=0 start=0 layer=32 kind=gdn phase=gdn_alpha_beta gpu_ms=0.01
[prefill-layer-phase] chunk=0 start=0 layer=32 kind=gdn phase=gdn_prep_conv gpu_ms=0.43
[prefill-layer-phase] chunk=0 start=0 layer=32 kind=gdn phase=gdn_prep_l2 gpu_ms=0.04
[prefill-layer-phase] chunk=0 start=0 layer=32 kind=gdn phase=gdn_step gpu_ms=2.30
[prefill-layer-phase] chunk=0 start=0 layer=32 kind=gdn phase=gdn_gated gpu_ms=0.16
[prefill-layer-phase] chunk=0 start=0 layer=32 kind=gdn phase=gdn_back gpu_ms=5.23
[prefill-layer-phase] chunk=0 start=0 layer=32 kind=gdn phase=mixer_resid gpu_ms=0.09
[prefill-layer-phase] chunk=0 start=0 layer=32 kind=gdn phase=ffn_norm gpu_ms=0.05
[prefill-layer-phase] chunk=0 start=0 layer=32 kind=gdn phase=ffn_gate gpu_ms=14.18
[prefill-layer-phase] chunk=0 start=0 layer=32 kind=gdn phase=ffn_up gpu_ms=14.03
[prefill-layer-phase] chunk=0 start=0 layer=32 kind=gdn phase=ffn_swiglu gpu_ms=0.41
[prefill-layer-phase] chunk=0 start=0 layer=32 kind=gdn phase=ffn_down gpu_ms=14.26
[prefill-layer-phase] chunk=0 start=0 layer=32 kind=gdn phase=ffn_resid gpu_ms=0.09
[prefill-layer-phase] chunk=0 start=0 layer=33 kind=gdn phase=pre_norm gpu_ms=0.05
[prefill-layer-phase] chunk=0 start=0 layer=33 kind=gdn phase=gdn_qkv gpu_ms=8.33
[prefill-layer-phase] chunk=0 start=0 layer=33 kind=gdn phase=gdn_z gpu_ms=5.11
[prefill-layer-phase] chunk=0 start=0 layer=33 kind=gdn phase=gdn_beta_alpha gpu_ms=0.47
[prefill-layer-phase] chunk=0 start=0 layer=33 kind=gdn phase=gdn_alpha_beta gpu_ms=0.01
[prefill-layer-phase] chunk=0 start=0 layer=33 kind=gdn phase=gdn_prep_conv gpu_ms=0.43
[prefill-layer-phase] chunk=0 start=0 layer=33 kind=gdn phase=gdn_prep_l2 gpu_ms=0.04
[prefill-layer-phase] chunk=0 start=0 layer=33 kind=gdn phase=gdn_step gpu_ms=2.43
[prefill-layer-phase] chunk=0 start=0 layer=33 kind=gdn phase=gdn_gated gpu_ms=0.16
[prefill-layer-phase] chunk=0 start=0 layer=33 kind=gdn phase=gdn_back gpu_ms=5.07
[prefill-layer-phase] chunk=0 start=0 layer=33 kind=gdn phase=mixer_resid gpu_ms=0.09
[prefill-layer-phase] chunk=0 start=0 layer=33 kind=gdn phase=ffn_norm gpu_ms=0.05
[prefill-layer-phase] chunk=0 start=0 layer=33 kind=gdn phase=ffn_gate gpu_ms=14.16
[prefill-layer-phase] chunk=0 start=0 layer=33 kind=gdn phase=ffn_up gpu_ms=14.19
[prefill-layer-phase] chunk=0 start=0 layer=33 kind=gdn phase=ffn_swiglu gpu_ms=0.41
[prefill-layer-phase] chunk=0 start=0 layer=33 kind=gdn phase=ffn_down gpu_ms=14.34
[prefill-layer-phase] chunk=0 start=0 layer=33 kind=gdn phase=ffn_resid gpu_ms=0.09
[prefill-layer-phase] chunk=0 start=0 layer=34 kind=gdn phase=pre_norm gpu_ms=0.05
[prefill-layer-phase] chunk=0 start=0 layer=34 kind=gdn phase=gdn_qkv gpu_ms=8.38
[prefill-layer-phase] chunk=0 start=0 layer=34 kind=gdn phase=gdn_z gpu_ms=4.99
[prefill-layer-phase] chunk=0 start=0 layer=34 kind=gdn phase=gdn_beta_alpha gpu_ms=0.49
[prefill-layer-phase] chunk=0 start=0 layer=34 kind=gdn phase=gdn_alpha_beta gpu_ms=0.01
[prefill-layer-phase] chunk=0 start=0 layer=34 kind=gdn phase=gdn_prep_conv gpu_ms=0.45
[prefill-layer-phase] chunk=0 start=0 layer=34 kind=gdn phase=gdn_prep_l2 gpu_ms=0.04
[prefill-layer-phase] chunk=0 start=0 layer=34 kind=gdn phase=gdn_step gpu_ms=2.36
[prefill-layer-phase] chunk=0 start=0 layer=34 kind=gdn phase=gdn_gated gpu_ms=0.16
[prefill-layer-phase] chunk=0 start=0 layer=34 kind=gdn phase=gdn_back gpu_ms=5.22
[prefill-layer-phase] chunk=0 start=0 layer=34 kind=gdn phase=mixer_resid gpu_ms=0.09
[prefill-layer-phase] chunk=0 start=0 layer=34 kind=gdn phase=ffn_norm gpu_ms=0.05
[prefill-layer-phase] chunk=0 start=0 layer=34 kind=gdn phase=ffn_gate gpu_ms=14.07
[prefill-layer-phase] chunk=0 start=0 layer=34 kind=gdn phase=ffn_up gpu_ms=14.14
[prefill-layer-phase] chunk=0 start=0 layer=34 kind=gdn phase=ffn_swiglu gpu_ms=0.41
[prefill-layer-phase] chunk=0 start=0 layer=34 kind=gdn phase=ffn_down gpu_ms=14.42
[prefill-layer-phase] chunk=0 start=0 layer=34 kind=gdn phase=ffn_resid gpu_ms=0.09
[prefill-layer-phase] chunk=0 start=0 layer=35 kind=attn phase=pre_norm gpu_ms=0.05
[prefill-attn-phase] chunk=0 start=0 layer=35 phase=proj gpu_ms=11.98
[prefill-attn-phase] chunk=0 start=0 layer=35 phase=norm gpu_ms=0.45
[prefill-attn-phase] chunk=0 start=0 layer=35 phase=rope_scatter gpu_ms=0.09
[prefill-attn-matrix-g6-shape] layer=35 chunk_start=0 chunk_p=1024 query_rows=1024 query_tiles=1 n_pos=1024 score_tile_scratch_mib=51.00 vt_stride=1024 vt_layer_mib=2.00 vt_update_base=0 vt_update_rows=1024 vt_update_mib=2.00
[prefill-attn-phase] chunk=0 start=0 layer=35 phase=body_matrix_kq gpu_ms=0.53
[prefill-attn-phase] chunk=0 start=0 layer=35 phase=body_matrix_kqv gpu_ms=0.51
[prefill-layer-phase] chunk=0 start=0 layer=35 kind=attn phase=attn_back gpu_ms=5.14
[prefill-layer-phase] chunk=0 start=0 layer=35 kind=attn phase=mixer_resid gpu_ms=0.09
[prefill-layer-phase] chunk=0 start=0 layer=35 kind=attn phase=ffn_norm gpu_ms=0.05
[prefill-layer-phase] chunk=0 start=0 layer=35 kind=attn phase=ffn_gate gpu_ms=14.17
[prefill-layer-phase] chunk=0 start=0 layer=35 kind=attn phase=ffn_up gpu_ms=14.15
[prefill-layer-phase] chunk=0 start=0 layer=35 kind=attn phase=ffn_swiglu gpu_ms=0.41
[prefill-layer-phase] chunk=0 start=0 layer=35 kind=attn phase=ffn_down gpu_ms=14.24
[prefill-layer-phase] chunk=0 start=0 layer=35 kind=attn phase=ffn_resid gpu_ms=0.09
[prefill-layer-phase] chunk=0 start=0 layer=36 kind=gdn phase=pre_norm gpu_ms=0.05
[prefill-layer-phase] chunk=0 start=0 layer=36 kind=gdn phase=gdn_qkv gpu_ms=8.33
[prefill-layer-phase] chunk=0 start=0 layer=36 kind=gdn phase=gdn_z gpu_ms=5.01
[prefill-layer-phase] chunk=0 start=0 layer=36 kind=gdn phase=gdn_beta_alpha gpu_ms=0.47
[prefill-layer-phase] chunk=0 start=0 layer=36 kind=gdn phase=gdn_alpha_beta gpu_ms=0.01
[prefill-layer-phase] chunk=0 start=0 layer=36 kind=gdn phase=gdn_prep_conv gpu_ms=0.45
[prefill-layer-phase] chunk=0 start=0 layer=36 kind=gdn phase=gdn_prep_l2 gpu_ms=0.04
[prefill-layer-phase] chunk=0 start=0 layer=36 kind=gdn phase=gdn_step gpu_ms=2.35
[prefill-layer-phase] chunk=0 start=0 layer=36 kind=gdn phase=gdn_gated gpu_ms=0.16
[prefill-layer-phase] chunk=0 start=0 layer=36 kind=gdn phase=gdn_back gpu_ms=5.11
[prefill-layer-phase] chunk=0 start=0 layer=36 kind=gdn phase=mixer_resid gpu_ms=0.09
[prefill-layer-phase] chunk=0 start=0 layer=36 kind=gdn phase=ffn_norm gpu_ms=0.05
[prefill-layer-phase] chunk=0 start=0 layer=36 kind=gdn phase=ffn_gate gpu_ms=14.07
[prefill-layer-phase] chunk=0 start=0 layer=36 kind=gdn phase=ffn_up gpu_ms=14.22
[prefill-layer-phase] chunk=0 start=0 layer=36 kind=gdn phase=ffn_swiglu gpu_ms=0.41
[prefill-layer-phase] chunk=0 start=0 layer=36 kind=gdn phase=ffn_down gpu_ms=14.37
[prefill-layer-phase] chunk=0 start=0 layer=36 kind=gdn phase=ffn_resid gpu_ms=0.09
[prefill-layer-phase] chunk=0 start=0 layer=37 kind=gdn phase=pre_norm gpu_ms=0.05
[prefill-layer-phase] chunk=0 start=0 layer=37 kind=gdn phase=gdn_qkv gpu_ms=8.38
[prefill-layer-phase] chunk=0 start=0 layer=37 kind=gdn phase=gdn_z gpu_ms=5.12
[prefill-layer-phase] chunk=0 start=0 layer=37 kind=gdn phase=gdn_beta_alpha gpu_ms=0.48
[prefill-layer-phase] chunk=0 start=0 layer=37 kind=gdn phase=gdn_alpha_beta gpu_ms=0.01
[prefill-layer-phase] chunk=0 start=0 layer=37 kind=gdn phase=gdn_prep_conv gpu_ms=0.44
[prefill-layer-phase] chunk=0 start=0 layer=37 kind=gdn phase=gdn_prep_l2 gpu_ms=0.04
[prefill-layer-phase] chunk=0 start=0 layer=37 kind=gdn phase=gdn_step gpu_ms=2.25
[prefill-layer-phase] chunk=0 start=0 layer=37 kind=gdn phase=gdn_gated gpu_ms=0.16
[prefill-layer-phase] chunk=0 start=0 layer=37 kind=gdn phase=gdn_back gpu_ms=5.26
[prefill-layer-phase] chunk=0 start=0 layer=37 kind=gdn phase=mixer_resid gpu_ms=0.09
[prefill-layer-phase] chunk=0 start=0 layer=37 kind=gdn phase=ffn_norm gpu_ms=0.05
[prefill-layer-phase] chunk=0 start=0 layer=37 kind=gdn phase=ffn_gate gpu_ms=14.19
[prefill-layer-phase] chunk=0 start=0 layer=37 kind=gdn phase=ffn_up gpu_ms=14.05
[prefill-layer-phase] chunk=0 start=0 layer=37 kind=gdn phase=ffn_swiglu gpu_ms=0.41
[prefill-layer-phase] chunk=0 start=0 layer=37 kind=gdn phase=ffn_down gpu_ms=14.33
[prefill-layer-phase] chunk=0 start=0 layer=37 kind=gdn phase=ffn_resid gpu_ms=0.09
[prefill-layer-phase] chunk=0 start=0 layer=38 kind=gdn phase=pre_norm gpu_ms=0.06
[prefill-layer-phase] chunk=0 start=0 layer=38 kind=gdn phase=gdn_qkv gpu_ms=8.33
[prefill-layer-phase] chunk=0 start=0 layer=38 kind=gdn phase=gdn_z gpu_ms=5.11
[prefill-layer-phase] chunk=0 start=0 layer=38 kind=gdn phase=gdn_beta_alpha gpu_ms=0.47
[prefill-layer-phase] chunk=0 start=0 layer=38 kind=gdn phase=gdn_alpha_beta gpu_ms=0.01
[prefill-layer-phase] chunk=0 start=0 layer=38 kind=gdn phase=gdn_prep_conv gpu_ms=0.43
[prefill-layer-phase] chunk=0 start=0 layer=38 kind=gdn phase=gdn_prep_l2 gpu_ms=0.04
[prefill-layer-phase] chunk=0 start=0 layer=38 kind=gdn phase=gdn_step gpu_ms=2.47
[prefill-layer-phase] chunk=0 start=0 layer=38 kind=gdn phase=gdn_gated gpu_ms=0.16
[prefill-layer-phase] chunk=0 start=0 layer=38 kind=gdn phase=gdn_back gpu_ms=5.09
[prefill-layer-phase] chunk=0 start=0 layer=38 kind=gdn phase=mixer_resid gpu_ms=0.09
[prefill-layer-phase] chunk=0 start=0 layer=38 kind=gdn phase=ffn_norm gpu_ms=0.06
[prefill-layer-phase] chunk=0 start=0 layer=38 kind=gdn phase=ffn_gate gpu_ms=14.20
[prefill-layer-phase] chunk=0 start=0 layer=38 kind=gdn phase=ffn_up gpu_ms=14.22
[prefill-layer-phase] chunk=0 start=0 layer=38 kind=gdn phase=ffn_swiglu gpu_ms=0.41
[prefill-layer-phase] chunk=0 start=0 layer=38 kind=gdn phase=ffn_down gpu_ms=14.33
[prefill-layer-phase] chunk=0 start=0 layer=38 kind=gdn phase=ffn_resid gpu_ms=0.09
[prefill-layer-phase] chunk=0 start=0 layer=39 kind=attn phase=pre_norm gpu_ms=0.06
[prefill-attn-phase] chunk=0 start=0 layer=39 phase=proj gpu_ms=11.82
[prefill-attn-phase] chunk=0 start=0 layer=39 phase=norm gpu_ms=0.44
[prefill-attn-phase] chunk=0 start=0 layer=39 phase=rope_scatter gpu_ms=0.09
[prefill-attn-matrix-g6-shape] layer=39 chunk_start=0 chunk_p=1024 query_rows=1024 query_tiles=1 n_pos=1024 score_tile_scratch_mib=51.00 vt_stride=1024 vt_layer_mib=2.00 vt_update_base=0 vt_update_rows=1024 vt_update_mib=2.00
[prefill-attn-phase] chunk=0 start=0 layer=39 phase=body_matrix_kq gpu_ms=0.56
[prefill-attn-phase] chunk=0 start=0 layer=39 phase=body_matrix_kqv gpu_ms=0.55
[prefill-layer-phase] chunk=0 start=0 layer=39 kind=attn phase=attn_back gpu_ms=5.08
[prefill-layer-phase] chunk=0 start=0 layer=39 kind=attn phase=mixer_resid gpu_ms=0.09
[prefill-layer-phase] chunk=0 start=0 layer=39 kind=attn phase=ffn_norm gpu_ms=0.05
[prefill-layer-phase] chunk=0 start=0 layer=39 kind=attn phase=ffn_gate gpu_ms=14.23
[prefill-layer-phase] chunk=0 start=0 layer=39 kind=attn phase=ffn_up gpu_ms=14.24
[prefill-layer-phase] chunk=0 start=0 layer=39 kind=attn phase=ffn_swiglu gpu_ms=0.41
[prefill-layer-phase] chunk=0 start=0 layer=39 kind=attn phase=ffn_down gpu_ms=14.33
[prefill-layer-phase] chunk=0 start=0 layer=39 kind=attn phase=ffn_resid gpu_ms=0.09
[prefill-layer-phase] chunk=0 start=0 layer=40 kind=gdn phase=pre_norm gpu_ms=0.05
[prefill-layer-phase] chunk=0 start=0 layer=40 kind=gdn phase=gdn_qkv gpu_ms=8.39
[prefill-layer-phase] chunk=0 start=0 layer=40 kind=gdn phase=gdn_z gpu_ms=4.97
[prefill-layer-phase] chunk=0 start=0 layer=40 kind=gdn phase=gdn_beta_alpha gpu_ms=0.48
[prefill-layer-phase] chunk=0 start=0 layer=40 kind=gdn phase=gdn_alpha_beta gpu_ms=0.01
[prefill-layer-phase] chunk=0 start=0 layer=40 kind=gdn phase=gdn_prep_conv gpu_ms=0.46
[prefill-layer-phase] chunk=0 start=0 layer=40 kind=gdn phase=gdn_prep_l2 gpu_ms=0.04
[prefill-layer-phase] chunk=0 start=0 layer=40 kind=gdn phase=gdn_step gpu_ms=2.37
[prefill-layer-phase] chunk=0 start=0 layer=40 kind=gdn phase=gdn_gated gpu_ms=0.16
[prefill-layer-phase] chunk=0 start=0 layer=40 kind=gdn phase=gdn_back gpu_ms=5.19
[prefill-layer-phase] chunk=0 start=0 layer=40 kind=gdn phase=mixer_resid gpu_ms=0.09
[prefill-layer-phase] chunk=0 start=0 layer=40 kind=gdn phase=ffn_norm gpu_ms=0.05
[prefill-layer-phase] chunk=0 start=0 layer=40 kind=gdn phase=ffn_gate gpu_ms=14.10
[prefill-layer-phase] chunk=0 start=0 layer=40 kind=gdn phase=ffn_up gpu_ms=14.15
[prefill-layer-phase] chunk=0 start=0 layer=40 kind=gdn phase=ffn_swiglu gpu_ms=0.41
[prefill-layer-phase] chunk=0 start=0 layer=40 kind=gdn phase=ffn_down gpu_ms=14.40
[prefill-layer-phase] chunk=0 start=0 layer=40 kind=gdn phase=ffn_resid gpu_ms=0.09
[prefill-layer-phase] chunk=0 start=0 layer=41 kind=gdn phase=pre_norm gpu_ms=0.05
[prefill-layer-phase] chunk=0 start=0 layer=41 kind=gdn phase=gdn_qkv gpu_ms=8.36
[prefill-layer-phase] chunk=0 start=0 layer=41 kind=gdn phase=gdn_z gpu_ms=5.18
[prefill-layer-phase] chunk=0 start=0 layer=41 kind=gdn phase=gdn_beta_alpha gpu_ms=0.46
[prefill-layer-phase] chunk=0 start=0 layer=41 kind=gdn phase=gdn_alpha_beta gpu_ms=0.01
[prefill-layer-phase] chunk=0 start=0 layer=41 kind=gdn phase=gdn_prep_conv gpu_ms=0.44
[prefill-layer-phase] chunk=0 start=0 layer=41 kind=gdn phase=gdn_prep_l2 gpu_ms=0.04
[prefill-layer-phase] chunk=0 start=0 layer=41 kind=gdn phase=gdn_step gpu_ms=2.37
[prefill-layer-phase] chunk=0 start=0 layer=41 kind=gdn phase=gdn_gated gpu_ms=0.16
[prefill-layer-phase] chunk=0 start=0 layer=41 kind=gdn phase=gdn_back gpu_ms=5.16
[prefill-layer-phase] chunk=0 start=0 layer=41 kind=gdn phase=mixer_resid gpu_ms=0.09
[prefill-layer-phase] chunk=0 start=0 layer=41 kind=gdn phase=ffn_norm gpu_ms=0.05
[prefill-layer-phase] chunk=0 start=0 layer=41 kind=gdn phase=ffn_gate gpu_ms=14.25
[prefill-layer-phase] chunk=0 start=0 layer=41 kind=gdn phase=ffn_up gpu_ms=14.26
[prefill-layer-phase] chunk=0 start=0 layer=41 kind=gdn phase=ffn_swiglu gpu_ms=0.41
[prefill-layer-phase] chunk=0 start=0 layer=41 kind=gdn phase=ffn_down gpu_ms=14.38
[prefill-layer-phase] chunk=0 start=0 layer=41 kind=gdn phase=ffn_resid gpu_ms=0.09
[prefill-layer-phase] chunk=0 start=0 layer=42 kind=gdn phase=pre_norm gpu_ms=0.05
[prefill-layer-phase] chunk=0 start=0 layer=42 kind=gdn phase=gdn_qkv gpu_ms=8.35
[prefill-layer-phase] chunk=0 start=0 layer=42 kind=gdn phase=gdn_z gpu_ms=5.04
[prefill-layer-phase] chunk=0 start=0 layer=42 kind=gdn phase=gdn_beta_alpha gpu_ms=0.49
[prefill-layer-phase] chunk=0 start=0 layer=42 kind=gdn phase=gdn_alpha_beta gpu_ms=0.01
[prefill-layer-phase] chunk=0 start=0 layer=42 kind=gdn phase=gdn_prep_conv gpu_ms=0.45
[prefill-layer-phase] chunk=0 start=0 layer=42 kind=gdn phase=gdn_prep_l2 gpu_ms=0.04
[prefill-layer-phase] chunk=0 start=0 layer=42 kind=gdn phase=gdn_step gpu_ms=2.27
[prefill-layer-phase] chunk=0 start=0 layer=42 kind=gdn phase=gdn_gated gpu_ms=0.16
[prefill-layer-phase] chunk=0 start=0 layer=42 kind=gdn phase=gdn_back gpu_ms=5.25
[prefill-layer-phase] chunk=0 start=0 layer=42 kind=gdn phase=mixer_resid gpu_ms=0.09
[prefill-layer-phase] chunk=0 start=0 layer=42 kind=gdn phase=ffn_norm gpu_ms=0.05
[prefill-layer-phase] chunk=0 start=0 layer=42 kind=gdn phase=ffn_gate gpu_ms=14.16
[prefill-layer-phase] chunk=0 start=0 layer=42 kind=gdn phase=ffn_up gpu_ms=14.11
[prefill-layer-phase] chunk=0 start=0 layer=42 kind=gdn phase=ffn_swiglu gpu_ms=0.41
[prefill-layer-phase] chunk=0 start=0 layer=42 kind=gdn phase=ffn_down gpu_ms=14.35
[prefill-layer-phase] chunk=0 start=0 layer=42 kind=gdn phase=ffn_resid gpu_ms=0.09
[prefill-layer-phase] chunk=0 start=0 layer=43 kind=attn phase=pre_norm gpu_ms=0.05
[prefill-attn-phase] chunk=0 start=0 layer=43 phase=proj gpu_ms=11.85
[prefill-attn-phase] chunk=0 start=0 layer=43 phase=norm gpu_ms=0.45
[prefill-attn-phase] chunk=0 start=0 layer=43 phase=rope_scatter gpu_ms=0.09
[prefill-attn-matrix-g6-shape] layer=43 chunk_start=0 chunk_p=1024 query_rows=1024 query_tiles=1 n_pos=1024 score_tile_scratch_mib=51.00 vt_stride=1024 vt_layer_mib=2.00 vt_update_base=0 vt_update_rows=1024 vt_update_mib=2.00
[prefill-attn-phase] chunk=0 start=0 layer=43 phase=body_matrix_kq gpu_ms=0.56
[prefill-attn-phase] chunk=0 start=0 layer=43 phase=body_matrix_kqv gpu_ms=0.55
[prefill-layer-phase] chunk=0 start=0 layer=43 kind=attn phase=attn_back gpu_ms=5.04
[prefill-layer-phase] chunk=0 start=0 layer=43 kind=attn phase=mixer_resid gpu_ms=0.09
[prefill-layer-phase] chunk=0 start=0 layer=43 kind=attn phase=ffn_norm gpu_ms=0.06
[prefill-layer-phase] chunk=0 start=0 layer=43 kind=attn phase=ffn_gate gpu_ms=14.06
[prefill-layer-phase] chunk=0 start=0 layer=43 kind=attn phase=ffn_up gpu_ms=14.14
[prefill-layer-phase] chunk=0 start=0 layer=43 kind=attn phase=ffn_swiglu gpu_ms=0.42
[prefill-layer-phase] chunk=0 start=0 layer=43 kind=attn phase=ffn_down gpu_ms=14.39
[prefill-layer-phase] chunk=0 start=0 layer=43 kind=attn phase=ffn_resid gpu_ms=0.09
[prefill-layer-phase] chunk=0 start=0 layer=44 kind=gdn phase=pre_norm gpu_ms=0.05
[prefill-layer-phase] chunk=0 start=0 layer=44 kind=gdn phase=gdn_qkv gpu_ms=8.33
[prefill-layer-phase] chunk=0 start=0 layer=44 kind=gdn phase=gdn_z gpu_ms=5.16
[prefill-layer-phase] chunk=0 start=0 layer=44 kind=gdn phase=gdn_beta_alpha gpu_ms=0.47
[prefill-layer-phase] chunk=0 start=0 layer=44 kind=gdn phase=gdn_alpha_beta gpu_ms=0.01
[prefill-layer-phase] chunk=0 start=0 layer=44 kind=gdn phase=gdn_prep_conv gpu_ms=0.44
[prefill-layer-phase] chunk=0 start=0 layer=44 kind=gdn phase=gdn_prep_l2 gpu_ms=0.04
[prefill-layer-phase] chunk=0 start=0 layer=44 kind=gdn phase=gdn_step gpu_ms=2.44
[prefill-layer-phase] chunk=0 start=0 layer=44 kind=gdn phase=gdn_gated gpu_ms=0.16
[prefill-layer-phase] chunk=0 start=0 layer=44 kind=gdn phase=gdn_back gpu_ms=5.17
[prefill-layer-phase] chunk=0 start=0 layer=44 kind=gdn phase=mixer_resid gpu_ms=0.09
[prefill-layer-phase] chunk=0 start=0 layer=44 kind=gdn phase=ffn_norm gpu_ms=0.05
[prefill-layer-phase] chunk=0 start=0 layer=44 kind=gdn phase=ffn_gate gpu_ms=14.23
[prefill-layer-phase] chunk=0 start=0 layer=44 kind=gdn phase=ffn_up gpu_ms=14.22
[prefill-layer-phase] chunk=0 start=0 layer=44 kind=gdn phase=ffn_swiglu gpu_ms=0.41
[prefill-layer-phase] chunk=0 start=0 layer=44 kind=gdn phase=ffn_down gpu_ms=14.33
[prefill-layer-phase] chunk=0 start=0 layer=44 kind=gdn phase=ffn_resid gpu_ms=0.09
[prefill-layer-phase] chunk=0 start=0 layer=45 kind=gdn phase=pre_norm gpu_ms=0.05
[prefill-layer-phase] chunk=0 start=0 layer=45 kind=gdn phase=gdn_qkv gpu_ms=8.33
[prefill-layer-phase] chunk=0 start=0 layer=45 kind=gdn phase=gdn_z gpu_ms=4.98
[prefill-layer-phase] chunk=0 start=0 layer=45 kind=gdn phase=gdn_beta_alpha gpu_ms=0.49
[prefill-layer-phase] chunk=0 start=0 layer=45 kind=gdn phase=gdn_alpha_beta gpu_ms=0.01
[prefill-layer-phase] chunk=0 start=0 layer=45 kind=gdn phase=gdn_prep_conv gpu_ms=0.44
[prefill-layer-phase] chunk=0 start=0 layer=45 kind=gdn phase=gdn_prep_l2 gpu_ms=0.04
[prefill-layer-phase] chunk=0 start=0 layer=45 kind=gdn phase=gdn_step gpu_ms=2.36
[prefill-layer-phase] chunk=0 start=0 layer=45 kind=gdn phase=gdn_gated gpu_ms=0.15
[prefill-layer-phase] chunk=0 start=0 layer=45 kind=gdn phase=gdn_back gpu_ms=5.20
[prefill-layer-phase] chunk=0 start=0 layer=45 kind=gdn phase=mixer_resid gpu_ms=0.09
[prefill-layer-phase] chunk=0 start=0 layer=45 kind=gdn phase=ffn_norm gpu_ms=0.05
[prefill-layer-phase] chunk=0 start=0 layer=45 kind=gdn phase=ffn_gate gpu_ms=14.07
[prefill-layer-phase] chunk=0 start=0 layer=45 kind=gdn phase=ffn_up gpu_ms=14.13
[prefill-layer-phase] chunk=0 start=0 layer=45 kind=gdn phase=ffn_swiglu gpu_ms=0.41
[prefill-layer-phase] chunk=0 start=0 layer=45 kind=gdn phase=ffn_down gpu_ms=14.37
[prefill-layer-phase] chunk=0 start=0 layer=45 kind=gdn phase=ffn_resid gpu_ms=0.09
[prefill-layer-phase] chunk=0 start=0 layer=46 kind=gdn phase=pre_norm gpu_ms=0.05
[prefill-layer-phase] chunk=0 start=0 layer=46 kind=gdn phase=gdn_qkv gpu_ms=8.38
[prefill-layer-phase] chunk=0 start=0 layer=46 kind=gdn phase=gdn_z gpu_ms=5.18
[prefill-layer-phase] chunk=0 start=0 layer=46 kind=gdn phase=gdn_beta_alpha gpu_ms=0.46
[prefill-layer-phase] chunk=0 start=0 layer=46 kind=gdn phase=gdn_alpha_beta gpu_ms=0.01
[prefill-layer-phase] chunk=0 start=0 layer=46 kind=gdn phase=gdn_prep_conv gpu_ms=0.44
[prefill-layer-phase] chunk=0 start=0 layer=46 kind=gdn phase=gdn_prep_l2 gpu_ms=0.04
[prefill-layer-phase] chunk=0 start=0 layer=46 kind=gdn phase=gdn_step gpu_ms=2.28
[prefill-layer-phase] chunk=0 start=0 layer=46 kind=gdn phase=gdn_gated gpu_ms=0.16
[prefill-layer-phase] chunk=0 start=0 layer=46 kind=gdn phase=gdn_back gpu_ms=5.22
[prefill-layer-phase] chunk=0 start=0 layer=46 kind=gdn phase=mixer_resid gpu_ms=0.09
[prefill-layer-phase] chunk=0 start=0 layer=46 kind=gdn phase=ffn_norm gpu_ms=0.05
[prefill-layer-phase] chunk=0 start=0 layer=46 kind=gdn phase=ffn_gate gpu_ms=14.13
[prefill-layer-phase] chunk=0 start=0 layer=46 kind=gdn phase=ffn_up gpu_ms=14.23
[prefill-layer-phase] chunk=0 start=0 layer=46 kind=gdn phase=ffn_swiglu gpu_ms=0.41
[prefill-layer-phase] chunk=0 start=0 layer=46 kind=gdn phase=ffn_down gpu_ms=14.41
[prefill-layer-phase] chunk=0 start=0 layer=46 kind=gdn phase=ffn_resid gpu_ms=0.09
[prefill-layer-phase] chunk=0 start=0 layer=47 kind=attn phase=pre_norm gpu_ms=0.05
[prefill-attn-phase] chunk=0 start=0 layer=47 phase=proj gpu_ms=11.84
[prefill-attn-phase] chunk=0 start=0 layer=47 phase=norm gpu_ms=0.45
[prefill-attn-phase] chunk=0 start=0 layer=47 phase=rope_scatter gpu_ms=0.09
[prefill-attn-matrix-g6-shape] layer=47 chunk_start=0 chunk_p=1024 query_rows=1024 query_tiles=1 n_pos=1024 score_tile_scratch_mib=51.00 vt_stride=1024 vt_layer_mib=2.00 vt_update_base=0 vt_update_rows=1024 vt_update_mib=2.00
[prefill-attn-phase] chunk=0 start=0 layer=47 phase=body_matrix_kq gpu_ms=0.56
[prefill-attn-phase] chunk=0 start=0 layer=47 phase=body_matrix_kqv gpu_ms=0.55
[prefill-layer-phase] chunk=0 start=0 layer=47 kind=attn phase=attn_back gpu_ms=5.02
[prefill-layer-phase] chunk=0 start=0 layer=47 kind=attn phase=mixer_resid gpu_ms=0.09
[prefill-layer-phase] chunk=0 start=0 layer=47 kind=attn phase=ffn_norm gpu_ms=0.06
[prefill-layer-phase] chunk=0 start=0 layer=47 kind=attn phase=ffn_gate gpu_ms=14.17
[prefill-layer-phase] chunk=0 start=0 layer=47 kind=attn phase=ffn_up gpu_ms=14.24
[prefill-layer-phase] chunk=0 start=0 layer=47 kind=attn phase=ffn_swiglu gpu_ms=0.42
[prefill-layer-phase] chunk=0 start=0 layer=47 kind=attn phase=ffn_down gpu_ms=14.37
[prefill-layer-phase] chunk=0 start=0 layer=47 kind=attn phase=ffn_resid gpu_ms=0.09
[prefill-layer-phase] chunk=0 start=0 layer=48 kind=gdn phase=pre_norm gpu_ms=0.05
[prefill-layer-phase] chunk=0 start=0 layer=48 kind=gdn phase=gdn_qkv gpu_ms=8.35
[prefill-layer-phase] chunk=0 start=0 layer=48 kind=gdn phase=gdn_z gpu_ms=5.05
[prefill-layer-phase] chunk=0 start=0 layer=48 kind=gdn phase=gdn_beta_alpha gpu_ms=0.48
[prefill-layer-phase] chunk=0 start=0 layer=48 kind=gdn phase=gdn_alpha_beta gpu_ms=0.01
[prefill-layer-phase] chunk=0 start=0 layer=48 kind=gdn phase=gdn_prep_conv gpu_ms=0.45
[prefill-layer-phase] chunk=0 start=0 layer=48 kind=gdn phase=gdn_prep_l2 gpu_ms=0.04
[prefill-layer-phase] chunk=0 start=0 layer=48 kind=gdn phase=gdn_step gpu_ms=2.26
[prefill-layer-phase] chunk=0 start=0 layer=48 kind=gdn phase=gdn_gated gpu_ms=0.16
[prefill-layer-phase] chunk=0 start=0 layer=48 kind=gdn phase=gdn_back gpu_ms=5.26
[prefill-layer-phase] chunk=0 start=0 layer=48 kind=gdn phase=mixer_resid gpu_ms=0.09
[prefill-layer-phase] chunk=0 start=0 layer=48 kind=gdn phase=ffn_norm gpu_ms=0.06
[prefill-layer-phase] chunk=0 start=0 layer=48 kind=gdn phase=ffn_gate gpu_ms=14.13
[prefill-layer-phase] chunk=0 start=0 layer=48 kind=gdn phase=ffn_up gpu_ms=14.12
[prefill-layer-phase] chunk=0 start=0 layer=48 kind=gdn phase=ffn_swiglu gpu_ms=0.41
[prefill-layer-phase] chunk=0 start=0 layer=48 kind=gdn phase=ffn_down gpu_ms=14.36
[prefill-layer-phase] chunk=0 start=0 layer=48 kind=gdn phase=ffn_resid gpu_ms=0.09
[prefill-layer-phase] chunk=0 start=0 layer=49 kind=gdn phase=pre_norm gpu_ms=0.05
[prefill-layer-phase] chunk=0 start=0 layer=49 kind=gdn phase=gdn_qkv gpu_ms=8.40
[prefill-layer-phase] chunk=0 start=0 layer=49 kind=gdn phase=gdn_z gpu_ms=5.18
[prefill-layer-phase] chunk=0 start=0 layer=49 kind=gdn phase=gdn_beta_alpha gpu_ms=0.46
[prefill-layer-phase] chunk=0 start=0 layer=49 kind=gdn phase=gdn_alpha_beta gpu_ms=0.01
[prefill-layer-phase] chunk=0 start=0 layer=49 kind=gdn phase=gdn_prep_conv gpu_ms=0.44
[prefill-layer-phase] chunk=0 start=0 layer=49 kind=gdn phase=gdn_prep_l2 gpu_ms=0.04
[prefill-layer-phase] chunk=0 start=0 layer=49 kind=gdn phase=gdn_step gpu_ms=2.34
[prefill-layer-phase] chunk=0 start=0 layer=49 kind=gdn phase=gdn_gated gpu_ms=0.16
[prefill-layer-phase] chunk=0 start=0 layer=49 kind=gdn phase=gdn_back gpu_ms=5.19
[prefill-layer-phase] chunk=0 start=0 layer=49 kind=gdn phase=mixer_resid gpu_ms=0.09
[prefill-layer-phase] chunk=0 start=0 layer=49 kind=gdn phase=ffn_norm gpu_ms=0.05
[prefill-layer-phase] chunk=0 start=0 layer=49 kind=gdn phase=ffn_gate gpu_ms=14.27
[prefill-layer-phase] chunk=0 start=0 layer=49 kind=gdn phase=ffn_up gpu_ms=14.24
[prefill-layer-phase] chunk=0 start=0 layer=49 kind=gdn phase=ffn_swiglu gpu_ms=0.41
[prefill-layer-phase] chunk=0 start=0 layer=49 kind=gdn phase=ffn_down gpu_ms=14.38
[prefill-layer-phase] chunk=0 start=0 layer=49 kind=gdn phase=ffn_resid gpu_ms=0.09
[prefill-layer-phase] chunk=0 start=0 layer=50 kind=gdn phase=pre_norm gpu_ms=0.06
[prefill-layer-phase] chunk=0 start=0 layer=50 kind=gdn phase=gdn_qkv gpu_ms=8.36
[prefill-layer-phase] chunk=0 start=0 layer=50 kind=gdn phase=gdn_z gpu_ms=5.18
[prefill-layer-phase] chunk=0 start=0 layer=50 kind=gdn phase=gdn_beta_alpha gpu_ms=0.46
[prefill-layer-phase] chunk=0 start=0 layer=50 kind=gdn phase=gdn_alpha_beta gpu_ms=0.01
[prefill-layer-phase] chunk=0 start=0 layer=50 kind=gdn phase=gdn_prep_conv gpu_ms=0.44
[prefill-layer-phase] chunk=0 start=0 layer=50 kind=gdn phase=gdn_prep_l2 gpu_ms=0.04
[prefill-layer-phase] chunk=0 start=0 layer=50 kind=gdn phase=gdn_step gpu_ms=2.29
[prefill-layer-phase] chunk=0 start=0 layer=50 kind=gdn phase=gdn_gated gpu_ms=0.16
[prefill-layer-phase] chunk=0 start=0 layer=50 kind=gdn phase=gdn_back gpu_ms=5.20
[prefill-layer-phase] chunk=0 start=0 layer=50 kind=gdn phase=mixer_resid gpu_ms=0.09
[prefill-layer-phase] chunk=0 start=0 layer=50 kind=gdn phase=ffn_norm gpu_ms=0.05
[prefill-layer-phase] chunk=0 start=0 layer=50 kind=gdn phase=ffn_gate gpu_ms=14.23
[prefill-layer-phase] chunk=0 start=0 layer=50 kind=gdn phase=ffn_up gpu_ms=14.18
[prefill-layer-phase] chunk=0 start=0 layer=50 kind=gdn phase=ffn_swiglu gpu_ms=0.41
[prefill-layer-phase] chunk=0 start=0 layer=50 kind=gdn phase=ffn_down gpu_ms=14.24
[prefill-layer-phase] chunk=0 start=0 layer=50 kind=gdn phase=ffn_resid gpu_ms=0.09
[prefill-layer-phase] chunk=0 start=0 layer=51 kind=attn phase=pre_norm gpu_ms=0.05
[prefill-attn-phase] chunk=0 start=0 layer=51 phase=proj gpu_ms=11.93
[prefill-attn-phase] chunk=0 start=0 layer=51 phase=norm gpu_ms=0.44
[prefill-attn-phase] chunk=0 start=0 layer=51 phase=rope_scatter gpu_ms=0.09
[prefill-attn-matrix-g6-shape] layer=51 chunk_start=0 chunk_p=1024 query_rows=1024 query_tiles=1 n_pos=1024 score_tile_scratch_mib=51.00 vt_stride=1024 vt_layer_mib=2.00 vt_update_base=0 vt_update_rows=1024 vt_update_mib=2.00
[prefill-attn-phase] chunk=0 start=0 layer=51 phase=body_matrix_kq gpu_ms=0.52
[prefill-attn-phase] chunk=0 start=0 layer=51 phase=body_matrix_kqv gpu_ms=0.51
[prefill-layer-phase] chunk=0 start=0 layer=51 kind=attn phase=attn_back gpu_ms=5.23
[prefill-layer-phase] chunk=0 start=0 layer=51 kind=attn phase=mixer_resid gpu_ms=0.09
[prefill-layer-phase] chunk=0 start=0 layer=51 kind=attn phase=ffn_norm gpu_ms=0.05
[prefill-layer-phase] chunk=0 start=0 layer=51 kind=attn phase=ffn_gate gpu_ms=14.26
[prefill-layer-phase] chunk=0 start=0 layer=51 kind=attn phase=ffn_up gpu_ms=14.15
[prefill-layer-phase] chunk=0 start=0 layer=51 kind=attn phase=ffn_swiglu gpu_ms=0.41
[prefill-layer-phase] chunk=0 start=0 layer=51 kind=attn phase=ffn_down gpu_ms=14.23
[prefill-layer-phase] chunk=0 start=0 layer=51 kind=attn phase=ffn_resid gpu_ms=0.09
[prefill-layer-phase] chunk=0 start=0 layer=52 kind=gdn phase=pre_norm gpu_ms=0.05
[prefill-layer-phase] chunk=0 start=0 layer=52 kind=gdn phase=gdn_qkv gpu_ms=8.40
[prefill-layer-phase] chunk=0 start=0 layer=52 kind=gdn phase=gdn_z gpu_ms=5.07
[prefill-layer-phase] chunk=0 start=0 layer=52 kind=gdn phase=gdn_beta_alpha gpu_ms=0.46
[prefill-layer-phase] chunk=0 start=0 layer=52 kind=gdn phase=gdn_alpha_beta gpu_ms=0.01
[prefill-layer-phase] chunk=0 start=0 layer=52 kind=gdn phase=gdn_prep_conv gpu_ms=0.44
[prefill-layer-phase] chunk=0 start=0 layer=52 kind=gdn phase=gdn_prep_l2 gpu_ms=0.04
[prefill-layer-phase] chunk=0 start=0 layer=52 kind=gdn phase=gdn_step gpu_ms=2.37
[prefill-layer-phase] chunk=0 start=0 layer=52 kind=gdn phase=gdn_gated gpu_ms=0.16
[prefill-layer-phase] chunk=0 start=0 layer=52 kind=gdn phase=gdn_back gpu_ms=5.07
[prefill-layer-phase] chunk=0 start=0 layer=52 kind=gdn phase=mixer_resid gpu_ms=0.09
[prefill-layer-phase] chunk=0 start=0 layer=52 kind=gdn phase=ffn_norm gpu_ms=0.06
[prefill-layer-phase] chunk=0 start=0 layer=52 kind=gdn phase=ffn_gate gpu_ms=14.19
[prefill-layer-phase] chunk=0 start=0 layer=52 kind=gdn phase=ffn_up gpu_ms=14.27
[prefill-layer-phase] chunk=0 start=0 layer=52 kind=gdn phase=ffn_swiglu gpu_ms=0.42
[prefill-layer-phase] chunk=0 start=0 layer=52 kind=gdn phase=ffn_down gpu_ms=14.50
[prefill-layer-phase] chunk=0 start=0 layer=52 kind=gdn phase=ffn_resid gpu_ms=0.09
[prefill-layer-phase] chunk=0 start=0 layer=53 kind=gdn phase=pre_norm gpu_ms=0.05
[prefill-layer-phase] chunk=0 start=0 layer=53 kind=gdn phase=gdn_qkv gpu_ms=8.39
[prefill-layer-phase] chunk=0 start=0 layer=53 kind=gdn phase=gdn_z gpu_ms=5.09
[prefill-layer-phase] chunk=0 start=0 layer=53 kind=gdn phase=gdn_beta_alpha gpu_ms=0.48
[prefill-layer-phase] chunk=0 start=0 layer=53 kind=gdn phase=gdn_alpha_beta gpu_ms=0.01
[prefill-layer-phase] chunk=0 start=0 layer=53 kind=gdn phase=gdn_prep_conv gpu_ms=0.45
[prefill-layer-phase] chunk=0 start=0 layer=53 kind=gdn phase=gdn_prep_l2 gpu_ms=0.04
[prefill-layer-phase] chunk=0 start=0 layer=53 kind=gdn phase=gdn_step gpu_ms=2.31
[prefill-layer-phase] chunk=0 start=0 layer=53 kind=gdn phase=gdn_gated gpu_ms=0.16
[prefill-layer-phase] chunk=0 start=0 layer=53 kind=gdn phase=gdn_back gpu_ms=5.28
[prefill-layer-phase] chunk=0 start=0 layer=53 kind=gdn phase=mixer_resid gpu_ms=0.09
[prefill-layer-phase] chunk=0 start=0 layer=53 kind=gdn phase=ffn_norm gpu_ms=0.05
[prefill-layer-phase] chunk=0 start=0 layer=53 kind=gdn phase=ffn_gate gpu_ms=14.19
[prefill-layer-phase] chunk=0 start=0 layer=53 kind=gdn phase=ffn_up gpu_ms=14.16
[prefill-layer-phase] chunk=0 start=0 layer=53 kind=gdn phase=ffn_swiglu gpu_ms=0.41
[prefill-layer-phase] chunk=0 start=0 layer=53 kind=gdn phase=ffn_down gpu_ms=14.35
[prefill-layer-phase] chunk=0 start=0 layer=53 kind=gdn phase=ffn_resid gpu_ms=0.09
[prefill-layer-phase] chunk=0 start=0 layer=54 kind=gdn phase=pre_norm gpu_ms=0.05
[prefill-layer-phase] chunk=0 start=0 layer=54 kind=gdn phase=gdn_qkv gpu_ms=8.38
[prefill-layer-phase] chunk=0 start=0 layer=54 kind=gdn phase=gdn_z gpu_ms=5.18
[prefill-layer-phase] chunk=0 start=0 layer=54 kind=gdn phase=gdn_beta_alpha gpu_ms=0.46
[prefill-layer-phase] chunk=0 start=0 layer=54 kind=gdn phase=gdn_alpha_beta gpu_ms=0.01
[prefill-layer-phase] chunk=0 start=0 layer=54 kind=gdn phase=gdn_prep_conv gpu_ms=0.44
[prefill-layer-phase] chunk=0 start=0 layer=54 kind=gdn phase=gdn_prep_l2 gpu_ms=0.04
[prefill-layer-phase] chunk=0 start=0 layer=54 kind=gdn phase=gdn_step gpu_ms=2.38
[prefill-layer-phase] chunk=0 start=0 layer=54 kind=gdn phase=gdn_gated gpu_ms=0.16
[prefill-layer-phase] chunk=0 start=0 layer=54 kind=gdn phase=gdn_back gpu_ms=5.16
[prefill-layer-phase] chunk=0 start=0 layer=54 kind=gdn phase=mixer_resid gpu_ms=0.09
[prefill-layer-phase] chunk=0 start=0 layer=54 kind=gdn phase=ffn_norm gpu_ms=0.05
[prefill-layer-phase] chunk=0 start=0 layer=54 kind=gdn phase=ffn_gate gpu_ms=14.28
[prefill-layer-phase] chunk=0 start=0 layer=54 kind=gdn phase=ffn_up gpu_ms=14.31
[prefill-layer-phase] chunk=0 start=0 layer=54 kind=gdn phase=ffn_swiglu gpu_ms=0.41
[prefill-layer-phase] chunk=0 start=0 layer=54 kind=gdn phase=ffn_down gpu_ms=14.39
[prefill-layer-phase] chunk=0 start=0 layer=54 kind=gdn phase=ffn_resid gpu_ms=0.09
[prefill-layer-phase] chunk=0 start=0 layer=55 kind=attn phase=pre_norm gpu_ms=0.06
[prefill-attn-phase] chunk=0 start=0 layer=55 phase=proj gpu_ms=11.89
[prefill-attn-phase] chunk=0 start=0 layer=55 phase=norm gpu_ms=0.44
[prefill-attn-phase] chunk=0 start=0 layer=55 phase=rope_scatter gpu_ms=0.09
[prefill-attn-matrix-g6-shape] layer=55 chunk_start=0 chunk_p=1024 query_rows=1024 query_tiles=1 n_pos=1024 score_tile_scratch_mib=51.00 vt_stride=1024 vt_layer_mib=2.00 vt_update_base=0 vt_update_rows=1024 vt_update_mib=2.00
[prefill-attn-phase] chunk=0 start=0 layer=55 phase=body_matrix_kq gpu_ms=0.56
[prefill-attn-phase] chunk=0 start=0 layer=55 phase=body_matrix_kqv gpu_ms=0.55
[prefill-layer-phase] chunk=0 start=0 layer=55 kind=attn phase=attn_back gpu_ms=5.14
[prefill-layer-phase] chunk=0 start=0 layer=55 kind=attn phase=mixer_resid gpu_ms=0.09
[prefill-layer-phase] chunk=0 start=0 layer=55 kind=attn phase=ffn_norm gpu_ms=0.05
[prefill-layer-phase] chunk=0 start=0 layer=55 kind=attn phase=ffn_gate gpu_ms=14.32
[prefill-layer-phase] chunk=0 start=0 layer=55 kind=attn phase=ffn_up gpu_ms=14.30
[prefill-layer-phase] chunk=0 start=0 layer=55 kind=attn phase=ffn_swiglu gpu_ms=0.41
[prefill-layer-phase] chunk=0 start=0 layer=55 kind=attn phase=ffn_down gpu_ms=14.44
[prefill-layer-phase] chunk=0 start=0 layer=55 kind=attn phase=ffn_resid gpu_ms=0.09
[prefill-layer-phase] chunk=0 start=0 layer=56 kind=gdn phase=pre_norm gpu_ms=0.06
[prefill-layer-phase] chunk=0 start=0 layer=56 kind=gdn phase=gdn_qkv gpu_ms=8.45
[prefill-layer-phase] chunk=0 start=0 layer=56 kind=gdn phase=gdn_z gpu_ms=5.01
[prefill-layer-phase] chunk=0 start=0 layer=56 kind=gdn phase=gdn_beta_alpha gpu_ms=0.48
[prefill-layer-phase] chunk=0 start=0 layer=56 kind=gdn phase=gdn_alpha_beta gpu_ms=0.01
[prefill-layer-phase] chunk=0 start=0 layer=56 kind=gdn phase=gdn_prep_conv gpu_ms=0.45
[prefill-layer-phase] chunk=0 start=0 layer=56 kind=gdn phase=gdn_prep_l2 gpu_ms=0.04
[prefill-layer-phase] chunk=0 start=0 layer=56 kind=gdn phase=gdn_step gpu_ms=2.34
[prefill-layer-phase] chunk=0 start=0 layer=56 kind=gdn phase=gdn_gated gpu_ms=0.16
[prefill-layer-phase] chunk=0 start=0 layer=56 kind=gdn phase=gdn_back gpu_ms=5.22
[prefill-layer-phase] chunk=0 start=0 layer=56 kind=gdn phase=mixer_resid gpu_ms=0.09
[prefill-layer-phase] chunk=0 start=0 layer=56 kind=gdn phase=ffn_norm gpu_ms=0.06
[prefill-layer-phase] chunk=0 start=0 layer=56 kind=gdn phase=ffn_gate gpu_ms=14.16
[prefill-layer-phase] chunk=0 start=0 layer=56 kind=gdn phase=ffn_up gpu_ms=14.27
[prefill-layer-phase] chunk=0 start=0 layer=56 kind=gdn phase=ffn_swiglu gpu_ms=0.41
[prefill-layer-phase] chunk=0 start=0 layer=56 kind=gdn phase=ffn_down gpu_ms=14.56
[prefill-layer-phase] chunk=0 start=0 layer=56 kind=gdn phase=ffn_resid gpu_ms=0.09
[prefill-layer-phase] chunk=0 start=0 layer=57 kind=gdn phase=pre_norm gpu_ms=0.06
[prefill-layer-phase] chunk=0 start=0 layer=57 kind=gdn phase=gdn_qkv gpu_ms=8.45
[prefill-layer-phase] chunk=0 start=0 layer=57 kind=gdn phase=gdn_z gpu_ms=5.23
[prefill-layer-phase] chunk=0 start=0 layer=57 kind=gdn phase=gdn_beta_alpha gpu_ms=0.46
[prefill-layer-phase] chunk=0 start=0 layer=57 kind=gdn phase=gdn_alpha_beta gpu_ms=0.01
[prefill-layer-phase] chunk=0 start=0 layer=57 kind=gdn phase=gdn_prep_conv gpu_ms=0.44
[prefill-layer-phase] chunk=0 start=0 layer=57 kind=gdn phase=gdn_prep_l2 gpu_ms=0.04
[prefill-layer-phase] chunk=0 start=0 layer=57 kind=gdn phase=gdn_step gpu_ms=2.32
[prefill-layer-phase] chunk=0 start=0 layer=57 kind=gdn phase=gdn_gated gpu_ms=0.16
[prefill-layer-phase] chunk=0 start=0 layer=57 kind=gdn phase=gdn_back gpu_ms=5.25
[prefill-layer-phase] chunk=0 start=0 layer=57 kind=gdn phase=mixer_resid gpu_ms=0.09
[prefill-layer-phase] chunk=0 start=0 layer=57 kind=gdn phase=ffn_norm gpu_ms=0.05
[prefill-layer-phase] chunk=0 start=0 layer=57 kind=gdn phase=ffn_gate gpu_ms=14.27
[prefill-layer-phase] chunk=0 start=0 layer=57 kind=gdn phase=ffn_up gpu_ms=14.32
[prefill-layer-phase] chunk=0 start=0 layer=57 kind=gdn phase=ffn_swiglu gpu_ms=0.42
[prefill-layer-phase] chunk=0 start=0 layer=57 kind=gdn phase=ffn_down gpu_ms=14.54
[prefill-layer-phase] chunk=0 start=0 layer=57 kind=gdn phase=ffn_resid gpu_ms=0.09
[prefill-layer-phase] chunk=0 start=0 layer=58 kind=gdn phase=pre_norm gpu_ms=0.05
[prefill-layer-phase] chunk=0 start=0 layer=58 kind=gdn phase=gdn_qkv gpu_ms=8.45
[prefill-layer-phase] chunk=0 start=0 layer=58 kind=gdn phase=gdn_z gpu_ms=5.09
[prefill-layer-phase] chunk=0 start=0 layer=58 kind=gdn phase=gdn_beta_alpha gpu_ms=0.48
[prefill-layer-phase] chunk=0 start=0 layer=58 kind=gdn phase=gdn_alpha_beta gpu_ms=0.01
[prefill-layer-phase] chunk=0 start=0 layer=58 kind=gdn phase=gdn_prep_conv gpu_ms=0.45
[prefill-layer-phase] chunk=0 start=0 layer=58 kind=gdn phase=gdn_prep_l2 gpu_ms=0.04
[prefill-layer-phase] chunk=0 start=0 layer=58 kind=gdn phase=gdn_step gpu_ms=2.30
[prefill-layer-phase] chunk=0 start=0 layer=58 kind=gdn phase=gdn_gated gpu_ms=0.16
[prefill-layer-phase] chunk=0 start=0 layer=58 kind=gdn phase=gdn_back gpu_ms=5.30
[prefill-layer-phase] chunk=0 start=0 layer=58 kind=gdn phase=mixer_resid gpu_ms=0.09
[prefill-layer-phase] chunk=0 start=0 layer=58 kind=gdn phase=ffn_norm gpu_ms=0.05
[prefill-layer-phase] chunk=0 start=0 layer=58 kind=gdn phase=ffn_gate gpu_ms=14.21
[prefill-layer-phase] chunk=0 start=0 layer=58 kind=gdn phase=ffn_up gpu_ms=14.21
[prefill-layer-phase] chunk=0 start=0 layer=58 kind=gdn phase=ffn_swiglu gpu_ms=0.42
[prefill-layer-phase] chunk=0 start=0 layer=58 kind=gdn phase=ffn_down gpu_ms=14.49
[prefill-layer-phase] chunk=0 start=0 layer=58 kind=gdn phase=ffn_resid gpu_ms=0.09
[prefill-layer-phase] chunk=0 start=0 layer=59 kind=attn phase=pre_norm gpu_ms=0.05
[prefill-attn-phase] chunk=0 start=0 layer=59 phase=proj gpu_ms=12.15
[prefill-attn-phase] chunk=0 start=0 layer=59 phase=norm gpu_ms=0.44
[prefill-attn-phase] chunk=0 start=0 layer=59 phase=rope_scatter gpu_ms=0.09
[prefill-attn-matrix-g6-shape] layer=59 chunk_start=0 chunk_p=1024 query_rows=1024 query_tiles=1 n_pos=1024 score_tile_scratch_mib=51.00 vt_stride=1024 vt_layer_mib=2.00 vt_update_base=0 vt_update_rows=1024 vt_update_mib=2.00
[prefill-attn-phase] chunk=0 start=0 layer=59 phase=body_matrix_kq gpu_ms=0.52
[prefill-attn-phase] chunk=0 start=0 layer=59 phase=body_matrix_kqv gpu_ms=0.52
[prefill-layer-phase] chunk=0 start=0 layer=59 kind=attn phase=attn_back gpu_ms=5.27
[prefill-layer-phase] chunk=0 start=0 layer=59 kind=attn phase=mixer_resid gpu_ms=0.09
[prefill-layer-phase] chunk=0 start=0 layer=59 kind=attn phase=ffn_norm gpu_ms=0.05
[prefill-layer-phase] chunk=0 start=0 layer=59 kind=attn phase=ffn_gate gpu_ms=14.25
[prefill-layer-phase] chunk=0 start=0 layer=59 kind=attn phase=ffn_up gpu_ms=14.21
[prefill-layer-phase] chunk=0 start=0 layer=59 kind=attn phase=ffn_swiglu gpu_ms=0.41
[prefill-layer-phase] chunk=0 start=0 layer=59 kind=attn phase=ffn_down gpu_ms=14.47
[prefill-layer-phase] chunk=0 start=0 layer=59 kind=attn phase=ffn_resid gpu_ms=0.09
[prefill-layer-phase] chunk=0 start=0 layer=60 kind=gdn phase=pre_norm gpu_ms=0.05
[prefill-layer-phase] chunk=0 start=0 layer=60 kind=gdn phase=gdn_qkv gpu_ms=8.45
[prefill-layer-phase] chunk=0 start=0 layer=60 kind=gdn phase=gdn_z gpu_ms=5.17
[prefill-layer-phase] chunk=0 start=0 layer=60 kind=gdn phase=gdn_beta_alpha gpu_ms=0.46
[prefill-layer-phase] chunk=0 start=0 layer=60 kind=gdn phase=gdn_alpha_beta gpu_ms=0.01
[prefill-layer-phase] chunk=0 start=0 layer=60 kind=gdn phase=gdn_prep_conv gpu_ms=0.44
[prefill-layer-phase] chunk=0 start=0 layer=60 kind=gdn phase=gdn_prep_l2 gpu_ms=0.04
[prefill-layer-phase] chunk=0 start=0 layer=60 kind=gdn phase=gdn_step gpu_ms=2.39
[prefill-layer-phase] chunk=0 start=0 layer=60 kind=gdn phase=gdn_gated gpu_ms=0.16
[prefill-layer-phase] chunk=0 start=0 layer=60 kind=gdn phase=gdn_back gpu_ms=5.15
[prefill-layer-phase] chunk=0 start=0 layer=60 kind=gdn phase=mixer_resid gpu_ms=0.09
[prefill-layer-phase] chunk=0 start=0 layer=60 kind=gdn phase=ffn_norm gpu_ms=0.06
[prefill-layer-phase] chunk=0 start=0 layer=60 kind=gdn phase=ffn_gate gpu_ms=14.33
[prefill-layer-phase] chunk=0 start=0 layer=60 kind=gdn phase=ffn_up gpu_ms=14.37
[prefill-layer-phase] chunk=0 start=0 layer=60 kind=gdn phase=ffn_swiglu gpu_ms=0.41
[prefill-layer-phase] chunk=0 start=0 layer=60 kind=gdn phase=ffn_down gpu_ms=14.53
[prefill-layer-phase] chunk=0 start=0 layer=60 kind=gdn phase=ffn_resid gpu_ms=0.09
[prefill-layer-phase] chunk=0 start=0 layer=61 kind=gdn phase=pre_norm gpu_ms=0.05
[prefill-layer-phase] chunk=0 start=0 layer=61 kind=gdn phase=gdn_qkv gpu_ms=8.44
[prefill-layer-phase] chunk=0 start=0 layer=61 kind=gdn phase=gdn_z gpu_ms=5.17
[prefill-layer-phase] chunk=0 start=0 layer=61 kind=gdn phase=gdn_beta_alpha gpu_ms=0.46
[prefill-layer-phase] chunk=0 start=0 layer=61 kind=gdn phase=gdn_alpha_beta gpu_ms=0.01
[prefill-layer-phase] chunk=0 start=0 layer=61 kind=gdn phase=gdn_prep_conv gpu_ms=0.44
[prefill-layer-phase] chunk=0 start=0 layer=61 kind=gdn phase=gdn_prep_l2 gpu_ms=0.04
[prefill-layer-phase] chunk=0 start=0 layer=61 kind=gdn phase=gdn_step gpu_ms=2.43
[prefill-layer-phase] chunk=0 start=0 layer=61 kind=gdn phase=gdn_gated gpu_ms=0.16
[prefill-layer-phase] chunk=0 start=0 layer=61 kind=gdn phase=gdn_back gpu_ms=5.15
[prefill-layer-phase] chunk=0 start=0 layer=61 kind=gdn phase=mixer_resid gpu_ms=0.09
[prefill-layer-phase] chunk=0 start=0 layer=61 kind=gdn phase=ffn_norm gpu_ms=0.05
[prefill-layer-phase] chunk=0 start=0 layer=61 kind=gdn phase=ffn_gate gpu_ms=14.31
[prefill-layer-phase] chunk=0 start=0 layer=61 kind=gdn phase=ffn_up gpu_ms=14.31
[prefill-layer-phase] chunk=0 start=0 layer=61 kind=gdn phase=ffn_swiglu gpu_ms=0.41
[prefill-layer-phase] chunk=0 start=0 layer=61 kind=gdn phase=ffn_down gpu_ms=14.47
[prefill-layer-phase] chunk=0 start=0 layer=61 kind=gdn phase=ffn_resid gpu_ms=0.09
[prefill-layer-phase] chunk=0 start=0 layer=62 kind=gdn phase=pre_norm gpu_ms=0.06
[prefill-layer-phase] chunk=0 start=0 layer=62 kind=gdn phase=gdn_qkv gpu_ms=8.45
[prefill-layer-phase] chunk=0 start=0 layer=62 kind=gdn phase=gdn_z gpu_ms=5.03
[prefill-layer-phase] chunk=0 start=0 layer=62 kind=gdn phase=gdn_beta_alpha gpu_ms=0.49
[prefill-layer-phase] chunk=0 start=0 layer=62 kind=gdn phase=gdn_alpha_beta gpu_ms=0.01
[prefill-layer-phase] chunk=0 start=0 layer=62 kind=gdn phase=gdn_prep_conv gpu_ms=0.45
[prefill-layer-phase] chunk=0 start=0 layer=62 kind=gdn phase=gdn_prep_l2 gpu_ms=0.04
[prefill-layer-phase] chunk=0 start=0 layer=62 kind=gdn phase=gdn_step gpu_ms=2.39
[prefill-layer-phase] chunk=0 start=0 layer=62 kind=gdn phase=gdn_gated gpu_ms=0.15
[prefill-layer-phase] chunk=0 start=0 layer=62 kind=gdn phase=gdn_back gpu_ms=5.25
[prefill-layer-phase] chunk=0 start=0 layer=62 kind=gdn phase=mixer_resid gpu_ms=0.09
[prefill-layer-phase] chunk=0 start=0 layer=62 kind=gdn phase=ffn_norm gpu_ms=0.05
[prefill-layer-phase] chunk=0 start=0 layer=62 kind=gdn phase=ffn_gate gpu_ms=14.16
[prefill-layer-phase] chunk=0 start=0 layer=62 kind=gdn phase=ffn_up gpu_ms=14.24
[prefill-layer-phase] chunk=0 start=0 layer=62 kind=gdn phase=ffn_swiglu gpu_ms=0.42
[prefill-layer-phase] chunk=0 start=0 layer=62 kind=gdn phase=ffn_down gpu_ms=14.52
[prefill-layer-phase] chunk=0 start=0 layer=62 kind=gdn phase=ffn_resid gpu_ms=0.09
[prefill-layer-phase] chunk=0 start=0 layer=63 kind=attn phase=pre_norm gpu_ms=0.05
[prefill-attn-phase] chunk=0 start=0 layer=63 phase=proj gpu_ms=12.12
[prefill-attn-phase] chunk=0 start=0 layer=63 phase=norm gpu_ms=0.45
[prefill-attn-phase] chunk=0 start=0 layer=63 phase=rope_scatter gpu_ms=0.09
[prefill-attn-matrix-g6-shape] layer=63 chunk_start=0 chunk_p=1024 query_rows=1024 query_tiles=1 n_pos=1024 score_tile_scratch_mib=51.00 vt_stride=1024 vt_layer_mib=2.00 vt_update_base=0 vt_update_rows=1024 vt_update_mib=2.00
[prefill-attn-phase] chunk=0 start=0 layer=63 phase=body_matrix_kq gpu_ms=0.53
[prefill-attn-phase] chunk=0 start=0 layer=63 phase=body_matrix_kqv gpu_ms=0.51
[prefill-layer-phase] chunk=0 start=0 layer=63 kind=attn phase=attn_back gpu_ms=5.21
[prefill-layer-phase] chunk=0 start=0 layer=63 kind=attn phase=mixer_resid gpu_ms=0.09
[prefill-layer-phase] chunk=0 start=0 layer=63 kind=attn phase=ffn_norm gpu_ms=0.06
[prefill-layer-phase] chunk=0 start=0 layer=63 kind=attn phase=ffn_gate gpu_ms=14.21
[prefill-layer-phase] chunk=0 start=0 layer=63 kind=attn phase=ffn_up gpu_ms=14.24
[prefill-layer-phase] chunk=0 start=0 layer=63 kind=attn phase=ffn_swiglu gpu_ms=0.42
[prefill-layer-phase] chunk=0 start=0 layer=63 kind=attn phase=ffn_down gpu_ms=14.54
[prefill-layer-phase] chunk=0 start=0 layer=63 kind=attn phase=ffn_resid gpu_ms=0.09
[pp] run  3: wall   4483.4 ms  gpu   4123.7 ms   228.40 t/s

[pp] === results ===
[pp] prompt: 1024 tokens in 4420.0 ms avg = 4.32 ms/token = 231.70 +/- 2.92 t/s
[pp] gpu:    4070.0 ms avg = 3.97 ms/token = 92.1% of wall
[pp] note: session and scratch allocation are outside the timed interval; tail=skipped to match llama-bench pp logits policy.
